,full model_x,full model_y,"no dynamical
synapse_x","no dynamical
synapse_y"
0,-3.866,0.0,-3.866,0.0
1,-3.8640000000000003,0.0,-3.8640000000000003,0.0
2,-3.862,0.0,-3.862,0.0
3,-3.8600000000000003,0.0,-3.8600000000000003,0.0
4,-3.858,0.0,-3.858,0.0
5,-3.8560000000000003,0.0,-3.8560000000000003,0.0
6,-3.854,0.0,-3.854,0.0
7,-3.8520000000000003,0.0,-3.8520000000000003,0.0
8,-3.85,0.0,-3.85,0.0
9,-3.8480000000000003,0.0,-3.8480000000000003,0.0
10,-3.846,0.0,-3.846,0.0
11,-3.8440000000000003,0.0,-3.8440000000000003,0.0
12,-3.842,0.0,-3.842,0.0
13,-3.8400000000000003,0.0,-3.8400000000000003,0.0
14,-3.838,0.0,-3.838,0.0
15,-3.8360000000000003,0.0,-3.8360000000000003,0.0
16,-3.834,0.0,-3.834,0.0
17,-3.8320000000000003,0.0,-3.8320000000000003,0.0
18,-3.83,0.0,-3.83,0.0
19,-3.8280000000000003,0.0,-3.8280000000000003,0.0
20,-3.826,0.0,-3.826,0.0
21,-3.8240000000000003,0.0,-3.8240000000000003,0.0
22,-3.822,0.0,-3.822,0.0
23,-3.8200000000000003,0.0,-3.8200000000000003,0.0
24,-3.818,0.0,-3.818,0.0
25,-3.8160000000000003,0.0,-3.8160000000000003,0.0
26,-3.814,0.0,-3.814,0.0
27,-3.8120000000000003,0.0,-3.8120000000000003,0.0
28,-3.81,0.0,-3.81,0.0
29,-3.8080000000000003,0.0,-3.8080000000000003,0.0
30,-3.806,0.0,-3.806,0.0
31,-3.8040000000000003,0.0,-3.8040000000000003,0.0
32,-3.802,0.0,-3.802,0.0
33,-3.8000000000000003,0.0,-3.8000000000000003,0.0
34,-3.798,0.0,-3.798,0.0
35,-3.7960000000000003,0.0,-3.7960000000000003,0.0
36,-3.794,0.0,-3.794,0.0
37,-3.7920000000000003,0.0,-3.7920000000000003,0.0
38,-3.79,0.0,-3.79,0.0
39,-3.7880000000000003,0.0,-3.7880000000000003,0.0
40,-3.786,0.0,-3.786,0.0
41,-3.7840000000000003,0.0,-3.7840000000000003,0.0
42,-3.782,0.0,-3.782,0.0
43,-3.7800000000000002,0.0,-3.7800000000000002,0.0
44,-3.778,0.0,-3.778,0.0
45,-3.7760000000000002,0.0,-3.7760000000000002,0.0
46,-3.774,0.0,-3.774,0.0
47,-3.7720000000000002,0.0,-3.7720000000000002,0.0
48,-3.77,0.0,-3.77,0.0
49,-3.7680000000000002,0.0,-3.7680000000000002,0.0
50,-3.766,0.0,-3.766,0.0
51,-3.7640000000000002,0.0,-3.7640000000000002,0.0
52,-3.762,0.0,-3.762,0.0
53,-3.7600000000000002,0.0,-3.7600000000000002,0.0
54,-3.758,0.0,-3.758,0.0
55,-3.7560000000000002,0.0,-3.7560000000000002,0.0
56,-3.754,0.0,-3.754,0.0
57,-3.7520000000000002,0.0,-3.7520000000000002,0.0
58,-3.75,0.0,-3.75,0.0
59,-3.748,0.0,-3.748,0.0
60,-3.746,0.0,-3.746,0.0
61,-3.744,0.0,-3.744,0.0
62,-3.742,0.0,-3.742,0.0
63,-3.74,0.0,-3.74,0.0
64,-3.738,0.0,-3.738,0.0
65,-3.736,0.0,-3.736,0.0
66,-3.734,0.0,-3.734,0.0
67,-3.732,0.0,-3.732,0.0
68,-3.73,0.0,-3.73,0.0
69,-3.728,0.0,-3.728,0.0
70,-3.726,0.0,-3.726,0.0
71,-3.724,0.0,-3.724,0.0
72,-3.722,0.0,-3.722,0.0
73,-3.72,0.0,-3.72,0.0
74,-3.718,0.0,-3.718,0.0
75,-3.716,0.0,-3.716,0.0
76,-3.714,0.0,-3.714,0.0
77,-3.712,0.0,-3.712,0.0
78,-3.71,0.0,-3.71,0.0
79,-3.708,0.0,-3.708,0.0
80,-3.706,0.0,-3.706,0.0
81,-3.704,0.0,-3.704,0.0
82,-3.702,0.0,-3.702,0.0
83,-3.7,0.0,-3.7,0.0
84,-3.698,0.0,-3.698,0.0
85,-3.696,0.0,-3.696,0.0
86,-3.694,0.0,-3.694,0.0
87,-3.692,0.0,-3.692,0.0
88,-3.69,0.0,-3.69,0.0
89,-3.688,0.0,-3.688,0.0
90,-3.686,0.0,-3.686,0.0
91,-3.684,0.0,-3.684,0.0
92,-3.682,0.0,-3.682,0.0
93,-3.68,0.0,-3.68,0.0
94,-3.678,0.0,-3.678,0.0
95,-3.676,0.0,-3.676,0.0
96,-3.674,0.0,-3.674,0.0
97,-3.672,0.0,-3.672,0.0
98,-3.67,0.0,-3.67,0.0
99,-3.668,0.0,-3.668,0.0
100,-3.666,0.0,-3.666,0.0
101,-3.664,0.0,-3.664,0.0
102,-3.662,0.0,-3.662,0.0
103,-3.66,0.0,-3.66,0.0
104,-3.658,0.0,-3.658,0.0
105,-3.656,0.0,-3.656,0.0
106,-3.654,0.0,-3.654,0.0
107,-3.652,0.0,-3.652,0.0
108,-3.65,0.0,-3.65,0.0
109,-3.648,0.0,-3.648,0.0
110,-3.646,0.0,-3.646,0.0
111,-3.644,0.0,-3.644,0.0
112,-3.642,0.0,-3.642,0.0
113,-3.64,0.0,-3.64,0.0
114,-3.638,0.0,-3.638,0.0
115,-3.636,0.0,-3.636,0.0
116,-3.634,0.0,-3.634,0.0
117,-3.632,0.0,-3.632,0.0
118,-3.63,0.0,-3.63,0.0
119,-3.628,0.0,-3.628,0.0
120,-3.6260000000000003,0.0,-3.6260000000000003,0.0
121,-3.624,0.0,-3.624,0.0
122,-3.622,0.0,-3.622,0.0
123,-3.62,0.0,-3.62,0.0
124,-3.6180000000000003,0.0,-3.6180000000000003,0.0
125,-3.616,0.0,-3.616,0.0
126,-3.614,0.0,-3.614,0.0
127,-3.612,0.0,-3.612,0.0
128,-3.6100000000000003,0.0,-3.6100000000000003,0.0
129,-3.608,0.0,-3.608,0.0
130,-3.606,0.0,-3.606,0.0
131,-3.604,0.0,-3.604,0.0
132,-3.6020000000000003,0.0,-3.6020000000000003,0.0
133,-3.6,0.0,-3.6,0.0
134,-3.598,0.0,-3.598,0.0
135,-3.596,0.0,-3.596,0.0
136,-3.5940000000000003,0.0,-3.5940000000000003,0.0
137,-3.592,0.0,-3.592,0.0
138,-3.59,0.0,-3.59,0.0
139,-3.588,0.0,-3.588,0.0
140,-3.5860000000000003,0.0,-3.5860000000000003,0.0
141,-3.584,0.0,-3.584,0.0
142,-3.582,0.0,-3.582,0.0
143,-3.58,0.0,-3.58,0.0
144,-3.5780000000000003,0.0,-3.5780000000000003,0.0
145,-3.576,0.0,-3.576,0.0
146,-3.5740000000000003,0.0,-3.5740000000000003,0.0
147,-3.572,0.0,-3.572,0.0
148,-3.5700000000000003,0.0,-3.5700000000000003,0.0
149,-3.568,0.0,-3.568,0.0
150,-3.5660000000000003,0.0,-3.5660000000000003,0.0
151,-3.564,0.0,-3.564,0.0
152,-3.5620000000000003,0.0,-3.5620000000000003,0.0
153,-3.56,0.0,-3.56,0.0
154,-3.5580000000000003,0.0,-3.5580000000000003,0.0
155,-3.556,0.0,-3.556,0.0
156,-3.5540000000000003,0.0,-3.5540000000000003,0.0
157,-3.552,0.0,-3.552,0.0
158,-3.5500000000000003,0.0,-3.5500000000000003,0.0
159,-3.548,0.0,-3.548,0.0
160,-3.5460000000000003,0.0,-3.5460000000000003,0.0
161,-3.544,0.0,-3.544,0.0
162,-3.5420000000000003,0.0,-3.5420000000000003,0.0
163,-3.54,0.0,-3.54,0.0
164,-3.5380000000000003,0.0,-3.5380000000000003,0.0
165,-3.536,0.0,-3.536,0.0
166,-3.5340000000000003,0.0,-3.5340000000000003,0.0
167,-3.532,0.0,-3.532,0.0
168,-3.5300000000000002,0.0,-3.5300000000000002,0.0
169,-3.528,0.0,-3.528,0.0
170,-3.5260000000000002,0.0,-3.5260000000000002,0.0
171,-3.524,0.0,-3.524,0.0
172,-3.5220000000000002,0.0,-3.5220000000000002,0.0
173,-3.52,0.0,-3.52,0.0
174,-3.5180000000000002,0.0,-3.5180000000000002,0.0
175,-3.516,0.0,-3.516,0.0
176,-3.5140000000000002,0.0,-3.5140000000000002,0.0
177,-3.512,0.0,-3.512,0.0
178,-3.5100000000000002,0.0,-3.5100000000000002,0.0
179,-3.508,0.0,-3.508,0.0
180,-3.5060000000000002,0.0,-3.5060000000000002,0.0
181,-3.504,0.0,-3.504,0.0
182,-3.5020000000000002,0.0,-3.5020000000000002,0.0
183,-3.5,0.0,-3.5,0.0
184,-3.498,0.0,-3.498,0.0
185,-3.496,0.0,-3.496,0.0
186,-3.494,0.0,-3.494,0.0
187,-3.492,0.0,-3.492,0.0
188,-3.49,0.0,-3.49,0.0
189,-3.488,0.0,-3.488,0.0
190,-3.486,0.0,-3.486,0.0
191,-3.484,0.0,-3.484,0.0
192,-3.482,0.0,-3.482,0.0
193,-3.48,0.0,-3.48,0.0
194,-3.478,0.0,-3.478,0.0
195,-3.476,0.0,-3.476,0.0
196,-3.474,0.0,-3.474,0.0
197,-3.472,0.0,-3.472,0.0
198,-3.47,0.0,-3.47,0.0
199,-3.468,0.0,-3.468,0.0
200,-3.466,0.0,-3.466,0.0
201,-3.464,0.0,-3.464,0.0
202,-3.462,0.0,-3.462,0.0
203,-3.46,0.0,-3.46,0.0
204,-3.458,0.0,-3.458,0.0
205,-3.456,0.0,-3.456,0.0
206,-3.454,0.0,-3.454,0.0
207,-3.452,0.0,-3.452,0.0
208,-3.45,0.0,-3.45,0.0
209,-3.448,0.0,-3.448,0.0
210,-3.446,0.0,-3.446,0.0
211,-3.444,0.0,-3.444,0.0
212,-3.442,0.0,-3.442,0.0
213,-3.44,0.0,-3.44,0.0
214,-3.438,0.0,-3.438,0.0
215,-3.436,0.0,-3.436,0.0
216,-3.434,0.0,-3.434,0.0
217,-3.432,0.0,-3.432,0.0
218,-3.43,0.0,-3.43,0.0
219,-3.428,0.0,-3.428,0.0
220,-3.426,0.0,-3.426,0.0
221,-3.424,0.0,-3.424,0.0
222,-3.422,0.0,-3.422,0.0
223,-3.42,0.0,-3.42,0.0
224,-3.418,0.0,-3.418,0.0
225,-3.416,0.0,-3.416,0.0
226,-3.414,0.0,-3.414,0.0
227,-3.412,0.0,-3.412,0.0
228,-3.41,0.0,-3.41,0.0
229,-3.408,0.0,-3.408,0.0
230,-3.406,0.0,-3.406,0.0
231,-3.404,0.0,-3.404,0.0
232,-3.402,0.0,-3.402,0.0
233,-3.4,0.0,-3.4,0.0
234,-3.398,0.0,-3.398,0.0
235,-3.396,0.0,-3.396,0.0
236,-3.394,0.0,-3.394,0.0
237,-3.392,0.0,-3.392,0.0
238,-3.39,0.0,-3.39,0.0
239,-3.388,0.0,-3.388,0.0
240,-3.386,0.0,-3.386,0.0
241,-3.3840000000000003,0.0,-3.3840000000000003,0.0
242,-3.382,0.0,-3.382,0.0
243,-3.38,0.0,-3.38,0.0
244,-3.378,0.0,-3.378,0.0
245,-3.3760000000000003,0.0,-3.3760000000000003,0.0
246,-3.374,0.0,-3.374,0.0
247,-3.372,0.0,-3.372,0.0
248,-3.37,0.0,-3.37,0.0
249,-3.3680000000000003,0.0,-3.3680000000000003,0.0
250,-3.366,0.0,-3.366,0.0
251,-3.364,0.0,-3.364,0.0
252,-3.362,0.0,-3.362,0.0
253,-3.3600000000000003,0.0,-3.3600000000000003,0.0
254,-3.358,0.0,-3.358,0.0
255,-3.356,0.0,-3.356,0.0
256,-3.354,0.0,-3.354,0.0
257,-3.3520000000000003,0.0,-3.3520000000000003,0.0
258,-3.35,0.0,-3.35,0.0
259,-3.348,0.0,-3.348,0.0
260,-3.346,0.0,-3.346,0.0
261,-3.3440000000000003,0.0,-3.3440000000000003,0.0
262,-3.342,0.0,-3.342,0.0
263,-3.34,0.0,-3.34,0.0
264,-3.338,0.0,-3.338,0.0
265,-3.3360000000000003,0.0,-3.3360000000000003,0.0
266,-3.334,0.0,-3.334,0.0
267,-3.332,0.0,-3.332,0.0
268,-3.33,0.0,-3.33,0.0
269,-3.3280000000000003,0.0,-3.3280000000000003,0.0
270,-3.326,0.0,-3.326,0.0
271,-3.324,0.0,-3.324,0.0
272,-3.322,0.0,-3.322,0.0
273,-3.3200000000000003,0.0,-3.3200000000000003,0.0
274,-3.318,0.0,-3.318,0.0
275,-3.316,0.0,-3.316,0.0
276,-3.314,0.0,-3.314,0.0
277,-3.3120000000000003,0.0,-3.3120000000000003,0.0
278,-3.31,0.0,-3.31,0.0
279,-3.308,0.0,-3.308,0.0
280,-3.306,0.0,-3.306,0.0
281,-3.3040000000000003,0.0,-3.3040000000000003,0.0
282,-3.302,0.0,-3.302,0.0
283,-3.3,0.0,-3.3,0.0
284,-3.298,0.0,-3.298,0.0
285,-3.2960000000000003,0.0,-3.2960000000000003,0.0
286,-3.294,0.0,-3.294,0.0
287,-3.292,0.0,-3.292,0.0
288,-3.29,0.0,-3.29,0.0
289,-3.2880000000000003,0.0,-3.2880000000000003,0.0
290,-3.286,0.0,-3.286,0.0
291,-3.2840000000000003,0.0,-3.2840000000000003,0.0
292,-3.282,0.0,-3.282,0.0
293,-3.2800000000000002,0.0,-3.2800000000000002,0.0
294,-3.278,0.0,-3.278,0.0
295,-3.2760000000000002,0.0,-3.2760000000000002,0.0
296,-3.274,0.0,-3.274,0.0
297,-3.2720000000000002,0.0,-3.2720000000000002,0.0
298,-3.27,0.0,-3.27,0.0
299,-3.2680000000000002,0.0,-3.2680000000000002,0.0
300,-3.266,0.0,-3.266,0.0
301,-3.2640000000000002,0.0,-3.2640000000000002,0.0
302,-3.262,0.0,-3.262,0.0
303,-3.2600000000000002,0.0,-3.2600000000000002,0.0
304,-3.258,0.0,-3.258,0.0
305,-3.2560000000000002,0.0,-3.2560000000000002,0.0
306,-3.254,0.0,-3.254,0.0
307,-3.2520000000000002,0.0,-3.2520000000000002,0.0
308,-3.25,0.0,-3.25,0.0
309,-3.248,0.0,-3.248,0.0
310,-3.246,0.0,-3.246,0.0
311,-3.244,0.0,-3.244,0.0
312,-3.242,0.0,-3.242,0.0
313,-3.24,0.0,-3.24,0.0
314,-3.238,0.0,-3.238,0.0
315,-3.236,0.0,-3.236,0.0
316,-3.234,0.0,-3.234,0.0
317,-3.232,0.0,-3.232,0.0
318,-3.23,0.0,-3.23,0.0
319,-3.228,0.0,-3.228,0.0
320,-3.226,0.0,-3.226,0.0
321,-3.224,0.0,-3.224,0.0
322,-3.222,0.0,-3.222,0.0
323,-3.22,0.0,-3.22,0.0
324,-3.218,0.0,-3.218,0.0
325,-3.216,0.0,-3.216,0.0
326,-3.214,0.0,-3.214,0.0
327,-3.212,0.0,-3.212,0.0
328,-3.21,0.0,-3.21,0.0
329,-3.208,0.0,-3.208,0.0
330,-3.206,0.0,-3.206,0.0
331,-3.204,0.0,-3.204,0.0
332,-3.202,0.0,-3.202,0.0
333,-3.2,0.0,-3.2,0.0
334,-3.198,0.0,-3.198,0.0
335,-3.196,0.0,-3.196,0.0
336,-3.194,0.0,-3.194,0.0
337,-3.192,0.0,-3.192,0.0
338,-3.19,0.0,-3.19,0.0
339,-3.188,0.0,-3.188,0.0
340,-3.186,0.0,-3.186,0.0
341,-3.184,0.0,-3.184,0.0
342,-3.182,0.0,-3.182,0.0
343,-3.18,0.0,-3.18,0.0
344,-3.178,0.0,-3.178,0.0
345,-3.176,0.0,-3.176,0.0
346,-3.174,0.0,-3.174,0.0
347,-3.172,0.0,-3.172,0.0
348,-3.17,0.0,-3.17,0.0
349,-3.168,0.0,-3.168,0.0
350,-3.166,0.0,-3.166,0.0
351,-3.164,0.0,-3.164,0.0
352,-3.162,0.0,-3.162,0.0
353,-3.16,0.0,-3.16,0.0
354,-3.1580000000000004,0.0,-3.1580000000000004,0.0
355,-3.156,0.0,-3.156,0.0
356,-3.154,0.0,-3.154,0.0
357,-3.152,0.0,-3.152,0.0
358,-3.1500000000000004,0.0,-3.1500000000000004,0.0
359,-3.148,0.0,-3.148,0.0
360,-3.146,0.0,-3.146,0.0
361,-3.144,0.0,-3.144,0.0
362,-3.1420000000000003,0.0,-3.1420000000000003,0.0
363,-3.14,0.0,-3.14,0.0
364,-3.138,0.0,-3.138,0.0
365,-3.136,0.0,-3.136,0.0
366,-3.1340000000000003,0.0,-3.1340000000000003,0.0
367,-3.132,0.0,-3.132,0.0
368,-3.13,0.0,-3.13,0.0
369,-3.128,0.0,-3.128,0.0
370,-3.1260000000000003,0.0,-3.1260000000000003,0.0
371,-3.124,0.0,-3.124,0.0
372,-3.122,0.0,-3.122,0.0
373,-3.12,0.0,-3.12,0.0
374,-3.1180000000000003,0.0,-3.1180000000000003,0.0
375,-3.116,0.0,-3.116,0.0
376,-3.114,0.0,-3.114,0.0
377,-3.112,0.0,-3.112,0.0
378,-3.1100000000000003,0.0,-3.1100000000000003,0.0
379,-3.108,0.0,-3.108,0.0
380,-3.106,0.0,-3.106,0.0
381,-3.104,0.0,-3.104,0.0
382,-3.1020000000000003,0.0,-3.1020000000000003,0.0
383,-3.1,0.0,-3.1,0.0
384,-3.098,0.0,-3.098,0.0
385,-3.096,0.0,-3.096,0.0
386,-3.0940000000000003,0.0,-3.0940000000000003,0.0
387,-3.092,0.0,-3.092,0.0
388,-3.09,0.0,-3.09,0.0
389,-3.088,0.0,-3.088,0.0
390,-3.0860000000000003,0.0,-3.0860000000000003,0.0
391,-3.084,0.0,-3.084,0.0
392,-3.082,0.0,-3.082,0.0
393,-3.08,0.0,-3.08,0.0
394,-3.0780000000000003,0.0,-3.0780000000000003,0.0
395,-3.076,0.0,-3.076,0.0
396,-3.074,0.0,-3.074,0.0
397,-3.072,0.0,-3.072,0.0
398,-3.0700000000000003,0.0,-3.0700000000000003,0.0
399,-3.068,0.0,-3.068,0.0
400,-3.066,0.0,-3.066,0.0
401,-3.064,0.0,-3.064,0.0
402,-3.0620000000000003,0.0,-3.0620000000000003,0.0
403,-3.06,0.0,-3.06,0.0
404,-3.058,0.0,-3.058,0.0
405,-3.056,0.0,-3.056,0.0
406,-3.0540000000000003,0.0,-3.0540000000000003,0.0
407,-3.052,0.0,-3.052,0.0
408,-3.05,0.0,-3.05,0.0
409,-3.048,0.0,-3.048,0.0
410,-3.0460000000000003,0.0,-3.0460000000000003,0.0
411,-3.044,0.0,-3.044,0.0
412,-3.042,0.0,-3.042,0.0
413,-3.04,0.0,-3.04,0.0
414,-3.0380000000000003,0.0,-3.0380000000000003,0.0
415,-3.036,0.0,-3.036,0.0
416,-3.034,0.0,-3.034,0.0
417,-3.032,0.0,-3.032,0.0
418,-3.0300000000000002,0.0,-3.0300000000000002,0.0
419,-3.028,0.0,-3.028,0.0
420,-3.0260000000000002,0.0,-3.0260000000000002,0.0
421,-3.024,0.0,-3.024,0.0
422,-3.0220000000000002,0.0,-3.0220000000000002,0.0
423,-3.02,0.0,-3.02,0.0
424,-3.0180000000000002,0.0,-3.0180000000000002,0.0
425,-3.016,0.0,-3.016,0.0
426,-3.0140000000000002,0.0,-3.0140000000000002,0.0
427,-3.012,0.0,-3.012,0.0
428,-3.0100000000000002,0.0,-3.0100000000000002,0.0
429,-3.008,0.0,-3.008,0.0
430,-3.0060000000000002,0.0,-3.0060000000000002,0.0
431,-3.004,0.0,-3.004,0.0
432,-3.0020000000000002,0.0,-3.0020000000000002,0.0
433,-3.0,0.0,-3.0,0.0
434,-2.998,0.0,-2.998,0.0
435,-2.996,0.0,-2.996,0.0
436,-2.994,0.0,-2.994,0.0
437,-2.992,0.0,-2.992,0.0
438,-2.99,0.0,-2.99,0.0
439,-2.988,0.0,-2.988,0.0
440,-2.986,0.0,-2.986,0.0
441,-2.984,0.0,-2.984,0.0
442,-2.982,0.0,-2.982,0.0
443,-2.98,0.0,-2.98,0.0
444,-2.978,0.0,-2.978,0.0
445,-2.976,0.0,-2.976,0.0
446,-2.974,0.0,-2.974,0.0
447,-2.972,0.0,-2.972,0.0
448,-2.97,0.0,-2.97,0.0
449,-2.968,0.0,-2.968,0.0
450,-2.966,0.0,-2.966,0.0
451,-2.964,0.0,-2.964,0.0
452,-2.962,0.0,-2.962,0.0
453,-2.96,0.0,-2.96,0.0
454,-2.958,0.0,-2.958,0.0
455,-2.956,0.0,-2.956,0.0
456,-2.954,0.0,-2.954,0.0
457,-2.952,0.0,-2.952,0.0
458,-2.95,0.0,-2.95,0.0
459,-2.948,0.0,-2.948,0.0
460,-2.946,0.0,-2.946,0.0
461,-2.944,0.0,-2.944,0.0
462,-2.942,0.0,-2.942,0.0
463,-2.94,0.0,-2.94,0.0
464,-2.938,0.0,-2.938,0.0
465,-2.936,0.0,-2.936,0.0
466,-2.934,0.0,-2.934,0.0
467,-2.932,0.0,-2.932,0.0
468,-2.93,0.0,-2.93,0.0
469,-2.928,0.0,-2.928,0.0
470,-2.926,0.0,-2.926,0.0
471,-2.924,0.0,-2.924,0.0
472,-2.922,0.0,-2.922,0.0
473,-2.92,0.0,-2.92,0.0
474,-2.918,0.0,-2.918,0.0
475,-2.916,0.0,-2.916,0.0
476,-2.914,0.0,-2.914,0.0
477,-2.912,0.0,-2.912,0.0
478,-2.91,0.0,-2.91,0.0
479,-2.908,0.0,-2.908,0.0
480,-2.906,0.0,-2.906,0.0
481,-2.904,0.0,-2.904,0.0
482,-2.902,0.0,-2.902,0.0
483,-2.9000000000000004,0.0,-2.9000000000000004,0.0
484,-2.898,0.0,-2.898,0.0
485,-2.896,0.0,-2.896,0.0
486,-2.894,0.0,-2.894,0.0
487,-2.8920000000000003,0.0,-2.8920000000000003,0.0
488,-2.89,0.0,-2.89,0.0
489,-2.888,0.0,-2.888,0.0
490,-2.886,0.0,-2.886,0.0
491,-2.8840000000000003,0.0,-2.8840000000000003,0.0
492,-2.882,0.0,-2.882,0.0
493,-2.88,0.0,-2.88,0.0
494,-2.878,0.0,-2.878,0.0
495,-2.8760000000000003,0.0,-2.8760000000000003,0.0
496,-2.874,0.0,-2.874,0.0
497,-2.872,0.0,-2.872,0.0
498,-2.87,0.0,-2.87,0.0
499,-2.8680000000000003,0.0,-2.8680000000000003,0.0
500,-2.866,0.0,-2.866,0.0
501,-2.864,0.0,-2.864,0.0
502,-2.862,0.0,-2.862,0.0
503,-2.8600000000000003,0.0,-2.8600000000000003,0.0
504,-2.858,0.0,-2.858,0.0
505,-2.856,0.0,-2.856,0.0
506,-2.854,0.0,-2.854,0.0
507,-2.8520000000000003,0.0,-2.8520000000000003,0.0
508,-2.85,0.0,-2.85,0.0
509,-2.848,0.0,-2.848,0.0
510,-2.846,0.0,-2.846,0.0
511,-2.8440000000000003,0.0,-2.8440000000000003,0.0
512,-2.842,0.0,-2.842,0.0
513,-2.84,0.0,-2.84,0.0
514,-2.838,0.0,-2.838,0.0
515,-2.8360000000000003,0.0,-2.8360000000000003,0.0
516,-2.834,0.0,-2.834,0.0
517,-2.832,0.0,-2.832,0.0
518,-2.83,0.0,-2.83,0.0
519,-2.8280000000000003,0.0,-2.8280000000000003,0.0
520,-2.826,0.0,-2.826,0.0
521,-2.824,0.0,-2.824,0.0
522,-2.822,0.0,-2.822,0.0
523,-2.8200000000000003,0.0,-2.8200000000000003,0.0
524,-2.818,0.0,-2.818,0.0
525,-2.816,0.0,-2.816,0.0
526,-2.814,0.0,-2.814,0.0
527,-2.8120000000000003,0.0,-2.8120000000000003,0.0
528,-2.81,0.0,-2.81,0.0
529,-2.808,0.0,-2.808,0.0
530,-2.806,0.0,-2.806,0.0
531,-2.8040000000000003,0.0,-2.8040000000000003,0.0
532,-2.802,0.0,-2.802,0.0
533,-2.8,0.0,-2.8,0.0
534,-2.798,0.0,-2.798,0.0
535,-2.7960000000000003,0.0,-2.7960000000000003,0.0
536,-2.794,0.0,-2.794,0.0
537,-2.792,0.0,-2.792,0.0
538,-2.79,0.0,-2.79,0.0
539,-2.7880000000000003,0.0,-2.7880000000000003,0.0
540,-2.786,0.0,-2.786,0.0
541,-2.784,0.0,-2.784,0.0
542,-2.782,0.0,-2.782,0.0
543,-2.7800000000000002,0.0,-2.7800000000000002,0.0
544,-2.778,0.0,-2.778,0.0
545,-2.776,0.0,-2.776,0.0
546,-2.774,0.0,-2.774,0.0
547,-2.7720000000000002,0.0,-2.7720000000000002,0.0
548,-2.77,0.0,-2.77,0.0
549,-2.768,0.0,-2.768,0.0
550,-2.766,0.0,-2.766,0.0
551,-2.7640000000000002,0.0,-2.7640000000000002,0.0
552,-2.762,0.0,-2.762,0.0
553,-2.76,0.0,-2.76,0.0
554,-2.758,0.0,-2.758,0.0
555,-2.7560000000000002,0.0,-2.7560000000000002,0.0
556,-2.754,0.0,-2.754,0.0
557,-2.752,0.0,-2.752,0.0
558,-2.75,0.0,-2.75,0.0
559,-2.748,0.0,-2.748,0.0
560,-2.746,0.0,-2.746,0.0
561,-2.7439999999999998,0.0,-2.7439999999999998,0.0
562,-2.742,0.0,-2.742,0.0
563,-2.74,0.0,-2.74,0.0
564,-2.738,0.0,-2.738,0.0
565,-2.7359999999999998,0.0,-2.7359999999999998,0.0
566,-2.734,0.0,-2.734,0.0
567,-2.732,0.0,-2.732,0.0
568,-2.73,0.0,-2.73,0.0
569,-2.7279999999999998,0.0,-2.7279999999999998,0.0
570,-2.726,0.0,-2.726,0.0
571,-2.724,0.0,-2.724,0.0
572,-2.722,0.0,-2.722,0.0
573,-2.7199999999999998,0.0,-2.7199999999999998,0.0
574,-2.718,0.0,-2.718,0.0
575,-2.716,0.0,-2.716,0.0
576,-2.714,0.0,-2.714,0.0
577,-2.712,0.0,-2.712,0.0
578,-2.71,0.0,-2.71,0.0
579,-2.708,0.0,-2.708,0.0
580,-2.7060000000000004,0.0,-2.7060000000000004,0.0
581,-2.704,0.0,-2.704,0.0
582,-2.702,0.0,-2.702,0.0
583,-2.7,0.0,-2.7,0.0
584,-2.6980000000000004,0.0,-2.6980000000000004,0.0
585,-2.696,0.0,-2.696,0.0
586,-2.694,0.0,-2.694,0.0
587,-2.692,0.0,-2.692,0.0
588,-2.6900000000000004,0.0,-2.6900000000000004,0.0
589,-2.688,0.0,-2.688,0.0
590,-2.686,0.0,-2.686,0.0
591,-2.684,0.0,-2.684,0.0
592,-2.6820000000000004,0.0,-2.6820000000000004,0.0
593,-2.68,0.0,-2.68,0.0
594,-2.678,0.0,-2.678,0.0
595,-2.676,0.0,-2.676,0.0
596,-2.6740000000000004,0.0,-2.6740000000000004,0.0
597,-2.672,0.0,-2.672,0.0
598,-2.67,0.0,-2.67,0.0
599,-2.668,0.0,-2.668,0.0
600,-2.6660000000000004,0.0,-2.6660000000000004,0.0
601,-2.664,0.0,-2.664,0.0
602,-2.662,0.0,-2.662,0.0
603,-2.66,0.0,-2.66,0.0
604,-2.6580000000000004,0.0,-2.6580000000000004,0.0
605,-2.656,0.0,-2.656,0.0
606,-2.654,0.0,-2.654,0.0
607,-2.652,0.0,-2.652,0.0
608,-2.6500000000000004,0.0,-2.6500000000000004,0.0
609,-2.648,0.0,-2.648,0.0
610,-2.646,0.0,-2.646,0.0
611,-2.644,0.0,-2.644,0.0
612,-2.6420000000000003,0.0,-2.6420000000000003,0.0
613,-2.64,0.0,-2.64,0.0
614,-2.638,0.0,-2.638,0.0
615,-2.636,0.0,-2.636,0.0
616,-2.6340000000000003,0.0,-2.6340000000000003,0.0
617,-2.632,0.0,-2.632,0.0
618,-2.63,0.0,-2.63,0.0
619,-2.628,0.0,-2.628,0.0
620,-2.6260000000000003,0.0,-2.6260000000000003,0.0
621,-2.624,0.0,-2.624,0.0
622,-2.622,0.0,-2.622,0.0
623,-2.62,0.0,-2.62,0.0
624,-2.6180000000000003,0.0,-2.6180000000000003,0.0
625,-2.616,0.0,-2.616,0.0
626,-2.614,0.0,-2.614,0.0
627,-2.612,0.0,-2.612,0.0
628,-2.6100000000000003,0.0,-2.6100000000000003,0.0
629,-2.608,0.0,-2.608,0.0
630,-2.606,0.0,-2.606,0.0
631,-2.604,0.0,-2.604,0.0
632,-2.6020000000000003,0.0,-2.6020000000000003,0.0
633,-2.6,0.0,-2.6,0.0
634,-2.598,0.0,-2.598,0.0
635,-2.596,0.0,-2.596,0.0
636,-2.5940000000000003,0.0,-2.5940000000000003,0.0
637,-2.592,0.0,-2.592,0.0
638,-2.59,0.0,-2.59,0.0
639,-2.588,0.0,-2.588,0.0
640,-2.5860000000000003,0.0,-2.5860000000000003,0.0
641,-2.584,0.0,-2.584,0.0
642,-2.582,0.0,-2.582,0.0
643,-2.58,0.0,-2.58,0.0
644,-2.5780000000000003,0.0,-2.5780000000000003,0.0
645,-2.576,0.0,-2.576,0.0
646,-2.574,0.0,-2.574,0.0
647,-2.572,0.0,-2.572,0.0
648,-2.5700000000000003,0.0,-2.5700000000000003,0.0
649,-2.568,0.0,-2.568,0.0
650,-2.566,0.0,-2.566,0.0
651,-2.564,0.0,-2.564,0.0
652,-2.5620000000000003,0.0,-2.5620000000000003,0.0
653,-2.56,0.0,-2.56,0.0
654,-2.558,0.0,-2.558,0.0
655,-2.556,0.0,-2.556,0.0
656,-2.5540000000000003,0.0,-2.5540000000000003,0.0
657,-2.552,0.0,-2.552,0.0
658,-2.55,0.0,-2.55,0.0
659,-2.548,0.0,-2.548,0.0
660,-2.5460000000000003,0.0,-2.5460000000000003,0.0
661,-2.544,0.0,-2.544,0.0
662,-2.542,0.0,-2.542,0.0
663,-2.54,0.0,-2.54,0.0
664,-2.5380000000000003,0.0,-2.5380000000000003,0.0
665,-2.536,0.0,-2.536,0.0
666,-2.534,0.0,-2.534,0.0
667,-2.532,0.0,-2.532,0.0
668,-2.5300000000000002,0.0,-2.5300000000000002,0.0
669,-2.528,0.0,-2.528,0.0
670,-2.526,0.0,-2.526,0.0
671,-2.524,0.0,-2.524,0.0
672,-2.5220000000000002,0.0,-2.5220000000000002,0.0
673,-2.52,0.0,-2.52,0.0
674,-2.518,0.0,-2.518,0.0
675,-2.516,0.0,-2.516,0.0
676,-2.5140000000000002,0.0,-2.5140000000000002,0.0
677,-2.512,0.0,-2.512,0.0
678,-2.51,0.0,-2.51,0.0
679,-2.508,0.0,-2.508,0.0
680,-2.5060000000000002,0.0,-2.5060000000000002,0.0
681,-2.504,0.0,-2.504,0.0
682,-2.502,0.0,-2.502,0.0
683,-2.5,0.0,-2.5,0.0
684,-2.498,0.0,-2.498,0.0
685,-2.496,0.0,-2.496,0.0
686,-2.4939999999999998,0.0,-2.4939999999999998,0.0
687,-2.492,0.0,-2.492,0.0
688,-2.49,0.0,-2.49,0.0
689,-2.488,0.0,-2.488,0.0
690,-2.4859999999999998,0.0,-2.4859999999999998,0.0
691,-2.484,0.0,-2.484,0.0
692,-2.482,0.0,-2.482,0.0
693,-2.48,0.0,-2.48,0.0
694,-2.4779999999999998,0.0,-2.4779999999999998,0.0
695,-2.476,0.0,-2.476,0.0
696,-2.474,0.0,-2.474,0.0
697,-2.472,0.0,-2.472,0.0
698,-2.4699999999999998,0.0,-2.4699999999999998,0.0
699,-2.468,0.0,-2.468,0.0
700,-2.466,0.0,-2.466,0.0
701,-2.464,0.0,-2.464,0.0
702,-2.4619999999999997,0.0,-2.4619999999999997,0.0
703,-2.46,0.0,-2.46,0.0
704,-2.458,0.0,-2.458,0.0
705,-2.4560000000000004,0.0,-2.4560000000000004,0.0
706,-2.454,0.0,-2.454,0.0
707,-2.452,0.0,-2.452,0.0
708,-2.45,0.0,-2.45,0.0
709,-2.4480000000000004,0.0,-2.4480000000000004,0.0
710,-2.446,0.0,-2.446,0.0
711,-2.444,0.0,-2.444,0.0
712,-2.442,0.0,-2.442,0.0
713,-2.4400000000000004,0.0,-2.4400000000000004,0.0
714,-2.438,0.0,-2.438,0.0
715,-2.436,0.0,-2.436,0.0
716,-2.434,0.0,-2.434,0.0
717,-2.4320000000000004,0.0,-2.4320000000000004,0.0
718,-2.43,0.0,-2.43,0.0
719,-2.428,0.0,-2.428,0.0
720,-2.426,0.0,-2.426,0.0
721,-2.4240000000000004,0.0,-2.4240000000000004,0.0
722,-2.422,0.0,-2.422,0.0
723,-2.42,0.0,-2.42,0.0
724,-2.418,0.0,-2.418,0.0
725,-2.4160000000000004,0.0,-2.4160000000000004,0.0
726,-2.414,0.0,-2.414,0.0
727,-2.412,0.0,-2.412,0.0
728,-2.41,0.0,-2.41,0.0
729,-2.4080000000000004,0.0,-2.4080000000000004,0.0
730,-2.406,0.0,-2.406,0.0
731,-2.404,0.0,-2.404,0.0
732,-2.402,0.0,-2.402,0.0
733,-2.4000000000000004,0.0,-2.4000000000000004,0.0
734,-2.398,0.0,-2.398,0.0
735,-2.396,0.0,-2.396,0.0
736,-2.394,0.0,-2.394,0.0
737,-2.3920000000000003,0.0,-2.3920000000000003,0.0
738,-2.39,0.0,-2.39,0.0
739,-2.388,0.0,-2.388,0.0
740,-2.386,0.0,-2.386,0.0
741,-2.3840000000000003,0.0,-2.3840000000000003,0.0
742,-2.382,0.0,-2.382,0.0
743,-2.38,0.0,-2.38,0.0
744,-2.378,0.0,-2.378,0.0
745,-2.3760000000000003,0.0,-2.3760000000000003,0.0
746,-2.374,0.0,-2.374,0.0
747,-2.372,0.0,-2.372,0.0
748,-2.37,0.0,-2.37,0.0
749,-2.3680000000000003,0.0,-2.3680000000000003,0.0
750,-2.366,0.0,-2.366,0.0
751,-2.364,0.0,-2.364,0.0
752,-2.362,0.0,-2.362,0.0
753,-2.3600000000000003,0.0,-2.3600000000000003,0.0
754,-2.358,0.0,-2.358,0.0
755,-2.356,0.0,-2.356,0.0
756,-2.354,0.0,-2.354,0.0
757,-2.3520000000000003,0.0,-2.3520000000000003,0.0
758,-2.35,0.0,-2.35,0.0
759,-2.348,0.0,-2.348,0.0
760,-2.346,0.0,-2.346,0.0
761,-2.3440000000000003,0.0,-2.3440000000000003,0.0
762,-2.342,0.0,-2.342,0.0
763,-2.34,0.0,-2.34,0.0
764,-2.338,0.0,-2.338,0.0
765,-2.3360000000000003,0.0,-2.3360000000000003,0.0
766,-2.334,0.0,-2.334,0.0
767,-2.332,0.0,-2.332,0.0
768,-2.33,0.0,-2.33,0.0
769,-2.3280000000000003,0.0,-2.3280000000000003,0.0
770,-2.326,0.0,-2.326,0.0
771,-2.324,0.0,-2.324,0.0
772,-2.322,0.0,-2.322,0.0
773,-2.3200000000000003,0.0,-2.3200000000000003,0.0
774,-2.318,0.0,-2.318,0.0
775,-2.316,0.0,-2.316,0.0
776,-2.314,0.0,-2.314,0.0
777,-2.3120000000000003,0.0,-2.3120000000000003,0.0
778,-2.31,0.0,-2.31,0.0
779,-2.308,0.0,-2.308,0.0
780,-2.306,0.0,-2.306,0.0
781,-2.3040000000000003,0.0,-2.3040000000000003,0.0
782,-2.302,0.0,-2.302,0.0
783,-2.3,0.0,-2.3,0.0
784,-2.298,0.0,-2.298,0.0
785,-2.2960000000000003,0.0,-2.2960000000000003,0.0
786,-2.294,0.0,-2.294,0.0
787,-2.292,0.0,-2.292,0.0
788,-2.29,0.0,-2.29,0.0
789,-2.2880000000000003,0.0,-2.2880000000000003,0.0
790,-2.286,0.0,-2.286,0.0
791,-2.284,0.0,-2.284,0.0
792,-2.282,0.0,-2.282,0.0
793,-2.2800000000000002,0.0,-2.2800000000000002,0.0
794,-2.278,0.0,-2.278,0.0
795,-2.276,0.0,-2.276,0.0
796,-2.274,0.0,-2.274,0.0
797,-2.2720000000000002,0.0,-2.2720000000000002,0.0
798,-2.27,0.0,-2.27,0.0
799,-2.268,0.0,-2.268,0.0
800,-2.266,0.0,-2.266,0.0
801,-2.2640000000000002,0.0,-2.2640000000000002,0.0
802,-2.262,0.0,-2.262,0.0
803,-2.26,0.0,-2.26,0.0
804,-2.258,0.0,-2.258,0.0
805,-2.2560000000000002,0.0,-2.2560000000000002,0.0
806,-2.254,0.0,-2.254,0.0
807,-2.252,0.0,-2.252,0.0
808,-2.25,0.0,-2.25,0.0
809,-2.248,0.0,-2.248,0.0
810,-2.246,0.0,-2.246,0.0
811,-2.2439999999999998,0.0,-2.2439999999999998,0.0
812,-2.242,0.0,-2.242,0.0
813,-2.24,0.0,-2.24,0.0
814,-2.238,0.0,-2.238,0.0
815,-2.2359999999999998,0.0,-2.2359999999999998,0.0
816,-2.234,0.0,-2.234,0.0
817,-2.232,0.0,-2.232,0.0
818,-2.23,0.0,-2.23,0.0
819,-2.2279999999999998,0.0,-2.2279999999999998,0.0
820,-2.226,0.0,-2.226,0.0
821,-2.224,0.0,-2.224,0.0
822,-2.222,0.0,-2.222,0.0
823,-2.2199999999999998,0.0,-2.2199999999999998,0.0
824,-2.218,0.0,-2.218,0.0
825,-2.216,0.0,-2.216,0.0
826,-2.214,0.0,-2.214,0.0
827,-2.2119999999999997,0.0,-2.2119999999999997,0.0
828,-2.21,0.0,-2.21,0.0
829,-2.208,0.0,-2.208,0.0
830,-2.206,0.0,-2.206,0.0
831,-2.2039999999999997,0.0,-2.2039999999999997,0.0
832,-2.202,0.0,-2.202,0.0
833,-2.2,0.0,-2.2,0.0
834,-2.1980000000000004,0.0,-2.1980000000000004,0.0
835,-2.196,0.0,-2.196,0.0
836,-2.194,0.0,-2.194,0.0
837,-2.192,0.0,-2.192,0.0
838,-2.1900000000000004,0.0,-2.1900000000000004,0.0
839,-2.188,0.0,-2.188,0.0
840,-2.186,0.0,-2.186,0.0
841,-2.184,0.0,-2.184,0.0
842,-2.1820000000000004,0.0,-2.1820000000000004,0.0
843,-2.18,0.0,-2.18,0.0
844,-2.178,0.0,-2.178,0.0
845,-2.176,0.0,-2.176,0.0
846,-2.1740000000000004,0.0,-2.1740000000000004,0.0
847,-2.172,0.0,-2.172,0.0
848,-2.17,0.0,-2.17,0.0
849,-2.168,0.0,-2.168,0.0
850,-2.1660000000000004,0.0,-2.1660000000000004,0.0
851,-2.164,0.0,-2.164,0.0
852,-2.162,0.0,-2.162,0.0
853,-2.16,0.0,-2.16,0.0
854,-2.1580000000000004,0.0,-2.1580000000000004,0.0
855,-2.156,0.0,-2.156,0.0
856,-2.154,0.0,-2.154,0.0
857,-2.152,0.0,-2.152,0.0
858,-2.1500000000000004,0.0,-2.1500000000000004,0.0
859,-2.148,0.0,-2.148,0.0
860,-2.146,0.0,-2.146,0.0
861,-2.144,0.0,-2.144,0.0
862,-2.1420000000000003,0.0,-2.1420000000000003,0.0
863,-2.14,0.0,-2.14,0.0
864,-2.138,0.0,-2.138,0.0
865,-2.136,0.0,-2.136,0.0
866,-2.1340000000000003,0.0,-2.1340000000000003,0.0
867,-2.132,0.0,-2.132,0.0
868,-2.13,0.0,-2.13,0.0
869,-2.128,0.0,-2.128,0.0
870,-2.1260000000000003,0.0,-2.1260000000000003,0.0
871,-2.124,0.0,-2.124,0.0
872,-2.122,0.0,-2.122,0.0
873,-2.12,0.0,-2.12,0.0
874,-2.1180000000000003,0.0,-2.1180000000000003,0.0
875,-2.116,0.0,-2.116,0.0
876,-2.114,0.0,-2.114,0.0
877,-2.112,0.0,-2.112,0.0
878,-2.1100000000000003,0.0,-2.1100000000000003,0.0
879,-2.108,0.0,-2.108,0.0
880,-2.106,0.0,-2.106,0.0
881,-2.104,0.0,-2.104,0.0
882,-2.1020000000000003,0.0,-2.1020000000000003,0.0
883,-2.1,0.0,-2.1,0.0
884,-2.098,0.0,-2.098,0.0
885,-2.096,0.0,-2.096,0.0
886,-2.0940000000000003,0.0,-2.0940000000000003,0.0
887,-2.092,0.0,-2.092,0.0
888,-2.09,0.0,-2.09,0.0
889,-2.088,0.0,-2.088,0.0
890,-2.0860000000000003,0.0,-2.0860000000000003,0.0
891,-2.084,0.0,-2.084,0.0
892,-2.082,0.0,-2.082,0.0
893,-2.08,0.0,-2.08,0.0
894,-2.0780000000000003,0.0,-2.0780000000000003,0.0
895,-2.076,0.0,-2.076,0.0
896,-2.074,0.0,-2.074,0.0
897,-2.072,0.0,-2.072,0.0
898,-2.0700000000000003,0.0,-2.0700000000000003,0.0
899,-2.068,0.0,-2.068,0.0
900,-2.066,0.0,-2.066,0.0
901,-2.064,0.0,-2.064,0.0
902,-2.0620000000000003,0.0,-2.0620000000000003,0.0
903,-2.06,0.0,-2.06,0.0
904,-2.058,0.0,-2.058,0.0
905,-2.056,0.0,-2.056,0.0
906,-2.0540000000000003,0.0,-2.0540000000000003,0.0
907,-2.052,0.0,-2.052,0.0
908,-2.05,0.0,-2.05,0.0
909,-2.048,0.0,-2.048,0.0
910,-2.0460000000000003,0.0,-2.0460000000000003,0.0
911,-2.044,0.0,-2.044,0.0
912,-2.042,0.0,-2.042,0.0
913,-2.04,0.0,-2.04,0.0
914,-2.0380000000000003,0.0,-2.0380000000000003,0.0
915,-2.036,0.0,-2.036,0.0
916,-2.034,0.0,-2.034,0.0
917,-2.032,0.0,-2.032,0.0
918,-2.0300000000000002,0.0,-2.0300000000000002,0.0
919,-2.028,0.0,-2.028,0.0
920,-2.026,0.0,-2.026,0.0
921,-2.024,0.0,-2.024,0.0
922,-2.0220000000000002,0.0,-2.0220000000000002,0.0
923,-2.02,0.0,-2.02,0.0
924,-2.018,0.0,-2.018,0.0
925,-2.016,0.0,-2.016,0.0
926,-2.0140000000000002,0.0,-2.0140000000000002,0.0
927,-2.012,0.0,-2.012,0.0
928,-2.01,0.0,-2.01,0.0
929,-2.008,0.0,-2.008,0.0
930,-2.0060000000000002,0.0,-2.0060000000000002,0.0
931,-2.004,0.0,-2.004,0.0
932,-2.002,0.0,-2.002,0.0
933,-2.0,0.0,-2.0,0.0
934,-1.998,0.0,-1.998,0.0
935,-1.996,0.0,-1.996,0.0
936,-1.994,0.0,-1.994,0.0
937,-1.992,0.0,-1.992,0.0
938,-1.99,0.0,-1.99,0.0
939,-1.988,0.0,-1.988,0.0
940,-1.986,0.0,-1.986,0.0
941,-1.984,0.0,-1.984,0.0
942,-1.982,0.0,-1.982,0.0
943,-1.98,0.0,-1.98,0.0
944,-1.978,0.0,-1.978,0.0
945,-1.976,0.0,-1.976,0.0
946,-1.974,0.0,-1.974,0.0
947,-1.972,0.0,-1.972,0.0
948,-1.97,0.0,-1.97,0.0
949,-1.968,0.0,-1.968,0.0
950,-1.966,0.0,-1.966,0.0
951,-1.964,0.0,-1.964,0.0
952,-1.962,0.0,-1.962,0.0
953,-1.96,0.0,-1.96,0.0
954,-1.958,0.0,-1.958,0.0
955,-1.956,0.0,-1.956,0.0
956,-1.954,0.0,-1.954,0.0
957,-1.952,0.0,-1.952,0.0
958,-1.95,0.0,-1.95,0.0
959,-1.948,0.0,-1.948,0.0
960,-1.9460000000000002,0.0,-1.9460000000000002,0.0
961,-1.9440000000000002,0.0,-1.9440000000000002,0.0
962,-1.9420000000000002,0.0,-1.9420000000000002,0.0
963,-1.9400000000000002,0.0,-1.9400000000000002,0.0
964,-1.9380000000000002,0.0,-1.9380000000000002,0.0
965,-1.9360000000000002,0.0,-1.9360000000000002,0.0
966,-1.9340000000000002,0.0,-1.9340000000000002,0.0
967,-1.9320000000000002,0.0,-1.9320000000000002,0.0
968,-1.9300000000000002,0.0,-1.9300000000000002,0.0
969,-1.9280000000000002,0.0,-1.9280000000000002,0.0
970,-1.9260000000000002,0.0,-1.9260000000000002,0.0
971,-1.9240000000000002,0.0,-1.9240000000000002,0.0
972,-1.9220000000000002,0.0,-1.9220000000000002,0.0
973,-1.9200000000000002,0.0,-1.9200000000000002,0.0
974,-1.9180000000000001,0.0,-1.9180000000000001,0.0
975,-1.9160000000000001,0.0,-1.9160000000000001,0.0
976,-1.9140000000000001,0.0,-1.9140000000000001,0.0
977,-1.9120000000000001,0.0,-1.9120000000000001,0.0
978,-1.9100000000000001,0.0,-1.9100000000000001,0.0
979,-1.9080000000000001,0.0,-1.9080000000000001,0.0
980,-1.9060000000000001,0.0,-1.9060000000000001,0.0
981,-1.9040000000000001,0.0,-1.9040000000000001,0.0
982,-1.9020000000000001,0.0,-1.9020000000000001,0.0
983,-1.9000000000000001,0.0,-1.9000000000000001,0.0
984,-1.8980000000000001,0.0,-1.8980000000000001,0.0
985,-1.8960000000000001,0.0,-1.8960000000000001,0.0
986,-1.8940000000000001,0.0,-1.8940000000000001,0.0
987,-1.8920000000000001,0.0,-1.8920000000000001,0.0
988,-1.8900000000000001,0.0,-1.8900000000000001,0.0
989,-1.8880000000000001,0.0,-1.8880000000000001,0.0
990,-1.8860000000000001,0.0,-1.8860000000000001,0.0
991,-1.8840000000000001,0.0,-1.8840000000000001,0.0
992,-1.8820000000000001,0.0,-1.8820000000000001,0.0
993,-1.8800000000000001,0.0,-1.8800000000000001,0.0
994,-1.8780000000000001,0.0,-1.8780000000000001,0.0
995,-1.8760000000000001,0.0,-1.8760000000000001,0.0
996,-1.874,0.0,-1.874,0.0
997,-1.872,0.0,-1.872,0.0
998,-1.87,0.0,-1.87,0.0
999,-1.868,0.0,-1.868,0.0
1000,-1.866,0.0,-1.866,0.0
1001,-1.8639999999999999,0.0,-1.8639999999999999,0.0
1002,-1.862,0.0,-1.862,0.0
1003,-1.8599999999999999,0.0,-1.8599999999999999,0.0
1004,-1.858,0.0,-1.858,0.0
1005,-1.8559999999999999,0.0,-1.8559999999999999,0.0
1006,-1.854,0.0,-1.854,0.0
1007,-1.8519999999999999,0.0,-1.8519999999999999,0.0
1008,-1.85,0.0,-1.85,0.0
1009,-1.8479999999999999,0.0,-1.8479999999999999,0.0
1010,-1.846,0.0,-1.846,0.0
1011,-1.8439999999999999,0.0,-1.8439999999999999,0.0
1012,-1.842,0.0,-1.842,0.0
1013,-1.8399999999999999,0.0,-1.8399999999999999,0.0
1014,-1.838,0.0,-1.838,0.0
1015,-1.8359999999999999,0.0,-1.8359999999999999,0.0
1016,-1.834,0.0,-1.834,0.0
1017,-1.8319999999999999,0.0,-1.8319999999999999,0.0
1018,-1.83,0.0,-1.83,0.0
1019,-1.8279999999999998,0.0,-1.8279999999999998,0.0
1020,-1.826,0.0,-1.826,0.0
1021,-1.8239999999999998,0.0,-1.8239999999999998,0.0
1022,-1.822,0.0,-1.822,0.0
1023,-1.8199999999999998,0.0,-1.8199999999999998,0.0
1024,-1.818,0.0,-1.818,0.0
1025,-1.8160000000000003,0.0,-1.8160000000000003,0.0
1026,-1.814,0.0,-1.814,0.0
1027,-1.8120000000000003,0.0,-1.8120000000000003,0.0
1028,-1.81,0.0,-1.81,0.0
1029,-1.8080000000000003,0.0,-1.8080000000000003,0.0
1030,-1.806,0.0,-1.806,0.0
1031,-1.8040000000000003,0.0,-1.8040000000000003,0.0
1032,-1.802,0.0,-1.802,0.0
1033,-1.8000000000000003,0.0,-1.8000000000000003,0.0
1034,-1.798,0.0,-1.798,0.0
1035,-1.7960000000000003,0.0,-1.7960000000000003,0.0
1036,-1.794,0.0,-1.794,0.0
1037,-1.7920000000000003,0.0,-1.7920000000000003,0.0
1038,-1.79,0.0,-1.79,0.0
1039,-1.7880000000000003,0.0,-1.7880000000000003,0.0
1040,-1.786,0.0,-1.786,0.0
1041,-1.7840000000000003,0.0,-1.7840000000000003,0.0
1042,-1.782,0.0,-1.782,0.0
1043,-1.7800000000000002,0.0,-1.7800000000000002,0.0
1044,-1.778,0.0,-1.778,0.0
1045,-1.7760000000000002,0.0,-1.7760000000000002,0.0
1046,-1.774,0.0,-1.774,0.0
1047,-1.7720000000000002,0.0,-1.7720000000000002,0.0
1048,-1.77,0.0,-1.77,0.0
1049,-1.7680000000000002,0.0,-1.7680000000000002,0.0
1050,-1.766,0.0,-1.766,0.0
1051,-1.7640000000000002,0.0,-1.7640000000000002,0.0
1052,-1.762,0.0,-1.762,0.0
1053,-1.7600000000000002,0.0,-1.7600000000000002,0.0
1054,-1.758,0.0,-1.758,0.0
1055,-1.7560000000000002,0.0,-1.7560000000000002,0.0
1056,-1.754,0.0,-1.754,0.0
1057,-1.7520000000000002,0.0,-1.7520000000000002,0.0
1058,-1.75,0.0,-1.75,0.0
1059,-1.7480000000000002,0.0,-1.7480000000000002,0.0
1060,-1.746,0.0,-1.746,0.0
1061,-1.7440000000000002,0.0,-1.7440000000000002,0.0
1062,-1.742,0.0,-1.742,0.0
1063,-1.7400000000000002,0.0,-1.7400000000000002,0.0
1064,-1.738,0.0,-1.738,0.0
1065,-1.7360000000000002,0.0,-1.7360000000000002,0.0
1066,-1.734,0.0,-1.734,0.0
1067,-1.7320000000000002,0.0,-1.7320000000000002,0.0
1068,-1.73,0.0,-1.73,0.0
1069,-1.7280000000000002,0.0,-1.7280000000000002,0.0
1070,-1.726,0.0,-1.726,0.0
1071,-1.7240000000000002,0.0,-1.7240000000000002,0.0
1072,-1.722,0.0,-1.722,0.0
1073,-1.7200000000000002,0.0,-1.7200000000000002,0.0
1074,-1.718,0.0,-1.718,0.0
1075,-1.7160000000000002,0.0,-1.7160000000000002,0.0
1076,-1.714,0.0,-1.714,0.0
1077,-1.7120000000000002,0.0,-1.7120000000000002,0.0
1078,-1.71,0.0,-1.71,0.0
1079,-1.7080000000000002,0.0,-1.7080000000000002,0.0
1080,-1.706,0.0,-1.706,0.0
1081,-1.7040000000000002,0.0,-1.7040000000000002,0.0
1082,-1.702,0.0,-1.702,0.0
1083,-1.7000000000000002,0.0,-1.7000000000000002,0.0
1084,-1.698,0.0,-1.698,0.0
1085,-1.6960000000000002,0.0,-1.6960000000000002,0.0
1086,-1.694,0.0,-1.694,0.0
1087,-1.6920000000000002,0.0,-1.6920000000000002,0.0
1088,-1.69,0.0,-1.69,0.0
1089,-1.6880000000000002,0.0,-1.6880000000000002,0.0
1090,-1.686,0.0,-1.686,0.0
1091,-1.6840000000000002,0.0,-1.6840000000000002,0.0
1092,-1.682,0.0,-1.682,0.0
1093,-1.6800000000000002,0.0,-1.6800000000000002,0.0
1094,-1.678,0.0,-1.678,0.0
1095,-1.6760000000000002,0.0,-1.6760000000000002,0.0
1096,-1.674,0.0,-1.674,0.0
1097,-1.6720000000000002,0.0,-1.6720000000000002,0.0
1098,-1.67,0.0,-1.67,0.0
1099,-1.6680000000000001,0.0,-1.6680000000000001,0.0
1100,-1.666,0.0,-1.666,0.0
1101,-1.6640000000000001,0.0,-1.6640000000000001,0.0
1102,-1.662,0.0,-1.662,0.0
1103,-1.6600000000000001,0.0,-1.6600000000000001,0.0
1104,-1.658,0.0,-1.658,0.0
1105,-1.6560000000000001,0.0,-1.6560000000000001,0.0
1106,-1.654,0.0,-1.654,0.0
1107,-1.6520000000000001,0.0,-1.6520000000000001,0.0
1108,-1.65,0.0,-1.65,0.0
1109,-1.6480000000000001,0.0,-1.6480000000000001,0.0
1110,-1.646,0.0,-1.646,0.0
1111,-1.6440000000000001,0.0,-1.6440000000000001,0.0
1112,-1.642,0.0,-1.642,0.0
1113,-1.6400000000000001,0.0,-1.6400000000000001,0.0
1114,-1.638,0.0,-1.638,0.0
1115,-1.6360000000000001,0.0,-1.6360000000000001,0.0
1116,-1.634,0.0,-1.634,0.0
1117,-1.6320000000000001,0.0,-1.6320000000000001,0.0
1118,-1.63,0.0,-1.63,0.0
1119,-1.6280000000000001,0.0,-1.6280000000000001,0.0
1120,-1.626,0.0,-1.626,0.0
1121,-1.624,0.0,-1.624,0.0
1122,-1.6219999999999999,0.0,-1.6219999999999999,0.0
1123,-1.62,0.0,-1.62,0.0
1124,-1.6179999999999999,0.0,-1.6179999999999999,0.0
1125,-1.616,0.0,-1.616,0.0
1126,-1.6139999999999999,0.0,-1.6139999999999999,0.0
1127,-1.612,0.0,-1.612,0.0
1128,-1.6099999999999999,0.0,-1.6099999999999999,0.0
1129,-1.608,0.0,-1.608,0.0
1130,-1.6059999999999999,0.0,-1.6059999999999999,0.0
1131,-1.604,0.0,-1.604,0.0
1132,-1.6019999999999999,0.0,-1.6019999999999999,0.0
1133,-1.6,0.0,-1.6,0.0
1134,-1.5979999999999999,0.0,-1.5979999999999999,0.0
1135,-1.596,0.0,-1.596,0.0
1136,-1.5939999999999999,0.0,-1.5939999999999999,0.0
1137,-1.592,0.0,-1.592,0.0
1138,-1.5899999999999999,0.0,-1.5899999999999999,0.0
1139,-1.588,0.0,-1.588,0.0
1140,-1.5859999999999999,0.0,-1.5859999999999999,0.0
1141,-1.584,0.0,-1.584,0.0
1142,-1.5819999999999999,0.0,-1.5819999999999999,0.0
1143,-1.58,0.0,-1.58,0.0
1144,-1.5779999999999998,0.0,-1.5779999999999998,0.0
1145,-1.576,0.0,-1.576,0.0
1146,-1.5739999999999998,0.0,-1.5739999999999998,0.0
1147,-1.572,0.0,-1.572,0.0
1148,-1.5699999999999998,0.0,-1.5699999999999998,0.0
1149,-1.568,0.0,-1.568,0.0
1150,-1.5659999999999998,0.0,-1.5659999999999998,0.0
1151,-1.564,0.0,-1.564,0.0
1152,-1.5619999999999998,0.0,-1.5619999999999998,0.0
1153,-1.56,0.0,-1.56,0.0
1154,-1.5580000000000003,0.0,-1.5580000000000003,0.0
1155,-1.556,0.0,-1.556,0.0
1156,-1.5540000000000003,0.0,-1.5540000000000003,0.0
1157,-1.552,0.0,-1.552,0.0
1158,-1.5500000000000003,0.0,-1.5500000000000003,0.0
1159,-1.548,0.0,-1.548,0.0
1160,-1.5460000000000003,0.0,-1.5460000000000003,0.0
1161,-1.544,0.0,-1.544,0.0
1162,-1.5420000000000003,0.0,-1.5420000000000003,0.0
1163,-1.54,0.0,-1.54,0.0
1164,-1.5380000000000003,0.0,-1.5380000000000003,0.0
1165,-1.536,0.0,-1.536,0.0
1166,-1.5340000000000003,0.0,-1.5340000000000003,0.0
1167,-1.532,0.0,-1.532,0.0
1168,-1.5300000000000002,0.0,-1.5300000000000002,0.0
1169,-1.528,0.0,-1.528,0.0
1170,-1.5260000000000002,0.0,-1.5260000000000002,0.0
1171,-1.524,0.0,-1.524,0.0
1172,-1.5220000000000002,0.0,-1.5220000000000002,0.0
1173,-1.52,0.0,-1.52,0.0
1174,-1.5180000000000002,0.0,-1.5180000000000002,0.0
1175,-1.516,0.0,-1.516,0.0
1176,-1.5140000000000002,0.0,-1.5140000000000002,0.0
1177,-1.512,0.0,-1.512,0.0
1178,-1.5100000000000002,0.0,-1.5100000000000002,0.0
1179,-1.508,0.0,-1.508,0.0
1180,-1.5060000000000002,0.0,-1.5060000000000002,0.0
1181,-1.504,0.0,-1.504,0.0
1182,-1.5020000000000002,0.0,-1.5020000000000002,0.0
1183,-1.5,0.0,-1.5,0.0
1184,-1.4980000000000002,0.0,-1.4980000000000002,0.0
1185,-1.496,0.0,-1.496,0.0
1186,-1.4940000000000002,0.0,-1.4940000000000002,0.0
1187,-1.492,0.0,-1.492,0.0
1188,-1.4900000000000002,0.0,-1.4900000000000002,0.0
1189,-1.488,0.0,-1.488,0.0
1190,-1.4860000000000002,0.0,-1.4860000000000002,0.0
1191,-1.484,0.0,-1.484,0.0
1192,-1.4820000000000002,0.0,-1.4820000000000002,0.0
1193,-1.48,0.0,-1.48,0.0
1194,-1.4780000000000002,0.0,-1.4780000000000002,0.0
1195,-1.476,0.0,-1.476,0.0
1196,-1.4740000000000002,0.0,-1.4740000000000002,0.0
1197,-1.472,0.0,-1.472,0.0
1198,-1.4700000000000002,0.0,-1.4700000000000002,0.0
1199,-1.468,0.0,-1.468,0.0
1200,-1.4660000000000002,0.0,-1.4660000000000002,0.0
1201,-1.464,0.0,-1.464,0.0
1202,-1.4620000000000002,0.0,-1.4620000000000002,0.0
1203,-1.46,0.0,-1.46,0.0
1204,-1.4580000000000002,0.0,-1.4580000000000002,0.0
1205,-1.456,0.0,-1.456,0.0
1206,-1.4540000000000002,0.0,-1.4540000000000002,0.0
1207,-1.452,0.0,-1.452,0.0
1208,-1.4500000000000002,0.0,-1.4500000000000002,0.0
1209,-1.448,0.0,-1.448,0.0
1210,-1.4460000000000002,0.0,-1.4460000000000002,0.0
1211,-1.444,0.0,-1.444,0.0
1212,-1.4420000000000002,0.0,-1.4420000000000002,0.0
1213,-1.44,0.0,-1.44,0.0
1214,-1.4380000000000002,0.0,-1.4380000000000002,0.0
1215,-1.436,0.0,-1.436,0.0
1216,-1.4340000000000002,0.0,-1.4340000000000002,0.0
1217,-1.432,0.0,-1.432,0.0
1218,-1.4300000000000002,0.0,-1.4300000000000002,0.0
1219,-1.428,0.0,-1.428,0.0
1220,-1.4260000000000002,0.0,-1.4260000000000002,0.0
1221,-1.424,0.0,-1.424,0.0
1222,-1.4220000000000002,0.0,-1.4220000000000002,0.0
1223,-1.42,0.0,-1.42,0.0
1224,-1.4180000000000001,0.0,-1.4180000000000001,0.0
1225,-1.416,0.0,-1.416,0.0
1226,-1.4140000000000001,0.0,-1.4140000000000001,0.0
1227,-1.412,0.0,-1.412,0.0
1228,-1.4100000000000001,0.0,-1.4100000000000001,0.0
1229,-1.408,0.0,-1.408,0.0
1230,-1.4060000000000001,0.0,-1.4060000000000001,0.0
1231,-1.404,0.0,-1.404,0.0
1232,-1.4020000000000001,0.0,-1.4020000000000001,0.0
1233,-1.4,0.0,-1.4,0.0
1234,-1.3980000000000001,0.0,-1.3980000000000001,0.0
1235,-1.396,0.0,-1.396,0.0
1236,-1.3940000000000001,0.0,-1.3940000000000001,0.0
1237,-1.392,0.0,-1.392,0.0
1238,-1.3900000000000001,0.0,-1.3900000000000001,0.0
1239,-1.388,0.0,-1.388,0.0
1240,-1.3860000000000001,0.0,-1.3860000000000001,0.0
1241,-1.384,0.0,-1.384,0.0
1242,-1.3820000000000001,0.0,-1.3820000000000001,0.0
1243,-1.38,0.0,-1.38,0.0
1244,-1.3780000000000001,0.0,-1.3780000000000001,0.0
1245,-1.376,0.0,-1.376,0.0
1246,-1.374,0.0,-1.374,0.0
1247,-1.3719999999999999,0.0,-1.3719999999999999,0.0
1248,-1.37,0.0,-1.37,0.0
1249,-1.3679999999999999,0.0,-1.3679999999999999,0.0
1250,-1.366,0.0,-1.366,0.0
1251,-1.3639999999999999,0.0,-1.3639999999999999,0.0
1252,-1.362,0.0,-1.362,0.0
1253,-1.3599999999999999,0.0,-1.3599999999999999,0.0
1254,-1.358,0.0,-1.358,0.0
1255,-1.3559999999999999,0.0,-1.3559999999999999,0.0
1256,-1.354,0.0,-1.354,0.0
1257,-1.3519999999999999,0.0,-1.3519999999999999,0.0
1258,-1.35,0.0,-1.35,0.0
1259,-1.3479999999999999,0.0,-1.3479999999999999,0.0
1260,-1.346,0.0,-1.346,0.0
1261,-1.3439999999999999,0.0,-1.3439999999999999,0.0
1262,-1.342,0.0,-1.342,0.0
1263,-1.3399999999999999,0.0,-1.3399999999999999,0.0
1264,-1.338,0.0,-1.338,0.0
1265,-1.3359999999999999,0.0,-1.3359999999999999,0.0
1266,-1.334,0.0,-1.334,0.0
1267,-1.3319999999999999,0.0,-1.3319999999999999,0.0
1268,-1.33,0.0,-1.33,0.0
1269,-1.3279999999999998,0.0,-1.3279999999999998,0.0
1270,-1.326,0.0,-1.326,0.0
1271,-1.3239999999999998,0.0,-1.3239999999999998,0.0
1272,-1.322,0.0,-1.322,0.0
1273,-1.3199999999999998,0.0,-1.3199999999999998,0.0
1274,-1.318,0.0,-1.318,0.0
1275,-1.3159999999999998,0.0,-1.3159999999999998,0.0
1276,-1.314,0.0,-1.314,0.0
1277,-1.3119999999999998,0.0,-1.3119999999999998,0.0
1278,-1.31,0.0,-1.31,0.0
1279,-1.3079999999999998,0.0,-1.3079999999999998,0.0
1280,-1.306,0.0,-1.306,0.0
1281,-1.3040000000000003,0.0,-1.3040000000000003,0.0
1282,-1.302,0.0,-1.302,0.0
1283,-1.3000000000000003,0.0,-1.3000000000000003,0.0
1284,-1.298,0.0,-1.298,0.0
1285,-1.2960000000000003,0.0,-1.2960000000000003,0.0
1286,-1.294,0.0,-1.294,0.0
1287,-1.2920000000000003,0.0,-1.2920000000000003,0.0
1288,-1.29,0.0,-1.29,0.0
1289,-1.2880000000000003,0.0,-1.2880000000000003,0.0
1290,-1.286,0.0,-1.286,0.0
1291,-1.2840000000000003,0.0,-1.2840000000000003,0.0
1292,-1.282,0.0,-1.282,0.0
1293,-1.2800000000000002,0.0,-1.2800000000000002,0.0
1294,-1.278,0.0,-1.278,0.0
1295,-1.2760000000000002,0.0,-1.2760000000000002,0.0
1296,-1.274,0.0,-1.274,0.0
1297,-1.2720000000000002,0.0,-1.2720000000000002,0.0
1298,-1.27,0.0,-1.27,0.0
1299,-1.2680000000000002,0.0,-1.2680000000000002,0.0
1300,-1.266,0.0,-1.266,0.0
1301,-1.2640000000000002,0.0,-1.2640000000000002,0.0
1302,-1.262,0.0,-1.262,0.0
1303,-1.2600000000000002,0.0,-1.2600000000000002,0.0
1304,-1.258,0.0,-1.258,0.0
1305,-1.2560000000000002,0.0,-1.2560000000000002,0.0
1306,-1.254,0.0,-1.254,0.0
1307,-1.2520000000000002,0.0,-1.2520000000000002,0.0
1308,-1.25,0.0,-1.25,0.0
1309,-1.2480000000000002,0.0,-1.2480000000000002,0.0
1310,-1.246,0.0,-1.246,0.0
1311,-1.2440000000000002,0.0,-1.2440000000000002,0.0
1312,-1.242,0.0,-1.242,0.0
1313,-1.2400000000000002,0.0,-1.2400000000000002,0.0
1314,-1.238,0.0,-1.238,0.0
1315,-1.2360000000000002,0.0,-1.2360000000000002,0.0
1316,-1.234,0.0,-1.234,0.0
1317,-1.2320000000000002,0.0,-1.2320000000000002,0.0
1318,-1.23,0.0,-1.23,0.0
1319,-1.2280000000000002,0.0,-1.2280000000000002,0.0
1320,-1.226,0.0,-1.226,0.0
1321,-1.2240000000000002,0.0,-1.2240000000000002,0.0
1322,-1.222,0.0,-1.222,0.0
1323,-1.2200000000000002,0.0,-1.2200000000000002,0.0
1324,-1.218,0.0,-1.218,0.0
1325,-1.2160000000000002,0.0,-1.2160000000000002,0.0
1326,-1.214,0.0,-1.214,0.0
1327,-1.2120000000000002,0.0,-1.2120000000000002,0.0
1328,-1.21,0.0,-1.21,0.0
1329,-1.2080000000000002,0.0,-1.2080000000000002,0.0
1330,-1.206,0.0,-1.206,0.0
1331,-1.2040000000000002,0.0,-1.2040000000000002,0.0
1332,-1.202,0.0,-1.202,0.0
1333,-1.2000000000000002,0.0,-1.2000000000000002,0.0
1334,-1.198,0.0,-1.198,0.0
1335,-1.1960000000000002,0.0,-1.1960000000000002,0.0
1336,-1.194,0.0,-1.194,0.0
1337,-1.1920000000000002,0.0,-1.1920000000000002,0.0
1338,-1.19,0.0,-1.19,0.0
1339,-1.1880000000000002,0.0,-1.1880000000000002,0.0
1340,-1.186,0.0,-1.186,0.0
1341,-1.1840000000000002,0.0,-1.1840000000000002,0.0
1342,-1.182,0.0,-1.182,0.0
1343,-1.1800000000000002,0.0,-1.1800000000000002,0.0
1344,-1.178,0.0,-1.178,0.0
1345,-1.1760000000000002,0.0,-1.1760000000000002,0.0
1346,-1.174,0.0,-1.174,0.0
1347,-1.1720000000000002,0.0,-1.1720000000000002,0.0
1348,-1.17,0.0,-1.17,0.0
1349,-1.1680000000000001,0.0,-1.1680000000000001,0.0
1350,-1.166,0.0,-1.166,0.0
1351,-1.1640000000000001,0.0,-1.1640000000000001,0.0
1352,-1.162,0.0,-1.162,0.0
1353,-1.1600000000000001,0.0,-1.1600000000000001,0.0
1354,-1.158,0.0,-1.158,0.0
1355,-1.1560000000000001,0.0,-1.1560000000000001,0.0
1356,-1.154,0.0,-1.154,0.0
1357,-1.1520000000000001,0.0,-1.1520000000000001,0.0
1358,-1.15,0.0,-1.15,0.0
1359,-1.1480000000000001,0.0,-1.1480000000000001,0.0
1360,-1.146,0.0,-1.146,0.0
1361,-1.1440000000000001,0.0,-1.1440000000000001,0.0
1362,-1.142,0.0,-1.142,0.0
1363,-1.1400000000000001,0.0,-1.1400000000000001,0.0
1364,-1.138,0.0,-1.138,0.0
1365,-1.1360000000000001,0.0,-1.1360000000000001,0.0
1366,-1.134,0.0,-1.134,0.0
1367,-1.1320000000000001,0.0,-1.1320000000000001,0.0
1368,-1.13,0.0,-1.13,0.0
1369,-1.1280000000000001,0.0,-1.1280000000000001,0.0
1370,-1.126,0.0,-1.126,0.0
1371,-1.124,0.0,-1.124,0.0
1372,-1.1219999999999999,0.0,-1.1219999999999999,0.0
1373,-1.12,0.0,-1.12,0.0
1374,-1.1179999999999999,0.0,-1.1179999999999999,0.0
1375,-1.116,0.0,-1.116,0.0
1376,-1.1139999999999999,0.0,-1.1139999999999999,0.0
1377,-1.112,0.0,-1.112,0.0
1378,-1.1099999999999999,0.0,-1.1099999999999999,0.0
1379,-1.108,0.0,-1.108,0.0
1380,-1.1059999999999999,0.0,-1.1059999999999999,0.0
1381,-1.104,0.0,-1.104,0.0
1382,-1.1019999999999999,0.0,-1.1019999999999999,0.0
1383,-1.1,0.0,-1.1,0.0
1384,-1.0979999999999999,0.0,-1.0979999999999999,0.0
1385,-1.096,0.0,-1.096,0.0
1386,-1.0939999999999999,0.0,-1.0939999999999999,0.0
1387,-1.092,0.0,-1.092,0.0
1388,-1.0899999999999999,0.0,-1.0899999999999999,0.0
1389,-1.088,0.0,-1.088,0.0
1390,-1.0859999999999999,0.0,-1.0859999999999999,0.0
1391,-1.084,0.0,-1.084,0.0
1392,-1.0819999999999999,0.0,-1.0819999999999999,0.0
1393,-1.08,0.0,-1.08,0.0
1394,-1.0779999999999998,0.0,-1.0779999999999998,0.0
1395,-1.076,0.0,-1.076,0.0
1396,-1.0739999999999998,0.0,-1.0739999999999998,0.0
1397,-1.072,0.0,-1.072,0.0
1398,-1.0699999999999998,0.0,-1.0699999999999998,0.0
1399,-1.068,0.0,-1.068,0.0
1400,-1.0659999999999998,0.0,-1.0659999999999998,0.0
1401,-1.064,0.0,-1.064,0.0
1402,-1.0619999999999998,0.0,-1.0619999999999998,0.0
1403,-1.06,0.0,-1.06,0.0
1404,-1.0579999999999998,0.0,-1.0579999999999998,0.0
1405,-1.056,0.0,-1.056,0.0
1406,-1.0539999999999998,0.0,-1.0539999999999998,0.0
1407,-1.052,0.0,-1.052,0.0
1408,-1.0500000000000003,0.0,-1.0500000000000003,0.0
1409,-1.048,0.0,-1.048,0.0
1410,-1.0460000000000003,0.0,-1.0460000000000003,0.0
1411,-1.044,0.0,-1.044,0.0
1412,-1.0420000000000003,0.0,-1.0420000000000003,0.0
1413,-1.04,0.0,-1.04,0.0
1414,-1.0380000000000003,0.0,-1.0380000000000003,0.0
1415,-1.036,0.0,-1.036,0.0
1416,-1.0340000000000003,0.0,-1.0340000000000003,0.0
1417,-1.032,0.0,-1.032,0.0
1418,-1.0300000000000002,0.0,-1.0300000000000002,0.0
1419,-1.028,0.0,-1.028,0.0
1420,-1.0260000000000002,0.0,-1.0260000000000002,0.0
1421,-1.024,0.0,-1.024,0.0
1422,-1.0220000000000002,0.0,-1.0220000000000002,0.0
1423,-1.02,0.0,-1.02,0.0
1424,-1.0180000000000002,0.0,-1.0180000000000002,0.0
1425,-1.016,0.0,-1.016,0.0
1426,-1.0140000000000002,0.0,-1.0140000000000002,0.0
1427,-1.012,0.0,-1.012,0.0
1428,-1.0100000000000002,0.0,-1.0100000000000002,0.0
1429,-1.008,0.0,-1.008,0.0
1430,-1.0060000000000002,0.0,-1.0060000000000002,0.0
1431,-1.004,0.0,-1.004,0.0
1432,-1.0020000000000002,0.0,-1.0020000000000002,0.0
1433,-1.0,0.0,-1.0,0.0
1434,-0.9980000000000002,0.0,-0.9980000000000002,0.0
1435,-0.996,0.0,-0.996,0.0
1436,-0.9940000000000002,0.0,-0.9940000000000002,0.0
1437,-0.992,0.0,-0.992,0.0
1438,-0.9900000000000002,0.0,-0.9900000000000002,0.0
1439,-0.988,0.0,-0.988,0.0
1440,-0.9860000000000002,0.0,-0.9860000000000002,0.0
1441,-0.984,0.0,-0.984,0.0
1442,-0.9820000000000002,0.0,-0.9820000000000002,0.0
1443,-0.98,0.0,-0.98,0.0
1444,-0.9780000000000002,0.0,-0.9780000000000002,0.0
1445,-0.976,0.0,-0.976,0.0
1446,-0.9740000000000002,0.0,-0.9740000000000002,0.0
1447,-0.972,0.0,-0.972,0.0
1448,-0.9700000000000002,0.0,-0.9700000000000002,0.0
1449,-0.968,0.0,-0.968,0.0
1450,-0.9660000000000002,0.0,-0.9660000000000002,0.0
1451,-0.964,0.0,-0.964,0.0
1452,-0.9620000000000002,0.0,-0.9620000000000002,0.0
1453,-0.96,0.0,-0.96,0.0
1454,-0.9580000000000002,0.0,-0.9580000000000002,0.0
1455,-0.956,0.0,-0.956,0.0
1456,-0.9540000000000002,0.0,-0.9540000000000002,0.0
1457,-0.952,0.0,-0.952,0.0
1458,-0.9500000000000002,0.0,-0.9500000000000002,0.0
1459,-0.948,0.0,-0.948,0.0
1460,-0.9460000000000002,0.0,-0.9460000000000002,0.0
1461,-0.944,0.0,-0.944,0.0
1462,-0.9420000000000002,0.0,-0.9420000000000002,0.0
1463,-0.94,0.0,-0.94,0.0
1464,-0.9380000000000002,0.0,-0.9380000000000002,0.0
1465,-0.9359999999999999,0.0,-0.9359999999999999,0.0
1466,-0.9340000000000002,0.0,-0.9340000000000002,0.0
1467,-0.9319999999999999,0.0,-0.9319999999999999,0.0
1468,-0.9300000000000002,0.0,-0.9300000000000002,0.0
1469,-0.9279999999999999,0.0,-0.9279999999999999,0.0
1470,-0.9260000000000002,0.0,-0.9260000000000002,0.0
1471,-0.9239999999999999,0.0,-0.9239999999999999,0.0
1472,-0.9220000000000002,0.0,-0.9220000000000002,0.0
1473,-0.9199999999999999,0.0,-0.9199999999999999,0.0
1474,-0.9180000000000001,0.0,-0.9180000000000001,0.0
1475,-0.9159999999999999,0.0,-0.9159999999999999,0.0
1476,-0.9140000000000001,0.0,-0.9140000000000001,0.0
1477,-0.9119999999999999,0.0,-0.9119999999999999,0.0
1478,-0.9100000000000001,0.0,-0.9100000000000001,0.0
1479,-0.9079999999999999,0.0,-0.9079999999999999,0.0
1480,-0.9060000000000001,0.0,-0.9060000000000001,0.0
1481,-0.9039999999999999,0.0,-0.9039999999999999,0.0
1482,-0.9020000000000001,0.0,-0.9020000000000001,0.0
1483,-0.8999999999999999,0.0,-0.8999999999999999,0.0
1484,-0.8980000000000001,0.0,-0.8980000000000001,0.0
1485,-0.8959999999999999,0.0,-0.8959999999999999,0.0
1486,-0.8940000000000001,0.0,-0.8940000000000001,0.0
1487,-0.8919999999999999,0.0,-0.8919999999999999,0.0
1488,-0.8900000000000001,0.0,-0.8900000000000001,0.0
1489,-0.8879999999999999,0.0,-0.8879999999999999,0.0
1490,-0.8860000000000001,0.0,-0.8860000000000001,0.0
1491,-0.8839999999999999,0.0,-0.8839999999999999,0.0
1492,-0.8820000000000001,0.0,-0.8820000000000001,0.0
1493,-0.8799999999999999,0.0,-0.8799999999999999,0.0
1494,-0.8780000000000001,0.0,-0.8780000000000001,0.0
1495,-0.8759999999999999,0.0,-0.8759999999999999,0.0
1496,-0.8740000000000001,0.0,-0.8740000000000001,0.0
1497,-0.8719999999999999,0.0,-0.8719999999999999,0.0
1498,-0.8700000000000001,0.0,-0.8700000000000001,0.0
1499,-0.8679999999999999,0.0,-0.8679999999999999,0.0
1500,-0.8660000000000001,0.0,-0.8660000000000001,0.0
1501,-0.8639999999999999,0.0,-0.8639999999999999,0.0
1502,-0.8620000000000001,0.0,-0.8620000000000001,0.0
1503,-0.8599999999999999,0.0,-0.8599999999999999,0.0
1504,-0.8580000000000001,0.0,-0.8580000000000001,0.0
1505,-0.8559999999999999,0.0,-0.8559999999999999,0.0
1506,-0.8540000000000001,0.0,-0.8540000000000001,0.0
1507,-0.8519999999999999,0.0,-0.8519999999999999,0.0
1508,-0.8500000000000001,0.0,-0.8500000000000001,0.0
1509,-0.8479999999999999,0.0,-0.8479999999999999,0.0
1510,-0.8460000000000001,0.0,-0.8460000000000001,0.0
1511,-0.8439999999999999,0.0,-0.8439999999999999,0.0
1512,-0.8420000000000001,0.0,-0.8420000000000001,0.0
1513,-0.8399999999999999,0.0,-0.8399999999999999,0.0
1514,-0.8380000000000001,0.0,-0.8380000000000001,0.0
1515,-0.8359999999999999,0.0,-0.8359999999999999,0.0
1516,-0.8340000000000001,0.0,-0.8340000000000001,0.0
1517,-0.8319999999999999,0.0,-0.8319999999999999,0.0
1518,-0.8300000000000001,0.0,-0.8300000000000001,0.0
1519,-0.8279999999999998,0.0,-0.8279999999999998,0.0
1520,-0.8260000000000001,0.0,-0.8260000000000001,0.0
1521,-0.8239999999999998,0.0,-0.8239999999999998,0.0
1522,-0.8220000000000001,0.0,-0.8220000000000001,0.0
1523,-0.8199999999999998,0.0,-0.8199999999999998,0.0
1524,-0.8180000000000001,0.0,-0.8180000000000001,0.0
1525,-0.8159999999999998,0.0,-0.8159999999999998,0.0
1526,-0.8140000000000001,0.0,-0.8140000000000001,0.0
1527,-0.8119999999999998,0.0,-0.8119999999999998,0.0
1528,-0.81,0.0,-0.81,0.0
1529,-0.8079999999999998,0.0,-0.8079999999999998,0.0
1530,-0.806,0.0,-0.806,0.0
1531,-0.8039999999999998,0.0,-0.8039999999999998,0.0
1532,-0.802,0.0,-0.802,0.0
1533,-0.7999999999999998,0.0,-0.7999999999999998,0.0
1534,-0.798,0.0,-0.798,0.0
1535,-0.7959999999999998,0.0,-0.7959999999999998,0.0
1536,-0.794,0.0,-0.794,0.0
1537,-0.7920000000000003,0.0,-0.7920000000000003,0.0
1538,-0.79,0.0,-0.79,0.0
1539,-0.7880000000000003,0.0,-0.7880000000000003,0.0
1540,-0.786,0.0,-0.786,0.0
1541,-0.7840000000000003,0.0,-0.7840000000000003,0.0
1542,-0.782,0.0,-0.782,0.0
1543,-0.7800000000000002,0.0,-0.7800000000000002,0.0
1544,-0.778,0.0,-0.778,0.0
1545,-0.7760000000000002,0.0,-0.7760000000000002,0.0
1546,-0.774,0.0,-0.774,0.0
1547,-0.7720000000000002,0.0,-0.7720000000000002,0.0
1548,-0.77,0.0,-0.77,0.0
1549,-0.7680000000000002,0.0,-0.7680000000000002,0.0
1550,-0.766,0.0,-0.766,0.0
1551,-0.7640000000000002,0.0,-0.7640000000000002,0.0
1552,-0.762,0.0,-0.762,0.0
1553,-0.7600000000000002,0.0,-0.7600000000000002,0.0
1554,-0.758,0.0,-0.758,0.0
1555,-0.7560000000000002,0.0,-0.7560000000000002,0.0
1556,-0.754,0.0,-0.754,0.0
1557,-0.7520000000000002,0.0,-0.7520000000000002,0.0
1558,-0.75,0.0,-0.75,0.0
1559,-0.7480000000000002,0.0,-0.7480000000000002,0.0
1560,-0.746,0.0,-0.746,0.0
1561,-0.7440000000000002,0.0,-0.7440000000000002,0.0
1562,-0.742,0.0,-0.742,0.0
1563,-0.7400000000000002,0.0,-0.7400000000000002,0.0
1564,-0.738,0.0,-0.738,0.0
1565,-0.7360000000000002,0.0,-0.7360000000000002,0.0
1566,-0.734,0.0,-0.734,0.0
1567,-0.7320000000000002,0.0,-0.7320000000000002,0.0
1568,-0.73,0.0,-0.73,0.0
1569,-0.7280000000000002,0.0,-0.7280000000000002,0.0
1570,-0.726,0.0,-0.726,0.0
1571,-0.7240000000000002,0.0,-0.7240000000000002,0.0
1572,-0.722,0.0,-0.722,0.0
1573,-0.7200000000000002,0.0,-0.7200000000000002,0.0
1574,-0.718,0.0,-0.718,0.0
1575,-0.7160000000000002,0.0,-0.7160000000000002,0.0
1576,-0.714,0.0,-0.714,0.0
1577,-0.7120000000000002,0.0,-0.7120000000000002,0.0
1578,-0.71,0.0,-0.71,0.0
1579,-0.7080000000000002,0.0,-0.7080000000000002,0.0
1580,-0.706,0.0,-0.706,0.0
1581,-0.7040000000000002,0.0,-0.7040000000000002,0.0
1582,-0.702,0.0,-0.702,0.0
1583,-0.7000000000000002,0.0,-0.7000000000000002,0.0
1584,-0.698,0.0,-0.698,0.0
1585,-0.6960000000000002,0.0,-0.6960000000000002,0.0
1586,-0.694,0.0,-0.694,0.0
1587,-0.6920000000000002,0.0,-0.6920000000000002,0.0
1588,-0.69,0.0,-0.69,0.0
1589,-0.6880000000000002,0.0,-0.6880000000000002,0.0
1590,-0.6859999999999999,0.0,-0.6859999999999999,0.0
1591,-0.6840000000000002,0.0,-0.6840000000000002,0.0
1592,-0.6819999999999999,0.0,-0.6819999999999999,0.0
1593,-0.6800000000000002,0.0,-0.6800000000000002,0.0
1594,-0.6779999999999999,0.0,-0.6779999999999999,0.0
1595,-0.6760000000000002,0.0,-0.6760000000000002,0.0
1596,-0.6739999999999999,0.0,-0.6739999999999999,0.0
1597,-0.6720000000000002,0.0,-0.6720000000000002,0.0
1598,-0.6699999999999999,0.0,-0.6699999999999999,0.0
1599,-0.6680000000000001,0.0,-0.6680000000000001,0.0
1600,-0.6659999999999999,0.0,-0.6659999999999999,0.0
1601,-0.6640000000000001,0.0,-0.6640000000000001,0.0
1602,-0.6619999999999999,0.0,-0.6619999999999999,0.0
1603,-0.6600000000000001,0.0,-0.6600000000000001,0.0
1604,-0.6579999999999999,0.0,-0.6579999999999999,0.0
1605,-0.6560000000000001,0.0,-0.6560000000000001,0.0
1606,-0.6539999999999999,0.0,-0.6539999999999999,0.0
1607,-0.6520000000000001,0.0,-0.6520000000000001,0.0
1608,-0.6499999999999999,0.0,-0.6499999999999999,0.0
1609,-0.6480000000000001,0.0,-0.6480000000000001,0.0
1610,-0.6459999999999999,0.0,-0.6459999999999999,0.0
1611,-0.6440000000000001,0.0,-0.6440000000000001,0.0
1612,-0.6419999999999999,0.0,-0.6419999999999999,0.0
1613,-0.6400000000000001,0.0,-0.6400000000000001,0.0
1614,-0.6379999999999999,0.0,-0.6379999999999999,0.0
1615,-0.6360000000000001,0.0,-0.6360000000000001,0.0
1616,-0.6339999999999999,0.0,-0.6339999999999999,0.0
1617,-0.6320000000000001,0.0,-0.6320000000000001,0.0
1618,-0.6299999999999999,0.0,-0.6299999999999999,0.0
1619,-0.6280000000000001,0.0,-0.6280000000000001,0.0
1620,-0.6259999999999999,0.0,-0.6259999999999999,0.0
1621,-0.6240000000000001,0.0,-0.6240000000000001,0.0
1622,-0.6219999999999999,0.0,-0.6219999999999999,0.0
1623,-0.6200000000000001,0.0,-0.6200000000000001,0.0
1624,-0.6179999999999999,0.0,-0.6179999999999999,0.0
1625,-0.6160000000000001,0.0,-0.6160000000000001,0.0
1626,-0.6139999999999999,0.0,-0.6139999999999999,0.0
1627,-0.6120000000000001,0.0,-0.6120000000000001,0.0
1628,-0.6099999999999999,0.0,-0.6099999999999999,0.0
1629,-0.6080000000000001,0.0,-0.6080000000000001,0.0
1630,-0.6059999999999999,0.0,-0.6059999999999999,0.0
1631,-0.6040000000000001,0.0,-0.6040000000000001,0.0
1632,-0.6019999999999999,0.0,-0.6019999999999999,0.0
1633,-0.6000000000000001,0.0,-0.6000000000000001,0.0
1634,-0.5979999999999999,0.0,-0.5979999999999999,0.0
1635,-0.5960000000000001,0.0,-0.5960000000000001,0.0
1636,-0.5939999999999999,0.0,-0.5939999999999999,0.0
1637,-0.5920000000000001,0.0,-0.5920000000000001,0.0
1638,-0.5899999999999999,0.0,-0.5899999999999999,0.0
1639,-0.5880000000000001,0.0,-0.5880000000000001,0.0
1640,-0.5859999999999999,0.0,-0.5859999999999999,0.0
1641,-0.5840000000000001,0.0,-0.5840000000000001,0.0
1642,-0.5819999999999999,0.0,-0.5819999999999999,0.0
1643,-0.5800000000000001,0.0,-0.5800000000000001,0.0
1644,-0.5779999999999998,0.0,-0.5779999999999998,0.0
1645,-0.5760000000000001,0.0,-0.5760000000000001,0.0
1646,-0.5739999999999998,0.0,-0.5739999999999998,0.0
1647,-0.5720000000000001,0.0,-0.5720000000000001,0.0
1648,-0.5699999999999998,0.0,-0.5699999999999998,0.0
1649,-0.5680000000000001,0.0,-0.5680000000000001,0.0
1650,-0.5659999999999998,0.0,-0.5659999999999998,0.0
1651,-0.5640000000000001,0.0,-0.5640000000000001,0.0
1652,-0.5619999999999998,0.0,-0.5619999999999998,0.0
1653,-0.56,0.0,-0.56,0.0
1654,-0.5579999999999998,0.0,-0.5579999999999998,0.0
1655,-0.556,0.0,-0.556,0.0
1656,-0.5539999999999998,0.0,-0.5539999999999998,0.0
1657,-0.552,0.0,-0.552,0.0
1658,-0.5499999999999998,0.0,-0.5499999999999998,0.0
1659,-0.548,0.0,-0.548,0.0
1660,-0.5459999999999998,0.0,-0.5459999999999998,0.0
1661,-0.544,0.0,-0.544,0.0
1662,-0.5419999999999998,0.0,-0.5419999999999998,0.0
1663,-0.54,0.0,-0.54,0.0
1664,-0.5379999999999998,0.0,-0.5379999999999998,0.0
1665,-0.536,0.0,-0.536,0.0
1666,-0.5340000000000003,0.0,-0.5340000000000003,0.0
1667,-0.532,0.0,-0.532,0.0
1668,-0.5300000000000002,0.0,-0.5300000000000002,0.0
1669,-0.528,0.0,-0.528,0.0
1670,-0.5260000000000002,0.0,-0.5260000000000002,0.0
1671,-0.524,0.0,-0.524,0.0
1672,-0.5220000000000002,0.0,-0.5220000000000002,0.0
1673,-0.52,0.0,-0.52,0.0
1674,-0.5180000000000002,0.0,-0.5180000000000002,0.0
1675,-0.516,0.0,-0.516,0.0
1676,-0.5140000000000002,0.0,-0.5140000000000002,0.0
1677,-0.512,0.0,-0.512,0.0
1678,-0.5100000000000002,0.0,-0.5100000000000002,0.0
1679,-0.508,0.0,-0.508,0.0
1680,-0.5060000000000002,0.0,-0.5060000000000002,0.0
1681,-0.504,0.0,-0.504,0.0
1682,-0.5020000000000002,0.0,-0.5020000000000002,0.0
1683,-0.5,0.0,-0.5,0.0
1684,-0.4980000000000002,0.0,-0.4980000000000002,0.0
1685,-0.496,0.0,-0.496,0.0
1686,-0.4940000000000002,0.0,-0.4940000000000002,0.0
1687,-0.492,0.0,-0.492,0.0
1688,-0.4900000000000002,0.0,-0.4900000000000002,0.0
1689,-0.488,0.0,-0.488,0.0
1690,-0.4860000000000002,0.0,-0.4860000000000002,0.0
1691,-0.484,0.0,-0.484,0.0
1692,-0.4820000000000002,0.0,-0.4820000000000002,0.0
1693,-0.48,0.0,-0.48,0.0
1694,-0.4780000000000002,0.0,-0.4780000000000002,0.0
1695,-0.476,0.0,-0.476,0.0
1696,-0.4740000000000002,0.0,-0.4740000000000002,0.0
1697,-0.472,0.0,-0.472,0.0
1698,-0.4700000000000002,0.0,-0.4700000000000002,0.0
1699,-0.46799999999999997,0.0,-0.46799999999999997,0.0
1700,-0.4660000000000002,0.0,-0.4660000000000002,0.0
1701,-0.46399999999999997,0.0,-0.46399999999999997,0.0
1702,-0.4620000000000002,0.0,-0.4620000000000002,0.0
1703,-0.45999999999999996,0.0,-0.45999999999999996,0.0
1704,-0.4580000000000002,0.0,-0.4580000000000002,0.0
1705,-0.45599999999999996,0.0,-0.45599999999999996,0.0
1706,-0.4540000000000002,0.0,-0.4540000000000002,0.0
1707,-0.45199999999999996,0.0,-0.45199999999999996,0.0
1708,-0.4500000000000002,0.0,-0.4500000000000002,0.0
1709,-0.44799999999999995,0.0,-0.44799999999999995,0.0
1710,-0.4460000000000002,0.0,-0.4460000000000002,0.0
1711,-0.44399999999999995,0.0,-0.44399999999999995,0.0
1712,-0.44200000000000017,0.0,-0.44200000000000017,0.0
1713,-0.43999999999999995,0.0,-0.43999999999999995,0.0
1714,-0.43800000000000017,0.0,-0.43800000000000017,0.0
1715,-0.43599999999999994,0.0,-0.43599999999999994,0.0
1716,-0.43400000000000016,0.0,-0.43400000000000016,0.0
1717,-0.43199999999999994,0.0,-0.43199999999999994,0.0
1718,-0.43000000000000016,0.0,-0.43000000000000016,0.0
1719,-0.42799999999999994,0.0,-0.42799999999999994,0.0
1720,-0.42600000000000016,0.0,-0.42600000000000016,0.0
1721,-0.42399999999999993,0.0,-0.42399999999999993,0.0
1722,-0.42200000000000015,0.0,-0.42200000000000015,0.0
1723,-0.41999999999999993,0.0,-0.41999999999999993,0.0
1724,-0.41800000000000015,0.0,-0.41800000000000015,0.0
1725,-0.4159999999999999,0.0,-0.4159999999999999,0.0
1726,-0.41400000000000015,0.0,-0.41400000000000015,0.0
1727,-0.4119999999999999,0.0,-0.4119999999999999,0.0
1728,-0.41000000000000014,0.0,-0.41000000000000014,0.0
1729,-0.4079999999999999,0.0,-0.4079999999999999,0.0
1730,-0.40600000000000014,0.0,-0.40600000000000014,0.0
1731,-0.4039999999999999,0.0,-0.4039999999999999,0.0
1732,-0.40200000000000014,0.0,-0.40200000000000014,0.0
1733,-0.3999999999999999,0.0,-0.3999999999999999,0.0
1734,-0.39800000000000013,0.0,-0.39800000000000013,0.0
1735,-0.3959999999999999,0.0,-0.3959999999999999,0.0
1736,-0.39400000000000013,0.0,-0.39400000000000013,0.0
1737,-0.3919999999999999,0.0,-0.3919999999999999,0.0
1738,-0.3900000000000001,0.0,-0.3900000000000001,0.0
1739,-0.3879999999999999,0.0,-0.3879999999999999,0.0
1740,-0.3860000000000001,0.0,-0.3860000000000001,0.0
1741,-0.3839999999999999,0.0,-0.3839999999999999,0.0
1742,-0.3820000000000001,0.0,-0.3820000000000001,0.0
1743,-0.3799999999999999,0.0,-0.3799999999999999,0.0
1744,-0.3780000000000001,0.0,-0.3780000000000001,0.0
1745,-0.3759999999999999,0.0,-0.3759999999999999,0.0
1746,-0.3740000000000001,0.0,-0.3740000000000001,0.0
1747,-0.3719999999999999,0.0,-0.3719999999999999,0.0
1748,-0.3700000000000001,0.0,-0.3700000000000001,0.0
1749,-0.3679999999999999,0.0,-0.3679999999999999,0.0
1750,-0.3660000000000001,0.0,-0.3660000000000001,0.0
1751,-0.3639999999999999,0.0,-0.3639999999999999,0.0
1752,-0.3620000000000001,0.0,-0.3620000000000001,0.0
1753,-0.3599999999999999,0.0,-0.3599999999999999,0.0
1754,-0.3580000000000001,0.0,-0.3580000000000001,0.0
1755,-0.35599999999999987,0.0,-0.35599999999999987,0.0
1756,-0.3540000000000001,0.0,-0.3540000000000001,0.0
1757,-0.35199999999999987,0.0,-0.35199999999999987,0.0
1758,-0.3500000000000001,0.0,-0.3500000000000001,0.0
1759,-0.34799999999999986,0.0,-0.34799999999999986,0.0
1760,-0.3460000000000001,0.0,-0.3460000000000001,0.0
1761,-0.34399999999999986,0.0,-0.34399999999999986,0.0
1762,-0.3420000000000001,0.0,-0.3420000000000001,0.0
1763,-0.33999999999999986,0.0,-0.33999999999999986,0.0
1764,-0.3380000000000001,0.0,-0.3380000000000001,0.0
1765,-0.33599999999999985,0.0,-0.33599999999999985,0.0
1766,-0.3340000000000001,0.0,-0.3340000000000001,0.0
1767,-0.33199999999999985,0.0,-0.33199999999999985,0.0
1768,-0.33000000000000007,0.0,-0.33000000000000007,0.0
1769,-0.32799999999999985,0.0,-0.32799999999999985,0.0
1770,-0.32600000000000007,0.0,-0.32600000000000007,0.0
1771,-0.32399999999999984,0.0,-0.32399999999999984,0.0
1772,-0.32200000000000006,0.0,-0.32200000000000006,0.0
1773,-0.31999999999999984,0.0,-0.31999999999999984,0.0
1774,-0.31800000000000006,0.0,-0.31800000000000006,0.0
1775,-0.31599999999999984,0.0,-0.31599999999999984,0.0
1776,-0.31400000000000006,0.0,-0.31400000000000006,0.0
1777,-0.31199999999999983,0.0,-0.31199999999999983,0.0
1778,-0.31000000000000005,0.0,-0.31000000000000005,0.0
1779,-0.30799999999999983,0.0,-0.30799999999999983,0.0
1780,-0.30600000000000005,0.0,-0.30600000000000005,0.0
1781,-0.3039999999999998,0.0,-0.3039999999999998,0.0
1782,-0.30200000000000005,0.0,-0.30200000000000005,0.0
1783,-0.2999999999999998,0.0,-0.2999999999999998,0.0
1784,-0.29800000000000004,0.0,-0.29800000000000004,0.0
1785,-0.2959999999999998,0.0,-0.2959999999999998,0.0
1786,-0.29400000000000004,0.0,-0.29400000000000004,0.0
1787,-0.2919999999999998,0.0,-0.2919999999999998,0.0
1788,-0.29000000000000004,0.0,-0.29000000000000004,0.0
1789,-0.2879999999999998,0.0,-0.2879999999999998,0.0
1790,-0.28600000000000003,0.0,-0.28600000000000003,0.0
1791,-0.2839999999999998,0.0,-0.2839999999999998,0.0
1792,-0.28200000000000003,0.0,-0.28200000000000003,0.0
1793,-0.28000000000000025,0.0,-0.28000000000000025,0.0
1794,-0.278,0.0,-0.278,0.0
1795,-0.27600000000000025,0.0,-0.27600000000000025,0.0
1796,-0.274,0.0,-0.274,0.0
1797,-0.27200000000000024,0.0,-0.27200000000000024,0.0
1798,-0.27,0.0,-0.27,0.0
1799,-0.26800000000000024,0.0,-0.26800000000000024,0.0
1800,-0.266,0.0,-0.266,0.0
1801,-0.26400000000000023,0.0,-0.26400000000000023,0.0
1802,-0.262,0.0,-0.262,0.0
1803,-0.26000000000000023,0.0,-0.26000000000000023,0.0
1804,-0.258,0.0,-0.258,0.0
1805,-0.2560000000000002,0.0,-0.2560000000000002,0.0
1806,-0.254,0.0,-0.254,0.0
1807,-0.2520000000000002,0.0,-0.2520000000000002,0.0
1808,-0.25,0.0,-0.25,0.0
1809,-0.24800000000000022,0.0,-0.24800000000000022,0.0
1810,-0.246,0.0,-0.246,0.0
1811,-0.24400000000000022,0.0,-0.24400000000000022,0.0
1812,-0.242,0.0,-0.242,0.0
1813,-0.2400000000000002,0.0,-0.2400000000000002,0.0
1814,-0.238,0.0,-0.238,0.0
1815,-0.2360000000000002,0.0,-0.2360000000000002,0.0
1816,-0.23399999999999999,0.0,-0.23399999999999999,0.0
1817,-0.2320000000000002,0.0,-0.2320000000000002,0.0
1818,-0.22999999999999998,0.0,-0.22999999999999998,0.0
1819,-0.2280000000000002,0.0,-0.2280000000000002,0.0
1820,-0.22599999999999998,0.0,-0.22599999999999998,0.0
1821,-0.2240000000000002,0.0,-0.2240000000000002,0.0
1822,-0.22199999999999998,0.0,-0.22199999999999998,0.0
1823,-0.2200000000000002,0.0,-0.2200000000000002,0.0
1824,-0.21799999999999997,0.0,-0.21799999999999997,0.0
1825,-0.2160000000000002,0.0,-0.2160000000000002,0.0
1826,-0.21399999999999997,0.0,-0.21399999999999997,0.0
1827,-0.2120000000000002,0.0,-0.2120000000000002,0.0
1828,-0.20999999999999996,0.0,-0.20999999999999996,0.0
1829,-0.20800000000000018,0.0,-0.20800000000000018,0.0
1830,-0.20599999999999996,0.0,-0.20599999999999996,0.0
1831,-0.20400000000000018,0.0,-0.20400000000000018,0.0
1832,-0.20199999999999996,0.0,-0.20199999999999996,0.0
1833,-0.20000000000000018,0.0,-0.20000000000000018,0.0
1834,-0.19799999999999995,0.0,-0.19799999999999995,0.0
1835,-0.19600000000000017,0.0,-0.19600000000000017,0.0
1836,-0.19399999999999995,0.0,-0.19399999999999995,0.0
1837,-0.19200000000000017,0.0,-0.19200000000000017,0.0
1838,-0.18999999999999995,0.0,-0.18999999999999995,0.0
1839,-0.18800000000000017,0.0,-0.18800000000000017,0.0
1840,-0.18599999999999994,0.0,-0.18599999999999994,0.0
1841,-0.18400000000000016,0.0,-0.18400000000000016,0.0
1842,-0.18199999999999994,0.0,-0.18199999999999994,0.0
1843,-0.18000000000000016,0.0,-0.18000000000000016,0.0
1844,-0.17799999999999994,0.0,-0.17799999999999994,0.0
1845,-0.17600000000000016,0.0,-0.17600000000000016,0.0
1846,-0.17399999999999993,0.0,-0.17399999999999993,0.0
1847,-0.17200000000000015,0.0,-0.17200000000000015,0.0
1848,-0.16999999999999993,0.0,-0.16999999999999993,0.0
1849,-0.16800000000000015,0.0,-0.16800000000000015,0.0
1850,-0.16599999999999993,0.0,-0.16599999999999993,0.0
1851,-0.16400000000000015,0.0,-0.16400000000000015,0.0
1852,-0.16199999999999992,0.0,-0.16199999999999992,0.0
1853,-0.16000000000000014,0.0,-0.16000000000000014,0.0
1854,-0.15799999999999992,0.0,-0.15799999999999992,0.0
1855,-0.15600000000000014,0.0,-0.15600000000000014,0.0
1856,-0.15399999999999991,0.0,-0.15399999999999991,0.0
1857,-0.15200000000000014,0.0,-0.15200000000000014,0.0
1858,-0.1499999999999999,0.0,-0.1499999999999999,0.0
1859,-0.14800000000000013,0.0,-0.14800000000000013,0.0
1860,-0.1459999999999999,0.0,-0.1459999999999999,0.0
1861,-0.14400000000000013,0.0,-0.14400000000000013,0.0
1862,-0.1419999999999999,0.0,-0.1419999999999999,0.0
1863,-0.14000000000000012,0.0,-0.14000000000000012,0.0
1864,-0.1379999999999999,0.0,-0.1379999999999999,0.0
1865,-0.13600000000000012,0.0,-0.13600000000000012,0.0
1866,-0.1339999999999999,0.0,-0.1339999999999999,0.0
1867,-0.13200000000000012,0.0,-0.13200000000000012,0.0
1868,-0.1299999999999999,0.0,-0.1299999999999999,0.0
1869,-0.1280000000000001,0.0,-0.1280000000000001,0.0
1870,-0.1259999999999999,0.0,-0.1259999999999999,0.0
1871,-0.12400000000000011,0.0,-0.12400000000000011,0.0
1872,-0.12199999999999989,0.0,-0.12199999999999989,0.0
1873,-0.1200000000000001,0.0,-0.1200000000000001,0.0
1874,-0.11799999999999988,0.0,-0.11799999999999988,0.0
1875,-0.1160000000000001,0.0,-0.1160000000000001,0.0
1876,-0.11399999999999988,0.0,-0.11399999999999988,0.0
1877,-0.1120000000000001,0.0,-0.1120000000000001,0.0
1878,-0.10999999999999988,0.0,-0.10999999999999988,0.0
1879,-0.1080000000000001,0.0,-0.1080000000000001,0.0
1880,-0.10599999999999987,0.0,-0.10599999999999987,0.0
1881,-0.10400000000000009,0.0,-0.10400000000000009,0.0
1882,-0.10199999999999987,0.0,-0.10199999999999987,0.0
1883,-0.10000000000000009,0.0,-0.10000000000000009,0.0
1884,-0.09799999999999986,0.0,-0.09799999999999986,0.0
1885,-0.09600000000000009,0.0,-0.09600000000000009,0.0
1886,-0.09399999999999986,0.0,-0.09399999999999986,0.0
1887,-0.09200000000000008,0.0,-0.09200000000000008,0.0
1888,-0.08999999999999986,0.0,-0.08999999999999986,0.0
1889,-0.08800000000000008,0.0,-0.08800000000000008,0.0
1890,-0.08599999999999985,0.0,-0.08599999999999985,0.0
1891,-0.08400000000000007,0.0,-0.08400000000000007,0.0
1892,-0.08199999999999985,0.0,-0.08199999999999985,0.0
1893,-0.08000000000000007,0.0,-0.08000000000000007,0.0
1894,-0.07799999999999985,0.0,-0.07799999999999985,0.0
1895,-0.07600000000000007,0.0,-0.07600000000000007,0.0
1896,-0.07399999999999984,0.0,-0.07399999999999984,0.0
1897,-0.07200000000000006,0.0,-0.07200000000000006,0.0
1898,-0.06999999999999984,0.0,-0.06999999999999984,0.0
1899,-0.06800000000000006,0.0,-0.06800000000000006,0.0
1900,-0.06599999999999984,0.0,-0.06599999999999984,0.0
1901,-0.06400000000000006,0.0,-0.06400000000000006,0.0
1902,-0.06199999999999983,0.0,-0.06199999999999983,0.0
1903,-0.06000000000000005,0.0,-0.06000000000000005,0.0
1904,-0.05799999999999983,0.0,-0.05799999999999983,0.0
1905,-0.05600000000000005,0.0,-0.05600000000000005,0.0
1906,-0.053999999999999826,0.0,-0.053999999999999826,0.0
1907,-0.052000000000000046,0.0,-0.052000000000000046,0.0
1908,-0.04999999999999982,0.0,-0.04999999999999982,0.0
1909,-0.04800000000000004,0.0,-0.04800000000000004,0.0
1910,-0.04599999999999982,0.0,-0.04599999999999982,0.0
1911,-0.04400000000000004,0.0,-0.04400000000000004,0.0
1912,-0.041999999999999815,0.0,-0.041999999999999815,0.0
1913,-0.040000000000000036,0.0,-0.040000000000000036,0.0
1914,-0.03799999999999981,0.0,-0.03799999999999981,0.0
1915,-0.03600000000000003,0.0,-0.03600000000000003,0.0
1916,-0.03399999999999981,0.0,-0.03399999999999981,0.0
1917,-0.03200000000000003,0.0,-0.03200000000000003,0.0
1918,-0.029999999999999805,0.0,-0.029999999999999805,0.0
1919,-0.028000000000000025,0.0,-0.028000000000000025,0.0
1920,-0.026000000000000245,0.0,-0.026000000000000245,0.0
1921,-0.02400000000000002,0.0,-0.02400000000000002,0.0
1922,-0.02200000000000024,0.0,-0.02200000000000024,0.0
1923,-0.020000000000000018,0.0,-0.020000000000000018,0.0
1924,-0.018000000000000238,0.0,-0.018000000000000238,0.0
1925,-0.016000000000000014,0.0,-0.016000000000000014,0.0
1926,-0.014000000000000234,0.0,-0.014000000000000234,0.0
1927,-0.01200000000000001,0.0,-0.01200000000000001,0.0
1928,-0.010000000000000231,0.0,-0.010000000000000231,0.0
1929,-0.008000000000000007,0.0,-0.008000000000000007,0.0
1930,-0.006000000000000227,0.0,-0.006000000000000227,0.0
1931,-0.0040000000000000036,0.0,-0.0040000000000000036,0.0
1932,-0.002000000000000224,0.0,-0.002000000000000224,0.0
1933,0.0,0.0,0.0,0.0
1934,0.0019999999999997797,0.0,0.0019999999999997797,0.0
1935,0.0040000000000000036,0.0,0.0040000000000000036,0.0
1936,0.005999999999999783,0.0,0.005999999999999783,0.0
1937,0.008000000000000007,0.0,0.008000000000000007,0.0
1938,0.009999999999999787,0.0,0.009999999999999787,0.0
1939,0.01200000000000001,0.0,0.01200000000000001,0.0
1940,0.01399999999999979,0.0,0.01399999999999979,0.0
1941,0.016000000000000014,0.0,0.016000000000000014,0.0
1942,0.017999999999999794,0.0,0.017999999999999794,0.0
1943,0.020000000000000018,0.0,0.020000000000000018,0.0
1944,0.021999999999999797,0.0,0.021999999999999797,0.0
1945,0.02400000000000002,0.0,0.02400000000000002,0.0
1946,0.0259999999999998,0.0,0.0259999999999998,0.0
1947,0.028000000000000025,0.0,0.028000000000000025,0.0
1948,0.029999999999999805,0.0,0.029999999999999805,0.0
1949,0.03200000000000003,0.0,0.03200000000000003,0.0
1950,0.03399999999999981,0.0,0.03399999999999981,0.0
1951,0.03600000000000003,0.0,0.03600000000000003,0.0
1952,0.03799999999999981,0.0,0.03799999999999981,0.0
1953,0.040000000000000036,0.0,0.040000000000000036,0.0
1954,0.041999999999999815,0.0,0.041999999999999815,0.0
1955,0.04400000000000004,0.0,0.04400000000000004,0.0
1956,0.04599999999999982,0.0,0.04599999999999982,0.0
1957,0.04800000000000004,0.0,0.04800000000000004,0.0
1958,0.04999999999999982,0.0,0.04999999999999982,0.0
1959,0.052000000000000046,0.0,0.052000000000000046,0.0
1960,0.053999999999999826,0.0,0.053999999999999826,0.0
1961,0.05600000000000005,0.0,0.05600000000000005,0.0
1962,0.05799999999999983,0.0,0.05799999999999983,0.0
1963,0.06000000000000005,0.0,0.06000000000000005,0.0
1964,0.06199999999999983,0.0,0.06199999999999983,0.0
1965,0.06400000000000006,0.0,0.06400000000000006,0.0
1966,0.06599999999999984,0.0,0.06599999999999984,0.0
1967,0.06800000000000006,0.0,0.06800000000000006,0.0
1968,0.06999999999999984,0.0,0.06999999999999984,0.0
1969,0.07200000000000006,0.0,0.07200000000000006,0.0
1970,0.07399999999999984,0.0,0.07399999999999984,0.0
1971,0.07600000000000007,0.0,0.07600000000000007,0.0
1972,0.07799999999999985,0.0,0.07799999999999985,0.0
1973,0.08000000000000007,0.0,0.08000000000000007,0.0
1974,0.08199999999999985,0.0,0.08199999999999985,0.0
1975,0.08400000000000007,0.0,0.08400000000000007,0.0
1976,0.08599999999999985,0.0,0.08599999999999985,0.0
1977,0.08800000000000008,0.0,0.08800000000000008,0.0
1978,0.08999999999999986,0.0,0.08999999999999986,0.0
1979,0.09200000000000008,0.0,0.09200000000000008,0.0
1980,0.09399999999999986,0.0,0.09399999999999986,0.0
1981,0.09600000000000009,0.0,0.09600000000000009,0.0
1982,0.09799999999999986,0.0,0.09799999999999986,0.0
1983,0.10000000000000009,0.0,0.10000000000000009,0.0
1984,0.10199999999999987,0.0,0.10199999999999987,0.0
1985,0.10400000000000009,0.0,0.10400000000000009,0.0
1986,0.10599999999999987,0.0,0.10599999999999987,0.0
1987,0.1080000000000001,0.0,0.1080000000000001,0.0
1988,0.10999999999999988,0.0,0.10999999999999988,0.0
1989,0.1120000000000001,0.0,0.1120000000000001,0.0
1990,0.11399999999999988,0.0,0.11399999999999988,0.0
1991,0.1160000000000001,0.0,0.1160000000000001,0.0
1992,0.11799999999999988,0.0,0.11799999999999988,0.0
1993,0.1200000000000001,0.0,0.1200000000000001,0.0
1994,0.12199999999999989,0.0,0.12199999999999989,0.0
1995,0.12400000000000011,0.0,0.12400000000000011,0.0
1996,0.1259999999999999,0.0,0.1259999999999999,0.0
1997,0.1280000000000001,0.0,0.1280000000000001,0.0
1998,0.1299999999999999,0.0,0.1299999999999999,0.0
1999,0.13200000000000012,0.0,0.13200000000000012,0.0
2000,0.1339999999999999,0.0,0.1339999999999999,0.0
2001,0.13599999999999968,0.0,0.13599999999999968,0.0
2002,0.13800000000000034,0.0,0.13800000000000034,0.0
2003,0.14000000000000012,0.0,0.14000000000000012,0.0
2004,0.1419999999999999,0.0,0.1419999999999999,0.0
2005,0.14399999999999968,0.0,0.14399999999999968,0.0
2006,0.14600000000000035,0.0,0.14600000000000035,0.0
2007,0.14800000000000013,0.0,0.14800000000000013,0.0
2008,0.1499999999999999,0.0,0.1499999999999999,0.0
2009,0.1519999999999997,0.0,0.1519999999999997,0.0
2010,0.15400000000000036,0.0,0.15400000000000036,0.0
2011,0.15600000000000014,0.0,0.15600000000000014,0.0
2012,0.15799999999999992,0.0,0.15799999999999992,0.0
2013,0.1599999999999997,0.0,0.1599999999999997,0.0
2014,0.16200000000000037,0.0,0.16200000000000037,0.0
2015,0.16400000000000015,0.0,0.16400000000000015,0.0
2016,0.16599999999999993,0.0,0.16599999999999993,0.0
2017,0.1679999999999997,0.0,0.1679999999999997,0.0
2018,0.17000000000000037,0.0,0.17000000000000037,0.0
2019,0.17200000000000015,0.0,0.17200000000000015,0.0
2020,0.17399999999999993,0.0,0.17399999999999993,0.0
2021,0.1759999999999997,0.0,0.1759999999999997,0.0
2022,0.17800000000000038,0.0,0.17800000000000038,0.0
2023,0.18000000000000016,0.0,0.18000000000000016,0.0
2024,0.18199999999999994,0.0,0.18199999999999994,0.0
2025,0.18399999999999972,0.0,0.18399999999999972,0.0
2026,0.1860000000000004,0.0,0.1860000000000004,0.0
2027,0.18800000000000017,0.0,0.18800000000000017,0.0
2028,0.18999999999999995,0.0,0.18999999999999995,0.0
2029,0.19199999999999973,0.0,0.19199999999999973,0.0
2030,0.1940000000000004,0.0,0.1940000000000004,0.0
2031,0.19600000000000017,0.0,0.19600000000000017,0.0
2032,0.19799999999999995,0.0,0.19799999999999995,0.0
2033,0.19999999999999973,0.0,0.19999999999999973,0.0
2034,0.2020000000000004,0.0,0.2020000000000004,0.0
2035,0.20400000000000018,0.0,0.20400000000000018,0.0
2036,0.20599999999999996,0.0,0.20599999999999996,0.0
2037,0.20799999999999974,0.0,0.20799999999999974,0.0
2038,0.2100000000000004,0.0,0.2100000000000004,0.0
2039,0.2120000000000002,0.0,0.2120000000000002,0.0
2040,0.21399999999999997,0.0,0.21399999999999997,0.0
2041,0.21599999999999975,0.0,0.21599999999999975,0.0
2042,0.21800000000000042,0.0,0.21800000000000042,0.0
2043,0.2200000000000002,0.0,0.2200000000000002,0.0
2044,0.22199999999999998,0.0,0.22199999999999998,0.0
2045,0.22399999999999975,0.0,0.22399999999999975,0.0
2046,0.22600000000000042,0.0,0.22600000000000042,0.0
2047,0.2280000000000002,0.0,0.2280000000000002,0.0
2048,0.22999999999999998,0.0,0.22999999999999998,0.0
2049,0.23199999999999976,0.0,0.23199999999999976,0.0
2050,0.23399999999999954,0.0,0.23399999999999954,0.0
2051,0.2360000000000002,0.0,0.2360000000000002,0.0
2052,0.238,0.0,0.238,0.0
2053,0.23999999999999977,0.0,0.23999999999999977,0.0
2054,0.24199999999999955,0.0,0.24199999999999955,0.0
2055,0.24400000000000022,0.0,0.24400000000000022,0.0
2056,0.246,0.0,0.246,0.0
2057,0.24799999999999978,0.0,0.24799999999999978,0.0
2058,0.24999999999999956,0.0,0.24999999999999956,0.0
2059,0.2520000000000002,0.0,0.2520000000000002,0.0
2060,0.254,0.0,0.254,0.0
2061,0.2559999999999998,0.0,0.2559999999999998,0.0
2062,0.25799999999999956,0.0,0.25799999999999956,0.0
2063,0.26000000000000023,0.0,0.26000000000000023,0.0
2064,0.262,0.0,0.262,0.0
2065,0.2639999999999998,0.0,0.2639999999999998,0.0
2066,0.26599999999999957,0.0,0.26599999999999957,0.0
2067,0.26800000000000024,0.0,0.26800000000000024,0.0
2068,0.27,0.0,0.27,0.0
2069,0.2719999999999998,0.0,0.2719999999999998,0.0
2070,0.2739999999999996,0.0,0.2739999999999996,0.0
2071,0.27600000000000025,0.0,0.27600000000000025,0.0
2072,0.278,0.0,0.278,0.0
2073,0.2799999999999998,0.0,0.2799999999999998,0.0
2074,0.2819999999999996,0.0,0.2819999999999996,0.0
2075,0.28400000000000025,0.0,0.28400000000000025,0.0
2076,0.28600000000000003,0.0,0.28600000000000003,0.0
2077,0.2879999999999998,0.0,0.2879999999999998,0.0
2078,0.2899999999999996,0.0,0.2899999999999996,0.0
2079,0.29200000000000026,0.0,0.29200000000000026,0.0
2080,0.29400000000000004,0.0,0.29400000000000004,0.0
2081,0.2959999999999998,0.0,0.2959999999999998,0.0
2082,0.2979999999999996,0.0,0.2979999999999996,0.0
2083,0.30000000000000027,0.0,0.30000000000000027,0.0
2084,0.30200000000000005,0.0,0.30200000000000005,0.0
2085,0.3039999999999998,0.0,0.3039999999999998,0.0
2086,0.3059999999999996,0.0,0.3059999999999996,0.0
2087,0.3080000000000003,0.0,0.3080000000000003,0.0
2088,0.31000000000000005,0.0,0.31000000000000005,0.0
2089,0.31199999999999983,0.0,0.31199999999999983,0.0
2090,0.3139999999999996,0.0,0.3139999999999996,0.0
2091,0.3160000000000003,0.0,0.3160000000000003,0.0
2092,0.31800000000000006,0.0,0.31800000000000006,0.0
2093,0.31999999999999984,0.0,0.31999999999999984,0.0
2094,0.3219999999999996,0.0,0.3219999999999996,0.0
2095,0.3240000000000003,0.0,0.3240000000000003,0.0
2096,0.32600000000000007,0.0,0.32600000000000007,0.0
2097,0.32799999999999985,0.0,0.32799999999999985,0.0
2098,0.3299999999999996,0.0,0.3299999999999996,0.0
2099,0.3320000000000003,0.0,0.3320000000000003,0.0
2100,0.3340000000000001,0.0,0.3340000000000001,0.0
2101,0.33599999999999985,0.07502256583937283,0.33599999999999985,0.0
2102,0.33799999999999963,0.34160573052225374,0.33799999999999963,0.0
2103,0.3400000000000003,0.600412053954154,0.3400000000000003,0.0
2104,0.3420000000000001,0.851576594730802,0.3420000000000001,0.0
2105,0.34399999999999986,1.0952305295816047,0.34399999999999986,0.0
2106,0.34599999999999964,1.3315011533692007,0.34599999999999964,0.0
2107,0.3480000000000003,1.5605118790896633,0.3480000000000003,0.0
2108,0.3500000000000001,1.782382237872095,0.3500000000000001,0.0
2109,0.35199999999999987,1.9972278789792517,0.35199999999999987,0.0
2110,0.35399999999999965,2.2051605698071195,0.35399999999999965,0.0
2111,0.3560000000000003,2.4062881958851126,0.3560000000000003,0.0
2112,0.3580000000000001,2.600714760875717,0.3580000000000001,0.0
2113,0.3599999999999999,2.7885403865750282,0.3599999999999999,0.0
2114,0.36199999999999966,2.969861312912384,0.36199999999999966,0.0
2115,0.3640000000000003,3.1447698979505456,0.3640000000000003,0.0
2116,0.3660000000000001,3.3133546178853712,0.3660000000000001,0.0
2117,0.3679999999999999,3.4757000670463007,0.3679999999999999,0.0
2118,0.36999999999999966,3.63188695789603,0.36999999999999966,0.0
2119,0.37200000000000033,3.7820742077160556,0.37200000000000033,0.0
2120,0.3740000000000001,3.926548277541483,0.3740000000000001,0.0
2121,0.3759999999999999,4.065439940646534,0.3759999999999999,0.0
2122,0.37799999999999967,4.198871352712269,0.37799999999999967,0.0
2123,0.38000000000000034,4.326962631404442,0.38000000000000034,0.0
2124,0.3820000000000001,4.449831856373264,0.3820000000000001,0.0
2125,0.3839999999999999,4.567595069253759,0.3839999999999999,0.0
2126,0.3859999999999997,4.680366273665521,0.3859999999999997,0.0
2127,0.38800000000000034,4.7882574352128255,0.38800000000000034,0.0
2128,0.3900000000000001,4.891378481484439,0.3900000000000001,0.0
2129,0.3919999999999999,4.989837302053907,0.3919999999999999,0.0
2130,0.3939999999999997,5.083739748479355,0.3939999999999997,0.0
2131,0.39600000000000035,5.173189634303588,0.39600000000000035,0.0
2132,0.39800000000000013,5.258288735053919,0.39800000000000013,0.0
2133,0.3999999999999999,5.339136788242419,0.3999999999999999,0.0
2134,0.4019999999999997,5.415831493365751,0.4019999999999997,0.0
2135,0.40400000000000036,5.488468511905239,0.40400000000000036,0.0
2136,0.40600000000000014,5.557141467326749,0.40600000000000014,0.0
2137,0.4079999999999999,5.621941945080879,0.4079999999999999,0.0
2138,0.4099999999999997,5.68295949260282,0.4099999999999997,0.0
2139,0.41200000000000037,5.740281619312429,0.41200000000000037,0.0
2140,0.41400000000000015,5.7939937966141155,0.41400000000000015,0.0
2141,0.4159999999999999,5.8441794578970025,0.4159999999999999,0.0
2142,0.4179999999999997,5.890919998534818,0.4179999999999997,0.0
2143,0.4200000000000004,5.934294775885943,0.4200000000000004,0.0
2144,0.42200000000000015,5.974381109293335,0.42200000000000015,0.0
2145,0.42399999999999993,6.011254280084643,0.42399999999999993,0.0
2146,0.4259999999999997,6.044987531572129,0.4259999999999997,0.0
2147,0.4280000000000004,6.075652069052701,0.4280000000000004,0.0
2148,0.43000000000000016,6.103317059807862,0.43000000000000016,0.0
2149,0.43199999999999994,6.128049633103789,0.43199999999999994,0.0
2150,0.4339999999999997,6.149914880191277,0.4339999999999997,0.0
2151,0.4360000000000004,6.168975854305762,0.4360000000000004,0.0
2152,0.43800000000000017,6.18529357066729,0.43800000000000017,0.0
2153,0.43999999999999995,6.198957164474986,0.43999999999999995,0.03367163453693123
2154,0.4419999999999997,6.210068889545538,0.4419999999999997,0.17344874152798262
2155,0.4440000000000004,6.218697401644503,0.4440000000000004,0.3082824240119364
2156,0.4460000000000002,6.224910143285586,0.4460000000000002,0.43828386002478803
2157,0.44799999999999995,6.228773434981073,0.44799999999999995,0.563562069158744
2158,0.44999999999999973,6.230352475241812,0.44999999999999973,0.6842239125619825
2159,0.4520000000000004,6.22971134057722,0.4520000000000004,0.8003740929387635
2160,0.4540000000000002,6.226912985495277,0.4540000000000002,0.9121151545492243
2161,0.45599999999999996,6.2220192425025385,0.45599999999999996,1.0195474832096905
2162,0.45799999999999974,6.215090822104122,0.45799999999999974,1.1227693062924686
2163,0.4600000000000004,6.206187312803709,0.4600000000000004,1.2218766927259392
2164,0.4620000000000002,6.195367181103561,0.4620000000000002,1.316963552994382
2165,0.46399999999999997,6.1826877715044954,0.46399999999999997,1.4081216391382447
2166,0.46599999999999975,6.168205306505902,0.46599999999999975,1.4954405447539587
2167,0.4680000000000004,6.151974886605728,0.4680000000000004,1.5790077049940268
2168,0.4700000000000002,6.134050490300513,0.4700000000000002,1.6589083965668716
2169,0.472,6.114484974085341,0.472,1.7352257377370583
2170,0.47399999999999975,6.09333007245387,0.47399999999999975,1.8080406883251485
2171,0.4760000000000004,6.070636397898318,0.4760000000000004,1.8774320497077648
2172,0.4780000000000002,6.046453440909497,0.4780000000000002,1.9434764648174703
2173,0.48,6.020829569976758,0.48,2.006248418142955
2174,0.48199999999999976,5.993812031588031,0.48199999999999976,2.0658202357289044
2175,0.48400000000000043,5.965446950229801,0.48400000000000043,2.1222620851760645
2176,0.4860000000000002,5.935779328387154,0.4860000000000002,2.175643291942457
2177,0.488,5.90485304654371,0.488,2.226091160440707
2178,0.48999999999999977,5.872710863181669,0.48999999999999977,2.2737068771346687
2179,0.49199999999999955,5.839394414781797,0.49199999999999955,2.3185583947467476
2180,0.4940000000000002,5.8049442158234115,0.4940000000000002,2.3607127228320928
2181,0.496,5.769399658784446,0.496,2.40023592777852
2182,0.4979999999999998,5.732799014141353,0.4979999999999998,2.437193132806627
2183,0.49999999999999956,5.695179430369169,0.49999999999999956,2.4716485179697125
2184,0.5020000000000002,5.656576933941482,0.5020000000000002,2.5036653201538144
2185,0.504,5.617026429330496,0.504,2.533305833077651
2186,0.5059999999999998,5.576561699006934,0.5059999999999998,2.5606314072927074
2187,0.5079999999999996,5.5352154034401035,0.5079999999999996,2.5857024501831765
2188,0.5100000000000002,5.493019081097858,0.5100000000000002,2.6085784259659848
2189,0.512,5.450003148446677,0.512,2.629317855690752
2190,0.5139999999999998,5.40619689995155,0.5139999999999998,2.6479783172398523
2191,0.5159999999999996,5.3616285080760555,0.5159999999999996,2.664616445328371
2192,0.5180000000000002,5.316325023282317,0.5180000000000002,2.6792879315041254
2193,0.52,5.27031321910995,0.52,2.692047524147635
2194,0.5219999999999998,5.223654249097902,0.5219999999999998,2.7029490284721627
2195,0.5239999999999996,5.1763934219246135,0.5239999999999996,2.712045306523689
2196,0.5260000000000002,5.128557018782554,0.5260000000000002,2.7193882771809186
2197,0.528,5.080170901538135,0.528,2.7250289161552717
2198,0.5299999999999998,5.031260512731581,0.5299999999999998,2.7290172559909016
2199,0.5319999999999996,4.98185087557702,0.5319999999999996,2.731402386064681
2200,0.5340000000000003,4.931966593962432,0.5340000000000003,2.7322324525862056
2201,0.536,4.881631852449743,0.536,2.7315546585977946
2202,0.5379999999999998,4.830870416274694,0.5379999999999998,2.72941526397449
2203,0.5399999999999996,4.779705631346921,0.5399999999999996,2.7258595854240593
2204,0.5420000000000003,4.728160424249921,0.5420000000000003,2.7209319964869882
2205,0.544,4.676257302241136,0.544,2.714675927536493
2206,0.5459999999999998,4.624018353251816,0.5459999999999998,2.7071338657785087
2207,0.5479999999999996,4.571465245887114,0.5479999999999996,2.698347355251694
2208,0.5500000000000003,4.518619229426037,0.5500000000000003,2.6883569968274257
2209,0.552,4.465501133821545,0.552,2.677202448209819
2210,0.5539999999999998,4.412131369700398,0.5539999999999998,2.6649224239356983
2211,0.5559999999999996,4.358529928363264,0.5559999999999996,2.6515546953746156
2212,0.5580000000000003,4.304716381784665,0.5580000000000003,2.6371360907288395
2213,0.56,4.250709882613072,0.56,2.6217024950333823
2214,0.5619999999999998,4.196529164170762,0.5619999999999998,2.605288850155959
2215,0.5639999999999996,4.142192540453914,0.5639999999999996,2.5879291547970147
2216,0.5660000000000003,4.087717906132564,0.5660000000000003,2.5696564644897104
2217,0.5680000000000001,4.033122736550696,0.5680000000000001,2.550502891599953
2218,0.5699999999999998,3.9784240877261015,0.5699999999999998,2.530499921432902
2219,0.5719999999999996,3.923638596350474,0.5719999999999996,2.5096917865455293
2220,0.5740000000000003,3.8687824797893615,0.5740000000000003,2.4881129209950554
2221,0.5760000000000001,3.813871536082263,0.5760000000000001,2.4657888517882247
2222,0.5779999999999998,3.758921143942483,0.5779999999999998,2.4427447552320705
2223,0.5799999999999996,3.703946262757228,0.5799999999999996,2.4190054569339483
2224,0.5820000000000003,3.6489614325875603,0.5820000000000003,2.3945954318015197
2225,0.5840000000000001,3.5939807741684917,0.5840000000000001,2.3695388040427927
2226,0.5859999999999999,3.539017988908842,0.5859999999999999,2.3438593471660587
2227,0.5879999999999996,3.4840863588913313,0.5879999999999996,2.317580483979934
2228,0.5900000000000003,3.4291987468725336,0.5900000000000003,2.2907252865933385
2229,0.5920000000000001,3.3743675962829762,0.5920000000000001,2.263316476415543
2230,0.5939999999999999,3.31960493122699,0.5939999999999999,2.235376424156098
2231,0.5959999999999996,3.264922356482811,0.5959999999999996,2.20692714982488
2232,0.5980000000000003,3.2103310575025272,0.5980000000000003,2.177990322732068
2233,0.6000000000000001,3.155841800412178,0.6000000000000001,2.1485872614881956
2234,0.6019999999999999,3.1014649320116083,0.6019999999999999,2.118738934004071
2235,0.6039999999999996,3.047210379774568,0.6039999999999996,2.0884659574908326
2236,0.6060000000000003,2.9930876518486587,0.6060000000000003,2.0577885984599176
2237,0.6080000000000001,2.9391101404811337,0.6080000000000001,2.0267267727231215
2238,0.6099999999999999,2.8852966228356616,0.6099999999999999,1.9953000453925125
2239,0.6119999999999997,2.831653736016264,0.6119999999999997,1.9635276308804885
2240,0.6140000000000003,2.778187387790066,0.6140000000000003,1.931428392899747
2241,0.6160000000000001,2.7249033873043196,0.6160000000000001,1.899020844463344
2242,0.6179999999999999,2.671807445086265,0.6179999999999999,1.8663231478846085
2243,0.6199999999999997,2.6189051730432267,0.6199999999999997,1.833353114777197
2244,0.6220000000000003,2.566202084462561,0.6220000000000003,1.8001282060550676
2245,0.6240000000000001,2.5137035940117562,0.6240000000000001,1.7666655319325377
2246,0.6259999999999999,2.461415017738287,0.6259999999999999,1.7329818519241948
2247,0.6279999999999997,2.4093415730697103,0.6279999999999997,1.699093574844957
2248,0.6300000000000003,2.35748837881362,0.6300000000000003,1.6650167588100422
2249,0.6320000000000001,2.3058604551577355,0.6320000000000001,1.6307671112350275
2250,0.6339999999999999,2.2544627236697665,0.6339999999999999,1.5963599888357614
2251,0.6359999999999997,2.2033000072975053,0.6359999999999997,1.5618103976284208
2252,0.6380000000000003,2.152377030368779,0.6380000000000003,1.5271329929294848
2253,0.6400000000000001,2.1016984185915417,0.6400000000000001,1.4923420793557907
2254,0.6419999999999999,2.051268699053737,0.6419999999999999,1.4574516108244469
2255,0.6439999999999997,2.0010923002233927,0.6439999999999997,1.4224751905528914
2256,0.6460000000000004,1.9511735519485687,0.6460000000000004,1.387426071058861
2257,0.6480000000000001,1.901516685457454,0.6480000000000001,1.3523171541604562
2258,0.6499999999999999,1.852125833358227,0.6499999999999999,1.3171609909760438
2259,0.6519999999999997,1.8030050296391473,0.6519999999999997,1.281969781924322
2260,0.6540000000000004,1.754158209668514,0.6540000000000004,1.246755377545682
2261,0.6560000000000001,1.7055892101947454,0.6560000000000001,1.2115308802766172
2262,0.6579999999999999,1.6573017693462564,0.6579999999999999,1.1763060509936205
2263,0.6599999999999997,1.6092995266315415,0.6599999999999997,1.1410876535000916
2264,0.6620000000000004,1.5615860229391325,0.6620000000000004,1.105882364431703
2265,0.6640000000000001,1.5141647005376835,0.6640000000000001,1.0706967732564623
2266,0.6659999999999999,1.4670389030758424,0.6659999999999999,1.0355373822746188
2267,0.6679999999999997,1.4202118755823387,0.6679999999999997,1.0004106066187264
2268,0.6700000000000004,1.3736867644659383,0.6700000000000004,0.9653227742536116
2269,0.6720000000000002,1.3274666175155287,0.6720000000000002,0.930280125976436
2270,0.6739999999999999,1.281554383899994,0.6739999999999999,0.8952888154166035
2271,0.6759999999999997,1.2359529141682963,0.6759999999999997,0.8603549090358222
2272,0.6780000000000004,1.1906649602494377,0.6780000000000004,0.8254843861280723
2273,0.6800000000000002,1.145693175452538,0.6800000000000002,0.7906831388196702
2274,0.6819999999999999,1.1010401144667157,0.6819999999999999,0.7559569720691737
2275,0.6839999999999997,1.0567082333611684,0.6839999999999997,0.7213116036674445
2276,0.6860000000000004,1.0126998895851318,0.6860000000000004,0.6867526642376183
2277,0.6880000000000002,0.9690173419679595,0.6880000000000002,0.6522856972351645
2278,0.69,0.9256627507190053,0.69,0.6179161589477953
2279,0.6919999999999997,0.8826381774277006,0.6919999999999997,0.5836494184955275
2280,0.6940000000000004,0.8399455850635154,0.6940000000000004,0.5494907578306498
2281,0.6960000000000002,0.7975868379760377,0.6960000000000002,0.5154453717377865
2282,0.698,0.7555637018948551,0.698,0.48151836783380403
2283,0.6999999999999997,0.7138778439296333,0.6999999999999997,0.44771476656787246
2284,0.7020000000000004,0.6725308518241278,0.7020000000000004,0.414039501221436
2285,0.7040000000000002,0.63152339823164,0.7040000000000002,0.38049741790827213
2286,0.706,0.5908542149081508,0.706,0.3470932755744017
2287,0.7079999999999997,0.5505218382270718,0.7079999999999997,0.31383174599814934
2288,0.7100000000000004,0.5105248177148349,0.7100000000000004,0.2807174137901136
2289,0.7120000000000002,0.470861716050964,0.7120000000000002,0.24775477639322513
2290,0.714,0.43153110906796777,0.714,0.21494824408265978
2291,0.7159999999999997,0.39253158575141145,0.7159999999999997,0.18230213996589606
2292,0.7180000000000004,0.3538617482398813,0.7180000000000004,0.14982069998268693
2293,0.7200000000000002,0.3155202118250537,0.7200000000000002,0.11750807290511711
2294,0.722,0.2775056049515915,0.722,0.08536832033751629
2295,0.7239999999999998,0.23981656921721384,0.7239999999999998,0.053405416716518106
2296,0.7260000000000004,0.202451759372661,0.7260000000000004,0.021623249311029324
2297,0.7280000000000002,0.16540984332176187,0.7280000000000002,0.0
2298,0.73,0.12868950212133404,0.73,0.0
2299,0.7319999999999998,0.09228942998124956,0.7319999999999998,0.0
2300,0.7340000000000004,0.05620833426440375,0.7340000000000004,0.0
2301,0.7360000000000002,0.020444935486777532,0.7360000000000002,0.0
2302,0.738,0.0,0.738,0.0
2303,0.7399999999999998,0.0,0.7399999999999998,0.0
2304,0.7420000000000004,0.0,0.7420000000000004,0.0
2305,0.7440000000000002,0.0,0.7440000000000002,0.0
2306,0.746,0.0,0.746,0.0
2307,0.7479999999999998,0.0,0.7479999999999998,0.0
2308,0.7499999999999996,0.0,0.7499999999999996,0.0
2309,0.7520000000000002,0.0,0.7520000000000002,0.0
2310,0.754,0.0,0.754,0.0
2311,0.7559999999999998,0.0,0.7559999999999998,0.0
2312,0.7579999999999996,0.0,0.7579999999999996,0.0
2313,0.7600000000000002,0.0,0.7600000000000002,0.0
2314,0.762,0.0,0.762,0.0
2315,0.7639999999999998,0.0,0.7639999999999998,0.0
2316,0.7659999999999996,0.0,0.7659999999999996,0.0
2317,0.7680000000000002,0.0,0.7680000000000002,0.0
2318,0.77,0.0,0.77,0.0
2319,0.7719999999999998,0.0,0.7719999999999998,0.0
2320,0.7739999999999996,0.0,0.7739999999999996,0.0
2321,0.7760000000000002,0.0,0.7760000000000002,0.0
2322,0.778,0.0,0.778,0.0
2323,0.7799999999999998,0.0,0.7799999999999998,0.0
2324,0.7819999999999996,0.0,0.7819999999999996,0.0
2325,0.7840000000000003,0.0,0.7840000000000003,0.0
2326,0.786,0.0,0.786,0.0
2327,0.7879999999999998,0.0,0.7879999999999998,0.0
2328,0.7899999999999996,0.0,0.7899999999999996,0.0
2329,0.7920000000000003,0.0,0.7920000000000003,0.0
2330,0.794,0.0,0.794,0.0
2331,0.7959999999999998,0.0,0.7959999999999998,0.0
2332,0.7979999999999996,0.0,0.7979999999999996,0.0
2333,0.8000000000000003,0.0,0.8000000000000003,0.0
2334,0.802,0.0,0.802,0.0
2335,0.8039999999999998,0.0,0.8039999999999998,0.0
2336,0.8059999999999996,0.0,0.8059999999999996,0.0
2337,0.8080000000000003,0.0,0.8080000000000003,0.0
2338,0.81,0.0,0.81,0.0
2339,0.8119999999999998,0.0,0.8119999999999998,0.0
2340,0.8139999999999996,0.0,0.8139999999999996,0.0
2341,0.8160000000000003,0.0,0.8160000000000003,0.0
2342,0.8180000000000001,0.0,0.8180000000000001,0.0
2343,0.8199999999999998,0.0,0.8199999999999998,0.0
2344,0.8219999999999996,0.0,0.8219999999999996,0.0
2345,0.8240000000000003,0.0,0.8240000000000003,0.0
2346,0.8260000000000001,0.0,0.8260000000000001,0.0
2347,0.8279999999999998,0.0,0.8279999999999998,0.0
2348,0.8299999999999996,0.0,0.8299999999999996,0.0
2349,0.8320000000000003,0.0,0.8320000000000003,0.0
2350,0.8340000000000001,0.0,0.8340000000000001,0.0
2351,0.8359999999999999,0.0,0.8359999999999999,0.0
2352,0.8379999999999996,0.0,0.8379999999999996,0.0
2353,0.8400000000000003,0.0,0.8400000000000003,0.0
2354,0.8420000000000001,0.0,0.8420000000000001,0.0
2355,0.8439999999999999,0.0,0.8439999999999999,0.0
2356,0.8459999999999996,0.0,0.8459999999999996,0.0
2357,0.8480000000000003,0.0,0.8480000000000003,0.0
2358,0.8500000000000001,0.0,0.8500000000000001,0.0
2359,0.8519999999999999,0.0,0.8519999999999999,0.0
2360,0.8539999999999996,0.0,0.8539999999999996,0.0
2361,0.8560000000000003,0.0,0.8560000000000003,0.0
2362,0.8580000000000001,0.0,0.8580000000000001,0.0
2363,0.8599999999999999,0.0,0.8599999999999999,0.0
2364,0.8619999999999997,0.0,0.8619999999999997,0.0
2365,0.8640000000000003,0.0,0.8640000000000003,0.0
2366,0.8660000000000001,0.0,0.8660000000000001,0.0
2367,0.8679999999999999,0.0,0.8679999999999999,0.0
2368,0.8699999999999997,0.0,0.8699999999999997,0.0
2369,0.8720000000000003,0.0,0.8720000000000003,0.0
2370,0.8740000000000001,0.0,0.8740000000000001,0.0
2371,0.8759999999999999,0.0,0.8759999999999999,0.0
2372,0.8779999999999997,0.0,0.8779999999999997,0.0
2373,0.8800000000000003,0.0,0.8800000000000003,0.0
2374,0.8820000000000001,0.0,0.8820000000000001,0.0
2375,0.8839999999999999,0.0,0.8839999999999999,0.0
2376,0.8859999999999997,0.0,0.8859999999999997,0.0
2377,0.8880000000000003,0.0,0.8880000000000003,0.0
2378,0.8900000000000001,0.0,0.8900000000000001,0.0
2379,0.8919999999999999,0.0,0.8919999999999999,0.0
2380,0.8939999999999997,0.0,0.8939999999999997,0.0
2381,0.8960000000000004,0.0,0.8960000000000004,0.0
2382,0.8980000000000001,0.0,0.8980000000000001,0.0
2383,0.8999999999999999,0.0,0.8999999999999999,0.0
2384,0.9019999999999997,0.0,0.9019999999999997,0.0
2385,0.9040000000000004,0.0,0.9040000000000004,0.0
2386,0.9060000000000001,0.0,0.9060000000000001,0.0
2387,0.9079999999999999,0.0,0.9079999999999999,0.0
2388,0.9099999999999997,0.0,0.9099999999999997,0.0
2389,0.9120000000000004,0.0,0.9120000000000004,0.0
2390,0.9140000000000001,0.0,0.9140000000000001,0.0
2391,0.9159999999999999,0.0,0.9159999999999999,0.0
2392,0.9179999999999997,0.0,0.9179999999999997,0.0
2393,0.9200000000000004,0.0,0.9200000000000004,0.0
2394,0.9220000000000002,0.0,0.9220000000000002,0.0
2395,0.9239999999999999,0.0,0.9239999999999999,0.0
2396,0.9259999999999997,0.0,0.9259999999999997,0.0
2397,0.9280000000000004,0.0,0.9280000000000004,0.0
2398,0.9300000000000002,0.0,0.9300000000000002,0.0
2399,0.9319999999999999,0.0,0.9319999999999999,0.0
2400,0.9339999999999997,0.0,0.9339999999999997,0.0
2401,0.9360000000000004,0.0,0.9360000000000004,0.0
2402,0.9380000000000002,0.0,0.9380000000000002,0.0
2403,0.94,0.0,0.94,0.0
2404,0.9419999999999997,0.0,0.9419999999999997,0.0
2405,0.9440000000000004,0.0,0.9440000000000004,0.0
2406,0.9460000000000002,0.0,0.9460000000000002,0.0
2407,0.948,0.0,0.948,0.0
2408,0.9499999999999997,0.0,0.9499999999999997,0.0
2409,0.9520000000000004,0.0,0.9520000000000004,0.0
2410,0.9540000000000002,0.0,0.9540000000000002,0.0
2411,0.956,0.0,0.956,0.0
2412,0.9579999999999997,0.0,0.9579999999999997,0.0
2413,0.9600000000000004,0.0,0.9600000000000004,0.0
2414,0.9620000000000002,0.0,0.9620000000000002,0.0
2415,0.964,0.0,0.964,0.0
2416,0.9659999999999997,0.0,0.9659999999999997,0.0
2417,0.9680000000000004,0.0,0.9680000000000004,0.0
2418,0.9700000000000002,0.0,0.9700000000000002,0.0
2419,0.972,0.0,0.972,0.0
2420,0.9739999999999998,0.0,0.9739999999999998,0.0
2421,0.9760000000000004,0.0,0.9760000000000004,0.0
2422,0.9780000000000002,0.0,0.9780000000000002,0.0
2423,0.98,0.0,0.98,0.0
2424,0.9819999999999998,0.0,0.9819999999999998,0.0
2425,0.9840000000000004,0.0,0.9840000000000004,0.0
2426,0.9860000000000002,0.0,0.9860000000000002,0.0
2427,0.988,0.0,0.988,0.0
2428,0.9899999999999998,0.0,0.9899999999999998,0.0
2429,0.9920000000000004,0.0,0.9920000000000004,0.0
2430,0.9940000000000002,0.0,0.9940000000000002,0.0
2431,0.996,0.0,0.996,0.0
2432,0.9979999999999998,0.0,0.9979999999999998,0.0
2433,0.9999999999999996,0.0,0.9999999999999996,0.0
2434,1.0020000000000002,0.0,1.0020000000000002,0.0
2435,1.004,0.0,1.004,0.0
2436,1.0059999999999998,0.0,1.0059999999999998,0.0
2437,1.0079999999999996,0.0,1.0079999999999996,0.0
2438,1.0100000000000002,0.0,1.0100000000000002,0.0
2439,1.012,0.0,1.012,0.0
2440,1.0139999999999998,0.0,1.0139999999999998,0.0
2441,1.0159999999999996,0.0,1.0159999999999996,0.0
2442,1.0180000000000002,0.0,1.0180000000000002,0.0
2443,1.02,0.0,1.02,0.0
2444,1.0219999999999998,0.0,1.0219999999999998,0.0
2445,1.0239999999999996,0.0,1.0239999999999996,0.0
2446,1.0260000000000002,0.0,1.0260000000000002,0.0
2447,1.028,0.0,1.028,0.0
2448,1.0299999999999998,0.0,1.0299999999999998,0.0
2449,1.0319999999999996,0.0,1.0319999999999996,0.0
2450,1.0340000000000003,0.0,1.0340000000000003,0.0
2451,1.036,0.0,1.036,0.0
2452,1.0379999999999998,0.0,1.0379999999999998,0.0
2453,1.0399999999999996,0.0,1.0399999999999996,0.0
2454,1.0420000000000003,0.0,1.0420000000000003,0.0
2455,1.044,0.0,1.044,0.0
2456,1.0459999999999998,0.0,1.0459999999999998,0.0
2457,1.0479999999999996,0.0,1.0479999999999996,0.0
2458,1.0500000000000003,0.0,1.0500000000000003,0.0
2459,1.052,0.0,1.052,0.0
2460,1.0539999999999998,0.0,1.0539999999999998,0.0
2461,1.0559999999999996,0.0,1.0559999999999996,0.0
2462,1.0580000000000003,0.0,1.0580000000000003,0.0
2463,1.06,0.0,1.06,0.0
2464,1.0619999999999998,0.0,1.0619999999999998,0.0
2465,1.0639999999999996,0.0,1.0639999999999996,0.0
2466,1.0660000000000003,0.0,1.0660000000000003,0.0
2467,1.068,0.0,1.068,0.0
2468,1.0699999999999998,0.0,1.0699999999999998,0.0
2469,1.0719999999999996,0.0,1.0719999999999996,0.0
2470,1.0740000000000003,0.0,1.0740000000000003,0.0
2471,1.076,0.0,1.076,0.0
2472,1.0779999999999998,0.0,1.0779999999999998,0.0
2473,1.0799999999999996,0.0,1.0799999999999996,0.0
2474,1.0820000000000003,0.0,1.0820000000000003,0.0
2475,1.084,0.0,1.084,0.0
2476,1.0859999999999999,0.0,1.0859999999999999,0.0
2477,1.0879999999999996,0.0,1.0879999999999996,0.0
2478,1.0900000000000003,0.0,1.0900000000000003,0.0
2479,1.092,0.0,1.092,0.0
2480,1.0939999999999999,0.0,1.0939999999999999,0.0
2481,1.0959999999999996,0.0,1.0959999999999996,0.0
2482,1.0980000000000003,0.0,1.0980000000000003,0.0
2483,1.1,0.0,1.1,0.0
2484,1.1019999999999999,0.0,1.1019999999999999,0.0
2485,1.1039999999999996,0.0,1.1039999999999996,0.0
2486,1.1060000000000003,0.0,1.1060000000000003,0.0
2487,1.108,0.0,1.108,0.0
2488,1.1099999999999999,0.0,1.1099999999999999,0.0
2489,1.1119999999999997,0.0,1.1119999999999997,0.0
2490,1.1140000000000003,0.0,1.1140000000000003,0.0
2491,1.116,0.0,1.116,0.0
2492,1.1179999999999999,0.0,1.1179999999999999,0.0
2493,1.1199999999999997,0.0,1.1199999999999997,0.0
2494,1.1220000000000003,0.0,1.1220000000000003,0.0
2495,1.124,0.0,1.124,0.0
2496,1.126,0.0,1.126,0.0
2497,1.1279999999999997,0.0,1.1279999999999997,0.0
2498,1.1300000000000003,0.0,1.1300000000000003,0.0
2499,1.1320000000000001,0.0,1.1320000000000001,0.0
2500,1.134,0.0,1.134,0.0
2501,1.1359999999999997,0.0,1.1359999999999997,0.0
2502,1.1380000000000003,0.0,1.1380000000000003,0.0
2503,1.1400000000000001,0.0,1.1400000000000001,0.0
2504,1.142,0.0,1.142,0.0
2505,1.1439999999999997,0.0,1.1439999999999997,0.0
2506,1.1460000000000004,0.0,1.1460000000000004,0.0
2507,1.1480000000000001,0.0,1.1480000000000001,0.0
2508,1.15,0.0,1.15,0.0
2509,1.1519999999999997,0.0,1.1519999999999997,0.0
2510,1.1540000000000004,0.0,1.1540000000000004,0.0
2511,1.1560000000000001,0.0,1.1560000000000001,0.0
2512,1.158,0.0,1.158,0.0
2513,1.1599999999999997,0.0,1.1599999999999997,0.0
2514,1.1620000000000004,0.0,1.1620000000000004,0.0
2515,1.1640000000000001,0.0,1.1640000000000001,0.0
2516,1.166,0.0,1.166,0.0
2517,1.1679999999999997,0.0,1.1679999999999997,0.0
2518,1.1700000000000004,0.0,1.1700000000000004,0.0
2519,1.1720000000000002,0.0,1.1720000000000002,0.0
2520,1.174,0.0,1.174,0.0
2521,1.1759999999999997,0.0,1.1759999999999997,0.0
2522,1.1780000000000004,0.0,1.1780000000000004,0.0
2523,1.1800000000000002,0.0,1.1800000000000002,0.0
2524,1.182,0.0,1.182,0.0
2525,1.1839999999999997,0.0,1.1839999999999997,0.0
2526,1.1860000000000004,0.0,1.1860000000000004,0.0
2527,1.1880000000000002,0.0,1.1880000000000002,0.0
2528,1.19,0.0,1.19,0.0
2529,1.1919999999999997,0.0,1.1919999999999997,0.0
2530,1.1940000000000004,0.0,1.1940000000000004,0.0
2531,1.1960000000000002,0.0,1.1960000000000002,0.0
2532,1.198,0.0,1.198,0.0
2533,1.1999999999999997,0.0,1.1999999999999997,0.0
2534,1.2020000000000004,0.0,1.2020000000000004,0.0
2535,1.2040000000000002,0.0,1.2040000000000002,0.0
2536,1.206,0.0,1.206,0.0
2537,1.2079999999999997,0.0,1.2079999999999997,0.0
2538,1.2100000000000004,0.0,1.2100000000000004,0.0
2539,1.2120000000000002,0.0,1.2120000000000002,0.0
2540,1.214,0.0,1.214,0.0
2541,1.2159999999999997,0.0,1.2159999999999997,0.0
2542,1.2180000000000004,0.0,1.2180000000000004,0.0
2543,1.2200000000000002,0.0,1.2200000000000002,0.0
2544,1.222,0.0,1.222,0.0
2545,1.2239999999999998,0.0,1.2239999999999998,0.0
2546,1.2260000000000004,0.0,1.2260000000000004,0.0
2547,1.2280000000000002,0.0,1.2280000000000002,0.0
2548,1.23,0.0,1.23,0.0
2549,1.2319999999999998,0.0,1.2319999999999998,0.0
2550,1.2340000000000004,0.0,1.2340000000000004,0.0
2551,1.2360000000000002,0.0,1.2360000000000002,0.0
2552,1.238,0.0,1.238,0.0
2553,1.2399999999999998,0.0,1.2399999999999998,0.0
2554,1.2420000000000004,0.0,1.2420000000000004,0.0
2555,1.2440000000000002,0.0,1.2440000000000002,0.0
2556,1.246,0.0,1.246,0.0
2557,1.2479999999999998,0.0,1.2479999999999998,0.0
2558,1.2500000000000004,0.0,1.2500000000000004,0.0
2559,1.2520000000000002,0.0,1.2520000000000002,0.0
2560,1.254,0.0,1.254,0.0
2561,1.2559999999999998,0.0,1.2559999999999998,0.0
2562,1.2579999999999996,0.0,1.2579999999999996,0.0
2563,1.2600000000000002,0.0,1.2600000000000002,0.0
2564,1.262,0.0,1.262,0.0
2565,1.2639999999999998,0.0,1.2639999999999998,0.0
2566,1.2659999999999996,0.0,1.2659999999999996,0.0
2567,1.2680000000000002,0.0,1.2680000000000002,0.0
2568,1.27,0.0,1.27,0.0
2569,1.2719999999999998,0.0,1.2719999999999998,0.0
2570,1.2739999999999996,0.0,1.2739999999999996,0.0
2571,1.2760000000000002,0.0,1.2760000000000002,0.0
2572,1.278,0.0,1.278,0.0
2573,1.2799999999999998,0.0,1.2799999999999998,0.0
2574,1.2819999999999996,0.0,1.2819999999999996,0.0
2575,1.2840000000000003,0.0,1.2840000000000003,0.0
2576,1.286,0.0,1.286,0.0
2577,1.2879999999999998,0.0,1.2879999999999998,0.0
2578,1.2899999999999996,0.0,1.2899999999999996,0.0
2579,1.2920000000000003,0.0,1.2920000000000003,0.0
2580,1.294,0.0,1.294,0.0
2581,1.2959999999999998,0.0,1.2959999999999998,0.0
2582,1.2979999999999996,0.0,1.2979999999999996,0.0
2583,1.3000000000000003,0.0,1.3000000000000003,0.0
2584,1.302,0.0,1.302,0.0
2585,1.3039999999999998,0.0,1.3039999999999998,0.0
2586,1.3059999999999996,0.0,1.3059999999999996,0.0
2587,1.3080000000000003,0.0,1.3080000000000003,0.0
2588,1.31,0.0,1.31,0.0
2589,1.3119999999999998,0.0,1.3119999999999998,0.0
2590,1.3139999999999996,0.0,1.3139999999999996,0.0
2591,1.3160000000000003,0.0,1.3160000000000003,0.0
2592,1.318,0.0,1.318,0.0
2593,1.3199999999999998,0.0,1.3199999999999998,0.0
2594,1.3219999999999996,0.0,1.3219999999999996,0.0
2595,1.3240000000000003,0.0,1.3240000000000003,0.0
2596,1.326,0.0,1.326,0.0
2597,1.3279999999999998,0.0,1.3279999999999998,0.0
2598,1.3299999999999996,0.0,1.3299999999999996,0.0
2599,1.3320000000000003,0.0,1.3320000000000003,0.0
2600,1.334,0.0,1.334,0.0
2601,1.3359999999999999,0.0,1.3359999999999999,0.0
2602,1.3379999999999996,0.0,1.3379999999999996,0.0
2603,1.3400000000000003,0.0,1.3400000000000003,0.0
2604,1.342,0.0,1.342,0.0
2605,1.3439999999999999,0.0,1.3439999999999999,0.0
2606,1.3459999999999996,0.0,1.3459999999999996,0.0
2607,1.3480000000000003,0.0,1.3480000000000003,0.0
2608,1.35,0.0,1.35,0.0
2609,1.3519999999999999,0.0,1.3519999999999999,0.0
2610,1.3539999999999996,0.0,1.3539999999999996,0.0
2611,1.3560000000000003,0.0,1.3560000000000003,0.0
2612,1.358,0.0,1.358,0.0
2613,1.3599999999999999,0.0,1.3599999999999999,0.0
2614,1.3619999999999997,0.0,1.3619999999999997,0.0
2615,1.3640000000000003,0.0,1.3640000000000003,0.0
2616,1.366,0.0,1.366,0.0
2617,1.3679999999999999,0.0,1.3679999999999999,0.0
2618,1.3699999999999997,0.0,1.3699999999999997,0.0
2619,1.3720000000000003,0.0,1.3720000000000003,0.0
2620,1.374,0.0,1.374,0.0
2621,1.376,0.0,1.376,0.0
2622,1.3779999999999997,0.0,1.3779999999999997,0.0
2623,1.3800000000000003,0.0,1.3800000000000003,0.0
2624,1.3820000000000001,0.0,1.3820000000000001,0.0
2625,1.384,0.0,1.384,0.0
2626,1.3859999999999997,0.0,1.3859999999999997,0.0
2627,1.3880000000000003,0.0,1.3880000000000003,0.0
2628,1.3900000000000001,0.0,1.3900000000000001,0.0
2629,1.392,0.0,1.392,0.0
2630,1.3939999999999997,0.0,1.3939999999999997,0.0
2631,1.3960000000000004,0.0,1.3960000000000004,0.0
2632,1.3980000000000001,0.0,1.3980000000000001,0.0
2633,1.4,0.0,1.4,0.0
2634,1.4019999999999997,0.0,1.4019999999999997,0.0
2635,1.4040000000000004,0.0,1.4040000000000004,0.0
2636,1.4060000000000001,0.0,1.4060000000000001,0.0
2637,1.408,0.0,1.408,0.0
2638,1.4099999999999997,0.0,1.4099999999999997,0.0
2639,1.4120000000000004,0.0,1.4120000000000004,0.0
2640,1.4140000000000001,0.0,1.4140000000000001,0.0
2641,1.416,0.0,1.416,0.0
2642,1.4179999999999997,0.0,1.4179999999999997,0.0
2643,1.4200000000000004,0.0,1.4200000000000004,0.0
2644,1.4220000000000002,0.0,1.4220000000000002,0.0
2645,1.424,0.0,1.424,0.0
2646,1.4259999999999997,0.0,1.4259999999999997,0.0
2647,1.4280000000000004,0.0,1.4280000000000004,0.0
2648,1.4300000000000002,0.0,1.4300000000000002,0.0
2649,1.432,0.0,1.432,0.0
2650,1.4339999999999997,0.0,1.4339999999999997,0.0
2651,1.4360000000000004,0.0,1.4360000000000004,0.0
2652,1.4380000000000002,0.0,1.4380000000000002,0.0
2653,1.44,0.0,1.44,0.0
2654,1.4419999999999997,0.0,1.4419999999999997,0.0
2655,1.4440000000000004,0.0,1.4440000000000004,0.0
2656,1.4460000000000002,0.0,1.4460000000000002,0.0
2657,1.448,0.0,1.448,0.0
2658,1.4499999999999997,0.0,1.4499999999999997,0.0
2659,1.4520000000000004,0.0,1.4520000000000004,0.0
2660,1.4540000000000002,0.0,1.4540000000000002,0.0
2661,1.456,0.0,1.456,0.0
2662,1.4579999999999997,0.0,1.4579999999999997,0.0
2663,1.4600000000000004,0.0,1.4600000000000004,0.0
2664,1.4620000000000002,0.0,1.4620000000000002,0.0
2665,1.464,0.0,1.464,0.0
2666,1.4659999999999997,0.0,1.4659999999999997,0.0
2667,1.4680000000000004,0.0,1.4680000000000004,0.0
2668,1.4700000000000002,0.0,1.4700000000000002,0.0
2669,1.472,0.0,1.472,0.0
2670,1.4739999999999998,0.0,1.4739999999999998,0.0
2671,1.4760000000000004,0.0,1.4760000000000004,0.0
2672,1.4780000000000002,0.0,1.4780000000000002,0.0
2673,1.48,0.0,1.48,0.0
2674,1.4819999999999998,0.0,1.4819999999999998,0.0
2675,1.4840000000000004,0.0,1.4840000000000004,0.0
2676,1.4860000000000002,0.0,1.4860000000000002,0.0
2677,1.488,0.0,1.488,0.0
2678,1.4899999999999998,0.0,1.4899999999999998,0.0
2679,1.4920000000000004,0.0,1.4920000000000004,0.0
2680,1.4940000000000002,0.0,1.4940000000000002,0.0
2681,1.496,0.0,1.496,0.0
2682,1.4979999999999998,0.0,1.4979999999999998,0.0
2683,1.5000000000000004,0.0,1.5000000000000004,0.0
2684,1.5020000000000002,0.0,1.5020000000000002,0.0
2685,1.504,0.0,1.504,0.0
2686,1.5059999999999998,0.0,1.5059999999999998,0.0
2687,1.5080000000000005,0.0,1.5080000000000005,0.0
2688,1.5100000000000002,0.0,1.5100000000000002,0.0
2689,1.512,0.0,1.512,0.0
2690,1.5139999999999998,0.0,1.5139999999999998,0.0
2691,1.5159999999999996,0.0,1.5159999999999996,0.0
2692,1.5180000000000002,0.0,1.5180000000000002,0.0
2693,1.52,0.0,1.52,0.0
2694,1.5219999999999998,0.0,1.5219999999999998,0.0
2695,1.5239999999999996,0.0,1.5239999999999996,0.0
2696,1.5260000000000002,0.0,1.5260000000000002,0.0
2697,1.528,0.0,1.528,0.0
2698,1.5299999999999998,0.0,1.5299999999999998,0.0
2699,1.5319999999999996,0.0,1.5319999999999996,0.0
2700,1.5340000000000003,0.0,1.5340000000000003,0.0
2701,1.536,0.0,1.536,0.0
2702,1.5379999999999998,0.0,1.5379999999999998,0.0
2703,1.5399999999999996,0.0,1.5399999999999996,0.0
2704,1.5420000000000003,0.0,1.5420000000000003,0.0
2705,1.544,0.0,1.544,0.0
2706,1.5459999999999998,0.0,1.5459999999999998,0.0
2707,1.5479999999999996,0.0,1.5479999999999996,0.0
2708,1.5500000000000003,0.0,1.5500000000000003,0.0
2709,1.552,0.0,1.552,0.0
2710,1.5539999999999998,0.0,1.5539999999999998,0.0
2711,1.5559999999999996,0.0,1.5559999999999996,0.0
2712,1.5580000000000003,0.0,1.5580000000000003,0.0
2713,1.56,0.0,1.56,0.0
2714,1.5619999999999998,0.0,1.5619999999999998,0.0
2715,1.5639999999999996,0.0,1.5639999999999996,0.0
2716,1.5660000000000003,0.0,1.5660000000000003,0.0
2717,1.568,0.0,1.568,0.0
2718,1.5699999999999998,0.0,1.5699999999999998,0.0
2719,1.5719999999999996,0.0,1.5719999999999996,0.0
2720,1.5740000000000003,0.0,1.5740000000000003,0.0
2721,1.576,0.0,1.576,0.0
2722,1.5779999999999998,0.0,1.5779999999999998,0.0
2723,1.5799999999999996,0.0,1.5799999999999996,0.0
2724,1.5820000000000003,0.0,1.5820000000000003,0.0
2725,1.584,0.0,1.584,0.0
2726,1.5859999999999999,0.0,1.5859999999999999,0.0
2727,1.5879999999999996,0.0,1.5879999999999996,0.0
2728,1.5900000000000003,0.0,1.5900000000000003,0.0
2729,1.592,0.0,1.592,0.0
2730,1.5939999999999999,0.0,1.5939999999999999,0.0
2731,1.5959999999999996,0.0,1.5959999999999996,0.0
2732,1.5980000000000003,0.0,1.5980000000000003,0.0
2733,1.6,0.0,1.6,0.0
2734,1.6019999999999999,0.0,1.6019999999999999,0.0
2735,1.6039999999999996,0.0,1.6039999999999996,0.0
2736,1.6060000000000003,0.0,1.6060000000000003,0.0
2737,1.608,0.0,1.608,0.0
2738,1.6099999999999999,0.0,1.6099999999999999,0.0
2739,1.6119999999999997,0.0,1.6119999999999997,0.0
2740,1.6140000000000003,0.0,1.6140000000000003,0.0
2741,1.616,0.0,1.616,0.0
2742,1.6179999999999999,0.0,1.6179999999999999,0.0
2743,1.6199999999999997,0.0,1.6199999999999997,0.0
2744,1.6220000000000003,0.0,1.6220000000000003,0.0
2745,1.624,0.0,1.624,0.0
2746,1.626,0.0,1.626,0.0
2747,1.6279999999999997,0.0,1.6279999999999997,0.0
2748,1.6300000000000003,0.0,1.6300000000000003,0.0
2749,1.6320000000000001,0.0,1.6320000000000001,0.0
2750,1.634,0.0,1.634,0.0
2751,1.6359999999999997,0.0,1.6359999999999997,0.0
2752,1.6380000000000003,0.0,1.6380000000000003,0.0
2753,1.6400000000000001,0.0,1.6400000000000001,0.0
2754,1.642,0.0,1.642,0.0
2755,1.6439999999999997,0.0,1.6439999999999997,0.0
2756,1.6460000000000004,0.0,1.6460000000000004,0.0
2757,1.6480000000000001,0.0,1.6480000000000001,0.0
2758,1.65,0.0,1.65,0.0
2759,1.6519999999999997,0.0,1.6519999999999997,0.0
2760,1.6540000000000004,0.0,1.6540000000000004,0.0
2761,1.6560000000000001,0.0,1.6560000000000001,0.0
2762,1.658,0.0,1.658,0.0
2763,1.6599999999999997,0.0,1.6599999999999997,0.0
2764,1.6620000000000004,0.0,1.6620000000000004,0.0
2765,1.6640000000000001,0.0,1.6640000000000001,0.0
2766,1.666,0.0,1.666,0.0
2767,1.6679999999999997,0.0,1.6679999999999997,0.0
2768,1.6700000000000004,0.0,1.6700000000000004,0.0
2769,1.6720000000000002,0.0,1.6720000000000002,0.0
2770,1.674,0.0,1.674,0.0
2771,1.6759999999999997,0.0,1.6759999999999997,0.0
2772,1.6780000000000004,0.0,1.6780000000000004,0.0
2773,1.6800000000000002,0.0,1.6800000000000002,0.0
2774,1.682,0.0,1.682,0.0
2775,1.6839999999999997,0.0,1.6839999999999997,0.0
2776,1.6860000000000004,0.0,1.6860000000000004,0.0
2777,1.6880000000000002,0.0,1.6880000000000002,0.0
2778,1.69,0.0,1.69,0.0
2779,1.6919999999999997,0.0,1.6919999999999997,0.0
2780,1.6940000000000004,0.0,1.6940000000000004,0.0
2781,1.6960000000000002,0.0,1.6960000000000002,0.0
2782,1.698,0.0,1.698,0.0
2783,1.6999999999999997,0.0,1.6999999999999997,0.0
2784,1.7020000000000004,0.0,1.7020000000000004,0.0
2785,1.7040000000000002,0.0,1.7040000000000002,0.0
2786,1.706,0.0,1.706,0.0
2787,1.7079999999999997,0.0,1.7079999999999997,0.0
2788,1.7100000000000004,0.0,1.7100000000000004,0.0
2789,1.7120000000000002,0.0,1.7120000000000002,0.0
2790,1.714,0.0,1.714,0.0
2791,1.7159999999999997,0.0,1.7159999999999997,0.0
2792,1.7180000000000004,0.0,1.7180000000000004,0.0
2793,1.7200000000000002,0.0,1.7200000000000002,0.0
2794,1.722,0.0,1.722,0.0
2795,1.7239999999999998,0.0,1.7239999999999998,0.0
2796,1.7260000000000004,0.0,1.7260000000000004,0.0
2797,1.7280000000000002,0.0,1.7280000000000002,0.0
2798,1.73,0.0,1.73,0.0
2799,1.7319999999999998,0.0,1.7319999999999998,0.0
2800,1.7340000000000004,0.0,1.7340000000000004,0.0
2801,1.7360000000000002,0.0,1.7360000000000002,0.0
2802,1.738,0.0,1.738,0.0
2803,1.7399999999999998,0.0,1.7399999999999998,0.0
2804,1.7420000000000004,0.0,1.7420000000000004,0.0
2805,1.7440000000000002,0.0,1.7440000000000002,0.0
2806,1.746,0.0,1.746,0.0
2807,1.7479999999999998,0.0,1.7479999999999998,0.0
2808,1.7500000000000004,0.0,1.7500000000000004,0.0
2809,1.7520000000000002,0.0,1.7520000000000002,0.0
2810,1.754,0.0,1.754,0.0
2811,1.7559999999999998,0.0,1.7559999999999998,0.0
2812,1.7580000000000005,0.0,1.7580000000000005,0.0
2813,1.7600000000000002,0.0,1.7600000000000002,0.0
2814,1.762,0.0,1.762,0.0
2815,1.7639999999999998,0.0,1.7639999999999998,0.0
2816,1.7659999999999996,0.0,1.7659999999999996,0.0
2817,1.7680000000000002,0.0,1.7680000000000002,0.0
2818,1.77,0.0,1.77,0.0
2819,1.7719999999999998,0.0,1.7719999999999998,0.0
2820,1.7739999999999996,0.0,1.7739999999999996,0.0
2821,1.7760000000000002,0.0,1.7760000000000002,0.0
2822,1.778,0.0,1.778,0.0
2823,1.7799999999999998,0.0,1.7799999999999998,0.0
2824,1.7819999999999996,0.0,1.7819999999999996,0.0
2825,1.7840000000000003,0.0,1.7840000000000003,0.0
2826,1.786,0.0,1.786,0.0
2827,1.7879999999999998,0.0,1.7879999999999998,0.0
2828,1.7899999999999996,0.0,1.7899999999999996,0.0
2829,1.7920000000000003,0.0,1.7920000000000003,0.0
2830,1.794,0.0,1.794,0.0
2831,1.7959999999999998,0.0,1.7959999999999998,0.0
2832,1.7979999999999996,0.0,1.7979999999999996,0.0
2833,1.8000000000000003,0.0,1.8000000000000003,0.0
2834,1.802,0.0,1.802,0.0
2835,1.8039999999999998,0.0,1.8039999999999998,0.0
2836,1.8059999999999996,0.0,1.8059999999999996,0.0
2837,1.8080000000000003,0.0,1.8080000000000003,0.0
2838,1.81,0.0,1.81,0.0
2839,1.8119999999999998,0.0,1.8119999999999998,0.0
2840,1.8139999999999996,0.0,1.8139999999999996,0.0
2841,1.8160000000000003,0.0,1.8160000000000003,0.0
2842,1.818,0.0,1.818,0.0
2843,1.8199999999999998,0.0,1.8199999999999998,0.0
2844,1.8219999999999996,0.0,1.8219999999999996,0.0
2845,1.8240000000000003,0.0,1.8240000000000003,0.0
2846,1.826,0.0,1.826,0.0
2847,1.8279999999999998,0.0,1.8279999999999998,0.0
2848,1.8299999999999996,0.0,1.8299999999999996,0.0
2849,1.8320000000000003,0.0,1.8320000000000003,0.0
2850,1.834,0.0,1.834,0.0
2851,1.8359999999999999,0.0,1.8359999999999999,0.0
2852,1.8379999999999996,0.0,1.8379999999999996,0.0
2853,1.8400000000000003,0.0,1.8400000000000003,0.0
2854,1.842,0.0,1.842,0.0
2855,1.8439999999999999,0.0,1.8439999999999999,0.0
2856,1.8459999999999996,0.0,1.8459999999999996,0.0
2857,1.8480000000000003,0.0,1.8480000000000003,0.0
2858,1.85,0.0,1.85,0.0
2859,1.8519999999999999,0.0,1.8519999999999999,0.0
2860,1.8539999999999996,0.0,1.8539999999999996,0.0
2861,1.8560000000000003,0.0,1.8560000000000003,0.0
2862,1.858,0.0,1.858,0.0
2863,1.8599999999999999,0.0,1.8599999999999999,0.0
2864,1.8619999999999997,0.0,1.8619999999999997,0.0
2865,1.8640000000000003,0.0,1.8640000000000003,0.0
2866,1.866,0.0,1.866,0.0
2867,1.8679999999999999,0.0,1.8679999999999999,0.0
2868,1.8699999999999997,0.0,1.8699999999999997,0.0
2869,1.8720000000000003,0.0,1.8720000000000003,0.0
2870,1.874,0.0,1.874,0.0
2871,1.876,0.0,1.876,0.0
2872,1.8779999999999997,0.0,1.8779999999999997,0.0
2873,1.8800000000000003,0.0,1.8800000000000003,0.0
2874,1.8820000000000001,0.0,1.8820000000000001,0.0
2875,1.884,0.0,1.884,0.0
2876,1.8859999999999997,0.0,1.8859999999999997,0.0
2877,1.8880000000000003,0.0,1.8880000000000003,0.0
2878,1.8900000000000001,0.0,1.8900000000000001,0.0
2879,1.892,0.0,1.892,0.0
2880,1.8939999999999997,0.0,1.8939999999999997,0.0
2881,1.8960000000000004,0.0,1.8960000000000004,0.0
2882,1.8980000000000001,0.0,1.8980000000000001,0.0
2883,1.9,0.0,1.9,0.0
2884,1.9019999999999997,0.0,1.9019999999999997,0.0
2885,1.9040000000000004,0.0,1.9040000000000004,0.0
2886,1.9060000000000001,0.0,1.9060000000000001,0.0
2887,1.908,0.0,1.908,0.0
2888,1.9099999999999997,0.0,1.9099999999999997,0.0
2889,1.9120000000000004,0.0,1.9120000000000004,0.0
2890,1.9140000000000001,0.0,1.9140000000000001,0.0
2891,1.916,0.0,1.916,0.0
2892,1.9179999999999997,0.0,1.9179999999999997,0.0
2893,1.9200000000000004,0.0,1.9200000000000004,0.0
2894,1.9220000000000002,0.0,1.9220000000000002,0.0
2895,1.924,0.0,1.924,0.0
2896,1.9259999999999997,0.0,1.9259999999999997,0.0
2897,1.9280000000000004,0.0,1.9280000000000004,0.0
2898,1.9300000000000002,0.0,1.9300000000000002,0.0
2899,1.932,0.0,1.932,0.0
2900,1.9339999999999997,0.0,1.9339999999999997,0.0
2901,1.9360000000000004,0.0,1.9360000000000004,0.0
2902,1.9380000000000002,0.0,1.9380000000000002,0.0
2903,1.94,0.0,1.94,0.0
2904,1.9419999999999997,0.0,1.9419999999999997,0.0
2905,1.9440000000000004,0.0,1.9440000000000004,0.0
2906,1.9460000000000002,0.0,1.9460000000000002,0.0
2907,1.948,0.0,1.948,0.0
2908,1.9499999999999997,0.0,1.9499999999999997,0.0
2909,1.9520000000000004,0.0,1.9520000000000004,0.0
2910,1.9540000000000002,0.0,1.9540000000000002,0.0
2911,1.956,0.0,1.956,0.0
2912,1.9579999999999997,0.0,1.9579999999999997,0.0
2913,1.9600000000000004,0.0,1.9600000000000004,0.0
2914,1.9620000000000002,0.0,1.9620000000000002,0.0
2915,1.964,0.0,1.964,0.0
2916,1.9659999999999997,0.0,1.9659999999999997,0.0
2917,1.9680000000000004,0.0,1.9680000000000004,0.0
2918,1.9700000000000002,0.0,1.9700000000000002,0.0
2919,1.972,0.0,1.972,0.0
2920,1.9739999999999998,0.0,1.9739999999999998,0.0
2921,1.9760000000000004,0.0,1.9760000000000004,0.0
2922,1.9780000000000002,0.0,1.9780000000000002,0.0
2923,1.98,0.0,1.98,0.0
2924,1.9819999999999998,0.0,1.9819999999999998,0.0
2925,1.9840000000000004,0.0,1.9840000000000004,0.0
2926,1.9860000000000002,0.0,1.9860000000000002,0.0
2927,1.988,0.0,1.988,0.0
2928,1.9899999999999998,0.0,1.9899999999999998,0.0
2929,1.9920000000000004,0.0,1.9920000000000004,0.0
2930,1.9940000000000002,0.0,1.9940000000000002,0.0
2931,1.996,0.0,1.996,0.0
2932,1.9979999999999998,0.0,1.9979999999999998,0.0
2933,2.0000000000000004,0.0,2.0000000000000004,0.0
2934,2.0020000000000002,0.0,2.0020000000000002,0.0
2935,2.004,0.0,2.004,0.0
2936,2.006,0.0,2.006,0.0
2937,2.0080000000000005,0.0,2.0080000000000005,0.0
2938,2.0100000000000002,0.0,2.0100000000000002,0.0
2939,2.012,0.0,2.012,0.0
2940,2.014,0.0,2.014,0.0
2941,2.0160000000000005,0.0,2.0160000000000005,0.0
2942,2.0180000000000002,0.0,2.0180000000000002,0.0
2943,2.02,0.0,2.02,0.0
2944,2.022,0.0,2.022,0.0
2945,2.0239999999999996,0.0,2.0239999999999996,0.0
2946,2.0260000000000002,0.0,2.0260000000000002,0.0
2947,2.028,0.0,2.028,0.0
2948,2.03,0.0,2.03,0.0
2949,2.0319999999999996,0.0,2.0319999999999996,0.0
2950,2.0340000000000003,0.0,2.0340000000000003,0.0
2951,2.036,0.0,2.036,0.0
2952,2.038,0.0,2.038,0.0
2953,2.0399999999999996,0.0,2.0399999999999996,0.0
2954,2.0420000000000003,0.0,2.0420000000000003,0.0
2955,2.044,0.0,2.044,0.0
2956,2.046,0.0,2.046,0.0
2957,2.0479999999999996,0.0,2.0479999999999996,0.0
2958,2.0500000000000003,0.0,2.0500000000000003,0.0
2959,2.052,0.0,2.052,0.0
2960,2.054,0.0,2.054,0.0
2961,2.0559999999999996,0.0,2.0559999999999996,0.0
2962,2.0580000000000003,0.0,2.0580000000000003,0.0
2963,2.06,0.0,2.06,0.0
2964,2.062,0.0,2.062,0.0
2965,2.0639999999999996,0.0,2.0639999999999996,0.0
2966,2.0660000000000003,0.0,2.0660000000000003,0.0
2967,2.068,0.0,2.068,0.0
2968,2.07,0.0,2.07,0.0
2969,2.0719999999999996,0.0,2.0719999999999996,0.0
2970,2.0740000000000003,0.0,2.0740000000000003,0.0
2971,2.076,0.0,2.076,0.0
2972,2.078,0.0,2.078,0.0
2973,2.0799999999999996,0.0,2.0799999999999996,0.0
2974,2.0820000000000003,0.0,2.0820000000000003,0.0
2975,2.084,0.0,2.084,0.0
2976,2.086,0.0,2.086,0.0
2977,2.0879999999999996,0.0,2.0879999999999996,0.0
2978,2.0900000000000003,0.0,2.0900000000000003,0.0
2979,2.092,0.0,2.092,0.0
2980,2.094,0.0,2.094,0.0
2981,2.0959999999999996,0.0,2.0959999999999996,0.0
2982,2.0980000000000003,0.0,2.0980000000000003,0.0
2983,2.1,0.0,2.1,0.0
2984,2.102,0.0,2.102,0.0
2985,2.1039999999999996,0.0,2.1039999999999996,0.0
2986,2.1060000000000003,0.0,2.1060000000000003,0.0
2987,2.108,0.0,2.108,0.0
2988,2.11,0.0,2.11,0.0
2989,2.1119999999999997,0.0,2.1119999999999997,0.0
2990,2.1140000000000003,0.0,2.1140000000000003,0.0
2991,2.116,0.0,2.116,0.0
2992,2.118,0.0,2.118,0.0
2993,2.1199999999999997,0.0,2.1199999999999997,0.0
2994,2.1220000000000003,0.0,2.1220000000000003,0.0
2995,2.124,0.0,2.124,0.0
