,dynamic_x,dynamic_y,fixed_x,fixed_y
0,-2.722,0.0,-2.722,0.0
1,-2.72,-6.375764042385156e-05,-2.72,-6.375766452949372e-05
2,-2.718,-0.00025128081335229556,-2.718,-0.0002512811847549974
3,-2.716,-0.0005571290352600872,-2.716,-0.0005571312093140431
4,-2.714,-0.0009760408550393004,-2.714,-0.0009760479269316944
5,-2.712,-0.0015029135731852827,-2.712,-0.0015029306662419425
6,-2.71,-0.0021328032417966547,-2.71,-0.0021328378957877025
7,-2.708,-0.00286092466457531,-2.708,-0.0028609872240208164
8,-2.706,-0.003682651396826419,-2.706,-0.00368275539930205
9,-2.704,-0.004593467460541807,-2.704,-0.0045936298529845754
10,-2.702,-0.005588788980151808,-2.702,-0.005589029570334952
11,-2.7,-0.0066645670283453085,-2.7,-0.006664909863204156
12,-2.698,-0.0078169323988845,-2.698,-0.00781740595567486
13,-2.696,-0.009042114078333401,-2.696,-0.009042751177128376
14,-2.694,-0.01033643924605785,-2.694,-0.010337276962244641
15,-2.692,-0.01169633327422552,-2.692,-0.011697412851002238
16,-2.69,-0.013118319727805913,-2.69,-0.01311968648867839
17,-2.688,-0.014599020364570352,-2.688,-0.014600723625848938
18,-2.686,-0.016135155135091988,-2.686,-0.016137248118388375
19,-2.684,-0.017723542182745793,-2.684,-0.017726081927469817
20,-2.682,-0.019361097843708576,-2.682,-0.019364145119565034
21,-2.68,-0.02104483664695897,-2.68,-0.02104845586644441
22,-2.678,-0.022771871314277423,-2.678,-0.022776130445176963
23,-2.676,-0.024539412760246238,-2.676,-0.024544383238130386
24,-2.674,-0.026344770092249517,-2.674,-0.026350526732970954
25,-2.672,-0.02818535061047319,-2.672,-0.028191971522663617
26,-2.67,-0.030058570689579137,-2.67,-0.03006613953010836
27,-2.668,-0.03196157142963189,-2.668,-0.03197017270669837
28,-2.666,-0.03389227690455143,-2.666,-0.033901994803921455
29,-2.664,-0.035848782869086174,-2.664,-0.03585970472069423
30,-2.662,-0.03782922595299846,-2.662,-0.0378414420359295
31,-2.66,-0.03983178366106464,-2.66,-0.0398453870085363
32,-2.658,-0.04185467437307504,-2.658,-0.041869760577419826
33,-2.656,-0.0438961573438339,-2.656,-0.043912824361481514
34,-2.654,-0.045954532703159495,-2.654,-0.04597288065961896
35,-2.652,-0.04802814145588404,-2.652,-0.04804827245072597
36,-2.65,-0.05011536548185372,-2.65,-0.05013738339369257
37,-2.648,-0.052214627535928676,-2.648,-0.05223863782740494
38,-2.646,-0.054324391247983085,-2.646,-0.05435050077074552
39,-2.644,-0.056443161122905004,-2.644,-0.0564714779225929
40,-2.642,-0.05856948254059652,-2.642,-0.05860011566182188
41,-2.64,-0.060701941755973675,-2.64,-0.06073500104730346
42,-2.638,-0.06283916589896646,-2.638,-0.06287476181790484
43,-2.636,-0.0649798229745189,-2.636,-0.06501806639248944
44,-2.634,-0.06712262186258888,-2.634,-0.06716362386991681
45,-2.632,-0.06926631231814838,-2.632,-0.06931018402904277
46,-2.63,-0.07140968497118327,-2.63,-0.07145653732871934
47,-2.628,-0.07355157132669342,-2.628,-0.0736015149077947
48,-2.626,-0.07569084376469265,-2.626,-0.07574398858511319
49,-2.624,-0.07782641554020875,-2.624,-0.07788287085951548
50,-2.622,-0.07995724078328353,-2.622,-0.0800171149098383
51,-2.62,-0.08208215914973704,-2.62,-0.08214556726223765
52,-2.618,-0.08420009315535729,-2.618,-0.08426713723961039
53,-2.616,-0.08631054290499945,-2.616,-0.08638132116009954
54,-2.614,-0.0884130336129153,-2.614,-0.08848764388849668
55,-2.612,-0.09050709747141644,-2.612,-0.09058563719696383
56,-2.61,-0.09259227365087432,-2.61,-0.09267483976503342
57,-2.608,-0.09466810829972022,-2.608,-0.09475479717960833
58,-2.606,-0.09673415454444535,-2.606,-0.09682506193496192
59,-2.604,-0.09878997248960072,-2.604,-0.09888519343273797
60,-2.602,-0.10083512921779722,-2.602,-0.10093475798195069
61,-2.6,-0.1028691987897056,-2.6,-0.10297332879898478
62,-2.598,-0.10489176224405646,-2.598,-0.10500048600759537
63,-2.596,-0.10690240759764025,-2.596,-0.107015816638908
64,-2.594,-0.10890072984530727,-2.594,-0.10901891463141869
65,-2.592,-0.11088633095996774,-2.592,-0.1110093808309939
66,-2.59,-0.11285881989259164,-2.59,-0.11298682299087054
67,-2.588,-0.1148178125722089,-2.588,-0.11495085577165595
68,-2.586,-0.11676293190590925,-2.586,-0.11690110074132792
69,-2.584,-0.11869380777884228,-2.584,-0.1188371863752347
70,-2.582,-0.1206100770542175,-2.582,-0.12075874805609497
71,-2.58,-0.12251138357330418,-2.58,-0.12266542807399786
72,-2.578,-0.1243973781554315,-2.578,-0.12455687562640294
73,-2.576,-0.1262677185979885,-2.576,-0.12643274681814023
74,-2.574,-0.12812206967642412,-2.574,-0.1282927046614102
75,-2.572,-0.12996010314424705,-2.572,-0.1301364190757838
76,-2.57,-0.13178149773302594,-2.57,-0.13196356688820235
77,-2.568,-0.1335859391523892,-2.568,-0.13377383183297764
78,-2.566,-0.13537312009002522,-2.566,-0.135566904551792
79,-2.564,-0.13714274021168216,-2.564,-0.137342482593698
80,-2.562,-0.13889450616116805,-2.562,-0.13910027041511885
81,-2.56,-0.14062813156035076,-2.56,-0.14083997937984813
82,-2.558,-0.1423433370091581,-2.558,-0.14256132775904987
83,-2.556,-0.14403985341424394,-2.556,-0.14426404307910254
84,-2.554,-0.14571758642048763,-2.554,-0.14594801705590657
85,-2.552,-0.1473766818623133,-2.552,-0.1476133907906159
86,-2.55,-0.14901729883381523,-2.55,-0.14926032208929454
87,-2.548,-0.15063959149073325,-2.548,-0.15088896382658906
88,-2.546,-0.1522437090504528,-2.546,-0.1524994639457284
89,-2.544,-0.1538297957920051,-2.544,-0.154091965458524
90,-2.542,-0.1553979910560668,-2.542,-0.15566660644536973
91,-2.54,-0.15694842924496033,-2.54,-0.15722352005524184
92,-2.538,-0.15848123982265372,-2.538,-0.15876283450569917
93,-2.536,-0.15999654731476062,-2.536,-0.16028467308288283
94,-2.534,-0.1614944713085403,-2.534,-0.16178915414151657
95,-2.532,-0.16297512645289766,-2.532,-0.1632763911049064
96,-2.53,-0.1644386224583833,-2.53,-0.1647464924649409
97,-2.528,-0.16588506409719336,-2.528,-0.1661995617820911
98,-2.526,-0.16731455120316968,-2.526,-0.16763569768541042
99,-2.524,-0.1687271786717997,-2.524,-0.16905499387253475
100,-2.522,-0.1701230364602165,-2.522,-0.1704575391096824
101,-2.52,-0.17150220958719883,-2.52,-0.1718434172316542
102,-2.518,-0.17286477813317097,-2.518,-0.17321270714183334
103,-2.516,-0.174210817240203,-2.516,-0.17456548281218554
104,-2.514,-0.17554039711201042,-2.514,-0.17590181328325888
105,-2.512,-0.17685358301395454,-2.512,-0.177221762664184
106,-2.51,-0.17815043527304225,-2.51,-0.17852539013267385
107,-2.508,-0.17943100927792605,-2.508,-0.179812749935024
108,-2.506,-0.1806953554789041,-2.506,-0.18108389138611225
109,-2.504,-0.18194351938792017,-2.504,-0.18233885886939907
110,-2.502,-0.18317554157856367,-2.502,-0.1835776918369272
111,-2.5,-0.18439145768606963,-2.5,-0.18480042480932196
112,-2.4979999999999998,-0.18559129840731875,-2.4979999999999998,-0.18600708737579102
113,-2.496,-0.18677508950083732,-2.496,-0.18719770419412457
114,-2.4939999999999998,-0.18794285178679732,-2.4939999999999998,-0.1883722949906952
115,-2.492,-0.18909460114701632,-2.492,-0.18953087456045792
116,-2.4899999999999998,-0.19023034852495752,-2.4899999999999998,-0.19067345276695027
117,-2.488,-0.19135009992572974,-2.488,-0.19180003454229222
118,-2.4859999999999998,-0.19245385641608753,-2.4859999999999998,-0.19291061988718614
119,-2.484,-0.1935416141244309,-2.484,-0.19400520387091685
120,-2.482,-0.19461336424080566,-2.482,-0.19508377663135165
121,-2.48,-0.1956690930169032,-2.48,-0.19614632337494034
122,-2.4779999999999998,-0.1967087817660605,-2.4779999999999998,-0.19719282437671504
123,-2.476,-0.19773240686326016,-2.476,-0.1982232549802904
124,-2.474,-0.19873999856365174,-2.474,-0.19923762693078514
125,-2.472,-0.19973210789560975,-2.472,-0.20023646696689112
126,-2.4699999999999998,-0.20070908450025668,-2.4699999999999998,-0.20122014542531574
127,-2.468,-0.20167118190041858,-2.468,-0.20218891551331164
128,-2.466,-0.20261864842420008,-2.466,-0.20314302525158429
129,-2.464,-0.2035517272049845,-2.464,-0.2040827174742919
130,-2.4619999999999997,-0.20447065618143379,-2.4619999999999997,-0.20500822982904565
131,-2.46,-0.20537566809748853,-2.46,-0.20591979477690944
132,-2.458,-0.20626699050236796,-2.458,-0.2068176395924
133,-2.456,-0.20714484575056993,-2.456,-0.2077019863634869
134,-2.4539999999999997,-0.208009451001871,-2.4539999999999997,-0.20857305199159257
135,-2.452,-0.20886101822132627,-2.452,-0.20943104819159217
136,-2.45,-0.2096997541792696,-2.45,-0.2102761814918138
137,-2.448,-0.21052586045131333,-2.448,-0.2111086532340382
138,-2.4459999999999997,-0.21133953341834863,-2.4459999999999997,-0.2119286595734992
139,-2.444,-0.2121409642665452,-2.444,-0.2127363914788832
140,-2.442,-0.21293033898735134,-2.442,-0.21353203473232954
141,-2.44,-0.21370783837749413,-2.44,-0.21431576992943038
142,-2.4379999999999997,-0.2144736380389792,-2.4379999999999997,-0.2150877724792307
143,-2.436,-0.2152279083790908,-2.436,-0.21584821260422823
144,-2.434,-0.21597081461039191,-2.434,-0.21659725534037366
145,-2.432,-0.21670251675072405,-2.432,-0.21733506053707036
146,-2.43,-0.21742316962320749,-2.43,-0.21806178285717462
147,-2.428,-0.21813292285624103,-2.428,-0.21877757177699553
148,-2.426,-0.21883192088350217,-2.426,-0.21948257158629497
149,-2.424,-0.2195203029439471,-2.424,-0.22017692138828765
150,-2.422,-0.2201982030818105,-2.422,-0.22086075509964112
151,-2.42,-0.2208657501466059,-2.42,-0.22153420145047578
152,-2.418,-0.22152306779312528,-2.418,-0.22219738398436478
153,-2.416,-0.2221702744814394,-2.416,-0.22285042105833414
154,-2.414,-0.22280748347689755,-2.414,-0.2234934258428627
155,-2.412,-0.22343480285012773,-2.412,-0.2241265063218821
156,-2.41,-0.22405233547703662,-2.41,-0.22474976529277685
157,-2.408,-0.22466017903880942,-2.408,-0.2253633003663842
158,-2.406,-0.2252584260219101,-2.406,-0.22596720396699432
159,-2.404,-0.22584716371808114,-2.404,-0.2265615633323501
160,-2.402,-0.22642647422434378,-2.402,-0.22714646051364737
161,-2.4,-0.22699643444299786,-2.4,-0.22772197237553468
162,-2.398,-0.22755711608162185,-2.398,-0.22828817059611342
163,-2.396,-0.22810858565307285,-2.396,-0.22884512166693788
164,-2.394,-0.22865090447548664,-2.394,-0.22939288689301504
165,-2.392,-0.2291841286722776,-2.392,-0.22993152239280484
166,-2.39,-0.22970830917213883,-2.39,-0.23046107909821995
167,-2.388,-0.23022349170904194,-2.388,-0.23098160275462587
168,-2.386,-0.2307297168222373,-2.386,-0.23149313392084098
169,-2.384,-0.23122701985625388,-2.384,-0.23199570796913643
170,-2.382,-0.23171543096089925,-2.382,-0.23248935508523622
171,-2.38,-0.2321949750912597,-2.38,-0.23297410026831714
172,-2.378,-0.2326656720077001,-2.378,-0.23344996333100881
173,-2.376,-0.23312753627586402,-2.376,-0.23391695889939368
174,-2.374,-0.23358057726667358,-2.374,-0.23437509641300708
175,-2.372,-0.2340248177246117,-2.372,-0.23482438643331965
176,-2.37,-0.23446086526752544,-2.37,-0.23526537845741954
177,-2.368,-0.2348891220688895,-2.368,-0.23569853120795645
178,-2.366,-0.2353097341832976,-2.366,-0.2361239912256827
179,-2.364,-0.23572284528735338,-2.364,-0.2365419026675235
180,-2.362,-0.23612859667967048,-2.362,-0.23695240730657705
181,-2.36,-0.2365271272808725,-2.36,-0.23735564453211436
182,-2.358,-0.236918573633593,-2.358,-0.23775175134957943
183,-2.356,-0.2373030699024755,-2.356,-0.23814086238058915
184,-2.354,-0.23768074787417345,-2.354,-0.23852310986293335
185,-2.352,-0.23805173695735032,-2.352,-0.2388986236505747
186,-2.35,-0.23841616418267952,-2.35,-0.2392675312136489
187,-2.348,-0.2387741542028444,-2.348,-0.23962995763846448
188,-2.346,-0.23912582929253826,-2.346,-0.2399860256275029
189,-2.344,-0.23947130934846442,-2.344,-0.24033585549941855
190,-2.342,-0.23981071188933614,-2.342,-0.24067956518903877
191,-2.34,-0.24014415205587658,-2.34,-0.24101727024736372
192,-2.338,-0.24047174261081894,-2.338,-0.24134908384156656
193,-2.336,-0.24079359393890634,-2.336,-0.24167511675499334
194,-2.334,-0.2411098140468919,-2.334,-0.24199547738716304
195,-2.332,-0.24142050856353867,-2.332,-0.2423102717537675
196,-2.33,-0.24172578073961962,-2.33,-0.24261960348667155
197,-2.328,-0.24202573144791775,-2.328,-0.24292357383391286
198,-2.326,-0.24232045918322603,-2.326,-0.2432222816597021
199,-2.324,-0.24261006006234734,-2.324,-0.2435158234444228
200,-2.322,-0.24289462782409454,-2.322,-0.2438042932846314
201,-2.32,-0.24317425382929045,-2.32,-0.2440877828930573
202,-2.318,-0.24344902706076785,-2.318,-0.24436638159860277
203,-2.316,-0.24371903412336948,-2.316,-0.244640176346343
204,-2.314,-0.24398435924394807,-2.314,-0.24490925169752614
205,-2.312,-0.24424508427136626,-2.312,-0.2451736898295732
206,-2.31,-0.24450128867649673,-2.31,-0.24543357053607812
207,-2.308,-0.24475304955222202,-2.308,-0.2456889712268078
208,-2.306,-0.2450004416134347,-2.306,-0.245939966927702
209,-2.304,-0.24524353719703726,-2.304,-0.24618663028087343
210,-2.302,-0.24548240626194223,-2.302,-0.24642903154460769
211,-2.3,-0.245717116389072,-2.3,-0.2466672385933633
212,-2.298,-0.24594773278135898,-2.298,-0.24690131691777173
213,-2.296,-0.24617431826374553,-2.296,-0.24713132962463732
214,-2.294,-0.246396933283184,-2.294,-0.24735733743693733
215,-2.292,-0.2466156359086366,-2.292,-0.24757939869382198
216,-2.29,-0.24683048183107567,-2.29,-0.24779756935061437
217,-2.288,-0.24704152436348334,-2.288,-0.24801190297881048
218,-2.286,-0.24724881444085178,-2.286,-0.2482224507660793
219,-2.284,-0.24745240062018317,-2.284,-0.24842926151626266
220,-2.282,-0.24765232908048954,-2.282,-0.2486323816493753
221,-2.28,-0.247848643622793,-2.28,-0.24883185520160495
222,-2.278,-0.24804138567012549,-2.278,-0.24902772382531216
223,-2.276,-0.24823059426752903,-2.276,-0.2492200267890305
224,-2.274,-0.24841630608205556,-2.274,-0.24940880097746634
225,-2.272,-0.24859855540276696,-2.272,-0.24959408089149906
226,-2.27,-0.24877737414073506,-2.27,-0.24977589864818092
227,-2.268,-0.24895279182904173,-2.268,-0.2499542839807371
228,-2.266,-0.24912483562277873,-2.266,-0.2501292642385657
229,-2.264,-0.2492935302990478,-2.264,-0.25030086438723764
230,-2.262,-0.24945889825696063,-2.262,-0.25046910700849695
231,-2.26,-0.2496209595176389,-2.26,-0.2506340123002604
232,-2.258,-0.24977973172421425,-2.258,-0.2507955980766178
233,-2.256,-0.24993523014182822,-2.256,-0.25095387976783173
234,-2.254,-0.2500874676576324,-2.254,-0.25110887042033786
235,-2.252,-0.25023645478078826,-2.252,-0.2512605806967447
236,-2.25,-0.25038219964246733,-2.25,-0.25140901887583356
237,-2.2479999999999998,-0.250524707995851,-2.2479999999999998,-0.25155419085255887
238,-2.246,-0.2506639832161307,-2.246,-0.25169610013804783
239,-2.2439999999999998,-0.25080002630050774,-2.2439999999999998,-0.2518347478596006
240,-2.242,-0.2509328358681934,-2.242,-0.2519701327606903
241,-2.24,-0.251062634483735,-2.24,-0.25210242832519475
242,-2.238,-0.25118994942748446,-2.238,-0.2522321898041452
243,-2.2359999999999998,-0.25131483945702365,-2.2359999999999998,-0.2523594941110549
244,-2.234,-0.2514373441696683,-2.234,-0.2524843813639546
245,-2.232,-0.2515575027324888,-2.232,-0.2526068912428679
246,-2.23,-0.25167535388230977,-2.23,-0.2527270629898112
247,-2.2279999999999998,-0.25179093592571067,-2.2279999999999998,-0.25284493540879377
248,-2.226,-0.2519042867390251,-2.226,-0.25296054686581776
249,-2.224,-0.25201544376834123,-2.224,-0.2530739352888781
250,-2.222,-0.2521244440295018,-2.222,-0.2531851381679627
251,-2.2199999999999998,-0.2522313241081039,-2.2199999999999998,-0.2532941925550521
252,-2.218,-0.2523361201594991,-2.218,-0.2534011350641198
253,-2.216,-0.2524388679087935,-2.216,-0.2535060018711322
254,-2.214,-0.2525396026508477,-2.214,-0.25360882871404844
255,-2.2119999999999997,-0.2526383592502766,-2.2119999999999997,-0.25370965089282055
256,-2.21,-0.2527351721414498,-2.21,-0.25380850326939336
257,-2.208,-0.25283007532849117,-2.208,-0.25390542026770463
258,-2.206,-0.2529231023852792,-2.206,-0.25400043587368487
259,-2.2039999999999997,-0.25301428645544677,-2.2039999999999997,-0.25409358363525747
260,-2.202,-0.2531036602523812,-2.202,-0.2541848966623387
261,-2.2,-0.2531912560592244,-2.2,-0.2542744076268376
262,-2.198,-0.25327710572887263,-2.198,-0.2543621487626561
263,-2.1959999999999997,-0.2533612406839767,-2.1959999999999997,-0.25444815186568903
264,-2.194,-0.2534436919169419,-2.194,-0.2545324482938239
265,-2.192,-0.2535244899899278,-2.192,-0.2546150689669412
266,-2.19,-0.2536036650348488,-2.19,-0.25469604436691423
267,-2.1879999999999997,-0.25368124675337345,-2.1879999999999997,-0.25477540453760916
268,-2.186,-0.25375726441692487,-2.186,-0.25485317908488486
269,-2.184,-0.2538317468666807,-2.184,-0.25492939717659324
270,-2.182,-0.25390472251357304,-2.182,-0.25500408754257897
271,-2.1799999999999997,-0.2539762193382884,-2.1799999999999997,-0.25507727847467954
272,-2.178,-0.2540462648912678,-2.178,-0.25514899782672523
273,-2.176,-0.2541148862927068,-2.176,-0.25521927301453934
274,-2.174,-0.25418211023255527,-2.174,-0.25528813101593784
275,-2.1719999999999997,-0.25424796297051766,-2.1719999999999997,-0.25535559837072963
276,-2.17,-0.2543124703360529,-2.17,-0.25542170118071644
277,-2.168,-0.25437565772837434,-2.168,-0.25548646510969286
278,-2.166,-0.25443755011644986,-2.166,-0.2555499153834462
279,-2.1639999999999997,-0.2544981720390017,-2.1639999999999997,-0.2556120767897568
280,-2.162,-0.2545575476045068,-2.162,-0.2556729736783977
281,-2.16,-0.25461570049119625,-2.16,-0.2557326299611349
282,-2.158,-0.2546726539470558,-2.158,-0.25579106911172705
283,-2.1559999999999997,-0.25472843078982577,-2.1559999999999997,-0.25584831416592596
284,-2.154,-0.2547830534070007,-2.154,-0.25590438772147595
285,-2.152,-0.25483654375582976,-2.152,-0.2559593119381144
286,-2.15,-0.2548889233633166,-2.15,-0.25601310853757137
287,-2.1479999999999997,-0.2549402133262193,-2.1479999999999997,-0.25606579880356994
288,-2.146,-0.2549904343110504,-2.146,-0.25611740358182594
289,-2.144,-0.25503960655407687,-2.144,-0.256167943280048
290,-2.142,-0.25508774986132027,-2.142,-0.2562174378679377
291,-2.14,-0.2551348836085566,-2.14,-0.25626590687718936
292,-2.138,-0.25518102674131615,-2.138,-0.2563133694014902
293,-2.136,-0.255226197774884,-2.136,-0.2563598440965203
294,-2.134,-0.2552704147942994,-2.134,-0.2564053491799525
295,-2.132,-0.2553136954543562,-2.132,-0.25644990243145255
296,-2.13,-0.25535605697960284,-2.13,-0.25649352119267904
297,-2.128,-0.25539751616434203,-2.128,-0.2565362223672834
298,-2.126,-0.255438089372631,-2.126,-0.25657802242090993
299,-2.124,-0.25547779253828157,-2.124,-0.2566189373811957
300,-2.122,-0.25551664116485984,-2.122,-0.25665898283777056
301,-2.12,-0.2555546503256866,-2.12,-0.25669817394225747
302,-2.118,-0.25559183466383684,-2.118,-0.25673652540827196
303,-2.116,-0.25562820839214034,-2.116,-0.2567740515114226
304,-2.114,-0.25566378529318107,-2.114,-0.2568107660893106
305,-2.112,-0.25569857871929763,-2.112,-0.2568466825415302
306,-2.11,-0.25573260159258304,-2.11,-0.2568818138296684
307,-2.108,-0.2557658664048848,-2.108,-0.256916172477305
308,-2.106,-0.2557983852178049,-2.106,-0.2569497705700128
309,-2.104,-0.2558301696626997,-2.104,-0.2569826197553572
310,-2.102,-0.25586123094068025,-2.102,-0.2570147312428967
311,-2.1,-0.25589157982261185,-2.1,-0.2570461158041824
312,-2.098,-0.2559212266491143,-2.098,-0.2570767837727585
313,-2.096,-0.2559501813305621,-2.096,-0.2571067450441618
314,-2.094,-0.2559784533470838,-2.094,-0.2571360090759221
315,-2.092,-0.25600605174856284,-2.092,-0.257164584887562
316,-2.09,-0.2560329851546369,-2.09,-0.25719248106059694
317,-2.088,-0.25605926175469823,-2.088,-0.25721970573853514
318,-2.086,-0.25608488930789347,-2.086,-0.25724626662687783
319,-2.084,-0.2561098751431237,-2.084,-0.25727217099311883
320,-2.082,-0.2561342261590447,-2.082,-0.25729742566674507
321,-2.08,-0.2561579488240664,-2.08,-0.2573220370392362
322,-2.078,-0.2561810491763535,-2.078,-0.2573460110640646
323,-2.076,-0.2562035328238249,-2.076,-0.2573693532566957
324,-2.074,-0.2562254049441542,-2.074,-0.25739206869458764
325,-2.072,-0.25624667028476933,-2.072,-0.2574141620171915
326,-2.07,-0.2562673331628528,-2.07,-0.25743563742595105
327,-2.068,-0.25628739989502897,-2.068,-0.25745649915706753
328,-2.066,-0.25630702293004526,-2.066,-0.25747688720819595
329,-2.064,-0.25632629364729714,-2.064,-0.25749691260487306
330,-2.062,-0.2563452153958203,-2.062,-0.25751657882092505
331,-2.06,-0.2563637915213235,-2.06,-0.25753588932573646
332,-2.058,-0.2563820253661889,-2.058,-0.2575548475842504
333,-2.056,-0.25639992026947195,-2.056,-0.25757345705696844
334,-2.054,-0.2564174795669011,-2.054,-0.25759172119995066
335,-2.052,-0.25643470659087814,-2.052,-0.2576096434648155
336,-2.05,-0.2564516046704783,-2.05,-0.2576272272987401
337,-2.048,-0.2564681771314498,-2.048,-0.2576444761444599
338,-2.046,-0.2564844272962143,-2.046,-0.2576613934402689
339,-2.044,-0.25650035848386654,-2.044,-0.2576779826200196
340,-2.042,-0.2565159740101746,-2.042,-0.2576942471131229
341,-2.04,-0.2565312771875798,-2.04,-0.2577101903445483
342,-2.038,-0.2565462713251967,-2.038,-0.25772581573482367
343,-2.036,-0.25656095972881304,-2.036,-0.2577411267000355
344,-2.034,-0.2565753457008899,-2.034,-0.2577561266518286
345,-2.032,-0.2565894325405616,-2.032,-0.2577708189974064
346,-2.03,-0.25660322354363563,-2.03,-0.2577852071395308
347,-2.028,-0.2566167220025928,-2.028,-0.25779929447652206
348,-2.026,-0.25662993120658706,-2.026,-0.25781308440225903
349,-2.024,-0.2566428544414458,-2.024,-0.25782658030617905
350,-2.022,-0.2566554949896694,-2.022,-0.25783978557327797
351,-2.02,-0.2566678561304317,-2.02,-0.25785270358411
352,-2.018,-0.25667994113957965,-2.018,-0.2578653377147879
353,-2.016,-0.25669175328963356,-2.016,-0.257877691336983
354,-2.0140000000000002,-0.2567032958497869,-2.0140000000000002,-0.25788976781792505
355,-2.012,-0.2567145720859064,-2.012,-0.2579015705204022
356,-2.01,-0.2567255852605321,-2.01,-0.25791310280276114
357,-2.008,-0.2567363386328771,-2.008,-0.2579243680189071
358,-2.0060000000000002,-0.2567468354588279,-2.0060000000000002,-0.2579353695183038
359,-2.004,-0.2567570789909444,-2.004,-0.25794611064597334
360,-2.002,-0.25676707247845937,-2.002,-0.2579565947424964
361,-2.0,-0.25677681916727907,-2.0,-0.2579668251440121
362,-1.998,-0.256786322299983,-1.998,-0.25797680518221805
363,-1.996,-0.25679558511582384,-1.996,-0.2579865381843703
364,-1.994,-0.2568046108507275,-1.994,-0.2579960274732835
365,-1.992,-0.2568134027372932,-1.992,-0.25800527636733067
366,-1.99,-0.2568219640047934,-1.99,-0.2580142881804434
367,-1.988,-0.2568302978791737,-1.988,-0.25802306622211174
368,-1.986,-0.25683840758305315,-1.986,-0.25803161379738415
369,-1.984,-0.2568462963357238,-1.984,-0.2580399342068677
370,-1.982,-0.25685396735315114,-1.982,-0.25804803074672783
371,-1.98,-0.25686142384797384,-1.98,-0.2580559067086885
372,-1.978,-0.2568686690295037,-1.978,-0.25806356538003217
373,-1.976,-0.256875706103726,-1.976,-0.25807101004359984
374,-1.974,-0.2568825382732991,-1.974,-0.2580782439777909
375,-1.972,-0.2568891687375546,-1.972,-0.2580852704565632
376,-1.97,-0.25689560069249745,-1.97,-0.25809209274943323
377,-1.968,-0.2569018373308057,-1.968,-0.25809871412147584
378,-1.966,-0.25690788184183083,-1.966,-0.2581051378333244
379,-1.964,-0.25691373741159734,-1.964,-0.25811136714117067
380,-1.962,-0.25691940722280326,-1.962,-0.2581174052967651
381,-1.96,-0.25692489445481953,-1.96,-0.25812325554741644
382,-1.958,-0.2569302022836907,-1.958,-0.258128921135992
383,-1.956,-0.25693533388213413,-1.956,-0.2581344053009176
384,-1.954,-0.2569402924195409,-1.954,-0.2581397112761774
385,-1.952,-0.256945081061975,-1.952,-0.25814484229131435
386,-1.95,-0.25694970297217373,-1.95,-0.25814980157142947
387,-1.948,-0.2569541613095478,-1.948,-0.25815459233718263
388,-1.946,-0.2569584592301809,-1.946,-0.25815921780479195
389,-1.944,-0.25696259988683023,-1.944,-0.2581636811860342
390,-1.942,-0.256966586428926,-1.942,-0.2581679856882445
391,-1.94,-0.25697042200257186,-1.94,-0.25817213451431653
392,-1.938,-0.2569741097505446,-1.938,-0.2581761308627024
393,-1.936,-0.2569776528122942,-1.936,-0.25817997792741276
394,-1.934,-0.256981054323944,-1.934,-0.25818367889801674
395,-1.932,-0.25698431741829064,-1.932,-0.25818723695964196
396,-1.93,-0.2569874452248039,-1.93,-0.2581906552929744
397,-1.928,-0.25699044086962664,-1.928,-0.2581939370742587
398,-1.926,-0.2569933074755753,-1.926,-0.2581970854752979
399,-1.924,-0.2569960481621394,-1.924,-0.2582001036634536
400,-1.922,-0.25699866604548166,-1.922,-0.25820299480164566
401,-1.92,-0.2570011642384381,-1.92,-0.2582057620483527
402,-1.918,-0.257003545850518,-1.918,-0.2582084085576117
403,-1.916,-0.2570058139879039,-1.916,-0.2582109374790181
404,-1.914,-0.25700797175345147,-1.914,-0.2582133519577258
405,-1.912,-0.2570100222466898,-1.912,-0.2582156551344474
406,-1.91,-0.2570119685638211,-1.91,-0.2582178501454536
407,-1.908,-0.2570138137977208,-1.908,-0.25821994012257404
408,-1.906,-0.2570155610379377,-1.906,-0.2582219281931965
409,-1.904,-0.2570172133706938,-1.904,-0.25822381748026735
410,-1.902,-0.2570187738788842,-1.902,-0.2582256111022915
411,-1.9,-0.25702024564207754,-1.9,-0.2582273121733322
412,-1.898,-0.25702163173651543,-1.898,-0.25822892380301143
413,-1.896,-0.2570229352351129,-1.896,-0.2582304490965094
414,-1.894,-0.257024159207458,-1.894,-0.25823189115456485
415,-1.892,-0.2570253067198124,-1.892,-0.2582332530734752
416,-1.89,-0.2570263808351106,-1.89,-0.25823453794509615
417,-1.888,-0.25702738461296065,-1.888,-0.258235748856842
418,-1.8860000000000001,-0.2570283211096437,-1.8860000000000001,-0.2582368888916854
419,-1.884,-0.2570291933781142,-1.884,-0.25823796112815756
420,-1.8820000000000001,-0.2570300044679998,-1.8820000000000001,-0.25823896864034834
421,-1.88,-0.2570307574256014,-1.88,-0.2582399144979058
422,-1.8780000000000001,-0.25703145529389326,-1.8780000000000001,-0.25824080176603664
423,-1.876,-0.2570321011125227,-1.876,-0.258241633505506
424,-1.874,-0.2570326979178104,-1.874,-0.25824241277263754
425,-1.8719999999999999,-0.2570332487427503,-1.8719999999999999,-0.2582431426193134
426,-1.87,-0.2570337566170095,-1.87,-0.25824382609297425
427,-1.8679999999999999,-0.2570342245669284,-1.8679999999999999,-0.25824446623661906
428,-1.866,-0.2570346556155207,-1.866,-0.25824506608880543
429,-1.8639999999999999,-0.2570350527824732,-1.8639999999999999,-0.25824562868364953
430,-1.862,-0.25703541908414607,-1.862,-0.25824615705082576
431,-1.8599999999999999,-0.25703575753357266,-1.8599999999999999,-0.2582466542155673
432,-1.858,-0.25703607114045957,-1.858,-0.25824712319866555
433,-1.8559999999999999,-0.2570363629111867,-1.8559999999999999,-0.2582475670164706
434,-1.854,-0.2570366358488072,-1.854,-0.2582479886808909
435,-1.8519999999999999,-0.2570368929530473,-1.8519999999999999,-0.25824839119939336
436,-1.85,-0.25703713722030674,-1.85,-0.25824877757500353
437,-1.8479999999999999,-0.2570373716436583,-1.8479999999999999,-0.2582491508063053
438,-1.846,-0.257037599212848,-1.846,-0.25824951388744105
439,-1.8439999999999999,-0.25703782291429533,-1.8439999999999999,-0.2582498698081118
440,-1.842,-0.25703804483211157,-1.842,-0.25825022155357685
441,-1.8399999999999999,-0.25703807970925774,-1.8399999999999999,-0.25825044583523726
442,-1.838,-0.257037797185564,-1.838,-0.2582503502610491
443,-1.8359999999999999,-0.25703721276774266,-1.8359999999999999,-0.2582499476822453
444,-1.834,-0.2570363417235587,-1.834,-0.2582492534463314
445,-1.8319999999999999,-0.25703519908182954,-1.8319999999999999,-0.2582482826616044
446,-1.83,-0.2570337996324252,-1.83,-0.258247050197153
447,-1.8279999999999998,-0.2570321579262683,-1.8279999999999998,-0.2582455706828575
448,-1.826,-0.25703028827533414,-1.826,-0.25824385850938975
449,-1.8239999999999998,-0.2570282047526503,-1.8239999999999998,-0.2582419278282133
450,-1.822,-0.2570259211922971,-1.822,-0.2582397925515833
451,-1.8199999999999998,-0.2570234511894075,-1.8199999999999998,-0.2582374663525464
452,-1.818,-0.25702080810016686,-1.818,-0.25823496266494095
453,-1.8159999999999998,-0.2570180050418132,-1.8159999999999998,-0.25823229468339687
454,-1.814,-0.25701505489263704,-1.814,-0.2582294753633357
455,-1.8119999999999998,-0.25701197029198153,-1.8119999999999998,-0.2582265174209706
456,-1.81,-0.2570087636402424,-1.81,-0.25822343333330633
457,-1.8079999999999998,-0.25700544709886786,-1.8079999999999998,-0.2582202353381393
458,-1.806,-0.25700203259035875,-1.806,-0.2582169354340574
459,-1.8039999999999998,-0.2569985317982684,-1.8039999999999998,-0.2582135453804403
460,-1.802,-0.2569949561672029,-1.802,-0.2582100766974591
461,-1.7999999999999998,-0.2569913169028206,-1.7999999999999998,-0.2582065406660767
462,-1.798,-0.2569876249718327,-1.798,-0.2582029483280474
463,-1.7959999999999998,-0.25698389110200276,-1.7959999999999998,-0.25819931048591727
464,-1.794,-0.25698012578214696,-1.794,-0.25819563770302395
465,-1.7919999999999998,-0.2569763392621342,-1.7919999999999998,-0.2581919403034967
466,-1.79,-0.25697254155288574,-1.79,-0.25818822837225625
467,-1.7879999999999998,-0.2569687424263755,-1.7879999999999998,-0.2581845117550151
468,-1.786,-0.25696495141562997,-1.786,-0.25818080005827737
469,-1.7839999999999998,-0.2569611778147281,-1.7839999999999998,-0.25817710264933863
470,-1.782,-0.25695743067880156,-1.782,-0.2581734286562862
471,-1.7799999999999998,-0.2569537188240345,-1.7799999999999998,-0.2581697869679989
472,-1.778,-0.2569500508276636,-1.778,-0.2581661862341473
473,-1.7759999999999998,-0.2569464350279782,-1.7759999999999998,-0.2581626348651934
474,-1.774,-0.25694287952432016,-1.774,-0.25815914103239107
475,-1.7719999999999998,-0.2569393921770839,-1.7719999999999998,-0.2581557126677854
476,-1.77,-0.25693598060771633,-1.77,-0.2581523574642135
477,-1.7679999999999998,-0.25693265219871714,-1.7679999999999998,-0.2581490828753038
478,-1.766,-0.2569294140936383,-1.766,-0.25814589611547645
479,-1.7639999999999998,-0.25692627319708455,-1.7639999999999998,-0.2581428041599432
480,-1.762,-0.2569232361747132,-1.762,-0.25813981374470735
481,-1.76,-0.2569203094532339,-1.76,-0.2581369313665639
482,-1.758,-0.2569174992204092,-1.758,-0.25813416328309946
483,-1.756,-0.2569148114250539,-1.756,-0.2581315155126922
484,-1.754,-0.2569122517770356,-1.754,-0.2581289938345118
485,-1.752,-0.25690982574727433,-1.752,-0.25812660378851976
486,-1.75,-0.2569075385677427,-1.75,-0.258124350675469
487,-1.748,-0.25690539523146594,-1.748,-0.2581222395569042
488,-1.746,-0.25690340049252175,-1.746,-0.25812027525516157
489,-1.744,-0.25690155886604055,-1.744,-0.2581184623533689
490,-1.742,-0.2568998746282052,-1.742,-0.25811680519544555
491,-1.74,-0.25689835181625115,-1.74,-0.2581153078861027
492,-1.738,-0.25689699422846635,-1.738,-0.25811397429084293
493,-1.736,-0.2568958054241915,-1.736,-0.2581128080359605
494,-1.734,-0.2568947887238197,-1.734,-0.25811181250854126
495,-1.732,-0.25689394720879666,-1.732,-0.25811099085646266
496,-1.73,-0.2568932837216207,-1.73,-0.25811034598839383
497,-1.728,-0.25689280086584254,-1.728,-0.25810988057379547
498,-1.726,-0.25689250100606575,-1.726,-0.2581095970429198
499,-1.724,-0.2568923862679462,-1.724,-0.2581094975868108
500,-1.722,-0.2568924585381925,-1.722,-0.2581095841573039
501,-1.72,-0.25689271946456566,-1.72,-0.2581098584670263
502,-1.718,-0.25689317045587945,-1.718,-0.2581103219893967
503,-1.716,-0.256893812682,-1.716,-0.2581109759586254
504,-1.714,-0.25689464707384624,-1.714,-0.2581118213697144
505,-1.712,-0.25689567432338944,-1.712,-0.2581128589784572
506,-1.71,-0.2568968948836535,-1.71,-0.258114089301439
507,-1.708,-0.256898308968715,-1.708,-0.25811551261603655
508,-1.706,-0.2568999165537029,-1.706,-0.25811712896041816
509,-1.704,-0.25690171737479894,-1.704,-0.258118938133544
510,-1.702,-0.2569037109292372,-1.702,-0.2581209396951654
511,-1.7,-0.2569058964753045,-1.7,-0.2581231329658258
512,-1.698,-0.2569082730323401,-1.698,-0.2581255170268599
513,-1.696,-0.2569108393807359,-1.696,-0.25812809072039405
514,-1.694,-0.25691359406193637,-1.694,-0.2581308526493464
515,-1.692,-0.2569165353784385,-1.692,-0.2581338011774265
516,-1.69,-0.2569196613937919,-1.69,-0.25813693442913566
517,-1.688,-0.2569229699325986,-1.688,-0.2581402502897666
518,-1.686,-0.25692645858051344,-1.686,-0.25814374640540394
519,-1.684,-0.25693012468424364,-1.684,-0.2581474201829236
520,-1.682,-0.256933965351549,-1.682,-0.25815126878999334
521,-1.68,-0.2569379774512419,-1.68,-0.2581552891550724
522,-1.678,-0.2569421576131874,-1.678,-0.2581594779674117
523,-1.676,-0.25694650222830295,-1.676,-0.2581638316770537
524,-1.674,-0.2569510074485587,-1.674,-0.2581683464948325
525,-1.672,-0.2569556691869772,-1.672,-0.25817301839237383
526,-1.67,-0.2569604831176338,-1.67,-0.258177843102095
527,-1.668,-0.25696544467565624,-1.668,-0.258182816117205
528,-1.666,-0.25697054905722483,-1.666,-0.25818793269170426
529,-1.664,-0.25697579121957254,-1.664,-0.258193187840385
530,-1.662,-0.2569811658809848,-1.662,-0.2581985763388309
531,-1.66,-0.2569866675207997,-1.66,-0.2582040927234174
532,-1.658,-0.2569922903794078,-1.658,-0.2582097312913114
533,-1.656,-0.25699802845825237,-1.656,-0.25821548610047157
534,-1.654,-0.25700387551982906,-1.654,-0.258221350969648
535,-1.652,-0.2570098250876862,-1.652,-0.25822731947838246
536,-1.65,-0.25701587044642465,-1.65,-0.25823338496700843
537,-1.648,-0.2570220046416979,-1.648,-0.25823954053665094
538,-1.646,-0.2570282204802119,-1.646,-0.2582457790492265
539,-1.644,-0.2570345105297252,-1.644,-0.2582520931274434
540,-1.642,-0.25704086711904894,-1.642,-0.25825847515480144
541,-1.64,-0.25704728233804686,-1.64,-0.2582649172755921
542,-1.638,-0.25705374803763514,-1.638,-0.2582714113948984
543,-1.636,-0.2570602558297827,-1.636,-0.25827794917859503
544,-1.634,-0.2570667970875108,-1.634,-0.2582845220533482
545,-1.632,-0.2570733629448935,-1.632,-0.2582911212066158
546,-1.63,-0.2570799442970573,-1.63,-0.2582977375866473
547,-1.628,-0.2570865318001812,-1.628,-0.25830436190248385
548,-1.626,-0.25709311587149697,-1.626,-0.2583109846239581
549,-1.6239999999999999,-0.2570996866892887,-1.6239999999999999,-0.2583175959816943
550,-1.6219999999999999,-0.25710623419289325,-1.6219999999999999,-0.25832418596710843
551,-1.6199999999999999,-0.2571127480826999,-1.6199999999999999,-0.258330744332408
552,-1.6179999999999999,-0.2571192178201506,-1.6179999999999999,-0.25833726059059214
553,-1.6159999999999999,-0.25712563262773985,-1.6159999999999999,-0.2583437240154516
554,-1.6139999999999999,-0.2571319814890146,-1.6139999999999999,-0.2583501236415686
555,-1.6119999999999999,-0.2571382531485745,-1.6119999999999999,-0.2583564482643173
556,-1.6099999999999999,-0.2571444361120718,-1.6099999999999999,-0.2583626864398631
557,-1.6079999999999999,-0.257150518646211,-1.6079999999999999,-0.25836882648516324
558,-1.6059999999999999,-0.2571564887787496,-1.6059999999999999,-0.25837485647796643
559,-1.6039999999999999,-0.2571623342984974,-1.6039999999999999,-0.25838076425681317
560,-1.6019999999999999,-0.25716804275531674,-1.6019999999999999,-0.25838653742103534
561,-1.5999999999999999,-0.25717360146012275,-1.5999999999999999,-0.2583921633307566
562,-1.5979999999999999,-0.2571789974848829,-1.5979999999999999,-0.25839762910689207
563,-1.5959999999999999,-0.2571842176626173,-1.5959999999999999,-0.2584029216311487
564,-1.5939999999999999,-0.2571892485873986,-1.5939999999999999,-0.2584080275460248
565,-1.5919999999999999,-0.2571940766143522,-1.5919999999999999,-0.2584129332548105
566,-1.5899999999999999,-0.2571986878596557,-1.5899999999999999,-0.2584176249215874
567,-1.5879999999999999,-0.2572030682005396,-1.5879999999999999,-0.25842208847122866
568,-1.5859999999999999,-0.2572072032752869,-1.5859999999999999,-0.2584263095893992
569,-1.5839999999999999,-0.257211078483233,-1.5839999999999999,-0.25843027372255556
570,-1.5819999999999999,-0.25721467898476597,-1.5819999999999999,-0.2584339660779457
571,-1.5799999999999998,-0.25721798970132653,-1.5799999999999998,-0.2584373716236094
572,-1.5779999999999998,-0.2572209953154078,-1.5779999999999998,-0.25844047508837786
573,-1.5759999999999998,-0.2572236802705556,-1.5759999999999998,-0.25844326096187403
574,-1.5739999999999998,-0.2572260287713682,-1.5739999999999998,-0.2584457134945124
575,-1.5719999999999998,-0.2572280247834965,-1.5719999999999998,-0.25844781669749906
576,-1.5699999999999998,-0.257229652033644,-1.5699999999999998,-0.25844955434283173
577,-1.568,-0.2572308940095667,-1.568,-0.2584509099632997
578,-1.566,-0.25723173396007326,-1.566,-0.25845186685248406
579,-1.564,-0.2572321548950247,-1.564,-0.2584524080647572
580,-1.562,-0.2572321395853348,-1.562,-0.25845251641528333
581,-1.56,-0.2572316705629699,-1.56,-0.2584521744800182
582,-1.558,-0.25723073012094877,-1.558,-0.25845136459570917
583,-1.556,-0.2572293003133429,-1.556,-0.25845006885989524
584,-1.554,-0.25722736295527615,-1.554,-0.258448269130907
585,-1.552,-0.25722489962292516,-1.552,-0.2584459470278666
586,-1.55,-0.257221891653519,-1.55,-0.2584430839306879
587,-1.548,-0.2572183201453393,-1.548,-0.2584396609800762
588,-1.546,-0.2572141659577204,-1.546,-0.25843565907752863
589,-1.544,-0.257209409711049,-1.544,-0.2584310588853338
590,-1.542,-0.2572040765801809,-1.542,-0.2584258621717389
591,-1.54,-0.25719825771300064,-1.54,-0.258420163184958
592,-1.538,-0.25719198510960933,-1.538,-0.2584140018348213
593,-1.536,-0.25718528866705964,-1.536,-0.25840740818552543
594,-1.534,-0.2571781977513998,-1.534,-0.2584004117700994
595,-1.532,-0.25717074119767364,-1.532,-0.2583930415904049
596,-1.53,-0.2571629473099207,-1.53,-0.2583853261171358
597,-1.528,-0.25715484386117615,-1.528,-0.25837729328981907
598,-1.526,-0.25714645809347064,-1.526,-0.2583689705168137
599,-1.524,-0.25713781671783065,-1.524,-0.2583603846753114
600,-1.522,-0.2571289459142781,-1.522,-0.25835156211133664
601,-1.52,-0.2571198713318306,-1.52,-0.258342528639746
602,-1.518,-0.2571106180885015,-1.518,-0.2583333095442289
603,-1.516,-0.2571012107712995,-1.516,-0.2583239295773072
604,-1.514,-0.25709167343622913,-1.514,-0.2583144129603353
605,-1.512,-0.2570820296082906,-1.512,-0.25830478338350016
606,-1.51,-0.2570723022814795,-1.51,-0.2582950640058212
607,-1.508,-0.25706251391878726,-1.508,-0.2582852774551504
608,-1.506,-0.2570526864522008,-1.506,-0.25827544582817236
609,-1.504,-0.2570428412827028,-1.504,-0.2582655906904041
610,-1.502,-0.25703299928027146,-1.502,-0.25825573307619526
611,-1.5,-0.25702318078388053,-1.5,-0.25824589348872795
612,-1.498,-0.2570134056014996,-1.498,-0.2582360919000169
613,-1.496,-0.2570036930100937,-1.496,-0.2582263477509092
614,-1.494,-0.25699406175562345,-1.494,-0.25821667995108466
615,-1.492,-0.25698453005304533,-1.492,-0.25820710687905557
616,-1.49,-0.25697511558631125,-1.49,-0.2581976463821667
617,-1.488,-0.2569658355083688,-1.488,-0.2581883157765954
618,-1.486,-0.25695670644116114,-1.486,-0.2581791318473516
619,-1.484,-0.2569477444756271,-1.484,-0.2581701108482776
620,-1.482,-0.25693896517170123,-1.482,-0.2581612685020485
621,-1.48,-0.25693038355831344,-1.48,-0.25815262000017164
622,-1.478,-0.2569220141333895,-1.478,-0.25814418000298706
623,-1.476,-0.25691387086385076,-1.476,-0.2581359626396673
624,-1.474,-0.2569059671856141,-1.474,-0.25812798150821753
625,-1.472,-0.25689831600359214,-1.472,-0.2581202496754753
626,-1.47,-0.25689092969169297,-1.47,-0.2581127796771107
627,-1.468,-0.2568838200928205,-1.468,-0.2581055835176266
628,-1.466,-0.25687699851887413,-1.466,-0.25809867267035796
629,-1.464,-0.2568704757507489,-1.464,-0.2580920580774727
630,-1.462,-0.25686426203833546,-1.462,-0.2580857501499711
631,-1.46,-0.2568583671005201,-1.46,-0.2580797587676859
632,-1.458,-0.25685280012518485,-1.458,-0.25807409327928255
633,-1.456,-0.25684756976920714,-1.456,-0.2580687625022589
634,-1.454,-0.2568426841584602,-1.454,-0.25806377472294534
635,-1.452,-0.25683815088781276,-1.452,-0.2580591376965048
636,-1.45,-0.2568339770211293,-1.45,-0.2580548586469329
637,-1.448,-0.2568301690912698,-1.448,-0.2580509442670575
638,-1.446,-0.25682673310008997,-1.446,-0.2580474007185393
639,-1.444,-0.256823674518441,-1.444,-0.2580442336318713
640,-1.442,-0.25682099828616994,-1.442,-0.2580414481063792
641,-1.44,-0.25681870881211916,-1.44,-0.2580390487102211
642,-1.438,-0.2568168099741269,-1.438,-0.2580370394803877
643,-1.436,-0.25681530511902695,-1.436,-0.2580354239227023
644,-1.434,-0.25681419706264863,-1.434,-0.25803420501182056
645,-1.432,-0.25681348808981697,-1.432,-0.2580333851912308
646,-1.43,-0.25681317995435265,-1.43,-0.2580329663732539
647,-1.428,-0.25681327387907193,-1.428,-0.25803294993904324
648,-1.426,-0.25681377055578664,-1.426,-0.25803333673858464
649,-1.424,-0.25681467014530435,-1.424,-0.2580341270906966
650,-1.422,-0.2568159722774282,-1.422,-0.2580353207830301
651,-1.42,-0.2568176760509569,-1.42,-0.25803691707206855
652,-1.418,-0.25681978003368483,-1.418,-0.25803891468312806
653,-1.416,-0.25682228226240195,-1.416,-0.25804131181035717
654,-1.414,-0.25682518024289397,-1.414,-0.258044106116737
655,-1.412,-0.2568284709499421,-1.412,-0.2580472947340812
656,-1.41,-0.2568321508273232,-1.41,-0.25805087426303597
657,-1.408,-0.2568362157878098,-1.408,-0.25805484077307994
658,-1.406,-0.2568406612131699,-1.406,-0.25805918980252435
659,-1.404,-0.25684548195416734,-1.404,-0.25806391635851306
660,-1.402,-0.25685067233056147,-1.402,-0.25806901491702233
661,-1.4,-0.25685622613110726,-1.4,-0.258074479422861
662,-1.398,-0.2568621366135553,-1.398,-0.2580803032896704
663,-1.396,-0.2568683965046518,-1.396,-0.2580864793999246
664,-1.394,-0.25687499800013863,-1.394,-0.2580930001049298
665,-1.392,-0.2568819327647533,-1.392,-0.2580998572248252
666,-1.39,-0.25688919193222887,-1.39,-0.25810704204858226
667,-1.388,-0.256896766105294,-1.388,-0.25811454533400496
668,-1.386,-0.25690464535567314,-1.386,-0.2581223573077299
669,-1.384,-0.2569128192240862,-1.384,-0.2581304676652263
670,-1.382,-0.2569212767202488,-1.382,-0.2581388655707957
671,-1.38,-0.25693000632287205,-1.38,-0.25814753965757226
672,-1.378,-0.2569389959796629,-1.378,-0.2581564780275228
673,-1.376,-0.25694823310732373,-1.376,-0.25816566825144655
674,-1.3739999999999999,-0.25695770459155265,-1.3739999999999999,-0.2581750973689752
675,-1.3719999999999999,-0.2569673967870434,-1.3719999999999999,-0.2581847518885732
676,-1.3699999999999999,-0.2569772955174852,-1.3699999999999999,-0.25819461778753733
677,-1.3679999999999999,-0.2569873860755631,-1.3679999999999999,-0.258204680511997
678,-1.3659999999999999,-0.25699765322295753,-1.3659999999999999,-0.2582149249769142
679,-1.3639999999999999,-0.25700808119034485,-1.3639999999999999,-0.25822533556608324
680,-1.3619999999999999,-0.2570186536773968,-1.3619999999999999,-0.2582358961321312
681,-1.3599999999999999,-0.2570293538527808,-1.3599999999999999,-0.2582465899965176
682,-1.3579999999999999,-0.25704016435415994,-1.3579999999999999,-0.2582573999495345
683,-1.3559999999999999,-0.2570510672881928,-1.3559999999999999,-0.25826830825030656
684,-1.3539999999999999,-0.25706204423053386,-1.3539999999999999,-0.2582792966267907
685,-1.3519999999999999,-0.257073076225833,-1.3519999999999999,-0.25829034627577685
686,-1.3499999999999999,-0.25708414378773564,-1.3499999999999999,-0.258301437862887
687,-1.3479999999999999,-0.25709522689888303,-1.3479999999999999,-0.25831255152257604
688,-1.3459999999999999,-0.25710630501091203,-1.3459999999999999,-0.2583236668581311
689,-1.3439999999999999,-0.25711735704445504,-1.3439999999999999,-0.258334762941672
690,-1.3419999999999999,-0.25712836138914,-1.3419999999999999,-0.25834581831415115
691,-1.3399999999999999,-0.2571392959035907,-1.3399999999999999,-0.2583568109853534
692,-1.3379999999999999,-0.25715013791542635,-1.3379999999999999,-0.25836771843389605
693,-1.3359999999999999,-0.2571608642212619,-1.3359999999999999,-0.2583785176072292
694,-1.3339999999999999,-0.2571714510867078,-1.3339999999999999,-0.25838918492163515
695,-1.3319999999999999,-0.25718187424637035,-1.3319999999999999,-0.25839969626222903
696,-1.3299999999999998,-0.2571921089038512,-1.3299999999999998,-0.2584100269829583
697,-1.3279999999999998,-0.25720212973174783,-1.3279999999999998,-0.25842015190660306
698,-1.3259999999999998,-0.25721191087165324,-1.3259999999999998,-0.2584300453247759
699,-1.3239999999999998,-0.2572214259341561,-1.3239999999999998,-0.258439680997922
700,-1.3219999999999998,-0.2572306479988406,-1.3219999999999998,-0.25844903215531906
701,-1.3199999999999998,-0.2572395496142867,-1.3199999999999998,-0.2584580714950772
702,-1.3179999999999998,-0.2572481027980699,-1.3179999999999998,-0.2584667711841392
703,-1.3159999999999998,-0.25725627903676135,-1.3159999999999998,-0.25847510285828035
704,-1.314,-0.2572640492859278,-1.314,-0.25848303762210845
705,-1.312,-0.2572713839701316,-1.312,-0.2584905460490638
706,-1.31,-0.25727825298293083,-1.31,-0.2584975981814194
707,-1.308,-0.25728462568687904,-1.308,-0.25850416353028055
708,-1.306,-0.2572904709135255,-1.306,-0.2585102110755852
709,-1.304,-0.25729575696341517,-1.304,-0.2585157092661039
710,-1.302,-0.2573004516060885,-1.302,-0.25852062601943965
711,-1.3,-0.25730452208008153,-1.3,-0.2585249287220279
712,-1.298,-0.2573079350929261,-1.298,-0.2585285842291369
713,-1.296,-0.2573106568211495,-1.296,-0.2585315588648672
714,-1.294,-0.2573126529102748,-1.294,-0.25853381842215184
715,-1.292,-0.2573138884748205,-1.292,-0.25853532816275665
716,-1.29,-0.25731432809830096,-1.29,-0.25853605281727976
717,-1.288,-0.257313935833226,-1.288,-0.258535956585152
718,-1.286,-0.25731267520110107,-1.286,-0.2585350031346366
719,-1.284,-0.25731050919242726,-1.284,-0.25853315560282947
720,-1.282,-0.25730740026670135,-1.282,-0.25853037659565886
721,-1.28,-0.2573033103524156,-1.28,-0.2585266281878857
722,-1.278,-0.25729820084705807,-1.278,-0.2585218719231034
723,-1.276,-0.2572920326171123,-1.276,-0.25851606881373795
724,-1.274,-0.2572850786677815,-1.274,-0.25850930425468316
725,-1.272,-0.25727768551270525,-1.272,-0.2585020431291696
726,-1.27,-0.2572698824643776,-1.27,-0.25849435926348363
727,-1.268,-0.2572616981673441,-1.268,-0.25848628161414816
728,-1.266,-0.2572531607528555,-1.266,-0.2584778386225501
729,-1.264,-0.257244297838867,-1.264,-0.2584690582149402
730,-1.262,-0.2572351365300388,-1.262,-0.2584599678024334
731,-1.26,-0.25722570341773615,-1.26,-0.2584505942810084
732,-1.258,-0.2572160245800289,-1.258,-0.25844096403150796
733,-1.256,-0.25720612558169176,-1.256,-0.2584311029196388
734,-1.254,-0.25719603147420445,-1.254,-0.2584210362959715
735,-1.252,-0.25718576679575134,-1.252,-0.2584107889959408
736,-1.25,-0.25717535557122184,-1.25,-0.25840038533984516
737,-1.248,-0.25716482131221013,-1.248,-0.2583898491328472
738,-1.246,-0.2571541870170152,-1.246,-0.2583792036649734
739,-1.244,-0.2571434751706409,-1.244,-0.25836847171111427
740,-1.242,-0.257132707744796,-1.242,-0.2583576755310242
741,-1.24,-0.2571219061978941,-1.24,-0.2583468368693216
742,-1.238,-0.25711109147505357,-1.238,-0.2583359769554888
743,-1.236,-0.25710028400809765,-1.236,-0.25832511650387213
744,-1.234,-0.2570895037155545,-1.234,-0.25831427571368193
745,-1.232,-0.2570787700026571,-1.232,-0.2583034742689924
746,-1.23,-0.25706810176134326,-1.23,-0.2582927313387417
747,-1.228,-0.2570575173702557,-1.228,-0.25828206557673206
748,-1.226,-0.25704703469474177,-1.226,-0.2582714951216296
749,-1.224,-0.257036671086854,-1.224,-0.2582610375969644
750,-1.222,-0.25702644338534963,-1.222,-0.2582507101111305
751,-1.22,-0.2570163679156906,-1.22,-0.25824052925738594
752,-1.218,-0.2570064604900439,-1.218,-0.25823051111385265
753,-1.216,-0.2569967364072812,-1.216,-0.2582206712435166
754,-1.214,-0.2569872104529793,-1.214,-0.25821102469422774
755,-1.212,-0.25697789689941947,-1.212,-0.25820158599869986
756,-1.21,-0.25696880950558815,-1.21,-0.2581923691745108
757,-1.208,-0.2569599615171764,-1.208,-0.25818338772410243
758,-1.206,-0.2569513656665804,-1.206,-0.2581746546347804
759,-1.204,-0.2569430341729008,-1.204,-0.25816618237871447
760,-1.202,-0.2569349787419435,-1.202,-0.25815798291293823
761,-1.2,-0.2569272105662189,-1.2,-0.25815006767934945
762,-1.198,-0.2569197403249425,-1.198,-0.25814244760470967
763,-1.196,-0.2569125781840346,-1.196,-0.25813513310064445
764,-1.194,-0.25690573379612025,-1.194,-0.25812813406364327
765,-1.192,-0.25689921630052936,-1.192,-0.2581214598750597
766,-1.19,-0.2568930343232968,-1.19,-0.2581151194011111
767,-1.188,-0.25688719597716225,-1.188,-0.2581091209928789
768,-1.186,-0.25688170886157013,-1.186,-0.25810347248630855
769,-1.184,-0.25687658006266983,-1.184,-0.2580981812022093
770,-1.182,-0.2568718161533156,-1.182,-0.2580932539462545
771,-1.18,-0.2568674231930665,-1.18,-0.2580886970089813
772,-1.178,-0.25686340672818636,-1.178,-0.25808451616579103
773,-1.176,-0.256859771791644,-1.176,-0.2580807166769489
774,-1.174,-0.25685652290311295,-1.174,-0.25807730328758394
775,-1.172,-0.25685366406897175,-1.172,-0.2580742802276893
776,-1.17,-0.2568511987823036,-1.17,-0.25807165121212206
777,-1.168,-0.2568491300228968,-1.168,-0.25806941944060324
778,-1.166,-0.2568474602572442,-1.166,-0.25806758759771786
779,-1.164,-0.2568461914385437,-1.164,-0.25806615785291487
780,-1.162,-0.256845325006698,-1.162,-0.25806513186050717
781,-1.16,-0.2568448618883147,-1.16,-0.2580645107596716
782,-1.158,-0.2568448024967061,-1.158,-0.25806429517444907
783,-1.156,-0.2568451467318895,-1.156,-0.2580644852137443
784,-1.154,-0.25684589398058705,-1.154,-0.25806508047132615
785,-1.152,-0.2568470431162256,-1.152,-0.2580660800258273
786,-1.15,-0.256848592498937,-1.15,-0.25806748244074446
787,-1.148,-0.25685053997555785,-1.148,-0.2580692857644382
788,-1.146,-0.2568528828796297,-1.146,-0.25807148753013326
789,-1.144,-0.2568556180313989,-1.144,-0.2580740847559181
790,-1.142,-0.2568587417378166,-1.142,-0.2580770739447453
791,-1.14,-0.2568622497925388,-1.14,-0.25808045108443145
792,-1.138,-0.25686613747592646,-1.138,-0.2580842116476569
793,-1.136,-0.25687039955504537,-1.136,-0.2580883505919661
794,-1.134,-0.256875030283666,-1.134,-0.2580928623597674
795,-1.132,-0.25688002340226385,-1.132,-0.25809774087833326
796,-1.13,-0.2568853721380192,-1.13,-0.2581029795597999
797,-1.128,-0.25689106920481725,-1.128,-0.25810857130116754
798,-1.126,-0.2568971068032479,-1.126,-0.25811450848430056
799,-1.1239999999999999,-0.25690347662060603,-1.1239999999999999,-0.25812078297592705
800,-1.1219999999999999,-0.2569101698308913,-1.1219999999999999,-0.2581273861276392
801,-1.1199999999999999,-0.25691717709480827,-1.1199999999999999,-0.25813430877589316
802,-1.1179999999999999,-0.25692448855976635,-1.1179999999999999,-0.25814154124200894
803,-1.1159999999999999,-0.2569320938598797,-1.1159999999999999,-0.25814907333217063
804,-1.1139999999999999,-0.25693998211596747,-1.1139999999999999,-0.2581568943374263
805,-1.1119999999999999,-0.25694814193555354,-1.1119999999999999,-0.2581649930336878
806,-1.1099999999999999,-0.25695656141286677,-1.1099999999999999,-0.2581733576817311
807,-1.1079999999999999,-0.25696522812884076,-1.1079999999999999,-0.2581819760271961
808,-1.1059999999999999,-0.25697412915111395,-1.1059999999999999,-0.25819083530058673
809,-1.1039999999999999,-0.2569832510340297,-1.1039999999999999,-0.2581999222172707
810,-1.1019999999999999,-0.2569925798186362,-1.1019999999999999,-0.25820922297747984
811,-1.0999999999999999,-0.2570021010326865,-1.0999999999999999,-0.2582187232663099
812,-1.0979999999999999,-0.2570117996906384,-1.0979999999999999,-0.2582284082537205
813,-1.0959999999999999,-0.25702166029365475,-1.0959999999999999,-0.2582382625945354
814,-1.0939999999999999,-0.25703166682960304,-1.0939999999999999,-0.2582482704284423
815,-1.0919999999999999,-0.2570418027730557,-1.0919999999999999,-0.25825841537999256
816,-1.0899999999999999,-0.25705205108529006,-1.0899999999999999,-0.2582686805586019
817,-1.0879999999999999,-0.25706239421428817,-1.0879999999999999,-0.25827904855854983
818,-1.0859999999999999,-0.2570728140947371,-1.0859999999999999,-0.2582895014589798
819,-1.0839999999999999,-0.25708329214802855,-1.0839999999999999,-0.2583000208238992
820,-1.0819999999999999,-0.25709380928225933,-1.0819999999999999,-0.25831058770217946
821,-1.0799999999999998,-0.2571043458922309,-1.0799999999999998,-0.258321182627556
822,-1.0779999999999998,-0.25711488185944964,-1.0779999999999998,-0.2583317856186281
823,-1.0759999999999998,-0.25712539655212674,-1.0759999999999998,-0.25834237617885897
824,-1.0739999999999998,-0.2571358688251783,-1.0739999999999998,-0.258352933296576
825,-1.0719999999999998,-0.2571462770202253,-1.0719999999999998,-0.2583634354449703
826,-1.0699999999999998,-0.25715659896559345,-1.0699999999999998,-0.25837386058209716
827,-1.0679999999999998,-0.2571668119763133,-1.0679999999999998,-0.25838418615087555
828,-1.0659999999999998,-0.2571768928541205,-1.0659999999999998,-0.2583943890790887
829,-1.0639999999999998,-0.2571868178874552,-1.0639999999999998,-0.2584044457793836
830,-1.0619999999999998,-0.25719656285146264,-1.0619999999999998,-0.2584143321492713
831,-1.0599999999999998,-0.25720610300799285,-1.0599999999999998,-0.2584240235711268
832,-1.0579999999999998,-0.2572154131056007,-1.0579999999999998,-0.258433494912189
833,-1.056,-0.2572244673795459,-1.056,-0.2584427205245608
834,-1.054,-0.25723323955179295,-1.054,-0.25845167424520915
835,-1.052,-0.2572417028310114,-1.052,-0.2584603293959648
836,-1.05,-0.25724982991257533,-1.05,-0.25846865878352265
837,-1.048,-0.25725759297856404,-1.048,-0.2584766346994413
838,-1.046,-0.2572649636977614,-1.046,-0.2584842289201436
839,-1.044,-0.25727191322565623,-1.044,-0.25849141270691617
840,-1.042,-0.25727841220444225,-1.042,-0.25849815680590965
841,-1.04,-0.2572844307630179,-1.04,-0.25850443144813867
842,-1.038,-0.2572899385169865,-1.038,-0.2585102063494818
843,-1.036,-0.2572949045686564,-1.036,-0.25851545071068155
844,-1.034,-0.25729929750704056,-1.034,-0.2585201332173444
845,-1.032,-0.25730308540785696,-1.032,-0.25852422203994085
846,-1.03,-0.2573062358335283,-1.03,-0.2585276848338053
847,-1.028,-0.2573087158331822,-1.028,-0.2585304887391361
848,-1.026,-0.2573104919426511,-1.026,-0.25853260038099557
849,-1.024,-0.25731153018447234,-1.024,-0.25853398586931003
850,-1.022,-0.2573117960678881,-1.022,-0.2585346107988698
851,-1.02,-0.25731125458884535,-1.02,-0.2585344402493291
852,-1.018,-0.25730987022999596,-1.018,-0.258533438785206
853,-1.016,-0.2573076069606966,-1.016,-0.2585315704558828
854,-1.014,-0.25730442823700883,-1.014,-0.25852879879560553
855,-1.012,-0.2573002970016991,-1.012,-0.25852508682348424
856,-1.01,-0.25729517568423865,-1.01,-0.25852039704349306
857,-1.008,-0.257289030094448,-1.008,-0.2585146914444699
858,-1.006,-0.2572821492379277,-1.006,-0.25850804669105176
859,-1.004,-0.25727475393724697,-1.004,-0.2585008398062345
860,-1.002,-0.2572668759082616,-1.002,-0.2584931321531108
861,-1.0,-0.2572585463339126,-1.0,-0.2584849553734273
862,-0.998,-0.25724979586422664,-0.998,-0.25847634057245095
863,-0.996,-0.2572406546163156,-0.996,-0.2584673183189689
864,-0.994,-0.25723115217437703,-0.994,-0.25845791864528883
865,-0.992,-0.2572213175896938,-0.992,-0.25844817104723866
866,-0.99,-0.25721117938063415,-0.99,-0.25843810448416665
867,-0.988,-0.25720076553265186,-0.988,-0.25842774737894136
868,-0.986,-0.2571901034982861,-0.986,-0.25841712761795166
869,-0.984,-0.25717922019716155,-0.984,-0.2584062725511068
870,-0.982,-0.2571681420159882,-0.982,-0.25839520899183643
871,-0.98,-0.2571568948085616,-0.98,-0.2583839632170903
872,-0.978,-0.2571455038957627,-0.978,-0.2583725609673387
873,-0.976,-0.25713399406555776,-0.976,-0.25836102744657213
874,-0.974,-0.25712238957299866,-0.974,-0.2583493873223015
875,-0.972,-0.25711071414022263,-0.972,-0.25833766472555797
876,-0.97,-0.2570989909564524,-0.97,-0.25832588325089306
877,-0.968,-0.25708724267799604,-0.968,-0.2583140659563786
878,-0.966,-0.2570754914282471,-0.966,-0.25830223536360686
879,-0.964,-0.25706375879768456,-0.964,-0.25829041345769027
880,-0.962,-0.25705206584387286,-0.962,-0.2582786216872616
881,-0.96,-0.25704043309146185,-0.96,-0.2582668809644742
882,-0.958,-0.25702888053218687,-0.958,-0.25825521166500137
883,-0.956,-0.2570174276248686,-0.956,-0.258243633628037
884,-0.954,-0.2570060932954133,-0.954,-0.2582321661562952
885,-0.952,-0.25699489593681246,-0.952,-0.2582208280160105
886,-0.95,-0.2569838534091432,-0.95,-0.2582096374369376
887,-0.948,-0.256972983039568,-0.948,-0.25819861211235173
888,-0.946,-0.2569623016223348,-0.946,-0.25818776919904823
889,-0.944,-0.2569518254187769,-0.944,-0.258177125317343
890,-0.942,-0.25694157015731317,-0.942,-0.258166696551072
891,-0.94,-0.2569315510334477,-0.94,-0.25815649844759175
892,-0.938,-0.25692178270977034,-0.938,-0.25814654601777903
893,-0.9359999999999999,-0.25691227931595606,-0.9359999999999999,-0.25813685373603085
894,-0.9339999999999999,-0.25690305444876543,-0.9339999999999999,-0.2581274355402647
895,-0.9319999999999999,-0.25689412117204447,-0.9319999999999999,-0.2581183048319183
896,-0.9299999999999999,-0.25688549201672456,-0.9299999999999999,-0.2581094744759496
897,-0.9279999999999999,-0.2568771789808226,-0.9279999999999999,-0.25810095680083717
898,-0.9259999999999999,-0.2568691935294407,-0.9259999999999999,-0.25809276359857963
899,-0.9239999999999999,-0.25686154659476684,-0.9239999999999999,-0.2580849061246961
900,-0.9219999999999999,-0.256854248576074,-0.9219999999999999,-0.25807739509822586
901,-0.9199999999999999,-0.25684730933972083,-0.9199999999999999,-0.25807024070172874
902,-0.9179999999999999,-0.2568407382191514,-0.9179999999999999,-0.25806345258128466
903,-0.9159999999999999,-0.2568345440148951,-0.9159999999999999,-0.258057039846494
904,-0.9139999999999999,-0.25682873499456693,-0.9139999999999999,-0.25805101107047745
905,-0.9119999999999999,-0.25682331889286714,-0.9119999999999999,-0.25804537428987606
906,-0.9099999999999999,-0.2568183029115816,-0.9099999999999999,-0.2580401370048512
907,-0.9079999999999999,-0.25681369371958146,-0.9079999999999999,-0.2580353061790844
908,-0.9059999999999999,-0.25680949745282344,-0.9059999999999999,-0.25803088823977777
909,-0.9039999999999999,-0.25680571971434957,-0.9039999999999999,-0.2580268890776536
910,-0.9019999999999999,-0.25680236557428743,-0.9019999999999999,-0.25802331404695455
911,-0.8999999999999999,-0.2567994395698499,-0.8999999999999999,-0.2580201679654436
912,-0.8979999999999999,-0.25679694570533546,-0.8979999999999999,-0.258017455114404
913,-0.8959999999999999,-0.2567948874521279,-0.8959999999999999,-0.2580151792386395
914,-0.8939999999999999,-0.2567932677486966,-0.8939999999999999,-0.2580133435464739
915,-0.8919999999999999,-0.25679208900059614,-0.8919999999999999,-0.2580119507097516
916,-0.8899999999999999,-0.2567913530804667,-0.8899999999999999,-0.2580110028638372
917,-0.8879999999999999,-0.2567910613280339,-0.8879999999999999,-0.2580105016076156
918,-0.8859999999999999,-0.2567912145501087,-0.8859999999999999,-0.2580104480034921
919,-0.8839999999999999,-0.2567918130205877,-0.8839999999999999,-0.2580108425773923
920,-0.8819999999999999,-0.25679285648045264,-0.8819999999999999,-0.2580116853187621
921,-0.8799999999999999,-0.2567943441377709,-0.8799999999999999,-0.25801297568056775
922,-0.8779999999999999,-0.2567962746676953,-0.8779999999999999,-0.25801471257929587
923,-0.8759999999999999,-0.25679864621246395,-0.8759999999999999,-0.2580168943949533
924,-0.8739999999999999,-0.2568014563814006,-0.8739999999999999,-0.2580195189710673
925,-0.8719999999999999,-0.25680470225091423,-0.8719999999999999,-0.25802258361468544
926,-0.8699999999999999,-0.25680838036449943,-0.8699999999999999,-0.2580260850963756
927,-0.8679999999999999,-0.2568124867327361,-0.8679999999999999,-0.258030019650226
928,-0.8659999999999999,-0.25681701683328967,-0.8659999999999999,-0.2580343829738451
929,-0.8639999999999999,-0.2568219656109109,-0.8639999999999999,-0.2580391702283619
930,-0.8619999999999999,-0.2568273274774362,-0.8619999999999999,-0.25804437603842556
931,-0.8599999999999999,-0.2568330963117871,-0.8599999999999999,-0.2580499944922055
932,-0.8579999999999999,-0.25683926545997077,-0.8579999999999999,-0.2580560191413917
933,-0.8559999999999999,-0.25684582773507986,-0.8559999999999999,-0.2580624430011943
934,-0.8539999999999999,-0.2568527754172923,-0.8539999999999999,-0.25806925855034374
935,-0.8519999999999999,-0.25686010025387157,-0.8519999999999999,-0.25807645773109095
936,-0.8499999999999999,-0.25686779345916655,-0.8499999999999999,-0.258084031949207
937,-0.8479999999999999,-0.2568758457146116,-0.8479999999999999,-0.25809197207398343
938,-0.8459999999999999,-0.25688424716872643,-0.8459999999999999,-0.25810026843823203
939,-0.8439999999999999,-0.2568929874371162,-0.8439999999999999,-0.25810891083828497
940,-0.8419999999999999,-0.2569020556024716,-0.8419999999999999,-0.2581178885339947
941,-0.8399999999999999,-0.2569114402145687,-0.8399999999999999,-0.25812719024873404
942,-0.8379999999999999,-0.25692112929026895,-0.8379999999999999,-0.25813680416939605
943,-0.8359999999999999,-0.2569311103135193,-0.8359999999999999,-0.2581467179463942
944,-0.8339999999999999,-0.2569413702353522,-0.8339999999999999,-0.2581569186936623
945,-0.8319999999999999,-0.2569518954738853,-0.8319999999999999,-0.25816739298865443
946,-0.8299999999999998,-0.25696267191432204,-0.8299999999999998,-0.25817812687234504
947,-0.8279999999999998,-0.256973684908951,-0.8279999999999998,-0.25818910584922894
948,-0.8259999999999998,-0.25698491927714634,-0.8259999999999998,-0.2582003148873211
949,-0.8239999999999998,-0.2569963593053676,-0.8239999999999998,-0.258211738418157
950,-0.8219999999999998,-0.2570079887471598,-0.8219999999999998,-0.25822336033679233
951,-0.8199999999999998,-0.25701979082315335,-0.8199999999999998,-0.25823516400180324
952,-0.8179999999999998,-0.25703174822106406,-0.8179999999999998,-0.2582471322352861
953,-0.8159999999999998,-0.2570438430956934,-0.8159999999999998,-0.2582592473228576
954,-0.8139999999999998,-0.2570560570689279,-0.8139999999999998,-0.2582714910136548
955,-0.8119999999999998,-0.25706837122973997,-0.8119999999999998,-0.2582838445203351
956,-0.8099999999999998,-0.25708076613418707,-0.8099999999999998,-0.2582962885190762
957,-0.8079999999999998,-0.2570932218054123,-0.8079999999999998,-0.2583088031495761
958,-0.8059999999999998,-0.2571057177336441,-0.8059999999999998,-0.25832136801505323
959,-0.8039999999999998,-0.25711823287619645,-0.8039999999999998,-0.2583339621822462
960,-0.802,-0.25713074565746874,-0.802,-0.258346564181414
961,-0.8,-0.25714323396894573,-0.8,-0.2583591520063361
962,-0.798,-0.2571556751691977,-0.798,-0.25837170311431207
963,-0.796,-0.2571680460838802,-0.796,-0.25838419442616195
964,-0.794,-0.2571803230057345,-0.794,-0.258396602326226
965,-0.792,-0.2571924816945871,-0.792,-0.25840890266236494
966,-0.79,-0.2572044973773499,-0.79,-0.2584210707459597
967,-0.788,-0.25721634474802035,-0.788,-0.2584330813519116
968,-0.786,-0.2572279979676814,-0.786,-0.25844490871864234
969,-0.784,-0.2572394306645013,-0.784,-0.25845652654809376
970,-0.782,-0.2572506159337337,-0.782,-0.2584679080057282
971,-0.78,-0.25726152633771787,-0.78,-0.25847902572052833
972,-0.778,-0.2572721339058784,-0.778,-0.258489851784997
973,-0.776,-0.25728241013472525,-0.776,-0.2585003577551575
974,-0.774,-0.257292325987854,-0.774,-0.25851051465055347
975,-0.772,-0.2573018518959455,-0.772,-0.25852029295424883
976,-0.77,-0.2573109577567661,-0.77,-0.2585296626128278
977,-0.768,-0.25731961293516764,-0.768,-0.2585385930363949
978,-0.766,-0.2573277862630873,-0.766,-0.2585470530985752
979,-0.764,-0.2573354460395478,-0.764,-0.25855501113651375
980,-0.762,-0.2573425600306571,-0.762,-0.2585624349508763
981,-0.76,-0.2573490954696089,-0.76,-0.25856929180584853
982,-0.758,-0.25735501905668207,-0.758,-0.25857554842913677
983,-0.756,-0.25736029695924106,-0.756,-0.25858117101196754
984,-0.754,-0.2573648948117357,-0.754,-0.25858612520908775
985,-0.752,-0.25736877771570127,-0.752,-0.25859037613876457
986,-0.75,-0.2573719102397585,-0.75,-0.25859388838278546
987,-0.748,-0.2573742564196135,-0.748,-0.2585966259864584
988,-0.746,-0.2573757797580579,-0.746,-0.2585985524586114
989,-0.744,-0.2573764432249688,-0.744,-0.25859963077159315
990,-0.742,-0.25737620925730853,-0.742,-0.2585998233612723
991,-0.74,-0.25737503975912507,-0.74,-0.2585990921270382
992,-0.738,-0.2573728961015518,-0.738,-0.2585973984318002
993,-0.736,-0.25736973912280736,-0.736,-0.2585947031019881
994,-0.734,-0.25736552912819605,-0.734,-0.25859096642755214
995,-0.732,-0.25736022589010754,-0.732,-0.25858614816196274
996,-0.73,-0.2573537886480169,-0.73,-0.25858020752221067
997,-0.728,-0.257346210364142,-0.728,-0.2585731031888071
998,-0.726,-0.2573384024209209,-0.726,-0.2585651937714525
999,-0.724,-0.2573307826902154,-0.724,-0.25855743238331647
1000,-0.722,-0.257323346633076,-0.722,-0.2585498581120569
1001,-0.7199999999999998,-0.2573153843787637,-0.7199999999999998,-0.2585425029671833
1002,-0.718,-0.2576318984337233,-0.718,-0.25885784785856336
1003,-0.7159999999999997,-0.2631692821842251,-0.7159999999999997,-0.2639712500233452
1004,-0.714,-0.2941827930873519,-0.714,-0.29142716185563083
1005,-0.7119999999999997,-0.3676924894096032,-0.7119999999999997,-0.3618396690865527
1006,-0.71,-0.4915845515746575,-0.71,-0.4810585129420143
1007,-0.7079999999999997,-0.6650189285637438,-0.7079999999999997,-0.648589293970814
1008,-0.706,-0.8816138326082926,-0.706,-0.8625606168509201
1009,-0.7039999999999997,-1.1406832540359524,-0.7039999999999997,-1.1208013783506399
1010,-0.702,-1.4398453751319262,-0.702,-1.4211366779968122
1011,-0.6999999999999997,-1.7765012462766343,-0.6999999999999997,-1.761445558316432
1012,-0.698,-2.148058146244206,-0.698,-2.139661115391129
1013,-0.6959999999999997,-2.551955246247682,-0.6959999999999997,-2.553770498857769
1014,-0.694,-2.9856941154827745,-0.694,-3.001814911907786
1015,-0.6919999999999997,-3.4468373274981605,-0.6919999999999997,-3.4817831910269166
1016,-0.69,-3.933013804220417,-0.69,-3.991954560308144
1017,-0.6879999999999997,-4.441918815954834,-0.6879999999999997,-4.530817890453949
1018,-0.6859999999999999,-4.971313981384554,-0.6859999999999999,-5.096767720901517
1019,-0.6839999999999997,-5.519027267571478,-0.6839999999999997,-5.688103985690521
1020,-0.6819999999999999,-6.082965232101081,-0.6819999999999999,-6.30303201346211
1021,-0.6799999999999997,-6.664142524643369,-0.6799999999999997,-6.939662527459971
1022,-0.6779999999999999,-7.256020472028035,-0.6779999999999999,-7.594713313582076
1023,-0.6759999999999997,-7.847453120036102,-0.6759999999999997,-8.253940919821758
1024,-0.6739999999999999,-8.428481409423414,-0.6739999999999999,-8.901248076294653
1025,-0.6720000000000002,-8.99033317592156,-0.6720000000000002,-9.524773207720933
1026,-0.6699999999999999,-9.52542315023745,-0.6699999999999999,-10.116823339873363
1027,-0.6680000000000001,-10.02735295805299,-0.6680000000000001,-10.673874099576912
1028,-0.6659999999999999,-10.490911120025892,-0.6659999999999999,-11.196569714709668
1029,-0.6640000000000001,-10.918326132949506,-0.6640000000000001,-11.689065203940157
1030,-0.6619999999999999,-11.313590449534416,-0.6619999999999999,-12.145418695640956
1031,-0.6600000000000001,-11.676455369700136,-0.6600000000000001,-12.567946936015948
1032,-0.6579999999999999,-12.009137512580926,-0.6579999999999999,-12.964759884467275
1033,-0.6560000000000001,-12.316319605504319,-0.6560000000000001,-13.344416277951876
1034,-0.6539999999999999,-12.605439893331729,-0.6539999999999999,-13.715923630982193
1035,-0.6520000000000001,-12.89101728813132,-0.6520000000000001,-14.088738235625494
1036,-0.6499999999999999,-13.186509941800853,-0.6499999999999999,-14.472765161504537
1037,-0.6480000000000001,-13.499274812905476,-0.6480000000000001,-14.878358255796908
1038,-0.6459999999999999,-13.831049565948836,-0.6459999999999999,-15.316320143235695
1039,-0.6440000000000001,-14.178031784149614,-0.6440000000000001,-15.786553857568036
1040,-0.6419999999999999,-14.53742343881156,-0.6419999999999999,-16.279739817545916
1041,-0.6400000000000001,-14.90894411089283,-0.6400000000000001,-16.794547722468366
1042,-0.6379999999999999,-15.291120842165814,-0.6379999999999999,-17.32968460517564
1043,-0.6360000000000001,-15.682534162876388,-0.6360000000000001,-17.883889452039384
1044,-0.6339999999999999,-16.081818091744577,-0.6339999999999999,-18.4559332029636
1045,-0.6320000000000001,-16.48766013596386,-0.6320000000000001,-19.04461875138365
1046,-0.6299999999999999,-16.898801291201895,-0.6299999999999999,-19.648780944267266
1047,-0.6280000000000001,-17.316977299777097,-0.6280000000000001,-20.269196413538584
1048,-0.6259999999999999,-17.744589637381246,-0.6259999999999999,-20.911912850207095
1049,-0.6240000000000001,-18.176752783290496,-0.6240000000000001,-21.57203521879225
1050,-0.6219999999999999,-18.608483987637957,-0.6219999999999999,-22.243134934283212
1051,-0.6200000000000001,-19.034874571038504,-0.6200000000000001,-22.918626560208576
1052,-0.6179999999999999,-19.451089924589535,-0.6179999999999999,-23.591767808637577
1053,-0.6160000000000001,-19.85236950987024,-0.6160000000000001,-24.25565954017889
1054,-0.6139999999999999,-20.234026858942315,-0.6139999999999999,-24.903245763981825
1055,-0.6120000000000001,-20.591449574349262,-0.6120000000000001,-25.52731363773515
1056,-0.6099999999999999,-20.920099329117065,-0.6099999999999999,-26.12049346766823
1057,-0.6080000000000001,-21.215511866753555,-0.6080000000000001,-26.675258708549933
1058,-0.6059999999999999,-21.473297001248987,-0.6059999999999999,-27.183925963689674
1059,-0.6040000000000001,-21.689458621027295,-0.6040000000000001,-27.639260042284047
1060,-0.6019999999999999,-21.867045656032005,-0.6019999999999999,-28.04444001172258
1061,-0.6000000000000001,-22.012277545119385,-0.6000000000000001,-28.40735307290649
1062,-0.5979999999999999,-22.130713636690317,-0.5979999999999999,-28.73535528814433
1063,-0.5960000000000001,-22.22793791318513,-0.5960000000000001,-29.036020511132506
1064,-0.5939999999999999,-22.30955899108383,-0.5939999999999999,-29.31714038695585
1065,-0.5920000000000001,-22.381210120905916,-0.5920000000000001,-29.58672435208711
1066,-0.5899999999999999,-22.44854918721052,-0.5899999999999999,-29.852999634387423
1067,-0.5880000000000001,-22.517258708596295,-0.5880000000000001,-30.12441125310586
1068,-0.5859999999999999,-22.593045837701524,-0.5859999999999999,-30.40962201887988
1069,-0.5840000000000001,-22.681642361203995,-0.5840000000000001,-30.71751253373485
1070,-0.5819999999999999,-22.788804699821142,-0.5819999999999999,-31.056910834959027
1071,-0.5800000000000001,-22.914988138666345,-0.5800000000000001,-31.421577758442442
1072,-0.5779999999999998,-23.05148995242441,-0.5779999999999998,-31.804356232662442
1073,-0.5760000000000001,-23.197035851932704,-0.5760000000000001,-32.204185432969794
1074,-0.5739999999999998,-23.350656527168784,-0.5739999999999998,-32.62003412145864
1075,-0.5720000000000001,-23.511419261774627,-0.5720000000000001,-33.050900646965786
1076,-0.5699999999999998,-23.678427933056913,-0.5699999999999998,-33.49581294507148
1077,-0.5680000000000001,-23.85082301198673,-0.5680000000000001,-33.95382853809858
1078,-0.5659999999999998,-24.02778156319988,-0.5659999999999998,-34.42403453511339
1079,-0.5640000000000001,-24.20851724499657,-0.5640000000000001,-34.90554763192485
1080,-0.5619999999999998,-24.392280309341718,-0.5619999999999998,-35.39751411108532
1081,-0.56,-24.578459833395065,-0.56,-35.90177244326234
1082,-0.5579999999999998,-24.77056501013534,-0.5579999999999998,-36.4230298950224
1083,-0.556,-24.96686221075153,-0.556,-36.954428765996056
1084,-0.5539999999999998,-25.162285340520146,-0.5539999999999998,-37.48804761013865
1085,-0.552,-25.351911272231554,-0.552,-38.01567606431793
1086,-0.5499999999999998,-25.530959846190303,-0.5499999999999998,-38.528814848314944
1087,-0.548,-25.694793870214806,-0.548,-39.01867576482316
1088,-0.5459999999999998,-25.838919119637634,-0.5459999999999998,-39.47618169944931
1089,-0.544,-25.958984337305257,-0.544,-39.8919666207126
1090,-0.5419999999999998,-26.05078123357827,-0.5419999999999998,-40.25637558004544
1091,-0.54,-26.110244486331197,-0.54,-40.56526500591731
1092,-0.5379999999999998,-26.13524664880938,-0.5379999999999998,-40.82740024242103
1093,-0.536,-26.130784246036946,-0.536,-41.050673441595585
1094,-0.5339999999999998,-26.10248307326462,-0.5339999999999998,-41.24337461809262
1095,-0.532,-26.055945449879054,-0.532,-41.41422371731746
1096,-0.5299999999999998,-25.99680760810861,-0.5299999999999998,-41.572370615429456
1097,-0.528,-25.930739693023426,-0.528,-41.72739511934167
1098,-0.5259999999999998,-25.863445762535324,-0.5259999999999998,-41.88930696672118
1099,-0.524,-25.800663787397934,-0.524,-42.06854582598877
1100,-0.5219999999999998,-25.748165651206552,-0.5219999999999998,-42.27490861411479
1101,-0.52,-25.71175715039828,-0.52,-42.50257776918386
1102,-0.5179999999999998,-25.693970565675073,-0.5179999999999998,-42.747513154531696
1103,-0.516,-25.687403506464843,-0.516,-43.00881329194398
1104,-0.5139999999999998,-25.69063789290769,-0.5139999999999998,-43.28559331601016
1105,-0.512,-25.702871567255414,-0.512,-43.576984974123
1106,-0.5099999999999998,-25.72333044187663,-0.5099999999999998,-43.88213662647911
1107,-0.508,-25.75126849925675,-0.508,-44.200213246078384
1108,-0.5059999999999998,-25.78596779199801,-0.5059999999999998,-44.53039641872455
1109,-0.504,-25.826738442819437,-0.504,-44.87188434302462
1110,-0.5019999999999998,-25.872918644556897,-0.5019999999999998,-45.22389183038947
1111,-0.5,-25.923874660163023,-0.5,-45.58992171055506
1112,-0.4979999999999998,-25.981556925778907,-0.4979999999999998,-45.97443420230927
1113,-0.496,-26.04759059491606,-0.496,-46.371925343958154
1114,-0.4939999999999998,-26.11794922013208,-0.4939999999999998,-46.776681984385284
1115,-0.492,-26.188651715193608,-0.492,-47.182987740376724
1116,-0.48999999999999977,-26.255842354528006,-0.48999999999999977,-47.58512299662168
1117,-0.488,-26.315790773223238,-0.488,-47.97736490571184
1118,-0.48599999999999977,-26.364891967027987,-0.48599999999999977,-48.35398738814204
1119,-0.484,-26.39966629235155,-0.484,-48.7092611323096
1120,-0.48199999999999976,-26.416759466263926,-0.48199999999999976,-49.03745359451498
1121,-0.48,-26.412942566495754,-0.48,-49.332828998961155
1122,-0.47799999999999976,-26.385112031438343,-0.47799999999999976,-49.58964833775417
1123,-0.476,-26.330289660143674,-0.476,-49.80216937090266
1124,-0.47399999999999975,-26.248977898156145,-0.47399999999999975,-49.96464662631829
1125,-0.472,-26.151287550221973,-0.472,-50.07638958116438
1126,-0.46999999999999975,-26.038971034981152,-0.46999999999999975,-50.15981141109411
1127,-0.46799999999999997,-25.91364046092593,-0.46799999999999997,-50.23060912987064
1128,-0.46599999999999975,-25.777656734240328,-0.46599999999999975,-50.300974079325485
1129,-0.46399999999999997,-25.634129558800343,-0.46399999999999997,-50.380807041473076
1130,-0.46199999999999974,-25.486917436173737,-0.46199999999999974,-50.47771823851093
1131,-0.45999999999999996,-25.34062766562026,-0.45999999999999996,-50.597027332819486
1132,-0.45799999999999974,-25.200616344091415,-0.45799999999999974,-50.74176342696229
1133,-0.45599999999999996,-25.072988366230696,-0.45599999999999996,-50.91266506368576
1134,-0.45399999999999974,-24.964597424373366,-0.45399999999999974,-51.108180225919455
1135,-0.45199999999999996,-24.883046008546646,-0.45199999999999996,-51.32446633677579
1136,-0.44999999999999973,-24.825037484848345,-0.44999999999999973,-51.55539025955036
1137,-0.44799999999999995,-24.776633363943763,-0.44799999999999995,-51.792528297721546
1138,-0.44599999999999973,-24.737444163371446,-0.44599999999999973,-52.026085809087576
1139,-0.44399999999999995,-24.707093381813834,-0.44399999999999995,-52.271647374823544
1140,-0.4419999999999997,-24.68506845579534,-0.4419999999999997,-52.53522769984323
1141,-0.43999999999999995,-24.670720759682396,-0.43999999999999995,-52.811531142277836
1142,-0.4379999999999997,-24.663265605683435,-0.4379999999999997,-53.09516723905408
1143,-0.43599999999999994,-24.661782243848887,-0.43599999999999994,-53.380650705893686
1144,-0.4339999999999997,-24.665213862071187,-0.4339999999999997,-53.6624014373139
1145,-0.43199999999999994,-24.672367586084764,-0.43199999999999994,-53.93474450662698
1146,-0.4299999999999997,-24.681914479466062,-0.4299999999999997,-54.19191016594068
1147,-0.42799999999999994,-24.69008064765728,-0.42799999999999994,-54.428033846157824
1148,-0.4259999999999997,-24.68738156928617,-0.4259999999999997,-54.637156156976665
1149,-0.42399999999999993,-24.6661999812481,-0.42399999999999993,-54.81322288689056
1150,-0.4219999999999997,-24.621433957153567,-0.4219999999999997,-54.950085003188285
1151,-0.41999999999999993,-24.5504894351263,-0.41999999999999993,-55.041498651953745
1152,-0.4179999999999997,-24.453280217803172,-0.4179999999999997,-55.08137936579977
1153,-0.4159999999999999,-24.332227972334334,-0.4159999999999999,-55.07148998558534
1154,-0.41400000000000015,-24.192262230383065,-0.41400000000000015,-55.01892507322062
1155,-0.4119999999999999,-24.04082038812583,-0.4119999999999999,-54.93019620042722
1156,-0.41000000000000014,-23.88228667053972,-0.41000000000000014,-54.81186757471717
1157,-0.4079999999999999,-23.71073404438841,-0.4079999999999999,-54.670556039392814
1158,-0.40600000000000014,-23.53344718752526,-0.40600000000000014,-54.51293107354698
1159,-0.4039999999999999,-23.357337799315925,-0.4039999999999999,-54.34571479206273
1160,-0.40200000000000014,-23.18792588789709,-0.40200000000000014,-54.17568194561367
1161,-0.3999999999999999,-23.029339770176186,-0.3999999999999999,-54.009659920663616
1162,-0.39800000000000013,-22.88431607183167,-0.39800000000000013,-53.854528739466936
1163,-0.3959999999999999,-22.754199727312738,-0.3959999999999999,-53.71722106006822
1164,-0.39400000000000013,-22.63894397983961,-0.39400000000000013,-53.604722176302566
1165,-0.3919999999999999,-22.53730081771334,-0.3919999999999999,-53.524070017795346
1166,-0.3900000000000001,-22.44869947177907,-0.3900000000000001,-53.48139467078125
1167,-0.3879999999999999,-22.372460113767175,-0.3879999999999999,-53.46555642439821
1168,-0.3860000000000001,-22.307783033055223,-0.3860000000000001,-53.47087019681646
1169,-0.3839999999999999,-22.253894367211423,-0.3839999999999999,-53.49667948005126
1170,-0.3820000000000001,-22.21004610199476,-0.3820000000000001,-53.542223068151394
1171,-0.3799999999999999,-22.175516071354895,-0.3799999999999999,-53.60663505719925
1172,-0.3780000000000001,-22.14960795743225,-0.3780000000000001,-53.68894484531075
1173,-0.3759999999999999,-22.131651290557922,-0.3759999999999999,-53.78807713263544
1174,-0.3740000000000001,-22.121001449253765,-0.3740000000000001,-53.902851921356344
1175,-0.3719999999999999,-22.118610376603815,-0.3719999999999999,-54.03198451569016
1176,-0.3700000000000001,-22.12527202885166,-0.3700000000000001,-54.174085521887044
1177,-0.3679999999999999,-22.135823863787955,-0.3679999999999999,-54.327256225291194
1178,-0.3660000000000001,-22.145267613629606,-0.3660000000000001,-54.476777443663316
1179,-0.3639999999999999,-22.14901999838056,-0.3639999999999999,-54.60862416113752
1180,-0.3620000000000001,-22.142912725831785,-0.3620000000000001,-54.71447149975573
1181,-0.3599999999999999,-22.123192491561284,-0.3599999999999999,-54.78790854883795
1182,-0.3580000000000001,-22.086520978934093,-0.3580000000000001,-54.82443836498208
1183,-0.35599999999999987,-22.02997485910226,-0.35599999999999987,-54.82147797206403
1184,-0.3540000000000001,-21.951045791004894,-0.3540000000000001,-54.778358361237686
1185,-0.35199999999999987,-21.848189392589326,-0.35199999999999987,-54.69632449093487
1186,-0.3500000000000001,-21.724353443410283,-0.3500000000000001,-54.57853528686542
1187,-0.34799999999999986,-21.58439751638569,-0.34799999999999986,-54.430063642017075
1188,-0.3460000000000001,-21.433268381479213,-0.3460000000000001,-54.25799535052669
1189,-0.34399999999999986,-21.275995918068887,-0.34399999999999986,-54.07622494056671
1190,-0.3420000000000001,-21.117693114947365,-0.3420000000000001,-53.897236140107914
1191,-0.33999999999999986,-20.96355607032166,-0.33999999999999986,-53.729422396549644
1192,-0.3380000000000001,-20.818863991813394,-0.3380000000000001,-53.57957827450276
1193,-0.33599999999999985,-20.68897919645856,-0.33599999999999985,-53.452899455789264
1194,-0.3340000000000001,-20.579326787539422,-0.3340000000000001,-53.352982739442645
1195,-0.33199999999999985,-20.487792013844917,-0.33199999999999985,-53.28182604170759
1196,-0.33000000000000007,-20.409356509618704,-0.33000000000000007,-53.23982839604019
1197,-0.32799999999999985,-20.343211495297677,-0.32799999999999985,-53.22578995310781
1198,-0.32600000000000007,-20.288572013335497,-0.32600000000000007,-53.23691198078917
1199,-0.32399999999999984,-20.24467692820247,-0.32399999999999984,-53.26879686417433
1200,-0.32200000000000006,-20.210788926385636,-0.32200000000000006,-53.31588823484849
1201,-0.31999999999999984,-20.18619451638871,-0.31999999999999984,-53.37877178180495
1202,-0.31800000000000006,-20.170204028732115,-0.31800000000000006,-53.45899045634188
1203,-0.31599999999999984,-20.16215161595296,-0.31599999999999984,-53.55658564988609
1204,-0.31400000000000006,-20.161627674124905,-0.31400000000000006,-53.671051888176244
1205,-0.31199999999999983,-20.172071110732514,-0.31199999999999983,-53.801336831263086
1206,-0.31000000000000005,-20.19184376517399,-0.31000000000000005,-53.94584127350919
1207,-0.30799999999999983,-20.217017085159895,-0.30799999999999983,-54.102419143589216
1208,-0.30600000000000005,-20.243660077381048,-0.30600000000000005,-54.26837750448965
1209,-0.3039999999999998,-20.267839307508527,-0.3039999999999998,-54.4349318567888
1210,-0.30200000000000005,-20.285618900193665,-0.30200000000000005,-54.58406653407536
1211,-0.2999999999999998,-20.293060539068073,-0.2999999999999998,-54.70466897437083
1212,-0.29800000000000004,-20.286223466743593,-0.29800000000000004,-54.78891365116808
1213,-0.2959999999999998,-20.261164484812344,-0.2959999999999998,-54.832180129077216
1214,-0.29400000000000004,-20.213937953846713,-0.29400000000000004,-54.833053063825446
1215,-0.2919999999999998,-20.140707451682776,-0.2919999999999998,-54.793322202257144
1216,-0.29000000000000004,-20.042702661664965,-0.29000000000000004,-54.71798238233385
1217,-0.2879999999999998,-19.924926622472153,-0.2879999999999998,-54.61485605783812
1218,-0.28600000000000003,-19.7918693764563,-0.28600000000000003,-54.48827557897313
1219,-0.2839999999999998,-19.648065475863813,-0.2839999999999998,-54.34048182953207
1220,-0.28200000000000003,-19.49809398283578,-0.28200000000000003,-54.1750254810233
1221,-0.2799999999999998,-19.346578469407714,-0.2799999999999998,-53.99656411356643
1222,-0.278,-19.198187017509817,-0.278,-53.810862215892556
1223,-0.2759999999999998,-19.05763221896672,-0.2759999999999998,-53.62479118534399
1224,-0.274,-18.929671175497734,-0.274,-53.446329327874565
1225,-0.2719999999999998,-18.819105498716606,-0.2719999999999998,-53.2845618580493
1226,-0.27,-18.730025202174378,-0.27,-53.14968089904475
1227,-0.2679999999999998,-18.656637543993195,-0.2679999999999998,-53.05298548264867
1228,-0.266,-18.595940249631713,-0.266,-53.00340036393917
1229,-0.2639999999999998,-18.547138670584797,-0.2639999999999998,-52.98152463613504
1230,-0.262,-18.509462229104063,-0.262,-52.9811193703545
1231,-0.2599999999999998,-18.482164418197776,-0.2599999999999998,-53.00117901598061
1232,-0.258,-18.464522801630928,-0.258,-53.04072815868464
1233,-0.2559999999999998,-18.45583901392518,-0.2559999999999998,-53.09882152042601
1234,-0.254,-18.45543876035889,-0.254,-53.17454395945232
1235,-0.2519999999999998,-18.462671816967124,-0.2519999999999998,-53.26701047029941
1236,-0.25,-18.476912030541623,-0.25,-53.3753661837912
1237,-0.24799999999999978,-18.49893130064367,-0.24799999999999978,-53.49878636703991
1238,-0.246,-18.529732871423537,-0.246,-53.641089521630086
1239,-0.24399999999999977,-18.564234844944075,-0.24399999999999977,-53.79413874833406
1240,-0.242,-18.59744189863328,-0.242,-53.94161633723008
1241,-0.23999999999999977,-18.62478864404398,-0.23999999999999977,-54.070656681368014
1242,-0.238,-18.642139626853783,-0.238,-54.1718463801438
1243,-0.23599999999999977,-18.64578932686512,-0.23599999999999977,-54.239224239299595
1244,-0.23399999999999999,-18.63246215800522,-0.23399999999999999,-54.27028127092366
1245,-0.23199999999999976,-18.59931246832611,-0.23199999999999976,-54.265960693450424
1246,-0.22999999999999998,-18.543924540004646,-0.22999999999999998,-54.23065793166046
1247,-0.22799999999999976,-18.46492252545411,-0.22799999999999976,-54.16775348032293
1248,-0.22599999999999998,-18.365427904963784,-0.22599999999999998,-54.065259801697415
1249,-0.22399999999999975,-18.25025738957019,-0.22399999999999975,-53.92850479295925
1250,-0.22199999999999998,-18.12432464743775,-0.22199999999999998,-53.765594109866534
1251,-0.21999999999999975,-17.99263973882471,-0.21999999999999975,-53.58476531821457
1252,-0.21799999999999997,-17.86030911608337,-0.21799999999999997,-53.39438789383613
1253,-0.21599999999999975,-17.73253562365986,-0.21599999999999975,-53.20296322260118
1254,-0.21399999999999997,-17.61461849809435,-0.21399999999999997,-53.01912460041716
1255,-0.21199999999999974,-17.511953368020855,-0.21199999999999974,-52.85163723322871
1256,-0.20999999999999996,-17.42972497916005,-0.20999999999999996,-52.70939823701793
1257,-0.20799999999999974,-17.363942867861624,-0.20799999999999974,-52.60143663780414
1258,-0.20599999999999996,-17.310932900742902,-0.20599999999999996,-52.529043417900446
1259,-0.20399999999999974,-17.26990220903147,-0.20399999999999974,-52.48089527529242
1260,-0.20199999999999996,-17.24008091418385,-0.20199999999999996,-52.45561987314806
1261,-0.19999999999999973,-17.22072212788538,-0.19999999999999973,-52.452168463232645
1262,-0.19799999999999995,-17.211101952050335,-0.19799999999999995,-52.46952226540762
1263,-0.19599999999999973,-17.210519478821823,-0.19599999999999973,-52.50669246763064
1264,-0.19399999999999995,-17.21829679057186,-0.19399999999999995,-52.5627202259555
1265,-0.19199999999999973,-17.233778959901326,-0.19199999999999973,-52.63667666453224
1266,-0.18999999999999995,-17.25704891359455,-0.18999999999999995,-52.72766287560699
1267,-0.18799999999999972,-17.291732260715676,-0.18799999999999972,-52.83480991952216
1268,-0.18599999999999994,-17.335464554314594,-0.18599999999999994,-52.95763039980879
1269,-0.18399999999999972,-17.384755279674863,-0.18399999999999972,-53.09776470230915
1270,-0.18199999999999994,-17.436221958970204,-0.18199999999999994,-53.24638805883912
1271,-0.17999999999999972,-17.486590151264576,-0.17999999999999972,-53.39299473160317
1272,-0.17799999999999994,-17.53269345251209,-0.17799999999999994,-53.52839295920692
1273,-0.1759999999999997,-17.57147349555709,-0.1759999999999997,-53.64470495665746
1274,-0.17399999999999993,-17.59997995013408,-0.17399999999999993,-53.73536691536313
1275,-0.1719999999999997,-17.615370522867796,-0.1719999999999997,-53.795129003133674
1276,-0.16999999999999993,-17.614910957273135,-0.16999999999999993,-53.8200553641801
1277,-0.1679999999999997,-17.595975033755213,-0.1679999999999997,-53.807524119114795
1278,-0.16599999999999993,-17.55604456960934,-0.16599999999999993,-53.75503567724097
1279,-0.1639999999999997,-17.49270941902099,-0.1639999999999997,-53.66131038746422
1280,-0.16199999999999992,-17.415843153784316,-0.16199999999999992,-53.53409460955272
1281,-0.16000000000000014,-17.342061317429323,-0.16000000000000014,-53.382095314444854
1282,-0.15799999999999992,-17.257126056277393,-0.15799999999999992,-53.214318589659754
1283,-0.15600000000000014,-17.151574127402654,-0.15600000000000014,-53.040069639297435
1284,-0.15399999999999991,-17.021976611442923,-0.15399999999999991,-52.86895278403849
1285,-0.15200000000000014,-16.870938912599915,-0.15200000000000014,-52.710871461144436
1286,-0.1499999999999999,-16.70710075863899,-0.1499999999999999,-52.57602822445739
1287,-0.14800000000000013,-16.545136200889434,-0.14800000000000013,-52.47492474440036
1288,-0.1459999999999999,-16.40575361424417,-0.1459999999999999,-52.407689938527184
1289,-0.14400000000000013,-16.315695697160024,-0.14400000000000013,-52.36415888862507
1290,-0.1419999999999999,-16.284954948208988,-0.1419999999999999,-52.343233512832825
1291,-0.14000000000000012,-16.267931137790505,-0.14000000000000012,-52.34388362547432
1292,-0.1379999999999999,-16.260635718103835,-0.1379999999999999,-52.3651064813429
1293,-0.13600000000000012,-16.26238900443322,-0.13600000000000012,-52.40592677570138
1294,-0.1339999999999999,-16.272534664975282,-0.1339999999999999,-52.465396644282066
1295,-0.13200000000000012,-16.290439720838982,-0.13200000000000012,-52.542595663286704
1296,-0.1299999999999999,-16.315494546045667,-0.1299999999999999,-52.63663084938656
1297,-0.1280000000000001,-16.347112867529017,-0.1280000000000001,-52.74704822085144
1298,-0.1259999999999999,-16.38473176513511,-0.1259999999999999,-52.88044785569326
1299,-0.12400000000000011,-16.427811671622347,-0.12400000000000011,-53.03413463580707
1300,-0.12199999999999989,-16.47600895498057,-0.12199999999999989,-53.2009207017061
1301,-0.1200000000000001,-16.52600716973759,-0.1200000000000001,-53.37334263449156
1302,-0.11799999999999988,-16.570812616984565,-0.11799999999999988,-53.54366145585291
1303,-0.1160000000000001,-16.604653523966082,-0.1160000000000001,-53.70386262806762
1304,-0.11399999999999988,-16.623201907239253,-0.11399999999999988,-53.84565605400138
1305,-0.1120000000000001,-16.623573572673667,-0.1120000000000001,-53.960476077107906
1306,-0.10999999999999988,-16.604328115451406,-0.10999999999999988,-54.03948148142912
1307,-0.1080000000000001,-16.56546892006706,-0.1080000000000001,-54.07355549159501
1308,-0.10599999999999987,-16.508443160327694,-0.10599999999999987,-54.056415151117804
1309,-0.10400000000000009,-16.43504070651976,-0.10400000000000009,-53.99542404549697
1310,-0.10199999999999987,-16.34192976962774,-0.10199999999999987,-53.89859252254854
1311,-0.10000000000000009,-16.232610731463897,-0.10000000000000009,-53.7739438988033
1312,-0.09799999999999986,-16.11215366507726,-0.09799999999999986,-53.62976987592404
1313,-0.09600000000000009,-15.985719989568157,-0.09600000000000009,-53.47463054070579
1314,-0.09399999999999986,-15.858562470088017,-0.09399999999999986,-53.31735436507554
1315,-0.09200000000000008,-15.736025217839584,-0.09200000000000008,-53.167038206092535
1316,-0.08999999999999986,-15.623543690076694,-0.08999999999999986,-53.033047305948
1317,-0.08800000000000008,-15.526644690104492,-0.08800000000000008,-52.92501529196538
1318,-0.08599999999999985,-15.450488020271141,-0.08599999999999985,-52.852386335813215
1319,-0.08400000000000007,-15.39091572697694,-0.08400000000000007,-52.80848440227012
1320,-0.08199999999999985,-15.344705987504991,-0.08199999999999985,-52.786817117955195
1321,-0.08000000000000007,-15.311042677386302,-0.08000000000000007,-52.78638530649348
1322,-0.07799999999999985,-15.28913268514973,-0.07799999999999985,-52.80621487575014
1323,-0.07600000000000007,-15.278205912322036,-0.07600000000000007,-52.84535681783053
1324,-0.07399999999999984,-15.277515273427854,-0.07399999999999984,-52.90288720908013
1325,-0.07200000000000006,-15.286336695989704,-0.07200000000000006,-52.97790721008457
1326,-0.06999999999999984,-15.30396912052799,-0.06999999999999984,-53.06954306566969
1327,-0.06800000000000006,-15.32973556043728,-0.06800000000000006,-53.17694610490142
1328,-0.06599999999999984,-15.366289189281025,-0.06599999999999984,-53.29929274108591
1329,-0.06400000000000006,-15.41409138689863,-0.06400000000000006,-53.43828610703406
1330,-0.06199999999999983,-15.46958438133636,-0.06199999999999983,-53.599066315676325
1331,-0.06000000000000005,-15.529237670385243,-0.06000000000000005,-53.77541623915253
1332,-0.05799999999999983,-15.589548021581166,-0.05799999999999983,-53.960167011323
1333,-0.05600000000000005,-15.64703947220476,-0.05600000000000005,-54.14608516343441
1334,-0.053999999999999826,-15.698263329281518,-0.053999999999999826,-54.32587262412008
1335,-0.052000000000000046,-15.739798169581688,-0.052000000000000046,-54.49216671939969
1336,-0.04999999999999982,-15.768249839620363,-0.04999999999999982,-54.63754017267959
1337,-0.04800000000000004,-15.78025145565741,-0.04800000000000004,-54.75450110475248
1338,-0.04599999999999982,-15.772463403697522,-0.04599999999999982,-54.835493033797675
1339,-0.04400000000000004,-15.741573339490188,-0.04400000000000004,-54.87289487538092
1340,-0.041999999999999815,-15.684968288475513,-0.041999999999999815,-54.85990642377997
1341,-0.040000000000000036,-15.60623244105691,-0.040000000000000036,-54.80069528866589
1342,-0.03799999999999981,-15.510360009356004,-0.03799999999999981,-54.7037011877185
1343,-0.03600000000000003,-15.401921628864637,-0.03600000000000003,-54.57693986289623
1344,-0.03399999999999981,-15.28532837242122,-0.03399999999999981,-54.4284909970219
1345,-0.03200000000000003,-15.164831750210924,-0.03200000000000003,-54.266498213782924
1346,-0.029999999999999805,-15.04452370976547,-0.029999999999999805,-54.09916907773107
1347,-0.028000000000000025,-14.928336635963344,-0.028000000000000025,-53.9347750942827
1348,-0.0259999999999998,-14.82004335102959,-0.0259999999999998,-53.78165170971853
1349,-0.02400000000000002,-14.723257114536006,-0.02400000000000002,-53.64819831118389
1350,-0.021999999999999797,-14.64143162340096,-0.021999999999999797,-53.54287822668846
1351,-0.020000000000000018,-14.577861011889555,-0.020000000000000018,-53.47340943292189
1352,-0.017999999999999794,-14.534222445744774,-0.017999999999999794,-53.431255220830586
1353,-0.016000000000000014,-14.504492473297159,-0.016000000000000014,-53.41087129153457
1354,-0.01399999999999979,-14.48711129551982,-0.01399999999999979,-53.41126142641893
1355,-0.01200000000000001,-14.481453006116947,-0.01200000000000001,-53.43145764960999
1356,-0.009999999999999787,-14.486846177109364,-0.009999999999999787,-53.47052022797535
1357,-0.008000000000000007,-14.502573858834552,-0.008000000000000007,-53.52753767112381
1358,-0.005999999999999783,-14.527873579946656,-0.005999999999999783,-53.601626731405474
1359,-0.0040000000000000036,-14.56193734741645,-0.0040000000000000036,-53.69193240391164
1360,-0.0019999999999997797,-14.603911646531396,-0.0019999999999997797,-53.79762792647491
1361,0.0,-14.652897440895565,0.0,-53.91791477966905
1362,0.002000000000000224,-14.707950172429731,0.002000000000000224,-54.05156677436672
1363,0.0040000000000000036,-14.768007367791348,0.0040000000000000036,-54.18568289759831
1364,0.006000000000000227,-14.827066161924161,0.006000000000000227,-54.30757601752005
1365,0.008000000000000007,-14.876100021832256,0.008000000000000007,-54.40894490348173
1366,0.010000000000000231,-14.908742129532682,0.010000000000000231,-54.48296020458706
1367,0.01200000000000001,-14.920645508783421,0.01200000000000001,-54.52426444969344
1368,0.014000000000000234,-14.90948302508345,0.014000000000000234,-54.52897204741213
1369,0.016000000000000014,-14.874947385672709,0.016000000000000014,-54.494669286108156
1370,0.018000000000000238,-14.818751139532095,0.018000000000000238,-54.42041433390032
1371,0.020000000000000018,-14.744626677383508,0.020000000000000018,-54.306737238661256
1372,0.02200000000000024,-14.658326231689763,0.02200000000000024,-54.15563992801732
1373,0.02400000000000002,-14.565350456602271,0.02400000000000002,-53.97059620934878
1374,0.026000000000000245,-14.460670542869321,0.026000000000000245,-53.75655176978953
1375,0.028000000000000025,-14.344069397668942,0.028000000000000025,-53.51992417622745
1376,0.03000000000000025,-14.216415576071501,0.03000000000000025,-53.2666845930168
1377,0.03200000000000003,-14.078535819415459,0.03200000000000003,-52.9918321327994
1378,0.03400000000000025,-13.931215055307135,0.03400000000000025,-52.695157014248196
1379,0.03600000000000003,-13.775196397620961,0.03600000000000003,-52.377840541750565
1380,0.038000000000000256,-13.611181146499217,0.038000000000000256,-52.041029585321986
1381,0.040000000000000036,-13.439828788352305,0.040000000000000036,-51.68583658060655
1382,0.04200000000000026,-13.261756995858459,0.04200000000000026,-51.31333952887636
1383,0.04400000000000004,-13.077851665456905,0.04400000000000004,-50.924581997032206
1384,0.04600000000000026,-12.888899817457665,0.04600000000000026,-50.52057311760284
1385,0.04800000000000004,-12.695219205722257,0.04800000000000004,-50.10228758874571
1386,0.050000000000000266,-12.4971239853144,0.050000000000000266,-49.670665674246244
1387,0.052000000000000046,-12.294925828979393,0.052000000000000046,-49.22661320351856
1388,0.05400000000000027,-12.088933927143778,0.05400000000000027,-48.77100157160474
1389,0.05600000000000005,-11.879454987915683,0.05600000000000005,-48.304667739175585
1390,0.058000000000000274,-11.666793237084471,0.058000000000000274,-47.82877657267141
1391,0.06000000000000005,-11.451250418121104,0.06000000000000005,-47.34478223694621
1392,0.06200000000000028,-11.233125792177766,0.06200000000000028,-46.853189087483685
1393,0.06400000000000006,-11.01271613808825,0.06400000000000006,-46.354461073890846
1394,0.06600000000000028,-10.79031575236756,0.06600000000000028,-45.84905759982824
1395,0.06800000000000006,-10.56621644921232,0.06800000000000006,-45.3374335230108
1396,0.07000000000000028,-10.34070756050036,0.07000000000000028,-44.820039155207
1397,0.07200000000000006,-10.114075935791131,0.07200000000000006,-44.29732026223969
1398,0.07400000000000029,-9.886605942325286,0.07400000000000029,-43.76971806398524
1399,0.07600000000000007,-9.658579465025104,0.07600000000000007,-43.23766923437445
1400,0.07800000000000029,-9.43027590649407,0.07800000000000029,-42.7016059013916
1401,0.08000000000000007,-9.201972187017281,0.08000000000000007,-42.16195564707541
1402,0.0820000000000003,-8.97394274456105,0.0820000000000003,-41.619141507518066
1403,0.08400000000000007,-8.746459534773306,0.08400000000000007,-41.07358197286622
1404,0.0860000000000003,-8.519792030983185,0.0860000000000003,-40.525690987319976
1405,0.08800000000000008,-8.29420722420144,0.08800000000000008,-39.9758779491339
1406,0.0900000000000003,-8.069969623120034,0.0900000000000003,-39.42454771061603
1407,0.09200000000000008,-7.84734125411255,0.09200000000000008,-38.87210057812884
1408,0.09399999999999986,-7.626577110493663,0.09399999999999986,-38.31893231208841
1409,0.09600000000000009,-7.407578735701776,0.09600000000000009,-37.76543412696476
1410,0.09799999999999986,-7.190220506266537,0.09799999999999986,-37.211992691282255
1411,0.10000000000000009,-6.9745367418941875,0.10000000000000009,-36.658990127618736
1412,0.10199999999999987,-6.760563196695992,0.10199999999999987,-36.10680401260647
1413,0.10400000000000009,-6.54833705918786,0.10400000000000009,-35.555807376931206
1414,0.10599999999999987,-6.33789695229072,0.10599999999999987,-35.006368705333145
1415,0.1080000000000001,-6.129282933330148,0.1080000000000001,-34.45885193660597
1416,0.10999999999999988,-5.9225364940367395,0.10999999999999988,-33.913616463597776
1417,0.1120000000000001,-5.717700560545739,0.1120000000000001,-33.37101713321016
1418,0.11399999999999988,-5.514819493397406,0.11399999999999988,-32.83140424639916
1419,0.1160000000000001,-5.31393908753665,0.1160000000000001,-32.29512355817429
1420,0.11799999999999988,-5.115106572313398,0.11799999999999988,-31.762516277599495
1421,0.1200000000000001,-4.918370611482228,0.1200000000000001,-31.233919067792208
1422,0.12199999999999989,-4.723781303202731,0.12199999999999989,-30.709664045924296
1423,0.12400000000000011,-4.531390180039152,0.12400000000000011,-30.190078783221118
1424,0.1259999999999999,-4.341250208960744,0.1259999999999999,-29.675258349154948
1425,0.1280000000000001,-4.153415791341425,0.1280000000000001,-29.16479854412292
1426,0.1299999999999999,-3.9679427629601136,0.1299999999999999,-28.65871295513154
1427,0.13200000000000012,-3.784888394000391,0.13200000000000012,-28.157041246346168
1428,0.1339999999999999,-3.6043113890508396,0.1339999999999999,-27.659823224067352
1429,0.13600000000000012,-3.4262718871047166,0.13600000000000012,-27.16709883672997
1430,0.1379999999999999,-3.2508314615602627,0.1379999999999999,-26.678908174904095
1431,0.14000000000000012,-3.0780531202203996,0.14000000000000012,-26.195291471294112
1432,0.1419999999999999,-2.9080013052930394,0.1419999999999999,-25.71628910073961
1433,0.14400000000000013,-2.7407418933907692,0.14400000000000013,-25.241941580214494
1434,0.1459999999999999,-2.5763421955311667,0.1459999999999999,-24.77228956882786
1435,0.14800000000000013,-2.4148563717180602,0.14800000000000013,-24.307373867823138
1436,0.1499999999999999,-2.25616407067205,0.1499999999999999,-23.847235420578933
1437,0.15200000000000014,-2.1001958072470943,0.15200000000000014,-23.391915312608194
1438,0.15399999999999991,-1.946919671103001,0.15399999999999991,-22.94145477155904
1439,0.15600000000000014,-1.796305354031512,0.15600000000000014,-22.495895167213938
1440,0.15799999999999992,-1.6483241499565762,0.15799999999999992,-22.055278011490515
1441,0.16000000000000014,-1.5029489549340838,0.16000000000000014,-21.61964495844076
1442,0.16199999999999992,-1.3601542671521258,0.16199999999999992,-21.189037804251814
1443,0.16400000000000015,-1.2199161869307384,0.16400000000000015,-20.763498487245187
1444,0.16599999999999993,-1.0822124167221558,0.16599999999999993,-20.343069087877524
1445,0.16800000000000015,-0.9470222611105603,0.16800000000000015,-19.927791828739856
1446,0.16999999999999993,-0.8143266268123286,0.16999999999999993,-19.51770907455834
1447,0.17200000000000015,-0.6841080226757899,0.17200000000000015,-19.11286333219353
1448,0.17399999999999993,-0.5563505596814631,0.17399999999999993,-18.713297250641094
1449,0.17600000000000016,-0.431039950941825,0.17600000000000016,-18.319053621031106
1450,0.17799999999999994,-0.3081635117015358,0.17799999999999994,-17.930175376628743
1451,0.18000000000000016,-0.18771015933721769,0.18000000000000016,-17.546705592833597
1452,0.18199999999999994,-0.06967041335767599,0.18199999999999994,-17.168687487180357
1453,0.18400000000000016,0.04596360459632054,0.18400000000000016,-16.796164419338137
1454,0.18599999999999994,0.1591981707518264,0.18599999999999994,-16.42917989111114
1455,0.18800000000000017,0.2700379592039259,0.18800000000000017,-16.067777546437988
1456,0.18999999999999995,0.3784860419155285,0.18999999999999995,-15.712001171392403
1457,0.19200000000000017,0.4845438887175737,0.19200000000000017,-15.361894694182535
1458,0.19399999999999995,0.5882113673088298,0.19399999999999995,-15.017464223307549
1459,0.19600000000000017,0.6894867432560878,0.19600000000000017,-14.678490401921676
1460,0.19799999999999995,0.7883666799939721,0.19799999999999995,-14.344875190942522
1461,0.20000000000000018,0.8848462388251299,0.20000000000000018,-14.01655318452583
1462,0.20199999999999996,0.9789188789200445,0.20199999999999996,-13.693460345054888
1463,0.20400000000000018,1.0705785886257821,0.20400000000000018,-13.375534003139954
1464,0.20599999999999996,1.1599181734179476,0.20599999999999996,-13.06271285761882
1465,0.20800000000000018,1.24701733852718,0.20800000000000018,-12.754936975556255
1466,0.20999999999999996,1.3319115116779414,0.20999999999999996,-12.452147792244554
1467,0.2120000000000002,1.4146352512008282,0.2120000000000002,-12.154288111202991
1468,0.21399999999999997,1.4952222460324198,0.21399999999999997,-11.86130210417837
1469,0.2160000000000002,1.573705315715427,0.2160000000000002,-11.573135311144473
1470,0.21799999999999997,1.6501164103985477,0.21799999999999997,-11.289734640302605
1471,0.2200000000000002,1.724486610836606,0.2200000000000002,-11.011048368081063
1472,0.22199999999999998,1.7968461283904182,0.22199999999999998,-10.737026139135653
1473,0.2240000000000002,1.8672243050269228,0.2240000000000002,-10.467618966349182
1474,0.22599999999999998,1.9356496133190535,0.22599999999999998,-10.202779230831954
1475,0.2280000000000002,2.002149656445863,0.2280000000000002,-9.942460681921297
1476,0.22999999999999998,2.066751168192403,0.22999999999999998,-9.68661843718201
1477,0.2320000000000002,2.129480012949841,0.2320000000000002,-9.43520898240593
1478,0.23399999999999999,2.1903611857153455,0.23399999999999999,-9.18819017161237
1479,0.2360000000000002,2.2494188120921983,0.2360000000000002,-8.945521227047664
1480,0.238,2.306676148289687,0.238,-8.707162739185636
1481,0.2400000000000002,2.362155581123207,0.2400000000000002,-8.47307666672713
1482,0.242,2.415878628014163,0.242,-8.243226336600468
1483,0.24400000000000022,2.467865936990065,0.24400000000000022,-8.017576443961008
1484,0.246,2.5181372866844356,0.246,-7.796093052191574
1485,0.24800000000000022,2.5667115863369,0.24800000000000022,-7.57874359290204
1486,0.25,2.6136068757930975,0.25,-7.365496865929723
1487,0.2520000000000002,2.6588403255047677,0.2520000000000002,-7.156323039339009
1488,0.254,2.702428236529668,0.254,-6.951193649421727
1489,0.2560000000000002,2.7443860405316514,0.2560000000000002,-6.7500816006967685
1490,0.258,2.7847367756711225,0.258,-6.552961165910462
1491,0.26000000000000023,2.8235194929088223,0.26000000000000023,-6.359807986036211
1492,0.262,2.8607681183856553,0.262,-6.17059907027485
1493,0.26400000000000023,2.896515695395556,0.26400000000000023,-5.985312796054291
1494,0.266,2.9307944767864558,0.266,-5.803928909029867
1495,0.26800000000000024,2.963635924960341,0.26800000000000024,-5.626378739269194
1496,0.27,2.995070711873195,0.27,-5.452489848442761
1497,0.27200000000000024,3.0251287190350578,0.27200000000000024,-5.282193789858406
1498,0.274,3.0538390375099667,0.274,-5.115429697826093
1499,0.27600000000000025,3.0812299679160122,0.27600000000000025,-4.952137716763023
1500,0.278,3.1073290204252864,0.278,-4.7922590011939254
1501,0.28000000000000025,3.1321629147639314,0.28000000000000025,-4.635735715750772
1502,0.28200000000000003,3.155757580212093,0.28200000000000003,-4.482511035173059
1503,0.28400000000000025,3.1781381556039654,0.28400000000000025,-4.332529144307527
1504,0.28600000000000003,3.1993289893277477,0.28600000000000003,-4.185735238108435
1505,0.28800000000000026,3.219353639325686,0.28800000000000026,-4.042075521637298
1506,0.29000000000000004,3.2382348730940342,0.29000000000000004,-3.9014972100631407
1507,0.29200000000000026,3.2559946676830895,0.29200000000000026,-3.7639485286622447
1508,0.29400000000000004,3.2726542096971594,0.29400000000000004,-3.6293787128184025
1509,0.29600000000000026,3.2882338952945935,0.29600000000000026,-3.497738008022665
1510,0.29800000000000004,3.3027533301877523,0.29800000000000004,-3.368977669873591
1511,0.30000000000000027,3.316231329643038,0.30000000000000027,-3.243049964077002
1512,0.30200000000000005,3.328685918480865,0.30200000000000005,-3.1199081664462205
1513,0.30400000000000027,3.340134331075687,0.30400000000000027,-2.99950656290184
1514,0.30600000000000005,3.3505930113559717,0.30600000000000005,-2.881800449471947
1515,0.3080000000000003,3.360077612804225,0.3080000000000003,-2.766746132291908
1516,0.31000000000000005,3.3686029984569696,0.31000000000000005,-2.6543009276045706
1517,0.3120000000000003,3.3761832409047616,0.3120000000000003,-2.544423161760075
1518,0.31400000000000006,3.382831622292178,0.31400000000000006,-2.4370721712160344
1519,0.3160000000000003,3.3885606343178276,0.3160000000000003,-2.3322083025373566
1520,0.31800000000000006,3.3933819782343404,0.31800000000000006,-2.229792912396422
1521,0.3200000000000003,3.397307212661776,0.3200000000000003,-2.1297883675729086
1522,0.32200000000000006,3.400370496801754,0.32200000000000006,-2.0321580449539622
1523,0.3240000000000003,3.4026037259542874,0.3240000000000003,-1.9368663315340306
1524,0.32600000000000007,3.404029883537152,0.32600000000000007,-1.843878624415026
1525,0.3280000000000003,3.4046714484741205,0.3280000000000003,-1.753161330806165
1526,0.33000000000000007,3.404550395194964,0.33000000000000007,-1.6646818680241262
1527,0.3320000000000003,3.4036881936354506,0.3320000000000003,-1.5784086634928967
1528,0.3340000000000001,3.402105809237346,0.3340000000000001,-1.4943111547439214
1529,0.3360000000000003,3.3998237029484137,0.3360000000000003,-1.4123597894159534
1530,0.3380000000000001,3.3968618312224144,0.3380000000000001,-1.3325260252552082
1531,0.3400000000000003,3.3932396460191048,0.3400000000000003,-1.2547823301152077
1532,0.3420000000000001,3.3889760948042422,0.3420000000000001,-1.1791021819569298
1533,0.3440000000000003,3.3840896205495783,0.3440000000000003,-1.1054402993006565
1534,0.3460000000000001,3.378598161732865,0.3460000000000001,-1.0337094822495856
1535,0.3480000000000003,3.372519152337848,0.3480000000000003,-0.9638687716220974
1536,0.3500000000000001,3.365869521854276,0.3500000000000001,-0.8958809610307487
1537,0.35199999999999987,3.3586656952778897,0.35199999999999987,-0.8297094056314573
1538,0.3540000000000001,3.350923593110428,0.3540000000000001,-0.765318022123551
1539,0.35599999999999987,3.3426586313596327,0.35599999999999987,-0.7026712887498081
1540,0.3580000000000001,3.333885721539235,0.3580000000000001,-0.6417342452963587
1541,0.3599999999999999,3.3246192706689714,0.3599999999999999,-0.5824724930927958
1542,0.3620000000000001,3.314873181274568,0.3620000000000001,-0.524852195012067
1543,0.3639999999999999,3.3046608513877573,0.3639999999999999,-0.4688400754705798
1544,0.3660000000000001,3.2939951745462595,0.3660000000000001,-0.41440342042809974
1545,0.3679999999999999,3.282888539793802,0.3679999999999999,-0.36151007738784857
1546,0.3700000000000001,3.2713528316801,0.3700000000000001,-0.3101284553964093
1547,0.3719999999999999,3.259399430260877,0.3719999999999999,-0.2602275250438193
1548,0.3740000000000001,3.247039211097841,0.3740000000000001,-0.21177681846347796
1549,0.3759999999999999,3.2342825452587114,0.3759999999999999,-0.16474642933223738
1550,0.3780000000000001,3.221139299317192,0.3780000000000001,-0.11910701287031555
1551,0.3799999999999999,3.207618835352996,0.3799999999999999,-0.07482978584137845
1552,0.3820000000000001,3.193730010951823,0.3820000000000001,-0.031886526552461714
1553,0.3839999999999999,3.1794811792053808,0.3839999999999999,0.0097504251459537
1554,0.3860000000000001,3.164880188711363,0.3860000000000001,0.05010816786001571
1555,0.3879999999999999,3.1499343835734734,0.3879999999999999,0.08921323865242714
1556,0.3900000000000001,3.1346506034014006,0.3900000000000001,0.12709161304251926
1557,0.3919999999999999,3.119035183310843,0.3919999999999999,0.16376870500618024
1558,0.39400000000000013,3.1030963015217576,0.39400000000000013,0.1992693669759238
1559,0.3959999999999999,3.0868646400969535,0.3959999999999999,0.23361788984082277
1560,0.39800000000000013,3.0703573222488094,0.39800000000000013,0.26683800294657356
1561,0.3999999999999999,3.0535857047872614,0.3999999999999999,0.29895287409543503
1562,0.40200000000000014,3.0365609095638333,0.40200000000000014,0.329985109546286
1563,0.4039999999999999,3.019293823471667,0.4039999999999999,0.35995675401456984
1564,0.40600000000000014,3.0017950984454913,0.40600000000000014,0.38888929067234845
1565,0.4079999999999999,2.9840751514616537,0.4079999999999999,0.4168036411482501
1566,0.41000000000000014,2.9661441645380875,0.41000000000000014,0.4437201655275198
1567,0.4119999999999999,2.9480120847343447,0.4119999999999999,0.4696586623519703
1568,0.41400000000000015,2.9296886241515647,0.41400000000000015,0.4946383686200291
1569,0.4159999999999999,2.911183259932504,0.4159999999999999,0.5186779597866953
1570,0.41800000000000015,2.8925052342615065,0.41800000000000015,0.5417955497635794
1571,0.41999999999999993,2.873663554364535,0.41999999999999993,0.5640086909188629
1572,0.42200000000000015,2.8546669925091375,0.42200000000000015,0.5853434777306378
1573,0.42399999999999993,2.8355240860044817,0.42399999999999993,0.6058360323458941
1574,0.42600000000000016,2.816243137201321,0.42600000000000016,0.6255057476442036
1575,0.42799999999999994,2.7968322134920287,0.42799999999999994,0.6443712642649504
1576,0.43000000000000016,2.777299147310562,0.43000000000000016,0.6624509542687427
1577,0.43199999999999994,2.7576515361325002,0.43199999999999994,0.6797629211373795
1578,0.43400000000000016,2.737896742475006,0.43400000000000016,0.6963249997738824
1579,0.43599999999999994,2.718041893896862,0.43599999999999994,0.7121547565024655
1580,0.43800000000000017,2.6980938829984367,0.43800000000000017,0.727269489068564
1581,0.43999999999999995,2.678059367421718,0.43999999999999995,0.7416862266388065
1582,0.44200000000000017,2.65794476985028,0.44200000000000017,0.7554217298010419
1583,0.44399999999999995,2.6377562780093147,0.44399999999999995,0.7684924905643137
1584,0.4460000000000002,2.617499844665601,0.4460000000000002,0.7809147323588842
1585,0.44799999999999995,2.5971811876275375,0.44799999999999995,0.7927044100362117
1586,0.4500000000000002,2.576805789745106,0.4500000000000002,0.8038772098689724
1587,0.45199999999999996,2.5563788989099114,0.45199999999999996,0.814448549551039
1588,0.4540000000000002,2.5359055280551415,0.4540000000000002,0.8244335781975012
1589,0.45599999999999996,2.515390455155604,0.45599999999999996,0.8338471763446468
1590,0.4580000000000002,2.4948382232276924,0.4580000000000002,0.8427039559499793
1591,0.45999999999999996,2.4742531403294206,0.45999999999999996,0.8510182603922006
1592,0.4620000000000002,2.4536392795603863,0.4620000000000002,0.8588041644712283
1593,0.46399999999999997,2.4330004790618083,0.46399999999999997,0.8660754744081789
1594,0.4660000000000002,2.4123403420164897,0.4660000000000002,0.8728457278453836
1595,0.46799999999999997,2.3916622366488545,0.46799999999999997,0.8791281938463738
1596,0.4700000000000002,2.37096929622491,0.4700000000000002,0.8849358728958943
1597,0.472,2.3502644190522854,0.472,0.8902814968998907
1598,0.4740000000000002,2.329555597398421,0.4740000000000002,0.895177529185522
1599,0.476,2.308855487475933,0.476,0.8996361645011486
1600,0.4780000000000002,2.288168370431996,0.4780000000000002,0.9036693290163429
1601,0.48,2.267498286044428,0.48,0.90728868032188
1602,0.4820000000000002,2.246849185997094,0.4820000000000002,0.9105056074297462
1603,0.484,2.226224933879941,0.484,0.913331230773131
1604,0.4860000000000002,2.2056293051889635,0.4860000000000002,0.9157764022064345
1605,0.488,2.185065987326239,0.488,0.9178517050052608
1606,0.4900000000000002,2.16453857959989,0.4900000000000002,0.9195674538664236
1607,0.492,2.1440505932241245,0.492,0.9209336949079421
1608,0.4940000000000002,2.123605451319195,0.4940000000000002,0.9219602056690435
1609,0.496,2.103206488911438,0.496,0.9226564951101612
1610,0.4980000000000002,2.0828569529332364,0.4980000000000002,0.923031803612937
1611,0.5,2.062560002223056,0.5,0.9230951029802182
1612,0.5020000000000002,2.0423187075254097,0.5020000000000002,0.9228585736772282
1613,0.504,2.022136051490892,0.504,0.9223350486622393
1614,0.5060000000000002,2.0020149286761457,0.5060000000000002,0.9215325525794501
1615,0.508,1.9819581455438957,0.508,0.9204589778422404
1616,0.5100000000000002,1.9619684204629135,0.5100000000000002,0.9191221055398451
1617,0.512,1.9420483837080533,0.512,0.9175296054373564
1618,0.5140000000000002,1.922200577460217,0.5140000000000002,0.9156890359757216
1619,0.516,1.9024274558063885,0.516,0.9136078442717457
1620,0.5180000000000002,1.8827313847395983,0.5180000000000002,0.9112933661180879
1621,0.52,1.8631146421589604,0.52,0.9087528259832658
1622,0.5220000000000002,1.8435794178696352,0.5220000000000002,0.9059933370116511
1623,0.524,1.8241278135828658,0.524,0.9030219010234738
1624,0.5260000000000002,1.8047618429159424,0.5260000000000002,0.8998454085148178
1625,0.528,1.7854834313922372,0.528,0.8964706386576259
1626,0.5300000000000002,1.7662944164411707,0.5300000000000002,0.892904259299694
1627,0.532,1.7471965473982447,0.532,0.8891528269646777
1628,0.5340000000000003,1.7281914855050087,0.5340000000000003,0.8852227868520851
1629,0.536,1.709280803909094,0.536,0.8811204728372842
1630,0.5380000000000003,1.6904659876641803,0.5380000000000003,0.8768521074714956
1631,0.54,1.6717484337300286,0.54,0.8724238019817997
1632,0.5420000000000003,1.6531294509724472,0.5420000000000003,0.8678415562711295
1633,0.544,1.6346102601633272,0.544,0.8631112589182779
1634,0.5460000000000003,1.6161919939806069,0.5460000000000003,0.8582386871778902
1635,0.548,1.5978756970083061,0.548,0.8532295069804718
1636,0.5500000000000003,1.5796623257364935,0.5500000000000003,0.8480892729323802
1637,0.552,1.561552748561318,0.552,0.8428234283158336
1638,0.5540000000000003,1.5435477479039594,0.5540000000000003,0.8374373050889017
1639,0.556,1.5256502737580848,0.556,0.8319361238855151
1640,0.5580000000000003,1.507862979950344,0.5580000000000003,0.8263249940154558
1641,0.56,1.4901865114204633,0.56,0.820608913464367
1642,0.5620000000000003,1.4726214896005425,0.5620000000000003,0.8147927688937433
1643,0.5640000000000001,1.4551685124150875,0.5640000000000001,0.80888133564094
1644,0.5660000000000003,1.4378281542809779,0.5660000000000003,0.8028792777191641
1645,0.5680000000000001,1.420600966107499,0.5680000000000001,0.7967911478174836
1646,0.5700000000000003,1.40348747529631,0.5700000000000003,0.7906213873008177
1647,0.5720000000000001,1.3864881857414757,0.5720000000000001,0.7843743262099467
1648,0.5740000000000003,1.3696035778294349,0.5740000000000003,0.7780541832615024
1649,0.5760000000000001,1.3528341084390318,0.5760000000000001,0.7716650658479779
1650,0.5780000000000003,1.3361802109414853,0.5780000000000003,0.7652109700377168
1651,0.5800000000000001,1.3196422952004183,0.5800000000000001,0.7586957805749247
1652,0.5820000000000003,1.3032207475718298,0.5820000000000003,0.7521232708796577
1653,0.5840000000000001,1.2869159309041223,0.5840000000000001,0.7454977425656719
1654,0.5860000000000003,1.2707281845380742,0.5860000000000003,0.7388231786998483
1655,0.5880000000000001,1.2546578243068676,0.5880000000000001,0.7321022570981345
1656,0.5900000000000003,1.2387051425360605,0.5900000000000003,0.725337609882945
1657,0.5920000000000001,1.2228704080436144,0.5920000000000001,0.7185318325959781
1658,0.5940000000000003,1.207153866139867,0.5940000000000003,0.7116874841982032
1659,0.5960000000000001,1.1915557386275593,0.5960000000000001,0.7048070870698735
1660,0.5980000000000003,1.1760762238018085,0.5980000000000003,0.6978931270105141
1661,0.6000000000000001,1.1607154964501354,0.6000000000000001,0.6909480532389333
1662,0.6020000000000003,1.1454737078524364,0.6020000000000003,0.683974278393211
1663,0.6040000000000001,1.1303509857810121,0.6040000000000001,0.6769741785307111
1664,0.6060000000000003,1.1153474345005385,0.6060000000000003,0.6699500931280687
1665,0.6080000000000001,1.1004631347680958,0.6080000000000001,0.6629043250812028
1666,0.6099999999999999,1.0856981438331426,0.6099999999999999,0.6558391407053052
1667,0.6120000000000001,1.0710524954375287,0.6120000000000001,0.6487567697348455
1668,0.6139999999999999,1.0565261998155027,0.6139999999999999,0.6416594053235755
1669,0.6160000000000001,1.0421192436936897,0.6160000000000001,0.6345492040445181
1670,0.6179999999999999,1.0278315902911186,0.6179999999999999,0.6274282858899807
1671,0.6200000000000001,1.0136631793191946,0.6200000000000001,0.6202987342715411
1672,0.6219999999999999,0.9996139269817249,0.6219999999999999,0.6131625960200621
1673,0.6240000000000001,0.9856837259748947,0.6240000000000001,0.6060218813856768
1674,0.6259999999999999,0.9718724454872912,0.6259999999999999,0.5988785640378027
1675,0.6280000000000001,0.9581799311998788,0.6280000000000001,0.5917345810651286
1676,0.6299999999999999,0.9446060052860242,0.6299999999999999,0.584591832975627
1677,0.6320000000000001,0.9311504664114715,0.6320000000000001,0.577452183696542
1678,0.6339999999999999,0.9178130897343668,0.6339999999999999,0.5703174605744014
1679,0.6360000000000001,0.904593626905234,0.6360000000000001,0.5631894543750041
1680,0.6379999999999999,0.8914918060669987,0.6379999999999999,0.5560699192834333
1681,0.6400000000000001,0.87850735262395,0.6400000000000001,0.5489605729040434
1682,0.6419999999999999,0.8656404796162283,0.6419999999999999,0.5418630962604727
1683,0.6440000000000001,0.8528908629512938,0.6440000000000001,0.5347791337956302
1684,0.6459999999999999,0.840257866964716,0.6459999999999999,0.52771029337171
1685,0.6480000000000001,0.8277408574056093,0.6480000000000001,0.5206581462701765
1686,0.6499999999999999,0.8153392014366565,0.6499999999999999,0.5136242271917784
1687,0.6520000000000001,0.8030522676340857,0.6520000000000001,0.5066100342565356
1688,0.6539999999999999,0.7908794259876927,0.6539999999999999,0.49961702900375193
1689,0.6560000000000001,0.7788200479008193,0.6560000000000001,0.49264663639200273
1690,0.6579999999999999,0.7668735061903749,0.6579999999999999,0.48570024479914675
1691,0.6600000000000001,0.7550391750868147,0.6600000000000001,0.4787792060223145
1692,0.6619999999999999,0.7433164302341614,0.6619999999999999,0.47188483527792024
1693,0.6640000000000001,0.7317046486899839,0.6640000000000001,0.4650184112016495
1694,0.6659999999999999,0.720203208925418,0.6659999999999999,0.4581811758484716
1695,0.6680000000000001,0.7088114908251464,0.6680000000000001,0.4513743346926276
1696,0.6699999999999999,0.6975288756874183,0.6699999999999999,0.4445990322480619
1697,0.6720000000000002,0.6863547462240296,0.6720000000000002,0.437855994774527
1698,0.6739999999999999,0.6752884865603432,0.6739999999999999,0.43114563305959064
1699,0.6760000000000002,0.6643294822352687,0.6760000000000002,0.4244683449060031
1700,0.6779999999999999,0.6534771202012818,0.6779999999999999,0.4178245230009933
1701,0.6800000000000002,0.642730788824406,0.6800000000000002,0.41121455491625725
1702,0.6819999999999999,0.6320898778842305,0.6819999999999999,0.4046388231079694
1703,0.6840000000000002,0.621553778573892,0.6840000000000002,0.3980977049167714
1704,0.6859999999999999,0.6111218835000933,0.6859999999999999,0.3915915725677832
1705,0.6880000000000002,0.6007935866830847,0.6880000000000002,0.3851207931705919
1706,0.69,0.5905682835566822,0.69,0.37868572871926326
1707,0.6920000000000002,0.5804453709682497,0.6920000000000002,0.37228673609232993
1708,0.694,0.5704242471787165,0.694,0.36592416705280306
1709,0.6960000000000002,0.5605043118625601,0.6960000000000002,0.35959836824816094
1710,0.698,0.5506849661078235,0.698,0.3533096812103604
1711,0.7000000000000002,0.5409656124160971,0.7000000000000002,0.3470584423558252
1712,0.702,0.5313456547025376,0.702,0.3408449829854578
1713,0.7040000000000002,0.5218244982958492,0.7040000000000002,0.3346696292846275
1714,0.706,0.5124015499383016,0.706,0.3285327023231822
1715,0.7080000000000002,0.5030762177857127,0.7080000000000002,0.3224345180554371
1716,0.71,0.4938479114074655,0.71,0.31637538732018544
1717,0.7120000000000002,0.48471604178649147,0.7120000000000002,0.31035561584068794
1718,0.714,0.4756800213192869,0.714,0.3043755042246835
1719,0.7160000000000002,0.4667392638158971,0.7160000000000002,0.29843534796437843
1720,0.718,0.45789318449993155,0.718,0.29253543743645727
1721,0.7200000000000002,0.44914120000854885,0.7200000000000002,0.28667605790207185
1722,0.722,0.4404827283924723,0.722,0.28085748950685213
1723,0.7240000000000002,0.43191718911597377,0.7240000000000002,0.27508000728089566
1724,0.726,0.42344400305688995,0.726,0.269343881138778
1725,0.7280000000000002,0.41506259250660626,0.7280000000000002,0.2636493758795422
1726,0.73,0.4067723811700728,0.73,0.2579967511867094
1727,0.7320000000000002,0.39857279416578867,0.7320000000000002,0.25238626162826827
1728,0.734,0.39046322655496685,0.734,0.2468181566566854
1729,0.7360000000000002,0.38244281035251493,0.7360000000000002,0.24129268060889514
1730,0.738,0.37451067744957295,0.738,0.23581007270630963
1731,0.7400000000000002,0.3666659877216925,0.7400000000000002,0.23037056705480888
1732,0.742,0.3589079086907998,0.742,0.22497439264475044
1733,0.7440000000000002,0.3512356155251815,0.7440000000000002,0.21962177335095998
1734,0.746,0.3436482910394989,0.746,0.21431292793274065
1735,0.7480000000000002,0.33614512569477384,0.7480000000000002,0.20904807003386355
1736,0.75,0.3287253175984026,0.75,0.20382740818257758
1737,0.7520000000000002,0.32138807250414236,0.7520000000000002,0.19865114579159943
1738,0.754,0.31413260381212427,0.754,0.19351948115812334
1739,0.7560000000000002,0.30695813256884075,0.7560000000000002,0.18843260746381174
1740,0.758,0.299863887467158,0.758,0.1833907127748044
1741,0.7600000000000002,0.29284910484630355,0.7600000000000002,0.17839398004170937
1742,0.762,0.28591302869187873,0.762,0.17344258709961197
1743,0.7640000000000002,0.27905491063584625,0.7640000000000002,0.16853670279157715
1744,0.766,0.2722740099565424,0.766,0.16367591163659836
1745,0.7680000000000002,0.2655695935786651,0.7680000000000002,0.15885962760758893
1746,0.77,0.2589409360732857,0.77,0.15408754143127554
1747,0.7720000000000002,0.2523873196578374,0.7720000000000002,0.14935934788745178
1748,0.774,0.24590803419612647,0.774,0.14467474580898643
1749,0.7760000000000002,0.23950237719832124,0.7760000000000002,0.14003343808181515
1750,0.778,0.2331696538209631,0.778,0.13543513164494883
1751,0.7800000000000002,0.22690917686695547,0.7800000000000002,0.13087953749046521
1752,0.782,0.2207202667855749,0.782,0.1263663706635173
1753,0.7840000000000003,0.21460225167246003,0.7840000000000003,0.12189535026232504
1754,0.786,0.20855446726962237,0.786,0.11746619943818334
1755,0.7880000000000003,0.20257625696543566,0.7880000000000003,0.11307864539545437
1756,0.79,0.19666697179464648,0.79,0.10873241939157516
1757,0.7920000000000003,0.19082597043836383,0.7920000000000003,0.10442725673704992
1758,0.794,0.18505261922406938,0.794,0.10016289679545776
1759,0.7960000000000003,0.17934629212560715,0.7960000000000003,0.09593908298344508
1760,0.798,0.17370637076319392,0.798,0.09175556277073305
1761,0.8000000000000003,0.168132244403409,0.8000000000000003,0.08761208768011018
1762,0.802,0.16262330995920396,0.802,0.08350841328743969
1763,0.8040000000000003,0.15717897198989345,0.8040000000000003,0.07944429922165225
1764,0.806,0.15179864270116414,0.806,0.07541950916475315
1765,0.8080000000000003,0.14648174194506566,0.8080000000000003,0.0714338108518152
1766,0.81,0.14122769722001993,0.81,0.06748697607098578
1767,0.8120000000000003,0.13603594367081168,0.8120000000000003,0.06357878066347973
1768,0.8140000000000001,0.1309059240885979,0.8140000000000001,0.0597090045235866
1769,0.8160000000000003,0.1258370889108984,0.8160000000000003,0.055877431598663374
1770,0.8180000000000001,0.12082889622160514,0.8180000000000001,0.05208384988914161
1771,0.8200000000000003,0.11588081175097348,0.8200000000000003,0.048328051448520454
1772,0.8220000000000001,0.11099230887563011,0.8220000000000001,0.04460983238337349
1773,0.8240000000000003,0.10616286861856555,0.8240000000000003,0.04092899285334209
1774,0.8260000000000001,0.10139197964914176,0.8260000000000001,0.037285337071141816
1775,0.8280000000000003,0.09667913828308417,0.8280000000000003,0.03367867330255622
1776,0.8300000000000001,0.0920238484824899,0.8300000000000001,0.030108813866442985
1777,0.8320000000000003,0.0874256218558197,0.8320000000000003,0.02657557513472769
1778,0.8340000000000001,0.08288397765790562,0.8340000000000001,0.02307877753241011
1779,0.8360000000000003,0.0783984427899434,0.8360000000000003,0.019618245537557977
1780,0.8380000000000001,0.07396855179950035,0.8380000000000001,0.016193807681313205
1781,0.8400000000000003,0.06959378976519025,0.8400000000000003,0.012805296547885564
1782,0.8420000000000001,0.06527306917119864,0.8420000000000001,0.009452548774559033
1783,0.8440000000000003,0.061005633299719544,0.8440000000000003,0.006135405051685638
1784,0.8460000000000001,0.05679087283992256,0.8460000000000001,0.0028537101226912553
1785,0.8480000000000003,0.05262818442466629,0.8480000000000003,-0.00039268721592986
1786,0.8500000000000001,0.04851697063050584,0.8500000000000001,-0.0036039341146097137
1787,0.8520000000000003,0.04445663997768538,0.8520000000000003,-0.006780173670712042
1788,0.8540000000000001,0.040446606930145554,0.8540000000000001,-0.009921544928526677
1789,0.8560000000000003,0.03648629189551612,0.8560000000000003,-0.013028182879275263
1790,0.8580000000000001,0.0325751212251232,0.8580000000000001,-0.016100218461105542
1791,0.8600000000000003,0.02871252721398218,0.8600000000000003,-0.01913777855909704
1792,0.8620000000000001,0.024897948100804673,0.8620000000000001,-0.022140986005255492
1793,0.8639999999999999,0.021130828067992498,0.8639999999999999,-0.025109959578517554
1794,0.8660000000000001,0.017410617241640267,0.8660000000000001,-0.028044814004748814
1795,0.8679999999999999,0.013736771691537877,0.8679999999999999,-0.030945659956741922
1796,0.8700000000000001,0.010108753431164672,0.8700000000000001,-0.0338126339438722
1797,0.8719999999999999,0.006526030417696074,0.8719999999999999,-0.03664671151531168
1798,0.8740000000000001,0.00298807655199701,0.8740000000000001,-0.039448574581172964
1799,0.8759999999999999,-0.0005056283213715901,0.8759999999999999,-0.04221856088158517
1800,0.8780000000000001,-0.003955598414159198,0.8780000000000001,-0.04495700440498028
1801,0.8799999999999999,-0.007362341994419402,0.8799999999999999,-0.04766423538808827
1802,0.8820000000000001,-0.010726361386516087,0.8820000000000001,-0.05034058031594188
1803,0.8839999999999999,-0.014048152971117264,0.8839999999999999,-0.05298636192187187
1804,0.8860000000000001,-0.01732820718520127,0.8860000000000001,-0.055601899187511794
1805,0.8879999999999999,-0.020567008522050637,0.8879999999999999,-0.0581875073427932
1806,0.8900000000000001,-0.023765035531258055,0.8900000000000001,-0.06074349786595041
1807,0.8919999999999999,-0.02692276081872061,0.8919999999999999,-0.0632701784835158
1808,0.8940000000000001,-0.030040651046645342,0.8940000000000001,-0.06576785317032444
1809,0.8959999999999999,-0.033119166933543845,0.8959999999999999,-0.06823682214950952
1810,0.8980000000000001,-0.03615876325423756,0.8980000000000001,-0.0706773818925069
1811,0.8999999999999999,-0.03915988883985262,0.8999999999999999,-0.07308982511905059
1812,0.9020000000000001,-0.042122986577824845,0.9020000000000001,-0.07547444079717716
1813,0.9039999999999999,-0.04504849341189475,0.9039999999999999,-0.07783151414322151
1814,0.9060000000000001,-0.047936840342112735,0.9060000000000001,-0.08016132662182093
1815,0.9079999999999999,-0.05078845242483378,0.9079999999999999,-0.08246415594591114
1816,0.9100000000000001,-0.05360374877272256,0.9100000000000001,-0.08474027607673021
1817,0.9119999999999999,-0.05638314255474869,0.9119999999999999,-0.08698995722381467
1818,0.9140000000000001,-0.05912704099619126,0.9140000000000001,-0.08921346584500336
1819,0.9159999999999999,-0.06183584537863415,0.9159999999999999,-0.09141106464643362
1820,0.9180000000000001,-0.06450995103997109,0.9180000000000001,-0.09358301258254506
1821,0.9199999999999999,-0.06714974737440046,0.9199999999999999,-0.09572956485607581
1822,0.9220000000000002,-0.06975561783243028,0.9220000000000002,-0.0978509729180663
1823,0.9239999999999999,-0.07232793992087339,0.9239999999999999,-0.09994748446785544
1824,0.9260000000000002,-0.07486708520285232,0.9260000000000002,-0.10201934345308443
1825,0.9279999999999999,-0.07737341929779443,0.9279999999999999,-0.104066790069693
1826,0.9300000000000002,-0.07984730188143652,0.9300000000000002,-0.1060900607619231
1827,0.9319999999999999,-0.08228908668582058,0.9319999999999999,-0.10808938822231527
1828,0.9340000000000002,-0.08469912149929776,0.9340000000000002,-0.11006500139171228
1829,0.9359999999999999,-0.08707774816652444,0.9359999999999999,-0.11201712545925545
1830,0.9380000000000002,-0.08942530258846637,0.9380000000000002,-0.11394598186238832
1831,0.94,-0.09174211472239432,0.94,-0.11585178828685304
1832,0.9420000000000002,-0.09402850858188841,0.9420000000000002,-0.11773475866669385
1833,0.944,-0.096284802236834,0.944,-0.1195951031842538
1834,0.9460000000000002,-0.09851130781342557,0.9460000000000002,-0.12143302827017788
1835,0.948,-0.10070833149416289,0.948,-0.12324873660340989
1836,0.9500000000000002,-0.10287617351785494,0.9500000000000002,-0.12504242711119568
1837,0.952,-0.105015128179616,0.952,-0.1268142949690798
1838,0.9540000000000002,-0.1071254838308694,0.9540000000000002,-0.12856453160090886
1839,0.956,-0.10920752287934396,0.956,-0.1302933246788283
1840,0.9580000000000002,-0.11126152178907739,0.9580000000000002,-0.1320008581232854
1841,0.96,-0.11328775108041297,0.96,-0.13368731210302648
1842,0.9620000000000002,-0.11528650545945437,0.9620000000000002,-0.13535286303509964
1843,0.964,-0.11725863366402992,0.964,-0.1369976835848519
1844,0.9660000000000002,-0.1192046656871155,0.9660000000000002,-0.13862194266593214
1845,0.968,-0.12112491572465409,0.968,-0.14022580544028823
1846,0.9700000000000002,-0.12301969520180114,0.9700000000000002,-0.14180943331816986
1847,0.972,-0.1248893127729212,0.972,-0.14337298395812564
1848,0.9740000000000002,-0.1267340743215913,0.9740000000000002,-0.14491661126700606
1849,0.976,-0.12855428296059757,0.976,-0.14644046539996058
1850,0.9780000000000002,-0.13035023903193854,0.9780000000000002,-0.14794469276044037
1851,0.98,-0.132122240106822,0.98,-0.14942943600019573
1852,0.9820000000000002,-0.13387058098566798,0.9820000000000002,-0.1508950296893237
1853,0.984,-0.1355955536981059,0.984,-0.15234197882399314
1854,0.9860000000000002,-0.1372974475029773,0.9860000000000002,-0.15377051554348156
1855,0.988,-0.13897654888833316,0.988,-0.1551808656767268
1856,0.9900000000000002,-0.14063314157143667,0.9900000000000002,-0.15657325263279076
1857,0.992,-0.14226750649876033,0.992,-0.15794789740085732
1858,0.9940000000000002,-0.14387992184598888,0.9940000000000002,-0.1593050185502345
1859,0.996,-0.14547066301801642,0.996,-0.160644832230352
1860,0.9980000000000002,-0.14704000264894923,0.9980000000000002,-0.1619675521707639
1861,1.0,-0.148588210602103,1.0,-0.16327338968114594
1862,1.0020000000000002,-0.1501155539700056,1.0020000000000002,-0.1645625536512981
1863,1.004,-0.15162229707439423,1.004,-0.1658352505511422
1864,1.0060000000000002,-0.15310870146621833,1.0060000000000002,-0.16709168443072417
1865,1.008,-0.15457502592563674,1.008,-0.16833205692021183
1866,1.0100000000000002,-0.15602152646202044,1.0100000000000002,-0.1695565672298971
1867,1.012,-0.15744845631394982,1.012,-0.17076541215019378
1868,1.0140000000000002,-0.15885606594921742,1.0140000000000002,-0.1719587860516398
1869,1.016,-0.16024460306482521,1.016,-0.17313688088489498
1870,1.0180000000000002,-0.16161431258698727,1.0180000000000002,-0.17429988618074319
1871,1.02,-0.16296543667112723,1.02,-0.17544798905009026
1872,1.0220000000000002,-0.16429821470188066,1.0220000000000002,-0.17658137418396608
1873,1.024,-0.1656128832930928,1.024,-0.17770022385352247
1874,1.0260000000000002,-0.16690967628782075,1.0260000000000002,-0.17880471791003524
1875,1.028,-0.1681888247583313,1.028,-0.1798950337849023
1876,1.0300000000000002,-0.16945055700610315,1.0300000000000002,-0.1809713464896454
1877,1.032,-0.1706950985618247,1.032,-0.18203382861590844
1878,1.0340000000000003,-0.1719226721853962,1.0340000000000003,-0.18308265033545923
1879,1.036,-0.17313349786592755,1.036,-0.1841179794001876
1880,1.0380000000000003,-0.1743277928217406,1.0380000000000003,-0.18513998114210728
1881,1.04,-0.17550577150036692,1.04,-0.18614881847335424
1882,1.0420000000000003,-0.1766676455785498,1.0420000000000003,-0.18714465188618817
1883,1.044,-0.1778136239622424,1.044,-0.18812763945299096
1884,1.0460000000000003,-0.17894391278660962,1.0460000000000003,-0.18909793682626835
1885,1.048,-0.1800587154160262,1.048,-0.19005569723864824
1886,1.0500000000000003,-0.18115823244407853,1.0500000000000003,-0.19100107150288229
1887,1.052,-0.18224266169356296,1.052,-0.1919342080118444
1888,1.0540000000000003,-0.1833121982164875,1.0540000000000003,-0.19285525273853232
1889,1.056,-0.18436703429407,1.056,-0.1937643492360659
1890,1.0580000000000003,-0.18540735943674008,1.0580000000000003,-0.19466163863768882
1891,1.06,-0.18643336038413716,1.06,-0.19554725965676695
1892,1.0620000000000003,-0.1874452211051124,1.0620000000000003,-0.19642134858679
1893,1.064,-0.18844312279772676,1.064,-0.19728403930136984
1894,1.0660000000000003,-0.18942724388925303,1.0660000000000003,-0.1981354632542421
1895,1.068,-0.19039776003617376,1.068,-0.19897574947926472
1896,1.0700000000000003,-0.1913548441241832,1.0700000000000003,-0.1998050245904193
1897,1.072,-0.19229866626818554,1.072,-0.20062341278180976
1898,1.0740000000000003,-0.19322939381229662,1.0740000000000003,-0.20143103582766367
1899,1.076,-0.19414719132984215,1.076,-0.202228013082331
1900,1.0780000000000003,-0.19505222062335958,1.0780000000000003,-0.2030144614802853
1901,1.08,-0.19594464072459616,1.08,-0.20379049553612247
1902,1.0820000000000003,-0.1968246078945109,1.0820000000000003,-0.20455622734456208
1903,1.084,-0.19769227562327268,1.084,-0.20531176658044611
1904,1.0860000000000003,-0.19854779463026198,1.0860000000000003,-0.20605722049874003
1905,1.088,-0.19939131286406933,1.088,-0.20679269393453184
1906,1.0900000000000003,-0.20022297550249676,1.0900000000000003,-0.20751828930303304
1907,1.092,-0.20104292495255635,1.092,-0.20823410659957753
1908,1.0940000000000003,-0.20185130085047165,1.0940000000000003,-0.20894024339962286
1909,1.096,-0.20264824006167645,1.096,-0.20963679485874892
1910,1.0980000000000003,-0.2034338766808158,1.0980000000000003,-0.21032385371265927
1911,1.1,-0.20420834203174498,1.1,-0.21100151027717978
1912,1.1020000000000003,-0.2049719984152163,1.1020000000000003,-0.21166985244826003
1913,1.104,-0.20572521695022475,1.104,-0.21232896570197182
1914,1.1060000000000003,-0.20646811633622733,1.1060000000000003,-0.21297893309451071
1915,1.108,-0.2072008144404662,1.108,-0.21361983526219464
1916,1.1100000000000003,-0.20792342836143585,1.1100000000000003,-0.214251750421465
1917,1.112,-0.20863607442888157,1.112,-0.21487475436888576
1918,1.1140000000000003,-0.20933886820380096,1.1140000000000003,-0.21548892048114437
1919,1.116,-0.21003192447844257,1.116,-0.21609431971505075
1920,1.1179999999999999,-0.21071535727630697,1.1179999999999999,-0.21669126971840763
1921,1.12,-0.2113892798521463,1.12,-0.21728016278698237
1922,1.1219999999999999,-0.21205380469196392,1.1219999999999999,-0.21786109727584252
1923,1.124,-0.21270904351301523,1.124,-0.21843416995602688
1924,1.126,-0.21335510726380674,1.126,-0.21899947677534687
1925,1.1280000000000001,-0.21399210612409708,1.1280000000000001,-0.2195571128583876
1926,1.13,-0.21462014950489589,1.13,-0.22010717250650697
1927,1.1320000000000001,-0.21523934604846495,1.1320000000000001,-0.22064974919783653
1928,1.134,-0.2158498036283171,1.134,-0.22118493558728053
1929,1.1360000000000001,-0.21645162934921727,1.1360000000000001,-0.22171282350651697
1930,1.138,-0.21704492954718146,1.138,-0.22223350396399652
1931,1.1400000000000001,-0.2176298097894778,1.1400000000000001,-0.22274706714494358
1932,1.142,-0.21820637487462544,1.142,-0.22325360241135522
1933,1.1440000000000001,-0.21877472883239565,1.1440000000000001,-0.22375319830200227
1934,1.146,-0.21933497492381077,1.146,-0.22424594253242822
1935,1.1480000000000001,-0.21988721564114524,1.1480000000000001,-0.2247319219949503
1936,1.15,-0.22043155270792456,1.15,-0.2252112227586584
1937,1.1520000000000001,-0.22096808707892635,1.1520000000000001,-0.22568393006941617
1938,1.154,-0.22149691894017925,1.154,-0.22615012834985995
1939,1.1560000000000001,-0.22201814770896403,1.1560000000000001,-0.22660990119939978
1940,1.158,-0.22253187203381258,1.158,-0.2270633313942184
1941,1.1600000000000001,-0.22303818979450876,1.1600000000000001,-0.22751050088727223
1942,1.162,-0.22353719810208764,1.162,-0.2279514908082905
1943,1.1640000000000001,-0.22402899329883627,1.1640000000000001,-0.22838638146377602
1944,1.166,-0.2245136709582929,1.166,-0.22881525233700442
1945,1.1680000000000001,-0.2249913258852477,1.1680000000000001,-0.2292381820880249
1946,1.17,-0.22546205211574208,1.17,-0.22965524855365954
1947,1.1720000000000002,-0.22592594291706944,1.1720000000000002,-0.23006652874750394
1948,1.174,-0.2263830907877743,1.174,-0.2304720988599266
1949,1.1760000000000002,-0.22683358745765325,1.1760000000000002,-0.23087203425806951
1950,1.178,-0.22727752388775402,1.178,-0.23126640948584762
1951,1.1800000000000002,-0.22771499027037628,1.1800000000000002,-0.23165529826394932
1952,1.182,-0.22814607602907097,1.182,-0.23203877348983593
1953,1.1840000000000002,-0.22857086981864091,1.1840000000000002,-0.2324169072377423
1954,1.186,-0.22898945952514022,1.186,-0.23278977075867618
1955,1.1880000000000002,-0.22940193226587494,1.1880000000000002,-0.23315743448041878
1956,1.19,-0.22980837438940227,1.19,-0.23351996800752428
1957,1.1920000000000002,-0.23020887147553146,1.1920000000000002,-0.23387744012132036
1958,1.194,-0.23060350833532287,1.194,-0.23422991877990754
1959,1.1960000000000002,-0.23099236901108888,1.1960000000000002,-0.2345774711181599
1960,1.198,-0.23137553677639308,1.198,-0.23492016344772448
1961,1.2000000000000002,-0.23175309413605097,1.2000000000000002,-0.23525806125702167
1962,1.202,-0.23212512282612935,1.202,-0.23559122921124495
1963,1.2040000000000002,-0.23249170381394688,1.2040000000000002,-0.23591973115236117
1964,1.206,-0.23285291729807348,1.206,-0.23624363009911015
1965,1.2080000000000002,-0.23320884270833098,1.2080000000000002,-0.23656298824700517
1966,1.21,-0.2335595587057925,1.21,-0.2368778669683325
1967,1.2120000000000002,-0.23390514318278308,1.2120000000000002,-0.23718832681215182
1968,1.214,-0.23424567326287893,1.214,-0.2374944275042958
1969,1.2160000000000002,-0.23458122530090825,1.2160000000000002,-0.23779622794737057
1970,1.218,-0.23491187488295048,1.218,-0.23809378622075517
1971,1.2200000000000002,-0.23523769682633697,1.2200000000000002,-0.23838715958060214
1972,1.222,-0.23555876517965027,1.222,-0.23867640445983695
1973,1.2240000000000002,-0.23587515322272495,1.2240000000000002,-0.23896157646815855
1974,1.226,-0.23618693346664674,1.226,-0.23924273039203886
1975,1.2280000000000002,-0.23649417765375333,1.2280000000000002,-0.23951992019472318
1976,1.23,-0.23679695675763365,1.23,-0.23979319901622986
1977,1.2320000000000002,-0.23709534098312854,1.2320000000000002,-0.24006261917335067
1978,1.234,-0.2373893997663301,1.234,-0.2403282321596503
1979,1.2360000000000002,-0.23767920177458235,1.2360000000000002,-0.24059008864546697
1980,1.238,-0.23796481490648055,1.238,-0.24084823847791179
1981,1.2400000000000002,-0.23824630629187185,1.2400000000000002,-0.24110273068086932
1982,1.242,-0.23852374229185475,1.242,-0.24135361345499717
1983,1.2440000000000002,-0.23879718849877948,1.2440000000000002,-0.24160093417772632
1984,1.246,-0.23906670973624777,1.246,-0.24184473940326076
1985,1.2480000000000002,-0.23933237005911304,1.2480000000000002,-0.24208507486257785
1986,1.25,-0.2395942327534801,1.25,-0.24232198546342804
1987,1.2520000000000002,-0.2398523603367056,1.2520000000000002,-0.2425555152903351
1988,1.254,-0.2401068145573975,1.254,-0.2427857076045958
1989,1.2560000000000002,-0.24035765639541556,1.2560000000000002,-0.24301260484428047
1990,1.258,-0.24060494606187102,1.258,-0.24323624862423227
1991,1.2600000000000002,-0.24084874299912679,1.2600000000000002,-0.24345667973606783
1992,1.262,-0.24108910588079718,1.262,-0.2436739381481768
1993,1.2640000000000002,-0.2413260926117483,1.2640000000000002,-0.24388806300572224
1994,1.266,-0.24155976043089333,1.266,-0.2440990926306402
1995,1.2680000000000002,-0.24179023424683885,1.2680000000000002,-0.24430706452164014
1996,1.27,-0.24201760913533424,1.27,-0.2445120153542045
1997,1.2720000000000002,-0.24224191234015285,1.2720000000000002,-0.24471398098058916
1998,1.274,-0.24246317108914092,1.274,-0.24491299642982303
1999,1.2760000000000002,-0.24268141259421788,1.2760000000000002,-0.2451090959077084
2000,1.278,-0.242896664051376,1.278,-0.24530231279682052
2001,1.2799999999999998,-0.24310895264068075,1.2799999999999998,-0.24549267965650806
2002,1.2820000000000005,-0.24331830552627062,1.2820000000000005,-0.24568022822289293
2003,1.2840000000000003,-0.2435247498563569,1.2840000000000003,-0.24586498940886994
2004,1.286,-0.24372831276322418,1.286,-0.2460469933041074
2005,1.2879999999999998,-0.24392902136322997,1.2879999999999998,-0.24622636037920595
2006,1.2900000000000005,-0.2441269027568049,1.2900000000000005,-0.2464033346097456
2007,1.2920000000000003,-0.24432198402845237,1.2920000000000003,-0.2465779474725184
2008,1.294,-0.24451429224674912,1.294,-0.24675022078489373
2009,1.2959999999999998,-0.24470385446434473,1.2959999999999998,-0.24692017631079927
2010,1.2980000000000005,-0.24489069771796196,1.2980000000000005,-0.24708783576072127
2011,1.3000000000000003,-0.24507484902839635,1.3000000000000003,-0.24725322079170414
2012,1.302,-0.2452563354005167,1.302,-0.24741635300735093
2013,1.3039999999999998,-0.2454351838232648,1.3039999999999998,-0.24757725395782307
2014,1.3060000000000005,-0.24561142126965543,1.3060000000000005,-0.24773594513984046
2015,1.3080000000000003,-0.24578507469677632,1.3080000000000003,-0.24789244799668125
2016,1.31,-0.24595617104578837,1.31,-0.2480467839181822
2017,1.3119999999999998,-0.24612473724192546,1.3119999999999998,-0.2481989742407384
2018,1.3140000000000005,-0.24629080019449454,1.3140000000000005,-0.2483490402473035
2019,1.3160000000000003,-0.24645438679687537,1.3160000000000003,-0.24849700316738937
2020,1.318,-0.24661552392652106,1.318,-0.24864288417706643
2021,1.3199999999999998,-0.24677423844495755,1.3199999999999998,-0.2487867043989635
2022,1.3220000000000005,-0.24693055719778392,1.3220000000000005,-0.24892848490226793
2023,1.3240000000000003,-0.2470845070146721,1.3240000000000003,-0.2490682467027253
2024,1.326,-0.24723611470936724,1.326,-0.24920601076263968
2025,1.3279999999999998,-0.24738540707968742,1.3279999999999998,-0.2493417979908737
2026,1.3300000000000005,-0.24753241090752387,1.3300000000000005,-0.24947562924284836
2027,1.3320000000000003,-0.24767715295884063,1.3320000000000003,-0.24960752532054287
2028,1.334,-0.24781965998367492,1.334,-0.24973750697249517
2029,1.3359999999999999,-0.247959958716137,1.3359999999999999,-0.24986559489380147
2030,1.3380000000000005,-0.24809807587441016,1.3380000000000005,-0.24999180972611648
2031,1.3400000000000003,-0.24823403816075057,1.3400000000000003,-0.2501161720576532
2032,1.342,-0.24836787226148763,1.342,-0.2502387024231832
2033,1.3439999999999999,-0.24849960484702366,1.3439999999999999,-0.2503594213040364
2034,1.3460000000000005,-0.24862926257183407,1.3460000000000005,-0.25047834912810124
2035,1.3480000000000003,-0.24875687207446717,1.3480000000000003,-0.2505955062698244
2036,1.35,-0.24888245997754443,1.35,-0.2507109130502112
2037,1.3519999999999999,-0.24900605288776032,1.3519999999999999,-0.2508245897368252
2038,1.3540000000000005,-0.2491276773958824,1.3540000000000005,-0.2509365565437886
2039,1.3560000000000003,-0.24924736007675105,1.3560000000000003,-0.25104683363178176
2040,1.358,-0.24936512748927991,1.358,-0.25115544110804366
2041,1.3599999999999999,-0.24948100617645552,1.3599999999999999,-0.2512623990263717
2042,1.3620000000000005,-0.24959502266533753,1.3620000000000005,-0.2513677273871217
2043,1.3640000000000003,-0.24970720346705852,1.3640000000000003,-0.2514714461372077
2044,1.366,-0.24981757507682417,1.366,-0.2515735751701024
2045,1.3679999999999999,-0.2499261639739132,1.3679999999999999,-0.2516741343258369
2046,1.3700000000000006,-0.25003299662167733,1.3700000000000006,-0.25177314339100076
2047,1.3720000000000003,-0.2501380994675413,1.3720000000000003,-0.2518706220987417
2048,1.374,-0.2502414989430029,1.374,-0.2519665901287662
2049,1.376,-0.2503432214636329,1.376,-0.25206106710733894
2050,1.3779999999999997,-0.25044329342907523,1.3779999999999997,-0.2521540726072832
2051,1.3800000000000003,-0.25054174122304673,1.3800000000000003,-0.2522456261479805
2052,1.3820000000000001,-0.2506385912133372,1.3820000000000001,-0.25233574719537094
2053,1.384,-0.2507338697518097,1.384,-0.25242445516195294
2054,1.3859999999999997,-0.2508276031744001,1.3859999999999997,-0.2525117694067835
2055,1.3880000000000003,-0.25091981780111755,1.3880000000000003,-0.2525977092354778
2056,1.3900000000000001,-0.25101053993604383,1.3900000000000001,-0.25268229390020974
2057,1.392,-0.25109979586733416,1.392,-0.25276554259971135
2058,1.3939999999999997,-0.25118761186721655,1.3939999999999997,-0.2528474744792733
2059,1.3960000000000004,-0.2512740141919922,1.3960000000000004,-0.2529281086307446
2060,1.3980000000000001,-0.25135902908203506,1.3980000000000001,-0.2530074640925328
2061,1.4,-0.25144268276179244,1.4,-0.25308555984960357
2062,1.4019999999999997,-0.25152500143978446,1.4019999999999997,-0.25316241483348134
2063,1.4040000000000004,-0.25160601130860444,1.4040000000000004,-0.2532380479222489
2064,1.4060000000000001,-0.25168573854491855,1.4060000000000001,-0.25331247794054734
2065,1.408,-0.2517642093094661,1.408,-0.25338572365957623
2066,1.4099999999999997,-0.2518414497470594,1.4099999999999997,-0.2534578037970936
2067,1.4120000000000004,-0.2519174859865838,1.4120000000000004,-0.2535287370174159
2068,1.4140000000000001,-0.25199234414099764,1.4140000000000001,-0.25359854193141795
2069,1.416,-0.25206605030733237,1.416,-0.2536672370965331
2070,1.4179999999999997,-0.2521386305666924,1.4179999999999997,-0.253734841016753
2071,1.4200000000000004,-0.25221011098425516,1.4200000000000004,-0.2538013721426279
2072,1.4220000000000002,-0.25228051760927117,1.4220000000000002,-0.25386684887126615
2073,1.424,-0.2523498764750639,1.424,-0.253931289546335
2074,1.4259999999999997,-0.25241821359903,1.4259999999999997,-0.2539947124580597
2075,1.4280000000000004,-0.25248555498263897,1.4280000000000004,-0.2540571358432242
2076,1.4300000000000002,-0.25255192661143344,1.4300000000000002,-0.25411857788517067
2077,1.432,-0.25261735445502903,1.432,-0.25417905671379987
2078,1.4339999999999997,-0.2526818644671144,1.4339999999999997,-0.25423859040557095
2079,1.4360000000000004,-0.25274548258545126,1.4360000000000004,-0.25429719698350145
2080,1.4380000000000002,-0.25280823473187436,1.4380000000000002,-0.2543548944171673
2081,1.44,-0.25287014681229136,1.44,-0.2544117006227029
2082,1.4419999999999997,-0.25293124471668316,1.4419999999999997,-0.25446763346280116
2083,1.4440000000000004,-0.25299155431910353,1.4440000000000004,-0.25452271074671334
2084,1.4460000000000002,-0.2530511014776793,1.4460000000000002,-0.254576950230249
2085,1.448,-0.2531099120346103,1.448,-0.25463036961577634
2086,1.4499999999999997,-0.2531680118161695,1.4499999999999997,-0.2546829865522219
2087,1.4520000000000004,-0.2532254266327028,1.4520000000000004,-0.25473481863507064
2088,1.4540000000000002,-0.2532821822786292,1.4540000000000002,-0.2547858834063659
2089,1.456,-0.2533383045324406,1.456,-0.2548361983547095
2090,1.4579999999999997,-0.2533938191567021,1.4579999999999997,-0.2548857809152617
2091,1.4600000000000004,-0.2534487518980517,1.4600000000000004,-0.25493464846974123
2092,1.4620000000000002,-0.25350310789953173,1.4620000000000002,-0.2549828183464251
2093,1.464,-0.2535568435242329,1.464,-0.25503030782014885
2094,1.4659999999999997,-0.25360995606731573,1.4659999999999997,-0.2550771341123064
2095,1.4680000000000004,-0.2536624458751359,1.4680000000000004,-0.25512331439085023
2096,1.4700000000000002,-0.2537143133945473,1.4700000000000002,-0.255168865770291
2097,1.472,-0.2537655591729018,1.472,-0.25521380531169807
2098,1.4739999999999998,-0.2538161838580493,1.4739999999999998,-0.25525815002269897
2099,1.4760000000000004,-0.253866188198338,1.4760000000000004,-0.2553019168574798
2100,1.4780000000000002,-0.25391557304261386,1.4780000000000002,-0.25534512271678517
2101,1.48,-0.25396433934022117,1.48,-0.2553877844479179
2102,1.4819999999999998,-0.2540124881410022,1.4819999999999998,-0.2554299188447393
2103,1.4840000000000004,-0.2540600205952972,1.4840000000000004,-0.2554715426476693
2104,1.4860000000000002,-0.2541069379539446,1.4860000000000002,-0.25551267254368604
2105,1.488,-0.25415324156828095,1.488,-0.2555533251663261
2106,1.4899999999999998,-0.2541989328901407,1.4899999999999998,-0.2555935170956846
2107,1.4920000000000004,-0.2542440134718566,1.4920000000000004,-0.2556332648505116
2108,1.4940000000000002,-0.2542884849662592,1.4940000000000002,-0.25567257998141146
2109,1.496,-0.2543323491266774,1.496,-0.25571146326989713
2110,1.4979999999999998,-0.25437560780693796,1.4979999999999998,-0.2557499144413609
2111,1.5000000000000004,-0.2544182629613658,1.5000000000000004,-0.2557879332936001
2112,1.5020000000000002,-0.254460316644784,1.5020000000000002,-0.2558255196968167
2113,1.504,-0.25450177101251353,1.504,-0.25586267359361753
2114,1.5059999999999998,-0.2545426283203736,1.5059999999999998,-0.2558993949990142
2115,1.5080000000000005,-0.25458289092468134,1.5080000000000005,-0.25593568400042316
2116,1.5100000000000002,-0.2546225612822521,1.5100000000000002,-0.2559715407576655
2117,1.512,-0.2546616419503991,1.512,-0.2560069655029672
2118,1.5139999999999998,-0.25470013558693394,1.5139999999999998,-0.2560419585409592
2119,1.5160000000000005,-0.25473804495016605,1.5160000000000005,-0.2560765202486769
2120,1.5180000000000002,-0.25477537289890295,1.5180000000000002,-0.2561106510755607
2121,1.52,-0.2548121223924503,1.52,-0.25614435154345583
2122,1.5219999999999998,-0.25484829649061197,1.5219999999999998,-0.2561776222466122
2123,1.5240000000000005,-0.2548838983536896,1.5240000000000005,-0.2562104638516846
2124,1.5260000000000002,-0.254918931242483,1.5260000000000002,-0.25624287709773247
2125,1.528,-0.2549533985182902,1.528,-0.2562748627962202
2126,1.5299999999999998,-0.2549873036429072,1.5299999999999998,-0.25630642183101693
2127,1.5320000000000005,-0.2550206501786281,1.5320000000000005,-0.2563375551583965
2128,1.5340000000000003,-0.25505344178824507,1.5340000000000003,-0.25636826380703776
2129,1.536,-0.25508568223504824,1.536,-0.25639854887802405
2130,1.5379999999999998,-0.25511737538282603,1.5379999999999998,-0.25642841154484375
2131,1.5400000000000005,-0.25514852519586473,1.5400000000000005,-0.2564578530533899
2132,1.5420000000000003,-0.2551791357389488,1.5420000000000003,-0.25648687472196047
2133,1.544,-0.25520921117736073,1.544,-0.25651547794125806
2134,1.5459999999999998,-0.25523875577688115,1.5459999999999998,-0.2565436641743902
2135,1.5480000000000005,-0.2552677739037888,1.5480000000000005,-0.25657143495686907
2136,1.5500000000000003,-0.2552962700248603,1.5500000000000003,-0.2565987918966117
2137,1.552,-0.25532424870737047,1.552,-0.25662573667394006
2138,1.5539999999999998,-0.25535171461909223,1.5539999999999998,-0.2566522710415807
2139,1.5560000000000005,-0.25537867252829655,1.5560000000000005,-0.2566783968246651
2140,1.5580000000000003,-0.25540512730375237,1.5580000000000003,-0.2567041159207294
2141,1.56,-0.2554310839147269,1.56,-0.25672943029971473
2142,1.5619999999999998,-0.2554565474309853,1.5619999999999998,-0.2567543420039668
2143,1.5640000000000005,-0.25548152302279076,1.5640000000000005,-0.2567788531482363
2144,1.5660000000000003,-0.2555060159609046,1.5660000000000003,-0.25680296591967855
2145,1.568,-0.2555300316165863,1.568,-0.25682668257785374
2146,1.5699999999999998,-0.2555535754615932,1.5699999999999998,-0.2568500054547269
2147,1.5720000000000005,-0.2555766530681809,1.5720000000000005,-0.25687293695466784
2148,1.5740000000000003,-0.25559927010910305,1.5740000000000003,-0.256895479554451
2149,1.576,-0.25562143235761126,1.576,-0.2569176358032559
2150,1.5779999999999998,-0.25564314568745533,1.5779999999999998,-0.25693940832266654
2151,1.5800000000000005,-0.2556644160728831,1.5800000000000005,-0.25696079980667197
2152,1.5820000000000003,-0.2556852495886404,1.5820000000000003,-0.2569818130216659
2153,1.584,-0.25570565240997134,1.584,-0.25700245080644685
2154,1.5859999999999999,-0.2557256308126178,1.5859999999999999,-0.2570227160722181
2155,1.5880000000000005,-0.25574519117282,1.5880000000000005,-0.25704261180258786
2156,1.5900000000000003,-0.2557643399673161,1.5900000000000003,-0.257062141053569
2157,1.592,-0.25578308377334247,1.592,-0.2570813069535793
2158,1.5939999999999999,-0.2558014292686333,1.5939999999999999,-0.2571001127034411
2159,1.5960000000000005,-0.25581938323142106,1.5960000000000005,-0.2571185615763818
2160,1.5980000000000003,-0.25583695254043626,1.5980000000000003,-0.25713665691803345
2161,1.6,-0.25585414417490737,1.6,-0.2571544021464329
2162,1.6019999999999999,-0.25587096521456115,1.6019999999999999,-0.2571718007520219
2163,1.6040000000000005,-0.2558874228396222,1.6040000000000005,-0.2571888562976468
2164,1.6060000000000003,-0.2559035243308133,1.6060000000000003,-0.257205572418559
2165,1.608,-0.2559192770693554,1.608,-0.25722195282241445
2166,1.6099999999999999,-0.2559346885369673,1.6099999999999999,-0.257238001289274
2167,1.6120000000000005,-0.2559497663158661,1.6120000000000005,-0.25725372167160326
2168,1.6140000000000003,-0.25596451808876675,1.6140000000000003,-0.2572691178942727
2169,1.616,-0.25597895163888246,1.616,-0.25728419395455754
2170,1.6179999999999999,-0.25599307484992445,1.6179999999999999,-0.25729895392213775
2171,1.6200000000000006,-0.25600689570610197,1.6200000000000006,-0.2573134019390982
2172,1.6220000000000003,-0.2560204222921224,1.6220000000000003,-0.25732754221992843
2173,1.624,-0.25603366279319123,1.624,-0.2573413790515229
2174,1.626,-0.25604662549501184,1.626,-0.2573549167931807
2175,1.6280000000000006,-0.25605931878378585,1.6280000000000006,-0.25736815987660583
2176,1.6300000000000003,-0.25607175114621294,1.6300000000000003,-0.25738111280590714
2177,1.6320000000000001,-0.2560839311694908,1.6320000000000001,-0.2573937801575981
2178,1.634,-0.2560958675413153,1.634,-0.2574061665805971
2179,1.6359999999999997,-0.2561075690498802,1.6359999999999997,-0.25741827679622736
2180,1.6380000000000003,-0.2561190445838775,1.6380000000000003,-0.2574301155982167
2181,1.6400000000000001,-0.2561303031324972,1.6400000000000001,-0.25744168785269794
2182,1.642,-0.2561413537854274,1.642,-0.2574529984982086
2183,1.6439999999999997,-0.25615220573285424,1.6439999999999997,-0.2574640525456909
2184,1.6460000000000004,-0.256162868265462,1.6460000000000004,-0.25747485507849205
2185,1.6480000000000001,-0.2561733507744329,1.6480000000000001,-0.25748541125236396
2186,1.65,-0.2561836627514473,1.65,-0.2574957262954633
2187,1.6519999999999997,-0.2561938137886838,1.6519999999999997,-0.2575058055083516
2188,1.6540000000000004,-0.25620381357881883,1.6540000000000004,-0.2575156542639951
2189,1.6560000000000001,-0.256213671915027,1.6560000000000001,-0.25752527800776487
2190,1.658,-0.2562233986909809,1.658,-0.25753468225743686
2191,1.6599999999999997,-0.25623300390085135,1.6599999999999997,-0.2575438726031916
2192,1.6620000000000004,-0.2562424976393072,1.6620000000000004,-0.2575528547076147
2193,1.6640000000000001,-0.2562518901015152,1.6640000000000001,-0.25756163430569634
2194,1.666,-0.25626119158314054,1.666,-0.25757021720483153
2195,1.6679999999999997,-0.256270412480346,1.6679999999999997,-0.2575786092848201
2196,1.6700000000000004,-0.25627956328979284,1.6700000000000004,-0.2575868164978668
2197,1.6720000000000002,-0.2562886546086402,1.6720000000000002,-0.2575948448685809
2198,1.674,-0.2562976971345453,1.674,-0.2576027004939767
2199,1.6759999999999997,-0.2563067016656635,1.6759999999999997,-0.2576103895434732
2200,1.6780000000000004,-0.2563156791006482,1.6780000000000004,-0.2576179182588942
2201,1.6800000000000002,-0.25632464043865083,1.6800000000000002,-0.2576252929544683
2202,1.682,-0.256333596779321,1.682,-0.2576325200168288
2203,1.6839999999999997,-0.25634255932280625,1.6839999999999997,-0.257639605905014
2204,1.6860000000000004,-0.2563515393697523,1.6860000000000004,-0.2576465571504668
2205,1.6880000000000002,-0.2563605483213029,1.6880000000000002,-0.25765338035703506
2206,1.69,-0.2563695976790999,1.69,-0.2576600822009712
2207,1.6919999999999997,-0.2563786990452832,1.6919999999999997,-0.25766666943093264
2208,1.6940000000000004,-0.2563878641224908,1.6940000000000004,-0.25767314886798154
2209,1.6960000000000002,-0.25639710471385874,1.6960000000000002,-0.2576795274055848
2210,1.698,-0.2564064327230211,1.698,-0.2576858120096142
2211,1.6999999999999997,-0.2564158353394917,1.6999999999999997,-0.2576920097183462
2212,1.7020000000000004,-0.25642521858378264,1.7020000000000004,-0.2576981276424622
2213,1.7040000000000002,-0.25643456922058716,1.7040000000000002,-0.2577041729650482
2214,1.706,-0.2564438840710583,1.706,-0.2577101529415952
2215,1.7079999999999997,-0.256453160015588,1.7079999999999997,-0.25771607489999887
2216,1.7100000000000004,-0.2564623939938072,1.7100000000000004,-0.25772194624055966
2217,1.7120000000000002,-0.25647158300458583,1.7120000000000002,-0.2577277744359829
2218,1.714,-0.25648072410603273,1.714,-0.2577335670313786
2219,1.7159999999999997,-0.2564898144154958,1.7159999999999997,-0.2577393316442617
2220,1.7180000000000004,-0.25649885110956167,1.7180000000000004,-0.2577450759645518
2221,1.7200000000000002,-0.2565078314240562,1.7200000000000002,-0.2577508077545734
2222,1.722,-0.256516752654044,1.722,-0.2577565348490557
2223,1.7239999999999998,-0.2565256121538288,1.7239999999999998,-0.25776226515513273
2224,1.7260000000000004,-0.2565344073369532,1.7260000000000004,-0.2577680066523434
2225,1.7280000000000002,-0.2565431356761988,1.7280000000000002,-0.2577737673926313
2226,1.73,-0.25655179470358613,1.73,-0.2577795555003448
2227,1.7319999999999998,-0.2565603820103747,1.7319999999999998,-0.25778537917223715
2228,1.7340000000000004,-0.2565688952470629,1.7340000000000004,-0.25779124667746633
2229,1.7360000000000002,-0.2565773321233883,1.7360000000000002,-0.2577971663575952
2230,1.738,-0.2565856904083271,1.738,-0.25780314662659126
2231,1.7399999999999998,-0.2565939679300948,1.7399999999999998,-0.25780919597082697
2232,1.7420000000000004,-0.25660216257614565,1.7420000000000004,-0.25781532294907944
2233,1.7440000000000002,-0.2566102722931729,1.7440000000000002,-0.2578215361925307
2234,1.746,-0.2566182950871088,1.746,-0.257827826242408
2235,1.7479999999999998,-0.25662622902312454,1.7479999999999998,-0.25783409019653225
2236,1.7500000000000004,-0.2566340722256302,1.7500000000000004,-0.25784030941201275
2237,1.7520000000000002,-0.256641822878275,1.7520000000000002,-0.2578464826606775
2238,1.754,-0.25664947922394693,1.754,-0.2578526087441206
2239,1.7559999999999998,-0.25665703956477304,1.7559999999999998,-0.25785868649370247
2240,1.7580000000000005,-0.2566645022621193,1.7580000000000005,-0.2578647147705497
2241,1.7600000000000002,-0.2566718657365907,1.7600000000000002,-0.25787069246555505
2242,1.762,-0.25667912846803104,1.762,-0.25787661849937754
2243,1.7639999999999998,-0.2566862889955233,1.7639999999999998,-0.25788249182244233
2244,1.7660000000000005,-0.25669334591738935,1.7660000000000005,-0.2578883114149409
2245,1.7680000000000002,-0.2567002978911898,1.7680000000000002,-0.25789407628683086
2246,1.77,-0.2567071436337246,1.77,-0.257899785477836
2247,1.7719999999999998,-0.2567138819210323,1.7719999999999998,-0.25790543805744637
2248,1.7740000000000005,-0.25672051158839065,1.7740000000000005,-0.25791103312491825
2249,1.7760000000000002,-0.2567270315303163,1.7760000000000002,-0.2579165698092741
2250,1.778,-0.2567334407005648,1.778,-0.25792204726930246
2251,1.7799999999999998,-0.2567397381121307,1.7799999999999998,-0.25792746469355826
2252,1.7820000000000005,-0.25674592283724756,1.7820000000000005,-0.25793282130036266
2253,1.7840000000000003,-0.2567519940073878,1.7840000000000003,-0.25793811633780284
2254,1.786,-0.25675795081326286,1.786,-0.25794334908373234
2255,1.7879999999999998,-0.2567637925048232,1.7879999999999998,-0.25794851884577086
2256,1.7900000000000005,-0.25676951839125806,1.7900000000000005,-0.2579536249613043
2257,1.7920000000000003,-0.2567751278409958,1.7920000000000003,-0.2579586667974847
2258,1.794,-0.2567806202817038,1.794,-0.2579636437512305
2259,1.7959999999999998,-0.25678599520028816,1.7959999999999998,-0.25796855524922613
2260,1.7980000000000005,-0.25679125214289417,1.7980000000000005,-0.2579734007479224
2261,1.8000000000000003,-0.25679639071490584,1.8000000000000003,-0.2579781797335362
2262,1.802,-0.25680141058094647,1.802,-0.2579828917220507
2263,1.8039999999999998,-0.25680631146487803,1.8039999999999998,-0.2579875362592153
2264,1.8060000000000005,-0.2568110931498016,1.8060000000000005,-0.25799211292054547
2265,1.8080000000000003,-0.25681575547805713,1.8080000000000003,-0.25799662131132306
2266,1.81,-0.2568202983512236,1.81,-0.25800106106659604
2267,1.8119999999999998,-0.25682472173011894,1.8119999999999998,-0.2580054318511786
2268,1.8140000000000005,-0.2568290256348001,1.8140000000000005,-0.2580097333596511
2269,1.8160000000000003,-0.25683321014456273,1.8160000000000003,-0.2580139653163602
2270,1.818,-0.2568372753979418,1.818,-0.2580181274754187
2271,1.8199999999999998,-0.25684122159271106,1.8199999999999998,-0.2580222196207056
2272,1.8220000000000005,-0.2568450489858831,1.8220000000000005,-0.2580262415658661
2273,1.8240000000000003,-0.25684875789370976,1.8240000000000003,-0.2580301931543117
2274,1.826,-0.25685234869168155,1.826,-0.25803407425922
2275,1.8279999999999998,-0.25685582181452815,1.8279999999999998,-0.25803788478353484
2276,1.8300000000000005,-0.2568591777562181,1.8300000000000005,-0.25804162465996633
2277,1.8320000000000003,-0.25686241706995894,1.8320000000000003,-0.25804529385099073
2278,1.834,-0.25686554036819714,1.834,-0.2580488923488505
2279,1.8359999999999999,-0.25686854832261813,1.8359999999999999,-0.25805242017555424
2280,1.8380000000000005,-0.2568714416641463,1.8380000000000005,-0.258055877382877
2281,1.8400000000000003,-0.25687422118294506,1.8400000000000003,-0.25805926405235974
2282,1.842,-0.2568768877284167,1.842,-0.2580625802953098
2283,1.8439999999999999,-0.25687944220920256,1.8439999999999999,-0.2580658262528007
2284,1.8460000000000005,-0.2568818855931828,1.8460000000000005,-0.25806900209567224
2285,1.8480000000000003,-0.2568842189074767,1.8480000000000003,-0.25807210802453023
2286,1.85,-0.2568864432384424,1.85,-0.2580751442697468
2287,1.8519999999999999,-0.256888559731677,1.8519999999999999,-0.25807811109146045
2288,1.8540000000000005,-0.2568905695920166,1.8540000000000005,-0.2580810087795755
2289,1.8560000000000003,-0.25689247408353627,1.8560000000000003,-0.2580838376537629
2290,1.858,-0.25689427452955,1.858,-0.25808659806345957
2291,1.8599999999999999,-0.2568959723126108,1.8599999999999999,-0.2580892903878686
2292,1.8620000000000005,-0.2568975688745105,1.8620000000000005,-0.25809191503595946
2293,1.8640000000000003,-0.2568990657162801,1.8640000000000003,-0.2580944724464677
2294,1.866,-0.25690046439818937,1.866,-0.2580969630878951
2295,1.8679999999999999,-0.25690176653974717,1.8679999999999999,-0.25809938745850974
2296,1.8700000000000006,-0.25690297381970123,1.8700000000000006,-0.25810174608634573
2297,1.8720000000000003,-0.2569040879760383,1.8720000000000003,-0.2581040395292036
2298,1.874,-0.2569051108059841,1.874,-0.25810626837464984
2299,1.876,-0.2569060441660032,1.876,-0.25810843324001737
2300,1.8780000000000006,-0.25690688997179933,1.8780000000000006,-0.25811053477240525
2301,1.8800000000000003,-0.25690765019831496,1.8800000000000003,-0.25811257364867873
2302,1.8820000000000001,-0.25690832687973164,1.8820000000000001,-0.2581145505754692
2303,1.884,-0.2569089221094699,1.884,-0.2581164662891744
2304,1.8860000000000006,-0.2569094380401892,1.8860000000000006,-0.25811832155595815
2305,1.8880000000000003,-0.2569098768837879,1.8880000000000003,-0.25812011717175054
2306,1.8900000000000001,-0.2569102409114034,1.8900000000000001,-0.25812185396224785
2307,1.892,-0.25691053245341205,1.892,-0.2581235327829126
2308,1.8939999999999997,-0.25691075389942913,1.8939999999999997,-0.25812515451897355
2309,1.8960000000000004,-0.2569109076983089,1.8960000000000004,-0.2581267200854255
2310,1.8980000000000001,-0.25691099635814457,1.8980000000000001,-0.2581282304270296
2311,1.9,-0.2569110224462683,1.9,-0.2581296865183132
2312,1.9019999999999997,-0.25691098858925127,1.9019999999999997,-0.2581310893635699
2313,1.9040000000000004,-0.2569108974729036,1.9040000000000004,-0.25813243999685925
2314,1.9060000000000001,-0.2569107518422742,1.9060000000000001,-0.2581337394820074
2315,1.908,-0.25691055450165123,1.908,-0.2581349889126064
2316,1.9099999999999997,-0.25691030831456163,1.9099999999999997,-0.25813618941201466
2317,1.9120000000000004,-0.25691001620377135,1.9120000000000004,-0.2581373421333567
2318,1.9140000000000001,-0.25690968115128526,1.9140000000000001,-0.25813844825952337
2319,1.916,-0.25690930619834723,1.916,-0.2581395090031716
2320,1.9179999999999997,-0.2569088944454401,1.9179999999999997,-0.2581405256067246
2321,1.9200000000000004,-0.25690844905228555,1.9200000000000004,-0.2581414993423718
2322,1.9220000000000002,-0.2569079732378445,1.9220000000000002,-0.2581424315120688
2323,1.924,-0.2569074702803165,1.924,-0.2581433234475374
2324,1.9259999999999997,-0.2569069435171403,1.9259999999999997,-0.2581441765102656
2325,1.9280000000000004,-0.25690639634499346,1.9280000000000004,-0.2581449920915077
2326,1.9300000000000002,-0.2569058322197926,1.9300000000000002,-0.2581457716122841
2327,1.932,-0.2569052546566932,1.932,-0.25814651652338144
2328,1.9339999999999997,-0.25690466723008987,1.9339999999999997,-0.25814722830535264
2329,1.9360000000000004,-0.256904073573616,1.9360000000000004,-0.2581479084685167
2330,1.9380000000000002,-0.2569034773801441,1.9380000000000002,-0.25814855855295893
2331,1.94,-0.2569028824017854,1.94,-0.2581491801285308
2332,1.9419999999999997,-0.2569022924498903,1.9419999999999997,-0.2581497747948499
2333,1.9440000000000004,-0.2569017113950482,1.9440000000000004,-0.2581503441813003
2334,1.9460000000000002,-0.2569011431670873,1.9460000000000002,-0.258150889947032
2335,1.948,-0.2569005917550748,1.948,-0.25815141378096135
2336,1.9499999999999997,-0.2569000612073169,1.9499999999999997,-0.2581519174017708
2337,1.9520000000000004,-0.25689955563135874,1.9520000000000004,-0.25815240255790917
2338,1.9540000000000002,-0.2568990791939845,1.9540000000000002,-0.25815287102759127
2339,1.956,-0.25689863612121716,1.956,-0.25815332461879836
2340,1.9579999999999997,-0.2568982306983188,1.9579999999999997,-0.2581537651692778
2341,1.9600000000000004,-0.25689786726979036,1.9600000000000004,-0.25815419454654304
2342,1.9620000000000002,-0.25689755023937183,1.9620000000000002,-0.25815461464787387
2343,1.964,-0.2568972840700421,1.964,-0.2581550274003163
2344,1.9659999999999997,-0.256897073284019,1.9659999999999997,-0.25815543476068253
2345,1.9680000000000004,-0.25689692246275947,1.9680000000000004,-0.25815583871555087
2346,1.9700000000000002,-0.2568968362469592,1.9700000000000002,-0.25815624128126596
2347,1.972,-0.25689681933655295,1.972,-0.2581566445039386
2348,1.9739999999999998,-0.25689687649071447,1.9739999999999998,-0.2581570504594458
2349,1.9760000000000004,-0.2568970125278564,1.9760000000000004,-0.2581574612534308
2350,1.9780000000000002,-0.25689723232563044,1.9780000000000002,-0.25815787902130305
2351,1.98,-0.2568975408209271,1.98,-0.2581583059282381
2352,1.9819999999999998,-0.2568979430098759,1.9819999999999998,-0.2581587441691777
2353,1.9840000000000004,-0.2568984439478455,1.9840000000000004,-0.2581591959688302
2354,1.9860000000000002,-0.25689904874944325,1.9860000000000002,-0.2581596635816696
2355,1.988,-0.2568997625885156,1.988,-0.2581601492919364
2356,1.9899999999999998,-0.25690059069814797,1.9899999999999998,-0.25816065541363736
2357,1.9920000000000004,-0.2569015383706647,1.9920000000000004,-0.25816118429054535
2358,1.9940000000000002,-0.2569026109576291,1.9940000000000002,-0.2581617382961994
2359,1.996,-0.2569038138698435,1.996,-0.2581623198339048
2360,1.9979999999999998,-0.2569051525773491,1.9979999999999998,-0.25816293133673307
2361,2.0000000000000004,-0.2569066326094261,2.0000000000000004,-0.2581635752675219
2362,2.0020000000000002,-0.25690825955459357,2.0020000000000002,-0.25816425411887534
2363,2.004,-0.2569100158358259,2.004,-0.25816497041316333
2364,2.006,-0.2569117661591441,2.006,-0.25816572670252225
2365,2.0080000000000005,-0.25691348811798687,2.0080000000000005,-0.2581665255688547
2366,2.0100000000000002,-0.256915182201808,2.0100000000000002,-0.2581673696238294
2367,2.012,-0.25691684889140565,2.012,-0.25816826150888134
2368,2.014,-0.2569184886589232,2.014,-0.2581692038952116
2369,2.0160000000000005,-0.2569201019678485,2.0160000000000005,-0.2581701994837876
2370,2.0180000000000002,-0.2569216892730144,2.0180000000000002,-0.25817125100534294
2371,2.02,-0.2569232510205986,2.02,-0.25817236122037734
