,_V_OFF_x,_V_OFF_y
0,-3.866,0.0
1,-3.8640000000000003,0.0011500049171534322
2,-3.862,0.00227326810477015
3,-3.8600000000000003,0.003370410311370959
4,-3.858,0.004442037818663248
5,-3.8560000000000003,0.005488743721622235
6,-3.854,0.006511107928490967
7,-3.8520000000000003,0.007509697160780319
8,-3.85,0.008485064953268997
9,-3.8480000000000003,0.009437754713990118
10,-3.846,0.01036831104939971
11,-3.8440000000000003,0.011277241659588941
12,-3.842,0.012165039896521741
13,-3.8400000000000003,0.013032189931915975
14,-3.838,0.013879166757243426
15,-3.8360000000000003,0.01470643618372982
16,-3.834,0.015514454842354808
17,-3.8320000000000003,0.01630367018385197
18,-3.83,0.01707452047870882
19,-3.8280000000000003,0.01782743481716679
20,-3.826,0.018562833109221254
21,-3.8240000000000003,0.01928112608462152
22,-3.822,0.01998271529287081
23,-3.8200000000000003,0.02066799310322629
24,-3.818,0.021337342704699044
25,-3.8160000000000003,0.021991138106054103
26,-3.814,0.02262975038754872
27,-3.8120000000000003,0.0232535685245083
28,-3.81,0.02386292577370229
29,-3.8080000000000003,0.02445814128762095
30,-3.806,0.02503952918055902
31,-3.8040000000000003,0.025607398528615734
32,-3.802,0.026162053369694804
33,-3.8000000000000003,0.026703792703504425
34,-3.798,0.02723291049155729
35,-3.7960000000000003,0.027749695657170566
36,-3.794,0.028254432085465908
37,-3.7920000000000003,0.02874739862336945
38,-3.79,0.029228869079611832
39,-3.7880000000000003,0.02969911222472816
40,-3.786,0.030158391791058028
41,-3.7840000000000003,0.030606966472745523
42,-3.782,0.031045089925739205
43,-3.7800000000000002,0.03147301076779213
44,-3.778,0.031890972578461844
45,-3.7760000000000002,0.03229921389911036
46,-3.774,0.0326979682329042
47,-3.7720000000000002,0.033087464044814344
48,-3.77,0.033467924761616266
49,-3.7680000000000002,0.033839568771889955
50,-3.766,0.034202609426019846
51,-3.7640000000000002,0.034557270177354375
52,-3.762,0.0349037727542921
53,-3.7600000000000002,0.03524228794530872
54,-3.758,0.035572982779912145
55,-3.7560000000000002,0.03589602216883147
56,-3.754,0.03621156890401694
57,-3.7520000000000002,0.036519783658639955
58,-3.75,0.03682082498709312
59,-3.748,0.037114849324990165
60,-3.746,0.037402010989166005
61,-3.744,0.03768246217767672
62,-3.742,0.037956352969799545
63,-3.74,0.0382238313260329
64,-3.738,0.03848504308809636
65,-3.736,0.03874013197893065
66,-3.734,0.038989239602697685
67,-3.732,0.03923250544478054
68,-3.73,0.03947006687178344
69,-3.728,0.039702059131531804
70,-3.726,0.03992861535307219
71,-3.724,0.040149866546672325
72,-3.722,0.04036594160382112
73,-3.72,0.040576967297228636
74,-3.718,0.040783068280826104
75,-3.716,0.04098436708976592
76,-3.714,0.04118098414042164
77,-3.712,0.04137303773038801
78,-3.71,0.0415606440384809
79,-3.708,0.041743917124737386
80,-3.706,0.04192296893041569
81,-3.704,0.042097909277995185
82,-3.702,0.04226884587117645
83,-3.7,0.042435885573344566
84,-3.698,0.04259914106570913
85,-3.696,0.04275869126772099
86,-3.694,0.04291460600923796
87,-3.692,0.0430669545334728
88,-3.69,0.04321580549699322
89,-3.688,0.04336122696972187
90,-3.686,0.04350328643493631
91,-3.684,0.043642050789269075
92,-3.682,0.043777586342707606
93,-3.68,0.04390995881859429
94,-3.678,0.044039233353626465
95,-3.676,0.0441654744978564
96,-3.674,0.04428874621469129
97,-3.672,0.044409111880893276
98,-3.67,0.04452663428657944
99,-3.668,0.0446413756352218
100,-3.666,0.044753397543647315
101,-3.664,0.044862761042037874
102,-3.662,0.044969526573930295
103,-3.66,0.045073753996216354
104,-3.658,0.04517550257914276
105,-3.656,0.04527483100631115
106,-3.654,0.0453717973746781
107,-3.652,0.04546645919455513
108,-3.65,0.0455588733896087
109,-3.648,0.045649096296860196
110,-3.646,0.04573718366668595
111,-3.644,0.04582319066281723
112,-3.642,0.045907171862340244
113,-3.64,0.045989181255696135
114,-3.638,0.046069272246680976
115,-3.636,0.046147497652445794
116,-3.634,0.04622390970349654
117,-3.632,0.046298560043694106
118,-3.63,0.04637149973025432
119,-3.628,0.04644277923374796
120,-3.6260000000000003,0.04651244843810073
121,-3.624,0.04658055664059327
122,-3.622,0.04664715255186115
123,-3.62,0.04671228429589491
124,-3.6180000000000003,0.04677599850078974
125,-3.616,0.046838325861189814
126,-3.614,0.046899286876979335
127,-3.612,0.04695890225836173
128,-3.6100000000000003,0.047017192709275915
129,-3.608,0.04707417892739624
130,-3.606,0.047129881604132534
131,-3.604,0.04718432142463011
132,-3.6020000000000003,0.04723751906776971
133,-3.6,0.04728949520616758
134,-3.598,0.047340270506175404
135,-3.596,0.04738986562788035
136,-3.5940000000000003,0.047438301225105034
137,-3.592,0.04748559794540756
138,-3.59,0.04753177643008149
139,-3.588,0.04757685731415583
140,-3.5860000000000003,0.04762086122639509
141,-3.584,0.04766380878929922
142,-3.582,0.04770572061910364
143,-3.58,0.04774661732577925
144,-3.5780000000000003,0.047786519513032394
145,-3.576,0.04782544777830489
146,-3.5740000000000003,0.04786342271277404
147,-3.572,0.04790046490135259
148,-3.5700000000000003,0.04793659492268875
149,-3.568,0.04797183334916622
150,-3.5660000000000003,0.04800620074690414
151,-3.564,0.04803971767575714
152,-3.5620000000000003,0.0480724046893153
153,-3.56,0.04810428233490415
154,-3.5580000000000003,0.04813537115358473
155,-3.556,0.04816569168015352
156,-3.5540000000000003,0.04819526444314245
157,-3.552,0.04822410996481895
158,-3.5500000000000003,0.04825224876118589
159,-3.548,0.04827970134198162
160,-3.5460000000000003,0.048306488210679954
161,-3.544,0.04833262986449016
162,-3.5420000000000003,0.048358146794356995
163,-3.54,0.04838305948496066
164,-3.5380000000000003,0.04840738841471684
165,-3.536,0.048431154055776665
166,-3.5340000000000003,0.04845437687402675
167,-3.532,0.04847707732908916
168,-3.5300000000000002,0.04849927587432145
169,-3.528,0.04852099295681662
170,-3.5260000000000002,0.04854224901740314
171,-3.524,0.048563064490644944
172,-3.5220000000000002,0.048583459804841446
173,-3.52,0.04860345538202751
174,-3.5180000000000002,0.04862307163797347
175,-3.516,0.04864232828219205
176,-3.5140000000000002,0.04866121974008698
177,-3.512,0.04867973993292546
178,-3.5100000000000002,0.04869789114002176
179,-3.508,0.04871567574928802
180,-3.5060000000000002,0.04873309625723424
181,-3.504,0.048750155268968275
182,-3.5020000000000002,0.04876685549819583
183,-3.5,0.04878319976722048
184,-3.498,0.04879919100694365
185,-3.496,0.048814832256864636
186,-3.494,0.04883012666508057
187,-3.492,0.04884507748828646
188,-3.49,0.048859688091775155
189,-3.488,0.04887396194943738
190,-3.486,0.048887902643761715
191,-3.484,0.04890151386583458
192,-3.482,0.04891479941534027
193,-3.48,0.048927763200560935
194,-3.478,0.04894040923837658
195,-3.476,0.04895274165426507
196,-3.474,0.04896476468230212
197,-3.472,0.04897648266516132
198,-3.47,0.048987900054114096
199,-3.468,0.048999021409029744
200,-3.466,0.04900985139837542
201,-3.464,0.049020394799216147
202,-3.462,0.04903065649721477
203,-3.46,0.04904064148663203
204,-3.458,0.0490503548703265
205,-3.456,0.049059801859754636
206,-3.454,0.04906898777497073
207,-3.452,0.04907791804462693
208,-3.45,0.04908659820597326
209,-3.448,0.0490950339048576
210,-3.446,0.04910323089572567
211,-3.444,0.049111195041621064
212,-3.442,0.049118932314185224
213,-3.44,0.049126448793657455
214,-3.438,0.04913375066887492
215,-3.436,0.04914084423727264
216,-3.434,0.04914773590488349
217,-3.432,0.04915443218633821
218,-3.43,0.04916093970486538
219,-3.428,0.04916726519229146
220,-3.426,0.049173415489040764
221,-3.424,0.04917939754413545
222,-3.422,0.049185218415195554
223,-3.42,0.04919088526843894
224,-3.418,0.049196405378681356
225,-3.416,0.04920178612933641
226,-3.414,0.04920703501241554
227,-3.412,0.04921215962852807
228,-3.41,0.04921716768688116
229,-3.408,0.04922206700527986
230,-3.406,0.04922686551012704
231,-3.404,0.049231571236423445
232,-3.402,0.049236192327767686
233,-3.4,0.04924073703635621
234,-3.398,0.04924521372298335
235,-3.396,0.04924963085704127
236,-3.394,0.04925399701652001
237,-3.392,0.049258320888007454
238,-3.39,0.04926261126668936
239,-3.388,0.049266877056349336
240,-3.386,0.04927112726936883
241,-3.3840000000000003,0.049275356969444184
242,-3.382,0.04927953795146162
243,-3.38,0.04928366730181291
244,-3.378,0.04928774327308803
245,-3.3760000000000003,0.049291764190375245
246,-3.374,0.04929572845126109
247,-3.372,0.04929963452583038
248,-3.37,0.04930348095666623
249,-3.3680000000000003,0.049307266358850015
250,-3.366,0.0493109894199614
251,-3.364,0.04931464890007832
252,-3.362,0.049318243631777
253,-3.3600000000000003,0.049321772520131965
254,-3.358,0.04932523454271597
255,-3.356,0.0493286287496001
256,-3.354,0.04933195426335369
257,-3.3520000000000003,0.049335210279044375
258,-3.35,0.04933839606423806
259,-3.348,0.04934151095899893
260,-3.346,0.04934455437588944
261,-3.3440000000000003,0.049347525799970364
262,-3.342,0.04935042478880072
263,-3.34,0.04935325097243781
264,-3.338,0.049356004053437236
265,-3.3360000000000003,0.04935868380685286
266,-3.334,0.04936129008023684
267,-3.332,0.04936382279363961
268,-3.33,0.04936628193960987
269,-3.3280000000000003,0.049368667583194616
270,-3.326,0.04937097986193913
271,-3.324,0.04937321898588696
272,-3.322,0.04937538523757994
273,-3.3200000000000003,0.04937747897205819
274,-3.318,0.049379500616860104
275,-3.316,0.049381450672022355
276,-3.314,0.0493833297100799
277,-3.3120000000000003,0.049385138376065986
278,-3.31,0.049386877387512115
279,-3.308,0.049388547534448095
280,-3.306,0.049390149679402
281,-3.3040000000000003,0.049391684757400196
282,-3.302,0.04939315377596732
283,-3.3,0.04939455781512629
284,-3.298,0.04939589802739831
285,-3.2960000000000003,0.04939717563780287
286,-3.294,0.049398391943857714
287,-3.292,0.04939954831557889
288,-3.29,0.049400646195480735
289,-3.2880000000000003,0.049401687098575835
290,-3.286,0.04940267261237509
291,-3.2840000000000003,0.04940360439688765
292,-3.282,0.04940448418462097
293,-3.2800000000000002,0.04940531378058078
294,-3.278,0.049406095062271074
295,-3.2760000000000002,0.049406829979694145
296,-3.274,0.04940752055535057
297,-3.2720000000000002,0.04940816888423918
298,-3.27,0.049408777133857114
299,-3.2680000000000002,0.04940934754419978
300,-3.266,0.04940988242776087
301,-3.2640000000000002,0.049410384169532355
302,-3.262,0.049410855227004474
303,-3.2600000000000002,0.04941129813016577
304,-3.258,0.04941171548150306
305,-3.2560000000000002,0.049412109956001427
306,-3.254,0.04941248430114424
307,-3.2520000000000002,0.04941284133691316
308,-3.25,0.04941318395578813
309,-3.248,0.049413515122747345
310,-3.246,0.04941383787526732
311,-3.244,0.049414155323322814
312,-3.242,0.049414470649386893
313,-3.24,0.04941478710843089
314,-3.238,0.049415108027924426
315,-3.236,0.049415436807835396
316,-3.234,0.04941577692062998
317,-3.232,0.049416131911272636
318,-3.23,0.049416505397226106
319,-3.228,0.04941690106845141
320,-3.226,0.04941732268740785
321,-3.224,0.049417774089053006
322,-3.222,0.049418259180842736
323,-3.22,0.04941878194273119
324,-3.218,0.04941934642717078
325,-3.216,0.04941995675911222
326,-3.214,0.049420617136004485
327,-3.212,0.04942133133096937
328,-3.21,0.04942207199736119
329,-3.208,0.04942282056675592
330,-3.206,0.04942357580639162
331,-3.204,0.04942433651091258
332,-3.202,0.04942510150236936
333,-3.2,0.04942586963021874
334,-3.198,0.049426639771323756
335,-3.196,0.04942741082995367
336,-3.194,0.049428181737783995
337,-3.192,0.04942895145389648
338,-3.19,0.04942971896477912
339,-3.188,0.04943048328432616
340,-3.186,0.04943124345383806
341,-3.184,0.04943199854202155
342,-3.182,0.04943274764498958
343,-3.18,0.04943348988626136
344,-3.178,0.049434224416762325
345,-3.176,0.04943495041482416
346,-3.174,0.0494356670861848
347,-3.172,0.04943637366398839
348,-3.17,0.04943706940878536
349,-3.168,0.04943775360853235
350,-3.166,0.049438425578592245
351,-3.164,0.04943908466173419
352,-3.162,0.04943973022813354
353,-3.16,0.049440361675371934
354,-3.1580000000000004,0.049440978428437206
355,-3.156,0.049441579939723465
356,-3.154,0.04944216568903105
357,-3.152,0.04944273518356654
358,-3.1500000000000004,0.04944328795794275
359,-3.148,0.04944382357417876
360,-3.146,0.049444341621699854
361,-3.144,0.049444841717337595
362,-3.1420000000000003,0.049445323505329764
363,-3.14,0.049445786657320384
364,-3.138,0.04944623087235974
365,-3.136,0.04944665587690433
366,-3.1340000000000003,0.04944706142481692
367,-3.132,0.04944744729736649
368,-3.13,0.04944781330322829
369,-3.128,0.04944815927848379
370,-3.1260000000000003,0.049448485086620704
371,-3.124,0.04944879061853301
372,-3.122,0.04944907579252089
373,-3.12,0.049449340554290795
374,-3.1180000000000003,0.049449584876955416
375,-3.116,0.049449808761033665
376,-3.114,0.049450012234450724
377,-3.112,0.049450195352537994
378,-3.1100000000000003,0.049450358198033124
379,-3.108,0.04945050088108001
380,-3.106,0.049450623539228786
381,-3.104,0.04945072633743582
382,-3.1020000000000003,0.04945080946806373
383,-3.1,0.04945087315088138
384,-3.098,0.04945091763306386
385,-3.096,0.04945094318919252
386,-3.0940000000000003,0.04945095012125493
387,-3.092,0.049450938758644924
388,-3.09,0.04945090945816256
389,-3.088,0.049450862604014136
390,-3.0860000000000003,0.049450798607812214
391,-3.084,0.04945071790857558
392,-3.082,0.04945062097272925
393,-3.08,0.049450508294104516
394,-3.0780000000000003,0.049450380393938884
395,-3.076,0.0494502378208761
396,-3.074,0.04945008115096616
397,-3.072,0.04944991098766531
398,-3.0700000000000003,0.049449727961836026
399,-3.068,0.04944953273174703
400,-3.066,0.04944932598307328
401,-3.064,0.04944910842889597
402,-3.0620000000000003,0.04944888080970256
403,-3.06,0.04944864389338673
404,-3.058,0.04944839847524841
405,-3.056,0.04944814537799375
406,-3.0540000000000003,0.04944788545173519
407,-3.052,0.04944761957399135
408,-3.05,0.049447348649687146
409,-3.048,0.049447073611153705
410,-3.0460000000000003,0.0494467954181284
411,-3.044,0.04944651505775485
412,-3.042,0.04944623354458292
413,-3.04,0.04944595192056869
414,-3.0380000000000003,0.04944567125507453
415,-3.036,0.04944539264486899
416,-3.034,0.04944511721412692
417,-3.032,0.049444846114429376
418,-3.0300000000000002,0.049444580524763665
419,-3.028,0.049444321651523335
420,-3.0260000000000002,0.04944407072850817
421,-3.024,0.049443829016924214
422,-3.0220000000000002,0.04944359780538373
423,-3.02,0.04944337840990524
424,-3.0180000000000002,0.04944317217391348
425,-3.016,0.04944298046823947
426,-3.0140000000000002,0.04944280469112044
427,-3.012,0.049442646268199865
428,-3.0100000000000002,0.049442506652527474
429,-3.008,0.049442387324559224
430,-3.0060000000000002,0.04944228979215731
431,-3.004,0.0494422155905902
432,-3.0020000000000002,0.04944216628253256
433,-3.0,0.04944214345806533
434,-2.998,0.04944214873467567
435,-2.996,0.049442183757257
436,-2.994,0.04944225019810897
437,-2.992,0.04944234975693747
438,-2.99,0.04944248416085464
439,-2.988,0.049442655164378846
440,-2.986,0.04944286449944723
441,-2.984,0.04944310279791688
442,-2.982,0.049443361311446866
443,-2.98,0.049443638903366054
444,-2.978,0.04944393445481959
445,-2.976,0.04944424686476889
446,-2.974,0.049444575049991654
447,-2.972,0.04944491794508185
448,-2.97,0.04944527450244972
449,-2.968,0.049445643692321774
450,-2.966,0.0494460245027408
451,-2.964,0.049446415939565856
452,-2.962,0.04944681702647229
453,-2.96,0.0494472268049517
454,-2.958,0.04944764433431198
455,-2.956,0.049448068691677276
456,-2.954,0.049448498971988025
457,-2.952,0.04944893428800093
458,-2.95,0.04944937377028896
459,-2.948,0.049449816567241386
460,-2.946,0.049450261845063716
461,-2.944,0.049450708787777756
462,-2.942,0.04945115659722158
463,-2.94,0.049451604493049535
464,-2.938,0.04945205171273223
465,-2.936,0.04945249751155657
466,-2.934,0.049452941162625726
467,-2.932,0.04945338195685913
468,-2.93,0.0494538192029925
469,-2.928,0.04945425222757783
470,-2.926,0.04945468037498337
471,-2.924,0.04945510300739366
472,-2.922,0.049455519504809524
473,-2.92,0.04945592926504803
474,-2.918,0.049456331703742536
475,-2.916,0.04945672625434267
476,-2.914,0.049457112368114356
477,-2.912,0.04945748951413975
478,-2.91,0.04945785717931732
479,-2.908,0.04945821486836178
480,-2.906,0.049458562103804136
481,-2.904,0.04945889842599166
482,-2.902,0.04945922339308789
483,-2.9000000000000004,0.04945953658107266
484,-2.898,0.04945983758374206
485,-2.896,0.04946012601270845
486,-2.894,0.04946040149740048
487,-2.8920000000000003,0.04946066368506307
488,-2.89,0.049460912240757396
489,-2.888,0.04946114684736093
490,-2.886,0.0494613672055674
491,-2.8840000000000003,0.049461573033886826
492,-2.882,0.049461764068645483
493,-2.88,0.04946194006398593
494,-2.878,0.049462100791867004
495,-2.8760000000000003,0.049462246042063805
496,-2.874,0.049462375622167716
497,-2.872,0.04946248935758638
498,-2.87,0.04946258709154373
499,-2.8680000000000003,0.049462668685079966
500,-2.866,0.04946273401705156
501,-2.864,0.04946278298413126
502,-2.862,0.04946281550080808
503,-2.8600000000000003,0.04946283149938733
504,-2.858,0.04946283092999056
505,-2.856,0.04946281376055562
506,-2.854,0.04946277997683663
507,-2.8520000000000003,0.049462729582403976
508,-2.85,0.04946266259864431
509,-2.848,0.04946257906476059
510,-2.846,0.04946247903777201
511,-2.8440000000000003,0.04946236259251406
512,-2.842,0.0494622298216385
513,-2.84,0.04946208083561335
514,-2.838,0.04946191576272293
515,-2.8360000000000003,0.04946173474906781
516,-2.834,0.04946153795856484
517,-2.832,0.049461325572947155
518,-2.83,0.04946109779176415
519,-2.8280000000000003,0.049460854832381496
520,-2.826,0.04946059692998115
521,-2.824,0.049460324337561326
522,-2.822,0.04946003732593652
523,-2.8200000000000003,0.049459736183737495
524,-2.818,0.0494594212174113
525,-2.816,0.049459092751221255
526,-2.814,0.04945875112724694
527,-2.8120000000000003,0.049458396705384225
528,-2.81,0.049458029863345236
529,-2.808,0.0494576509966584
530,-2.806,0.04945726051866839
531,-2.8040000000000003,0.04945685886053616
532,-2.802,0.04945644647123896
533,-2.8,0.049456023817570284
534,-2.798,0.04945559138413991
535,-2.7960000000000003,0.04945514967337388
536,-2.794,0.04945469920551455
537,-2.792,0.04945424051862049
538,-2.79,0.0494537741685666
539,-2.7880000000000003,0.049453300729044004
540,-2.786,0.04945282079156014
541,-2.784,0.04945233496543869
542,-2.782,0.04945184387781964
543,-2.7800000000000002,0.04945134817365921
544,-2.778,0.04945084851572994
545,-2.776,0.0494503455846206
546,-2.774,0.04944984007873627
547,-2.7720000000000002,0.04944933271429828
548,-2.77,0.04944882422534423
549,-2.768,0.049448315363728026
550,-2.766,0.04944780689911981
551,-2.7640000000000002,0.04944729961900602
552,-2.762,0.04944679432868936
553,-2.76,0.049446291851288814
554,-2.758,0.04944579302773963
555,-2.7560000000000002,0.04944529871679334
556,-2.754,0.04944480979501773
557,-2.752,0.0494443271567969
558,-2.75,0.049443851714331175
559,-2.748,0.04944338439763719
560,-2.746,0.04944292615454783
561,-2.7439999999999998,0.04944247795071227
562,-2.742,0.049442040769595956
563,-2.74,0.0494416156124806
564,-2.738,0.0494412034984642
565,-2.7359999999999998,0.049440805464461
566,-2.734,0.04944042256520156
567,-2.732,0.04944005587323268
568,-2.73,0.04943970647891744
569,-2.7279999999999998,0.049439375490435214
570,-2.726,0.04943906403378162
571,-2.724,0.049438773252768575
572,-2.722,0.04943850430902425
573,-2.7199999999999998,0.04943825838199311
574,-2.718,0.04943803666893586
575,-2.716,0.04943784038492953
576,-2.714,0.049437670762867376
577,-2.712,0.049437529053458946
578,-2.71,0.049437416525230066
579,-2.708,0.049437334464522836
580,-2.7060000000000004,0.04943728417549562
581,-2.704,0.04943726698012306
582,-2.702,0.04943728421819608
583,-2.7,0.04943733724732186
584,-2.6980000000000004,0.04943742744292388
585,-2.696,0.049437556198241854
586,-2.694,0.049437724924331815
587,-2.692,0.049437935050066044
588,-2.6900000000000004,0.04943818802213309
589,-2.688,0.04943848530503779
590,-2.686,0.04943881790658165
591,-2.684,0.04943916654672489
592,-2.6820000000000004,0.04943952972248182
593,-2.68,0.04943990636110618
594,-2.678,0.04944029540915431
595,-2.676,0.04944069583248516
596,-2.6740000000000004,0.04944110661626029
597,-2.672,0.0494415267649439
598,-2.67,0.049441955302302776
599,-2.668,0.04944239127140633
600,-2.6660000000000004,0.04944283373462659
601,-2.664,0.049443281773638194
602,-2.662,0.049443734489418405
603,-2.66,0.04944419100224709
604,-2.6580000000000004,0.04944465045170674
605,-2.656,0.04944511199668245
606,-2.654,0.049445574815361944
607,-2.652,0.04944603810523554
608,-2.6500000000000004,0.04944650108309619
609,-2.648,0.04944696298503946
610,-2.646,0.04944742306646351
611,-2.644,0.049447880602069144
612,-2.6420000000000003,0.04944833488585976
613,-2.64,0.04944878523114137
614,-2.638,0.049449230970522624
615,-2.636,0.04944967145591476
616,-2.6340000000000003,0.04945010605853164
617,-2.632,0.04945053416888975
618,-2.63,0.04945095519680817
619,-2.628,0.049451368571408624
620,-2.6260000000000003,0.04945177374111542
621,-2.624,0.04945217017365552
622,-2.622,0.04945255735605844
623,-2.62,0.04945293479465637
624,-2.6180000000000003,0.04945330201508409
625,-2.616,0.04945365856227899
626,-2.614,0.04945400400048109
627,-2.612,0.04945433791323301
628,-2.6100000000000003,0.049454659903379994
629,-2.608,0.04945496959306989
630,-2.606,0.04945526662375318
631,-2.604,0.049455550656182935
632,-2.6020000000000003,0.04945582137041487
633,-2.6,0.04945607846580729
634,-2.598,0.04945632166102113
635,-2.596,0.049456550694019934
636,-2.5940000000000003,0.04945676532206986
637,-2.592,0.049456965321739675
638,-2.59,0.04945715048890077
639,-2.588,0.04945732063872716
640,-2.5860000000000003,0.04945747560569546
641,-2.584,0.04945761524358489
642,-2.582,0.049457739425477314
643,-2.58,0.04945784804375718
644,-2.5780000000000003,0.04945794101011158
645,-2.576,0.049458018255530194
646,-2.574,0.04945807973030533
647,-2.572,0.04945812540403192
648,-2.5700000000000003,0.04945815526560749
649,-2.568,0.0494581693232322
650,-2.566,0.04945816760440881
651,-2.564,0.0494581501559427
652,-2.5620000000000003,0.049458117043941874
653,-2.56,0.04945806835381693
654,-2.558,0.0494580041902811
655,-2.556,0.04945792467735023
656,-2.5540000000000003,0.04945782995834277
657,-2.552,0.04945772019587978
658,-2.55,0.04945759557188496
659,-2.548,0.049457456287584606
660,-2.5460000000000003,0.04945730256350762
661,-2.544,0.04945713463948554
662,-2.542,0.049456952774652514
663,-2.54,0.04945675724744529
664,-2.5380000000000003,0.049456548355603244
665,-2.536,0.04945632641616837
666,-2.534,0.049456091765485266
667,-2.532,0.04945584475920115
668,-2.5300000000000002,0.04945558577226586
669,-2.528,0.04945531519893183
670,-2.526,0.04945503345275413
671,-2.524,0.04945474096659044
672,-2.5220000000000002,0.04945443819260104
673,-2.52,0.04945412560224885
674,-2.518,0.04945380368629938
675,-2.516,0.049453472954820776
676,-2.5140000000000002,0.04945313393718378
677,-2.512,0.04945278718206175
678,-2.51,0.04945243325743069
679,-2.508,0.049452072750569176
680,-2.5060000000000002,0.04945170626805843
681,-2.504,0.04945133443578226
682,-2.502,0.04945095789892711
683,-2.5,0.04945057732198205
684,-2.498,0.04945019338873873
685,-2.496,0.04944980680229145
686,-2.4939999999999998,0.049449418285037086
687,-2.492,0.049449028578675176
688,-2.49,0.049448638444207826
689,-2.488,0.049448248661939795
690,-2.4859999999999998,0.049447860031478434
691,-2.484,0.04944747337173372
692,-2.482,0.04944708952091823
693,-2.48,0.04944670933654718
694,-2.4779999999999998,0.04944633369543837
695,-2.476,0.04944596349371225
696,-2.474,0.04944559964679184
697,-2.472,0.04944524308940283
698,-2.4699999999999998,0.049444894775573484
699,-2.468,0.04944455567863469
700,-2.466,0.04944422679121995
701,-2.464,0.049443909125265396
702,-2.4619999999999997,0.04944360371200975
703,-2.46,0.049443311601994375
704,-2.458,0.04944303386506323
705,-2.4560000000000004,0.04944277159036288
706,-2.454,0.04944252588634254
707,-2.452,0.049442297880754014
708,-2.45,0.049442088720651714
709,-2.4480000000000004,0.04944189957239269
710,-2.446,0.0494417316216366
711,-2.444,0.0494415860733457
712,-2.442,0.049441464151784874
713,-2.4400000000000004,0.04944136710052162
714,-2.438,0.049441296182426056
715,-2.436,0.04944125267967091
716,-2.434,0.04944123789373152
717,-2.4320000000000004,0.04944125314538583
718,-2.43,0.04944129977471444
719,-2.428,0.049441379141100514
720,-2.426,0.04944149262322986
721,-2.4240000000000004,0.04944164161909089
722,-2.422,0.04944182754597464
723,-2.42,0.04944205184047475
724,-2.418,0.04944230245880014
725,-2.4160000000000004,0.04944256464383956
726,-2.414,0.049442837574805956
727,-2.412,0.049443120452073726
728,-2.41,0.049443412490443116
729,-2.4080000000000004,0.04944371291914026
730,-2.406,0.049444020981817154
731,-2.404,0.04944433593655166
732,-2.402,0.049444657055847524
733,-2.4000000000000004,0.04944498362663435
734,-2.398,0.04944531495026763
735,-2.396,0.04944565034252871
736,-2.394,0.049445989133624794
737,-2.3920000000000003,0.049446330668189
738,-2.39,0.049446674305280276
739,-2.388,0.049447019418383455
740,-2.386,0.04944736539540925
741,-2.3840000000000003,0.04944771163869422
742,-2.382,0.04944805756500082
743,-2.38,0.04944840260551737
744,-2.378,0.04944874620585804
745,-2.3760000000000003,0.049449087826062894
746,-2.374,0.04944942694059786
747,-2.372,0.049449763038354744
748,-2.37,0.049450095622651194
749,-2.3680000000000003,0.04945042421123076
750,-2.366,0.04945074833626286
751,-2.364,0.04945106754434275
752,-2.362,0.049451381396491606
753,-2.3600000000000003,0.04945168946815643
754,-2.358,0.04945199134921012
755,-2.356,0.04945228664395143
756,-2.354,0.04945257497110501
757,-2.3520000000000003,0.049452855963821346
758,-2.35,0.04945312926967682
759,-2.348,0.04945339455067367
760,-2.346,0.04945365148324001
761,-2.3440000000000003,0.049453899758229836
762,-2.342,0.04945413908092299
763,-2.34,0.049454369171025206
764,-2.338,0.04945458976266808
765,-2.3360000000000003,0.04945480060440907
766,-2.334,0.04945500145923153
767,-2.332,0.04945519210454465
768,-2.33,0.04945537233218353
769,-2.3280000000000003,0.0494555419484091
770,-2.326,0.049455700773908186
771,-2.324,0.04945584864379348
772,-2.322,0.04945598540760354
773,-2.3200000000000003,0.049456110929302806
774,-2.318,0.04945622508728157
775,-2.316,0.04945632777435601
776,-2.314,0.04945641889776817
777,-2.3120000000000003,0.049456498379185955
778,-2.31,0.049456566154703153
779,-2.308,0.049456622174839426
780,-2.306,0.04945666640454029
781,-2.3040000000000003,0.04945669882317715
782,-2.302,0.04945671942454727
783,-2.3,0.049456728216873774
784,-2.298,0.049456725222805684
785,-2.2960000000000003,0.049456710479417874
786,-2.294,0.049456684038211095
787,-2.292,0.04945664596511196
788,-2.29,0.04945659634047297
789,-2.2880000000000003,0.04945653525907247
790,-2.286,0.04945646283011469
791,-2.284,0.04945637917722975
792,-2.282,0.04945628443847361
793,-2.2800000000000002,0.04945617876632811
794,-2.278,0.049456062327700966
795,-2.276,0.049455935303925766
796,-2.274,0.04945579789076195
797,-2.2720000000000002,0.04945565029839486
798,-2.27,0.04945549275143568
799,-2.268,0.04945532548892148
800,-2.266,0.0494551487643152
801,-2.2640000000000002,0.04945496284550563
802,-2.262,0.049454768014807464
803,-2.26,0.049454564568961246
804,-2.258,0.04945435281913339
805,-2.2560000000000002,0.049454133090916196
806,-2.254,0.049453905724327805
807,-2.252,0.049453671073812266
808,-2.25,0.049453429508239465
809,-2.248,0.04945318141090518
810,-2.246,0.04945292717953105
811,-2.2439999999999998,0.04945266722626459
812,-2.242,0.04945240197767918
813,-2.24,0.049452131874774076
814,-2.238,0.049451857372974396
815,-2.2359999999999998,0.04945157894213114
816,-2.234,0.049451297066521176
817,-2.232,0.04945101224484723
818,-2.23,0.049450724990237914
819,-2.2279999999999998,0.049450435830247705
820,-2.226,0.049450145306856944
821,-2.224,0.04944985397647186
822,-2.222,0.04944956240992453
823,-2.2199999999999998,0.049449271192472916
824,-2.218,0.049448980923800845
825,-2.216,0.04944869221801802
826,-2.214,0.04944840570366002
827,-2.2119999999999997,0.04944812202368827
828,-2.21,0.049447841835490086
829,-2.208,0.049447565810878655
830,-2.206,0.04944729463609303
831,-2.2039999999999997,0.04944702901179813
832,-2.202,0.04944676965308474
833,-2.2,0.04944651728946954
834,-2.1980000000000004,0.04944627266489506
835,-2.196,0.0494460365377297
836,-2.194,0.04944580968076774
837,-2.192,0.04944559288122933
838,-2.1900000000000004,0.04944538694076048
839,-2.188,0.04944519267543307
840,-2.186,0.04944501091574487
841,-2.184,0.04944484250661952
842,-2.1820000000000004,0.0494446883074065
843,-2.18,0.049444549191881175
844,-2.178,0.0494444260482448
845,-2.176,0.04944431977912448
846,-2.1740000000000004,0.049444231301573195
847,-2.172,0.0494441615470698
848,-2.17,0.049444111461519016
849,-2.168,0.04944408200525143
850,-2.1660000000000004,0.04944407415302352
851,-2.164,0.04944408889401761
852,-2.162,0.0494441272318419
853,-2.16,0.04944419018453047
854,-2.1580000000000004,0.049444278784543265
855,-2.156,0.04944439407876611
856,-2.154,0.04944453712851067
857,-2.152,0.0494447088748362
858,-2.1500000000000004,0.04944489920948846
859,-2.148,0.04944510079716018
860,-2.146,0.04944531291866529
861,-2.144,0.04944553486694982
862,-2.1420000000000003,0.04944576594709185
863,-2.14,0.04944600547630156
864,-2.138,0.04944625278392121
865,-2.136,0.04944650721142512
866,-2.1340000000000003,0.0494467681124197
867,-2.132,0.04944703485264344
868,-2.13,0.049447306809966916
869,-2.128,0.049447583374392756
870,-2.1260000000000003,0.04944786394805569
871,-2.124,0.04944814794522253
872,-2.122,0.04944843479229215
873,-2.12,0.0494487239277955
874,-2.1180000000000003,0.04944901480239563
875,-2.116,0.049449306878887656
876,-2.114,0.04944959963219877
877,-2.112,0.04944989254938825
878,-2.1100000000000003,0.049450185129647446
879,-2.108,0.049450476884299786
880,-2.106,0.04945076733680079
881,-2.104,0.04945105602273804
882,-2.1020000000000003,0.0494513424898312
883,-2.1,0.04945162629793202
884,-2.098,0.04945190701902432
885,-2.096,0.049452184237224014
886,-2.0940000000000003,0.04945245754877907
887,-2.092,0.04945272656206956
888,-2.09,0.04945299089760761
889,-2.088,0.04945325018803745
890,-2.0860000000000003,0.049453504078135375
891,-2.084,0.04945375222480975
892,-2.082,0.04945399429710103
893,-2.08,0.04945422997618176
894,-2.0780000000000003,0.049454458955356544
895,-2.076,0.049454680940062064
896,-2.074,0.04945489564786709
897,-2.072,0.04945510280847248
898,-2.0700000000000003,0.04945530216371114
899,-2.068,0.04945549346754809
900,-2.066,0.0494556764860804
901,-2.064,0.04945585099753725
902,-2.0620000000000003,0.04945601679227986
903,-2.06,0.04945617367280155
904,-2.058,0.04945632145372773
905,-2.056,0.04945645996181586
906,-2.0540000000000003,0.049456589035955505
907,-2.052,0.04945670852716829
908,-2.05,0.04945681829860794
909,-2.048,0.049456918225560226
910,-2.0460000000000003,0.04945700819544303
911,-2.044,0.04945708810780629
912,-2.042,0.04945715787433203
913,-2.04,0.049457217418834375
914,-2.0380000000000003,0.049457266677259484
915,-2.036,0.04945730559768563
916,-2.034,0.049457334140323155
917,-2.032,0.04945735227751447
918,-2.0300000000000002,0.049457359993734074
919,-2.028,0.04945735728558855
920,-2.026,0.04945734416181655
921,-2.024,0.049457320643288796
922,-2.0220000000000002,0.04945728676300812
923,-2.02,0.049457242566109394
924,-2.018,0.0494571881098596
925,-2.016,0.04945712346365778
926,-2.0140000000000002,0.049457048709035056
927,-2.012,0.04945696393965464
928,-2.01,0.04945686926131181
929,-2.008,0.049456764791933935
930,-2.0060000000000002,0.049456650661580455
931,-2.004,0.04945652701244289
932,-2.002,0.04945639399884483
933,-2.0,0.04945625178724195
934,-1.998,0.049456100556222016
935,-1.996,0.04945594049650486
936,-1.994,0.04945577181094239
937,-1.992,0.0494555947145186
938,-1.99,0.04945540943434957
939,-1.988,0.04945521620968343
940,-1.986,0.049455015291900405
941,-1.984,0.04945480694451282
942,-1.982,0.049454591443165045
943,-1.98,0.04945436907563355
944,-1.978,0.04945414014182688
945,-1.976,0.049453904953785634
946,-1.974,0.04945366383568254
947,-1.972,0.04945341712382235
948,-1.97,0.04945316516664194
949,-1.968,0.04945290832471023
950,-1.966,0.04945264697072824
951,-1.964,0.04945238148952905
952,-1.962,0.04945211227807785
953,-1.96,0.04945183974547188
954,-1.958,0.04945156431294047
955,-1.956,0.04945128641384502
956,-1.954,0.04945100649367901
957,-1.952,0.049450725010068024
958,-1.95,0.04945044243276969
959,-1.948,0.04945015924367373
960,-1.9460000000000002,0.04944987593680194
961,-1.9440000000000002,0.04944959301830821
962,-1.9420000000000002,0.04944931100647848
963,-1.9400000000000002,0.049449030431730795
964,-1.9380000000000002,0.04944875183661527
965,-1.9360000000000002,0.0494484757758141
966,-1.9340000000000002,0.04944820281614154
967,-1.9320000000000002,0.04944793353654396
968,-1.9300000000000002,0.04944766852809977
969,-1.9280000000000002,0.049447408394019496
970,-1.9260000000000002,0.04944715374964571
971,-1.9240000000000002,0.049446905222453076
972,-1.9220000000000002,0.049446663452048345
973,-1.9200000000000002,0.04944642909017033
974,-1.9180000000000001,0.04944620280068993
975,-1.9160000000000001,0.04944598525961014
976,-1.9140000000000001,0.049445777155066
977,-1.9120000000000001,0.049445579187324645
978,-1.9100000000000001,0.0494453920687853
979,-1.9080000000000001,0.049445216523979256
980,-1.9060000000000001,0.049445053289569885
981,-1.9040000000000001,0.04944490311435263
982,-1.9020000000000001,0.04944476675925503
983,-1.9000000000000001,0.04944464499733668
984,-1.8980000000000001,0.04944453861378928
985,-1.8960000000000001,0.04944444840593658
986,-1.8940000000000001,0.04944437518323444
987,-1.8920000000000001,0.04944431976727077
988,-1.8900000000000001,0.04944428299176557
989,-1.8880000000000001,0.049444265702570926
990,-1.8860000000000001,0.049444268757670995
991,-1.8840000000000001,0.049444293027182014
992,-1.8820000000000001,0.04944433939335229
993,-1.8800000000000001,0.049444408750562226
994,-1.8780000000000001,0.04944450200532429
995,-1.8760000000000001,0.04944462007628304
996,-1.874,0.049444763894215094
997,-1.872,0.049444933629183785
998,-1.87,0.049445108725940344
999,-1.868,0.049445279750853714
1000,-1.866,0.049445446798622464
1001,-1.8639999999999999,0.04963332981234484
1002,-1.862,0.056582483817869816
1003,-1.8599999999999999,0.153360311155291
1004,-1.858,0.43670060346054673
1005,-1.8559999999999999,0.8469465870627038
1006,-1.854,1.2801789827645256
1007,-1.8519999999999999,1.7099409813313402
1008,-1.85,2.1317552757429934
1009,-1.8479999999999999,2.5446613021526696
1010,-1.846,2.9484287098797184
1011,-1.8439999999999999,3.3429988160746174
1012,-1.842,3.728447356180844
1013,-1.8399999999999999,4.104983387325917
1014,-1.838,4.4729206847324186
1015,-1.8359999999999999,4.832576063321759
1016,-1.834,5.184102342912597
1017,-1.8319999999999999,5.527463220116313
1018,-1.83,5.862433268336377
1019,-1.8279999999999998,6.188597937768973
1020,-1.826,6.50535355540239
1021,-1.8239999999999998,6.811907325017611
1022,-1.822,7.061813111783463
1023,-1.8199999999999998,7.1251581227035015
1024,-1.818,7.057472605292902
1025,-1.8160000000000003,6.916930654421978
1026,-1.814,6.747289352532421
1027,-1.8120000000000003,6.577888769637496
1028,-1.81,6.423651963321768
1029,-1.8080000000000003,6.28508497874139
1030,-1.806,6.1482900380397805
1031,-1.8040000000000003,6.006617080799218
1032,-1.802,5.868174661807942
1033,-1.8000000000000003,5.73290761741981
1034,-1.798,5.6007586460057235
1035,-1.7960000000000003,5.471668307953853
1036,-1.794,5.345575025669415
1037,-1.7920000000000003,5.2224150835749
1038,-1.79,5.10212262810984
1039,-1.7880000000000003,4.984629667731038
1040,-1.786,4.869865942839897
1041,-1.7840000000000003,4.757757314780148
1042,-1.782,4.648242068494411
1043,-1.7800000000000002,4.541264015681089
1044,-1.778,4.436767793503553
1045,-1.7760000000000002,4.334698864590333
1046,-1.774,4.2350035170349285
1047,-1.7720000000000002,4.137628864395993
1048,-1.77,4.042522845697155
1049,-1.7680000000000002,3.9496342254271917
1050,-1.766,3.858912593539861
1051,-1.7640000000000002,3.7703083654540643
1052,-1.762,3.6837727820536887
1053,-1.7600000000000002,3.59925790968776
1054,-1.758,3.5167166401702925
1055,-1.7560000000000002,3.4361026907804373
1056,-1.754,3.357370604262338
1057,-1.7520000000000002,3.2804757488252685
1058,-1.75,3.205374318143502
1059,-1.7480000000000002,3.1320233313564385
1060,-1.746,3.060380633068476
1061,-1.7440000000000002,2.990404893349142
1062,-1.742,2.922055607732962
1063,-1.7400000000000002,2.855293097219588
1064,-1.738,2.790078508273674
1065,-1.7360000000000002,2.7263738128249964
1066,-1.734,2.6641418082683384
1067,-1.7320000000000002,2.6033461174636003
1068,-1.73,2.5439555662552618
1069,-1.7280000000000002,2.485944819279819
1070,-1.726,2.429282571743124
1071,-1.7240000000000002,2.37393795283089
1072,-1.722,2.3198806772089218
1073,-1.7200000000000002,2.2670810450232146
1074,-1.718,2.2155099418998585
1075,-1.7160000000000002,2.1651388389451296
1076,-1.714,2.1159397927454027
1077,-1.7120000000000002,2.067885445367236
1078,-1.71,2.020949024357288
1079,-1.7080000000000002,1.9751043427424002
1080,-1.706,1.9303257990295144
1081,-1.7040000000000002,1.886588377205754
1082,-1.702,1.8438676467383452
1083,-1.7000000000000002,1.8021397625746944
1084,-1.698,1.7507029839023678
1085,-1.6960000000000002,1.6887430174896192
1086,-1.694,1.7416289733366257
1087,-1.6920000000000002,1.9696797055675606
1088,-1.69,2.3443517991128404
1089,-1.6880000000000002,2.7538246990687103
1090,-1.686,3.1487482215504627
1091,-1.6840000000000002,3.5374255983500036
1092,-1.682,3.9179575329805214
1093,-1.6800000000000002,4.289656984941103
1094,-1.678,4.652936134171053
1095,-1.6760000000000002,5.008050958389695
1096,-1.674,5.355187234094941
1097,-1.6720000000000002,5.694503939557619
1098,-1.67,6.026065351156527
1099,-1.6680000000000001,6.349841043377825
1100,-1.666,6.66570588881563
1101,-1.6640000000000001,6.973440058171437
1102,-1.662,7.272729020254678
1103,-1.6600000000000001,7.563163541982181
1104,-1.658,7.844239688378699
1105,-1.6560000000000001,8.07674326296658
1106,-1.654,8.137394659144737
1107,-1.6520000000000001,8.066519898066817
1108,-1.65,7.912165522589003
1109,-1.6480000000000001,7.713452863106997
1110,-1.646,7.5005780375557825
1111,-1.6440000000000001,7.294811951409947
1112,-1.642,7.108500297683332
1113,-1.6400000000000001,6.945063556929375
1114,-1.638,6.7989969972407875
1115,-1.6360000000000001,6.655870674249855
1116,-1.634,6.503140536200196
1117,-1.6320000000000001,6.353088605450257
1118,-1.63,6.206513565364332
1119,-1.6280000000000001,6.063338967834764
1120,-1.626,5.923489254671658
1121,-1.624,5.786889757603134
1122,-1.6219999999999999,5.653466698275085
1123,-1.62,5.523147188251409
1124,-1.6179999999999999,5.395859229013784
1125,-1.616,5.271531711961888
1126,-1.6139999999999999,5.150094283756737
1127,-1.612,5.031467016573512
1128,-1.6099999999999999,4.915580975440369
1129,-1.608,4.8023773128096545
1130,-1.6059999999999999,4.6917980158359285
1131,-1.604,4.583785906376167
1132,-1.6019999999999999,4.478284640989565
1133,-1.6,4.375238710937728
1134,-1.5979999999999999,4.274593442184488
1135,-1.596,4.176294995396079
1136,-1.5939999999999999,4.080290365940968
1137,-1.592,3.9865273838900204
1138,-1.5899999999999999,3.894954714016338
1139,-1.588,3.8055218557954174
1140,-1.5859999999999999,3.718179143404993
1141,-1.584,3.632877745725194
1142,-1.5819999999999999,3.5495696663383884
1143,-1.58,3.468207743529337
1144,-1.5779999999999998,3.388745650285041
1145,-1.576,3.311137894294894
1146,-1.5739999999999998,3.2353398179505315
1147,-1.572,3.1613075983459753
1148,-1.5699999999999998,3.0889982472774973
1149,-1.568,3.0183696112437515
1150,-1.5659999999999998,2.9493803714456432
1151,-1.564,2.881990043786456
1152,-1.5619999999999998,2.8161589788717296
1153,-1.56,2.7518483620093814
1154,-1.5580000000000003,2.689020213209598
1155,-1.556,2.6276396652223095
1156,-1.5540000000000003,2.5676844476720033
1157,-1.552,2.5091234811323884
1158,-1.5500000000000003,2.451924400060357
1159,-1.548,2.396055542699992
1160,-1.5460000000000003,2.3414859510826735
1161,-1.544,2.2881853710269753
1162,-1.5420000000000003,2.2361242521387625
1163,-1.54,2.185268140744002
1164,-1.5380000000000003,2.135415189913709
1165,-1.536,2.0865382825163366
1166,-1.5340000000000003,2.039330075058527
1167,-1.532,1.9952343213875703
1168,-1.5300000000000002,1.9645974503824086
1169,-1.528,2.023585840755809
1170,-1.5260000000000002,2.233647481519478
1171,-1.524,2.5848161986891034
1172,-1.5220000000000002,2.9952472273729995
1173,-1.52,3.385110641462785
1174,-1.5180000000000002,3.768037575738722
1175,-1.516,4.142981919131832
1176,-1.5140000000000002,4.509496391023405
1177,-1.512,4.867695499248582
1178,-1.5100000000000002,5.2176806889622815
1179,-1.508,5.5595903034475835
1180,-1.5060000000000002,5.893590022618428
1181,-1.504,6.219846062861315
1182,-1.5020000000000002,6.538525177034717
1183,-1.5,6.849794654469653
1184,-1.4980000000000002,7.1538223209691285
1185,-1.496,7.450776538808681
1186,-1.4940000000000002,7.7408262067358455
1187,-1.492,8.02941876365549
1188,-1.4900000000000002,8.283637628212704
1189,-1.488,8.445483485133616
1190,-1.4860000000000002,8.485109308285494
1191,-1.484,8.401552999111587
1192,-1.4820000000000002,8.222737386631067
1193,-1.48,8.005470227438906
1194,-1.4780000000000002,7.816201040242083
1195,-1.476,7.636190872176755
1196,-1.4740000000000002,7.460046054480076
1197,-1.472,7.287824773315397
1198,-1.4700000000000002,7.119540422236416
1199,-1.468,6.95516160218687
1200,-1.4660000000000002,6.794612121500835
1201,-1.464,6.63777439547724
1202,-1.4620000000000002,6.484553214834308
1203,-1.46,6.334874423466403
1204,-1.4580000000000002,6.188661631714358
1205,-1.456,6.04583954925593
1206,-1.4540000000000002,5.906333985106072
1207,-1.452,5.7700718476166735
1208,-1.4500000000000002,5.636981144476808
1209,-1.448,5.5069909827124945
1210,-1.4460000000000002,5.3800315686869284
1211,-1.444,5.256034208100257
1212,-1.4420000000000002,5.1349313059898005
1213,-1.44,5.016656366729832
1214,-1.4380000000000002,4.901143994031795
1215,-1.436,4.788329890944094
1216,-1.4340000000000002,4.678150859852291
1217,-1.432,4.570544802478922
1218,-1.4300000000000002,4.465450719883673
1219,-1.428,4.3628087124632025
1220,-1.4260000000000002,4.262559979951325
1221,-1.424,4.164646821418827
1222,-1.4220000000000002,4.069012635273642
1223,-1.42,3.9756019192606877
1224,-1.4180000000000001,3.884360270462023
1225,-1.416,3.795234385296688
1226,-1.4140000000000001,3.7081720595208694
1227,-1.412,3.623122188227734
1228,-1.4100000000000001,3.54003476584759
1229,-1.408,3.458863987608902
1230,-1.4060000000000001,3.3795785158771467
1231,-1.404,3.302136717213101
1232,-1.4020000000000001,3.2264959315980892
1233,-1.4,3.1526143857485684
1234,-1.3980000000000001,3.0804511931162586
1235,-1.396,3.0099663538880144
1236,-1.3940000000000001,2.94112075498595
1237,-1.392,2.8738761700673177
1238,-1.3900000000000001,2.808195259524627
1239,-1.388,2.7440415704855274
1240,-1.3860000000000001,2.681369219622638
1241,-1.384,2.620075492394595
1242,-1.3820000000000001,2.560087632513919
1243,-1.38,2.5013853070194334
1244,-1.3780000000000001,2.4439988842546376
1245,-1.376,2.388009433867601
1246,-1.374,2.333548726811066
1247,-1.3719999999999999,2.2807992353423496
1248,-1.37,2.2299941330234376
1249,-1.3679999999999999,2.181417294720894
1250,-1.366,2.1354032966059484
1251,-1.3639999999999999,2.1387847607749224
1252,-1.362,2.3029330423065106
1253,-1.3599999999999999,2.5813450784008767
1254,-1.358,2.9273126856424305
1255,-1.3559999999999999,3.304820754144362
1256,-1.354,3.6885472475480623
1257,-1.3519999999999999,4.063863203023768
1258,-1.35,4.426832731269895
1259,-1.3479999999999999,4.783846296411235
1260,-1.346,5.135675784044913
1261,-1.3439999999999999,5.479433555580357
1262,-1.342,5.815267636106592
1263,-1.3399999999999999,6.143331022569175
1264,-1.338,6.4637816837695885
1265,-1.3359999999999999,6.776782560365833
1266,-1.334,7.082501564871846
1267,-1.3319999999999999,7.38111158165807
1268,-1.33,7.69740422511358
1269,-1.3279999999999998,8.047848300771733
1270,-1.326,8.36059465336959
1271,-1.3239999999999998,8.582540336732276
1272,-1.322,8.683458881379346
1273,-1.3199999999999998,8.65600029452515
1274,-1.318,8.515691060078654
1275,-1.3159999999999998,8.300934138643415
1276,-1.314,8.073008967517792
1277,-1.3119999999999998,7.884626347187999
1278,-1.31,7.703047500016345
1279,-1.3079999999999998,7.52535998026162
1280,-1.306,7.3516145162388336
1281,-1.3040000000000003,7.181825370720545
1282,-1.302,7.015970340936981
1283,-1.3000000000000003,6.853990758576149
1284,-1.298,6.695791489783572
1285,-1.2960000000000003,6.541244918280171
1286,-1.294,6.39025426504186
1287,-1.2920000000000003,6.242747139383964
1288,-1.29,6.098649864891483
1289,-1.2880000000000003,5.957889747736609
1290,-1.286,5.820395076678475
1291,-1.2840000000000003,5.686095123063403
1292,-1.282,5.55492014082466
1293,-1.2800000000000002,5.426801366482694
1294,-1.278,5.301671019144909
1295,-1.2760000000000002,5.179462300505879
1296,-1.274,5.060109394847142
1297,-1.2720000000000002,4.943547469037403
1298,-1.27,4.829712672532332
1299,-1.2680000000000002,4.718542137374762
1300,-1.266,4.609973978194494
1301,-1.2640000000000002,4.503947292208496
1302,-1.262,4.400402159220699
1303,-1.2600000000000002,4.299279641622199
1304,-1.258,4.2005217843910625
1305,-1.2560000000000002,4.104071615092512
1306,-1.254,4.00987314387875
1307,-1.2520000000000002,3.917871363489125
1308,-1.25,3.8280122492499733
1309,-1.2480000000000002,3.740242759074776
1310,-1.246,3.6545108334639993
1311,-1.2440000000000002,3.5707653955052527
1312,-1.242,3.488956350873138
1313,-1.2400000000000002,3.4090345878293933
1314,-1.238,3.330951977222752
1315,-1.2360000000000002,3.2546613724890814
1316,-1.234,3.1801250859529433
1317,-1.2320000000000002,3.107319708537548
1318,-1.23,3.0362065460001073
1319,-1.2280000000000002,2.9667469407919462
1320,-1.226,2.898902958849781
1321,-1.2240000000000002,2.832637389595841
1322,-1.222,2.7679137459377485
1323,-1.2200000000000002,2.704696264268637
1324,-1.218,2.6429499044670344
1325,-1.2160000000000002,2.5826403498969785
1326,-1.214,2.5237340074079038
1327,-1.2120000000000002,2.4661980073347514
1328,-1.21,2.4100002034978623
1329,-1.2080000000000002,2.355109173203081
1330,-1.206,2.3014942172416557
1331,-1.2040000000000002,2.2491253598903347
1332,-1.202,2.1979733489112716
1333,-1.2000000000000002,2.121930311618207
1334,-1.198,2.062500939817725
1335,-1.1960000000000002,2.1442714702717436
1336,-1.194,2.4036377982818755
1337,-1.1920000000000002,2.7848562541581314
1338,-1.19,3.174419680587985
1339,-1.1880000000000002,3.5596821527408267
1340,-1.186,3.938994896766334
1341,-1.1840000000000002,4.310115523524897
1342,-1.182,4.672615019176249
1343,-1.1800000000000002,5.027041782871124
1344,-1.178,5.373326227555441
1345,-1.1760000000000002,5.711623495176591
1346,-1.174,6.042092877671944
1347,-1.1720000000000002,6.364896374348845
1348,-1.17,6.680198691885198
1349,-1.1680000000000001,6.988167244328896
1350,-1.166,7.288972153098378
1351,-1.1640000000000001,7.585649270348849
1352,-1.162,7.9230219039867915
1353,-1.1600000000000001,8.25179628099959
1354,-1.158,8.506507692893917
1355,-1.1560000000000001,8.646428464443426
1356,-1.154,8.655567953689165
1357,-1.1520000000000001,8.542672551939342
1358,-1.15,8.341225683769355
1359,-1.1480000000000001,8.109447807021956
1360,-1.146,7.914522343723333
1361,-1.1440000000000001,7.732239657236295
1362,-1.142,7.553876211100487
1363,-1.1400000000000001,7.379475087836773
1364,-1.138,7.209045074531996
1365,-1.1360000000000001,7.042560662839294
1366,-1.134,6.879962048977789
1367,-1.1320000000000001,6.721155133732892
1368,-1.13,6.566016082617496
1369,-1.1280000000000001,6.4144503153535
1370,-1.126,6.2663839578640745
1371,-1.124,6.121742562348629
1372,-1.1219999999999999,5.980452695587345
1373,-1.12,5.842441938941435
1374,-1.1179999999999999,5.707638888352888
1375,-1.116,5.575973154344719
1376,-1.1139999999999999,5.447375362020724
1377,-1.112,5.321777151065717
1378,-1.1099999999999999,5.199111175745305
1379,-1.108,5.079311104906104
1380,-1.1059999999999999,4.962311621975527
1381,-1.104,4.848048424961991
1382,-1.1019999999999999,4.736458226454716
1383,-1.1,4.627478753623924
1384,-1.0979999999999999,4.52104874822064
1385,-1.096,4.4171079665768875
1386,-1.0939999999999999,4.3155971796055
1387,-1.092,4.216458172800303
1388,-1.0899999999999999,4.119633746235936
1389,-1.088,4.025067714568028
1390,-1.0859999999999999,3.9327049070330244
1391,-1.084,3.8424911674483564
1392,-1.0819999999999999,3.7543733542122766
1393,-1.08,3.66829934030402
1394,-1.0779999999999998,3.584218013283645
1395,-1.076,3.5020792752921874
1396,-1.0739999999999998,3.4218340430515135
1397,-1.072,3.3434342478644625
1398,-1.0699999999999998,3.266836206468651
1399,-1.068,3.1920146366990347
1400,-1.0659999999999998,3.118931897451743
1401,-1.064,3.0475483270969446
1402,-1.0619999999999998,2.977825000864138
1403,-1.06,2.9097237308422796
1404,-1.0579999999999998,2.843207065979662
1405,-1.056,2.7782382920840316
1406,-1.0539999999999998,2.7147814318224732
1407,-1.052,2.6528012447215223
1408,-1.0500000000000003,2.59226322716707
1409,-1.048,2.533133612404402
1410,-1.0460000000000003,2.475379370538241
1411,-1.044,2.4189682085326525
1412,-1.0420000000000003,2.363868570211147
1413,-1.04,2.310049636256583
1414,-1.0380000000000003,2.257481324211262
1415,-1.036,2.1976981257031745
1416,-1.0340000000000003,2.104738925615178
1417,-1.032,2.086912988239969
1418,-1.0300000000000002,2.2182295954606417
1419,-1.028,2.5053793162056808
1420,-1.0260000000000002,2.8877340064487194
1421,-1.024,3.2734819580662236
1422,-1.0220000000000002,3.656418938953034
1423,-1.02,4.033547735698323
1424,-1.0180000000000002,4.4025775730255985
1425,-1.016,4.762888145765102
1426,-1.0140000000000002,5.115165932303327
1427,-1.012,5.459400818892281
1428,-1.0100000000000002,5.79569540080059
1429,-1.008,6.124208633454844
1430,-1.0060000000000002,6.4451019106401235
1431,-1.004,6.758539064500599
1432,-1.0020000000000002,7.06468636553895
1433,-1.0,7.363712522616925
1434,-0.9980000000000002,7.658506576527703
1435,-0.996,7.994976595960676
1436,-0.9940000000000002,8.321226197909896
1437,-0.992,8.56844643783542
1438,-0.9900000000000002,8.695049647402092
1439,-0.988,8.686669434479935
1440,-0.9860000000000002,8.556160683143942
1441,-0.984,8.343599553674075
1442,-0.9820000000000002,8.116283482555458
1443,-0.98,7.928054004100381
1444,-0.9780000000000002,7.7454524987634565
1445,-0.976,7.566766637953498
1446,-0.9740000000000002,7.392054954261198
1447,-0.972,7.221333442923887
1448,-0.9700000000000002,7.054575561825848
1449,-0.968,6.891712231498007
1450,-0.9660000000000002,6.732631835118235
1451,-0.964,6.577213945670897
1452,-0.9620000000000002,6.425387765341723
1453,-0.96,6.277076007445246
1454,-0.9580000000000002,6.132202373365548
1455,-0.956,5.990691683407435
1456,-0.9540000000000002,5.852469876796704
1457,-0.952,5.717464011679883
1458,-0.9500000000000002,5.585602265124483
1459,-0.948,5.456813933118753
1460,-0.9460000000000002,5.331029430571918
1461,-0.944,5.208180291313947
1462,-0.9420000000000002,5.08819916809578
1463,-0.94,4.971019832589108
1464,-0.9380000000000002,4.856577175386585
1465,-0.9359999999999999,4.744807206001621
1466,-0.9340000000000002,4.635647052868585
1467,-0.9319999999999999,4.529034963342609
1468,-0.9300000000000002,4.424910303699777
1469,-0.9279999999999999,4.323213559136939
1470,-0.9260000000000002,4.223886333771896
1471,-0.9239999999999999,4.126871350643218
1472,-0.9220000000000002,4.03211245171042
1473,-0.9199999999999999,3.9395545978537916
1474,-0.9180000000000001,3.8491438688745654
1475,-0.9159999999999999,3.760827463494749
1476,-0.9140000000000001,3.674553699357291
1477,-0.9119999999999999,3.5902720130259183
1478,-0.9100000000000001,3.507934456229685
1479,-0.9079999999999999,3.427507904018431
1480,-0.9060000000000001,3.348951516121498
1481,-0.9039999999999999,3.2722220357600333
1482,-0.9020000000000001,3.197277102737609
1483,-0.8999999999999999,3.124075253440082
1484,-0.8980000000000001,3.0525759208357317
1485,-0.8959999999999999,2.982739434475126
1486,-0.8940000000000001,2.91452702049125
1487,-0.8919999999999999,2.8479008015993825
1488,-0.8900000000000001,2.7828237970972154
1489,-0.8879999999999999,2.719251934640941
1490,-0.8860000000000001,2.6570654885138585
1491,-0.8839999999999999,2.5961677811708426
1492,-0.8820000000000001,2.5365337172727473
1493,-0.8799999999999999,2.478206435538996
1494,-0.8780000000000001,2.4212973087476874
1495,-0.8759999999999999,2.3659859437354913
1496,-0.8740000000000001,2.31252018139775
1497,-0.8719999999999999,2.261216096688379
1498,-0.8700000000000001,2.212457998619965
1499,-0.8679999999999999,2.1666984302636707
1500,-0.8660000000000001,2.1600068257133596
1501,-0.8639999999999999,2.3205978154629365
1502,-0.8620000000000001,2.6042597145407207
1503,-0.8599999999999999,2.9582445237879424
1504,-0.8580000000000001,3.342439174508387
1505,-0.8559999999999999,3.729365528468981
1506,-0.8540000000000001,4.10418037789914
1507,-0.8519999999999999,4.464675445491437
1508,-0.8500000000000001,4.820457077910266
1509,-0.8479999999999999,5.171433858871468
1510,-0.8460000000000001,5.514361826930737
1511,-0.8439999999999999,5.8493860204711785
1512,-0.8420000000000001,6.176657419892149
1513,-0.8399999999999999,6.4963329476098615
1514,-0.8380000000000001,6.808575468056796
1515,-0.8359999999999999,7.113553787682274
1516,-0.8340000000000001,7.411442654951897
1517,-0.8319999999999999,7.7404508030255075
1518,-0.8300000000000001,8.090700487045755
1519,-0.8279999999999998,8.39776031913331
1520,-0.8260000000000001,8.616307245136277
1521,-0.8239999999999998,8.720151161835435
1522,-0.8220000000000001,8.70223491694389
1523,-0.8199999999999998,8.57463430910723
1524,-0.8180000000000001,8.368558087903569
1525,-0.8159999999999998,8.134347953843333
1526,-0.8140000000000001,7.934217675211556
1527,-0.8119999999999998,7.751482402100104
1528,-0.81,7.572692931001524
1529,-0.8079999999999998,7.3978726347740995
1530,-0.806,7.227019599839704
1531,-0.8039999999999998,7.0601066261834875
1532,-0.802,6.897081227354177
1533,-0.7999999999999998,6.737865630463788
1534,-0.798,6.582356776187906
1535,-0.7959999999999998,6.430435642774119
1536,-0.794,6.282019633634563
1537,-0.7920000000000003,6.137034860246787
1538,-0.79,5.995407620107181
1539,-0.7880000000000003,5.85706524998496
1540,-0.786,5.72193612592195
1541,-0.7840000000000003,5.589949663232828
1542,-0.782,5.461036316504887
1543,-0.7800000000000002,5.3351275795982716
1544,-0.778,5.212155985645742
1545,-0.7760000000000002,5.092055107052907
1546,-0.774,4.974759555497996
1547,-0.7720000000000002,4.86020498193208
1548,-0.77,4.748328076578859
1549,-0.7680000000000002,4.639066568934867
1550,-0.766,4.532359227769273
1551,-0.7640000000000002,4.428145861124075
1552,-0.762,4.32636731631391
1553,-0.7600000000000002,4.226965479926241
1554,-0.758,4.1298832778211745
1555,-0.7560000000000002,4.035064675131636
1556,-0.754,3.9424546762631985
1557,-0.7520000000000002,3.851999324894256
1558,-0.75,3.763645703975849
1559,-0.7480000000000002,3.677341935731833
1560,-0.746,3.593037181658719
1561,-0.7440000000000002,3.5106816425258276
1562,-0.742,3.430226558375137
1563,-0.7400000000000002,3.351624208521431
1564,-0.738,3.2748333329960455
1565,-0.7360000000000002,3.199825484692501
1566,-0.734,3.126560957101083
1567,-0.7320000000000002,3.0549999523301925
1568,-0.73,2.9851034145202133
1569,-0.7280000000000002,2.9168330298436342
1570,-0.726,2.8501512265049285
1571,-0.7240000000000002,2.785021174740674
1572,-0.722,2.7214067868194336
1573,-0.7200000000000002,2.6592727170418726
1574,-0.718,2.598584361740645
1575,-0.7160000000000002,2.539307859280504
1576,-0.714,2.4814100900581937
1577,-0.7120000000000002,2.424858676502555
1578,-0.71,2.3696219830744214
1579,-0.7080000000000002,2.315669116266723
1580,-0.706,2.262969924604385
1581,-0.7040000000000002,2.1955244361095083
1582,-0.702,2.102285949140737
1583,-0.7000000000000002,2.08328288667203
1584,-0.698,2.2005152420289216
1585,-0.6960000000000002,2.4649905214190833
1586,-0.694,2.836723743932542
1587,-0.6920000000000002,3.2299927599820992
1588,-0.69,3.61330864318116
1589,-0.6880000000000002,3.990877341250756
1590,-0.6859999999999999,4.361037657821891
1591,-0.6840000000000002,4.722833501480339
1592,-0.6819999999999999,5.076013885767299
1593,-0.6800000000000002,5.421578354467174
1594,-0.6779999999999999,5.787771674750296
1595,-0.6760000000000002,6.171526096865273
1596,-0.6739999999999999,6.549756313767068
1597,-0.6720000000000002,6.902939464632701
1598,-0.6699999999999999,7.2151151348619
1599,-0.6680000000000001,7.473885356076493
1600,-0.6659999999999999,7.670414606120943
1601,-0.6640000000000001,7.799429809061904
1602,-0.6619999999999999,7.859220335188564
1603,-0.6600000000000001,7.8516380010124145
1604,-0.6579999999999999,7.78209706926736
1605,-0.6560000000000001,7.659574248909726
1606,-0.6539999999999999,7.4966086951181445
1607,-0.6520000000000001,7.309302009293761
1608,-0.6499999999999999,7.1173182390599585
1609,-0.6480000000000001,6.943450305738399
1610,-0.6459999999999999,6.783776995027176
1611,-0.6440000000000001,6.627590496284033
1612,-0.6419999999999999,6.474861200596628
1613,-0.6400000000000001,6.32555455882053
1614,-0.6379999999999999,6.17963108157895
1615,-0.6360000000000001,6.037046339263006
1616,-0.6339999999999999,5.897750962031465
1617,-0.6320000000000001,5.7616906398109915
1618,-0.6299999999999999,5.628806122295906
1619,-0.6280000000000001,5.499033218948424
1620,-0.6259999999999999,5.372302798998419
1621,-0.6240000000000001,5.248540791443653
1622,-0.6219999999999999,5.127668185049557
1623,-0.6200000000000001,5.009601028349441
1624,-0.6179999999999999,4.894254503560642
1625,-0.6160000000000001,4.7815701280119605
1626,-0.6139999999999999,4.67149226397046
1627,-0.6120000000000001,4.563964643209292
1628,-0.6099999999999999,4.458931807964247
1629,-0.6080000000000001,4.356339110933946
1630,-0.6059999999999999,4.256132715279658
1631,-0.6040000000000001,4.158259594625479
1632,-0.6019999999999999,4.062667533058154
1633,-0.6000000000000001,3.969305125127256
1634,-0.5979999999999999,3.8781217758450057
1635,-0.5960000000000001,3.7890677006864495
1636,-0.5939999999999999,3.702093925589288
1637,-0.5920000000000001,3.6171522869540387
1638,-0.5899999999999999,3.534195431643882
1639,-0.5880000000000001,3.4531768169848087
1640,-0.5859999999999999,3.374050710765477
1641,-0.5840000000000001,3.296772191237352
1642,-0.5819999999999999,3.2212971471145693
1643,-0.5800000000000001,3.1475822775740676
1644,-0.5779999999999998,3.0755850922554595
1645,-0.5760000000000001,3.00526391126116
1646,-0.5739999999999998,2.9365778651562597
1647,-0.5720000000000001,2.8694868949686434
1648,-0.5699999999999998,2.803951752188881
1649,-0.5680000000000001,2.739933998770335
1650,-0.5659999999999998,2.677396007129049
1651,-0.5640000000000001,2.616300960143861
1652,-0.5619999999999998,2.556613448652418
1653,-0.56,2.4983099680805614
1654,-0.5579999999999998,2.4413623164303515
1655,-0.556,2.3857390158003113
1656,-0.5539999999999998,2.33140927598544
1657,-0.552,2.2783429944773146
1658,-0.5499999999999998,2.22651075646399
1659,-0.548,2.1758838348300964
1660,-0.5459999999999998,2.12643419369161
1661,-0.544,2.0781344865234486
1662,-0.5419999999999998,2.03095798776775
1663,-0.54,1.9848785733757663
1664,-0.5379999999999998,1.939870720922082
1665,-0.536,1.8935124509594061
1666,-0.5340000000000003,1.869112515638825
1667,-0.532,1.9339561073092242
1668,-0.5300000000000002,2.1722536458031216
1669,-0.528,2.5399640600999334
1670,-0.5260000000000002,2.936202549486748
1671,-0.524,3.326163473938791
1672,-0.5220000000000002,3.7102972525740077
1673,-0.52,4.086528599576649
1674,-0.5180000000000002,4.454483156178371
1675,-0.516,4.814021752299279
1676,-0.5140000000000002,5.165240406547269
1677,-0.512,5.523868170526444
1678,-0.5100000000000002,5.902069317885649
1679,-0.508,6.2770851297732815
1680,-0.5060000000000002,6.629193302656032
1681,-0.504,6.9422865750099225
1682,-0.5020000000000002,7.203872727319691
1683,-0.5,7.405074582079341
1684,-0.4980000000000002,7.540630003791677
1685,-0.496,7.6088918989686665
1686,-0.4940000000000002,7.611828216131192
1687,-0.492,7.555021945809183
1688,-0.4900000000000002,7.447671120541598
1689,-0.488,7.302588814876332
1690,-0.4860000000000002,7.1362031453704065
1691,-0.484,6.968548639341544
1692,-0.4820000000000002,6.80892010296476
1693,-0.48,6.652568081031789
1694,-0.4780000000000002,6.49951215471911
1695,-0.476,6.3497614776779
1696,-0.4740000000000002,6.203314776034307
1697,-0.472,6.060160348389179
1698,-0.4700000000000002,5.920276065818327
1699,-0.46799999999999997,5.783629371872274
1700,-0.4660000000000002,5.650177282576496
1701,-0.46399999999999997,5.519866386431186
1702,-0.4620000000000002,5.392632844411487
1703,-0.45999999999999996,5.268402389967264
1704,-0.4580000000000002,5.147090329023326
1705,-0.45599999999999996,5.028601539979208
1706,-0.4540000000000002,4.91283175032253
1707,-0.45199999999999996,4.799719397833908
1708,-0.4500000000000002,4.689219562737236
1709,-0.44799999999999995,4.581276433924531
1710,-0.4460000000000002,4.475834976079481
1711,-0.44399999999999995,4.372840929677264
1712,-0.44200000000000017,4.2722408109847265
1713,-0.43999999999999995,4.1739819120602055
1714,-0.43800000000000017,4.078012300753706
1715,-0.43599999999999994,3.9842808207067244
1716,-0.43400000000000016,3.892737091352424
1717,-0.43199999999999994,3.803331507915463
1718,-0.43000000000000016,3.71601524141216
1719,-0.42799999999999994,3.6307402386503345
1720,-0.42600000000000016,3.5474592222294623
1721,-0.42399999999999993,3.466125690540524
1722,-0.42200000000000015,3.3866939177661535
1723,-0.41999999999999993,3.3091189538804913
1724,-0.41800000000000015,3.233356624649327
1725,-0.4159999999999999,3.159363531629964
1726,-0.41400000000000015,3.087097052171349
1727,-0.4119999999999999,3.016515339413944
1728,-0.41000000000000014,2.947577322289856
1729,-0.4079999999999999,2.8802427055227064
1730,-0.40600000000000014,2.814471969627759
1731,-0.4039999999999999,2.750226370911796
1732,-0.40200000000000014,2.687467941473239
1733,-0.3999999999999999,2.6261594892020317
1734,-0.39800000000000013,2.5662645977797505
1735,-0.3959999999999999,2.5077476266795014
1736,-0.39400000000000013,2.450580712433039
1737,-0.3919999999999999,2.394742984528644
1738,-0.3900000000000001,2.340203780763025
1739,-0.3879999999999999,2.2869329286051903
1740,-0.3860000000000001,2.2349009225149628
1741,-0.3839999999999999,2.1840789239428875
1742,-0.3820000000000001,2.1344387613303217
1743,-0.3799999999999999,2.0873320718318618
1744,-0.3780000000000001,2.0629047718389746
1745,-0.3759999999999999,2.0333090208715863
1746,-0.3740000000000001,1.9728293925562561
1747,-0.3719999999999999,1.8802577777001055
1748,-0.3700000000000001,1.7788933842909247
1749,-0.3679999999999999,1.7165427374970355
1750,-0.3660000000000001,1.7655196796674189
1751,-0.3639999999999999,1.9941413490623716
1752,-0.3620000000000001,2.3293509303970743
1753,-0.3599999999999999,2.7191064610374216
1754,-0.3580000000000001,3.129420665520467
1755,-0.35599999999999987,3.536483001142695
1756,-0.3540000000000001,3.9266596579593136
1757,-0.35199999999999987,4.296493558784966
1758,-0.3500000000000001,4.652704359193037
1759,-0.34799999999999986,5.006798644817993
1760,-0.3460000000000001,5.353615481054339
1761,-0.34399999999999986,5.692402087083314
1762,-0.3420000000000001,6.02333104931029
1763,-0.33999999999999986,6.346574507939896
1764,-0.3380000000000001,6.662304156975432
1765,-0.33599999999999985,6.9706912442194495
1766,-0.3340000000000001,7.27190657127318
1767,-0.33199999999999985,7.576448578469974
1768,-0.33000000000000007,7.914511039498854
1769,-0.32799999999999985,8.2008271237482
1770,-0.32600000000000007,8.367358377796892
1771,-0.32399999999999984,8.385296660509123
1772,-0.32200000000000006,8.265064143034126
1773,-0.31999999999999984,8.056313308806223
1774,-0.31800000000000006,7.8471914313393905
1775,-0.31599999999999984,7.667042956286662
1776,-0.31400000000000006,7.490465298940813
1777,-0.31199999999999983,7.3176471503219025
1778,-0.31000000000000005,7.148698976662014
1779,-0.30799999999999983,6.9836530194049455
1780,-0.30600000000000005,6.822463295206513
1781,-0.3039999999999998,6.665005964229972
1782,-0.30200000000000005,6.5111652849583335
1783,-0.2999999999999998,6.36088031848025
1784,-0.29800000000000004,6.214074330923388
1785,-0.2959999999999998,6.070671700874855
1786,-0.29400000000000004,5.930597919381453
1787,-0.2919999999999998,5.793779589949432
1788,-0.29000000000000004,5.660144428544734
1789,-0.2879999999999998,5.529621263592749
1790,-0.28600000000000003,5.402140035978556
1791,-0.2839999999999998,5.2776317990466906
1792,-0.28200000000000003,5.156028718601367
1793,-0.28000000000000025,5.0372640729062885
1794,-0.278,4.921272252684731
1795,-0.27600000000000025,4.807988761119615
1796,-0.274,4.697350213853333
1797,-0.27200000000000024,4.589294338987944
1798,-0.27,4.483759977084981
1799,-0.26800000000000024,4.3806870811656395
1800,-0.266,4.280016716710598
1801,-0.26400000000000023,4.181691061660189
1802,-0.262,4.085653406414231
1803,-0.26000000000000023,3.991848153832196
1804,-0.258,3.900220819233044
1805,-0.2560000000000002,3.8107180303953863
1806,-0.254,3.7232875275573236
1807,-0.2520000000000002,3.6378781634166057
1808,-0.25,3.5544399031304756
1809,-0.24800000000000022,3.47293200527239
1810,-0.246,3.393319099970908
1811,-0.24400000000000022,3.3155575269510833
1812,-0.242,3.239604471631651
1813,-0.2400000000000002,3.1654180013058326
1814,-0.238,3.0929570651412037
1815,-0.2360000000000002,3.022181494179825
1816,-0.23399999999999999,2.953052001338113
1817,-0.2320000000000002,2.885530181406967
1818,-0.22999999999999998,2.819578511051645
1819,-0.2280000000000002,2.7551603488118843
1820,-0.22599999999999998,2.692239926797736
1821,-0.2240000000000002,2.6306947320249385
1822,-0.22199999999999998,2.5703150490998823
1823,-0.2200000000000002,2.5110142020272104
1824,-0.21799999999999997,2.4528164566517523
1825,-0.2160000000000002,2.395857020658632
1826,-0.21399999999999997,2.34038204357316
1827,-0.2120000000000002,2.286748616760939
1828,-0.20999999999999996,2.2354247734277624
1829,-0.20800000000000018,2.186989488619711
1830,-0.20599999999999996,2.142132679223061
1831,-0.20400000000000018,2.1016552039643708
1832,-0.20199999999999996,2.0675333500203594
1833,-0.20000000000000018,2.175737628526474
1834,-0.19799999999999995,2.4543860985927473
1835,-0.19600000000000017,2.8246105953224014
1836,-0.19399999999999995,3.228109788089351
1837,-0.19200000000000017,3.627149180537603
1838,-0.18999999999999995,4.004561110581939
1839,-0.18800000000000017,4.3637447504072195
1840,-0.18599999999999994,4.722845026408085
1841,-0.18400000000000016,5.076091198553727
1842,-0.18199999999999994,5.421242344834157
1843,-0.18000000000000016,5.758436583830553
1844,-0.17799999999999994,6.087822122654538
1845,-0.17600000000000016,6.409557256947576
1846,-0.17399999999999993,6.723810370881557
1847,-0.17200000000000015,7.030770432952217
1848,-0.16999999999999993,7.366735380343437
1849,-0.16800000000000015,7.718131405239242
1850,-0.16599999999999993,8.027252114952184
1851,-0.16400000000000015,8.25332390248913
1852,-0.16199999999999992,8.37250594655177
1853,-0.16000000000000014,8.377890211536235
1854,-0.15799999999999992,8.2795014475333
1855,-0.15600000000000014,8.104297190328374
1856,-0.15399999999999991,7.896167761401342
1857,-0.15200000000000014,7.708462632829845
1858,-0.1499999999999999,7.531784109164385
1859,-0.14800000000000013,7.358488459453379
1860,-0.1459999999999999,7.188768002364564
1861,-0.14400000000000013,7.022755735823923
1862,-0.1419999999999999,6.860525337015378
1863,-0.14000000000000012,6.70209116238109
1864,-0.1379999999999999,6.547408247621167
1865,-0.13600000000000012,6.396372307693948
1866,-0.1339999999999999,6.2488205999933415
1867,-0.13200000000000012,6.104646054619026
1868,-0.1299999999999999,5.9638041898405465
1869,-0.1280000000000001,5.826223182929951
1870,-0.1259999999999999,5.691832245703079
1871,-0.12400000000000011,5.5605616245198055
1872,-0.12199999999999989,5.432342600283803
1873,-0.1200000000000001,5.307107488442774
1874,-0.11799999999999988,5.184789638988223
1875,-0.1160000000000001,5.065323436455679
1876,-0.11399999999999988,4.94864429992448
1877,-0.1120000000000001,4.834688683017982
1878,-0.10999999999999988,4.723394073903354
1879,-0.1080000000000001,4.614698995291782
1880,-0.10599999999999987,4.508543004438264
1881,-0.10400000000000009,4.404866693141815
1882,-0.10199999999999987,4.303611687745267
1883,-0.10000000000000009,4.20472064913546
1884,-0.09799999999999986,4.108137272743058
1885,-0.09600000000000009,4.013806288542728
1886,-0.09399999999999986,3.9216734610529684
1887,-0.09200000000000008,3.831685589336273
1888,-0.08999999999999986,3.7437905069989714
1889,-0.08800000000000008,3.657937082191386
1890,-0.08599999999999985,3.574075217607677
1891,-0.08400000000000007,3.4921558504859953
1892,-0.08199999999999985,3.4121309526083325
1893,-0.08000000000000007,3.333953530300668
1894,-0.07799999999999985,3.257578219185161
1895,-0.07600000000000007,3.1829736293871354
1896,-0.07399999999999984,3.110103722398464
1897,-0.07200000000000006,3.03892843730302
1898,-0.06999999999999984,2.9694085313431318
1899,-0.06800000000000006,2.901505579919714
1900,-0.06599999999999984,2.835181976592141
1901,-0.06400000000000006,2.7704009330783688
1902,-0.06199999999999983,2.7071264792548173
1903,-0.06000000000000005,2.645323463156485
1904,-0.05799999999999983,2.584957550976836
1905,-0.05600000000000005,2.525995227067912
1906,-0.053999999999999826,2.468403825011332
1907,-0.052000000000000046,2.412151617955171
1908,-0.04999999999999982,2.357207561874539
1909,-0.04800000000000004,2.303541273779553
1910,-0.04599999999999982,2.251123037311846
1911,-0.04400000000000004,2.1999238027446673
1912,-0.041999999999999815,2.1499151869827857
1913,-0.040000000000000036,2.101069473562583
1914,-0.03799999999999981,2.023060432845059
1915,-0.03600000000000003,1.956507253834228
1916,-0.03399999999999981,2.016146313025098
1917,-0.03200000000000003,2.245547768459112
1918,-0.029999999999999805,2.6153047709805666
1919,-0.028000000000000025,3.0242497499070646
1920,-0.026000000000000245,3.412913042934175
1921,-0.02400000000000002,3.7952004503779198
1922,-0.02200000000000024,4.169697537929558
1923,-0.020000000000000018,4.535705592158717
1924,-0.018000000000000238,4.893241620512722
1925,-0.016000000000000014,5.260898197445056
1926,-0.014000000000000234,5.645078718269714
1927,-0.01200000000000001,6.026435363709531
1928,-0.010000000000000231,6.388349888998438
1929,-0.008000000000000007,6.71695081201506
1930,-0.006000000000000227,7.0011134132820985
1931,-0.0040000000000000036,7.232459735966896
1932,-0.002000000000000224,7.405358585880945
1933,0.0,7.516925531480291
1934,0.0019999999999997797,7.567022903865228
1935,0.0040000000000000036,7.558259796780495
1936,0.005999999999999783,7.495992066615191
1937,0.008000000000000007,7.388322332402757
1938,0.009999999999999787,7.246099975821082
1939,0.01200000000000001,7.082921141192324
1940,0.01399999999999979,6.915128735483145
1941,0.016000000000000014,6.75608786967698
1942,0.017999999999999794,6.60093627036153
1943,0.020000000000000018,6.449099552938077
1944,0.021999999999999797,6.300566264984089
1945,0.02400000000000002,6.155318375058793
1946,0.0259999999999998,6.013331272703434
1947,0.028000000000000025,5.874573768441019
1948,0.029999999999999805,5.739008093776568
1949,0.03200000000000003,5.606589901196869
1950,0.03399999999999981,5.477268264170717
1951,0.03600000000000003,5.350985677148681
1952,0.03799999999999981,5.22767805556333
1953,0.040000000000000036,5.107274735829015
1954,0.041999999999999815,4.989698475342081
1955,0.04400000000000004,4.874865452480657
1956,0.04599999999999982,4.762685266604865
1957,0.04800000000000004,4.65307599212686
1958,0.04999999999999982,4.545996442180678
1959,0.052000000000000046,4.441393591686276
1960,0.053999999999999826,4.339214096247475
1961,0.05600000000000005,4.2394053706163835
1962,0.05799999999999983,4.141915588693573
1963,0.06000000000000005,4.046693683527905
1964,0.06199999999999983,3.953689347316699
1965,0.06400000000000006,3.862853031405569
1966,0.06599999999999984,3.7741359462885837
1967,0.06800000000000006,3.687490061608109
1968,0.06999999999999984,3.6028681061549648
1969,0.07200000000000006,3.520223567868267
1970,0.07399999999999984,3.439510693835585
1971,0.07600000000000007,3.3606844902927886
1972,0.07799999999999985,3.2837007226241957
1973,0.08000000000000007,3.208515915362428
1974,0.08199999999999985,3.135087352188552
1975,0.08400000000000007,3.0633730759319437
1976,0.08599999999999985,2.993331888570417
1977,0.08800000000000008,2.924923351230101
1978,0.08999999999999986,2.858107784185559
1979,0.09200000000000008,2.7928462668596725
1980,0.09399999999999986,2.7291006378237532
1981,0.09600000000000009,2.6668334947974355
1982,0.09799999999999986,2.6060081946487803
1983,0.10000000000000009,2.5465888533941743
1984,0.10199999999999987,2.4885403461984286
1985,0.10400000000000009,2.4318283073746794
1986,0.10599999999999987,2.376421522194562
1987,0.1080000000000001,2.322293345648287
1988,0.10999999999999988,2.2694166056339964
1989,0.1120000000000001,2.2177644974453883
1990,0.11399999999999988,2.167310588409931
1991,0.1160000000000001,2.1180288178887734
1992,0.11799999999999988,2.0698934972768326
1993,0.1200000000000001,2.0228793100027085
1994,0.12199999999999989,1.9769613115287674
1995,0.12400000000000011,1.9321149293510602
1996,0.1259999999999999,1.8883159629994024
1997,0.1280000000000001,1.8455405840372952
1998,0.1299999999999999,1.8037653360620034
1999,0.13200000000000012,1.7629671347044795
2000,0.1339999999999999,1.7231232676294375
2001,0.13599999999999968,1.684211394535289
2002,0.13800000000000034,1.646209547154163
2003,0.14000000000000012,1.609096129251964
2004,0.1419999999999999,1.5728499166282712
2005,0.14399999999999968,1.537450057116405
2006,0.14600000000000035,1.5028760705833961
2007,0.14800000000000013,1.4691078489300464
2008,0.1499999999999999,1.436125656090836
2009,0.1519999999999997,1.4039101280339854
2010,0.15400000000000036,1.3724422727614274
2011,0.15600000000000014,1.3417034703088595
2012,0.15799999999999992,1.3116754727456648
2013,0.1599999999999997,1.282340404174963
2014,0.16200000000000037,1.2536807607335887
2015,0.16400000000000015,1.2256794210971016
2016,0.16599999999999993,1.1983207656893557
2017,0.1679999999999997,1.171591427650477
2018,0.17000000000000037,1.1454783905282888
2019,0.17200000000000015,1.119968798017922
2020,0.17399999999999993,1.0950499539617484
2021,0.1759999999999997,1.070709322349425
2022,0.17800000000000038,1.0469345273178734
2023,0.18000000000000016,1.0237133531513203
2024,0.18199999999999994,1.0010337442812354
2025,0.18399999999999972,0.9788838052863739
2026,0.1860000000000004,0.9572518008927553
2027,0.18800000000000017,0.9361261559737022
2028,0.18999999999999995,0.9154954555497828
2029,0.19199999999999973,0.8953484447888497
2030,0.1940000000000004,0.8756740290060205
2031,0.19600000000000017,0.8564612736637142
2032,0.19799999999999995,0.8376994043715971
2033,0.19999999999999973,0.8193778068866187
2034,0.2020000000000004,0.8014860271129957
2035,0.20400000000000018,0.7840137711022424
2036,0.20599999999999996,0.7669509050531237
2037,0.20799999999999974,0.7502874553116866
2038,0.2100000000000004,0.7340136083712463
2039,0.2120000000000002,0.7181197108724127
2040,0.21399999999999997,0.702596269603049
2041,0.21599999999999975,0.6874339514983001
2042,0.21800000000000042,0.6726235836405786
2043,0.2200000000000002,0.6581561532595911
2044,0.22199999999999998,0.644022807732299
2045,0.22399999999999975,0.6302148545829446
2046,0.22600000000000042,0.6167237614830385
2047,0.2280000000000002,0.6035411562513837
2048,0.22999999999999998,0.5906588354412121
2049,0.23199999999999976,0.5780705360318232
2050,0.23399999999999954,0.565771055343201
2051,0.2360000000000002,0.553754523757664
2052,0.238,0.5420151393906617
2053,0.23999999999999977,0.5305471680907422
2054,0.24199999999999955,0.5193449434395735
2055,0.24400000000000022,0.5084028667519339
2056,0.246,0.4977154070757305
2057,0.24799999999999978,0.48727710119197093
2058,0.24999999999999956,0.47708255361478213
2059,0.2520000000000002,0.4671264365914016
2060,0.254,0.4574034901021946
2061,0.2559999999999998,0.447908521860628
2062,0.25799999999999956,0.4386364073132877
2063,0.26000000000000023,0.42958208963987043
2064,0.262,0.42074057975319956
2065,0.2639999999999998,0.41210695629920124
2066,0.26599999999999957,0.40367636565692033
2067,0.26800000000000024,0.39544402193851275
2068,0.27,0.38740520698926006
2069,0.2719999999999998,0.37955527038754777
2070,0.2739999999999996,0.3718896294448794
2071,0.27600000000000025,0.36440376920587036
2072,0.278,0.35709324244826035
2073,0.2799999999999998,0.34995366968289393
2074,0.2819999999999996,0.34298073915373384
2075,0.28400000000000025,0.33617020683785437
2076,0.28600000000000003,0.32951789644545376
2077,0.2879999999999998,0.3230196994198357
2078,0.2899999999999996,0.31667157493742165
2079,0.29200000000000026,0.31046954990774533
2080,0.29400000000000004,0.30440971897346314
2081,0.2959999999999998,0.29848824451033795
2082,0.2979999999999996,0.2927013566272504
2083,0.30000000000000027,0.2870454492918006
2084,0.30200000000000005,0.2815185175090952
2085,0.3039999999999998,0.27611832562659105
2086,0.3059999999999996,0.27084231417121113
2087,0.3080000000000003,0.2656879523403992
2088,0.31000000000000005,0.2606527380021286
2089,0.31199999999999983,0.25573419769488875
2090,0.3139999999999996,0.2509298866276942
2091,0.3160000000000003,0.24623738868008038
2092,0.31800000000000006,0.24165431640211177
2093,0.31999999999999984,0.23717831101436945
2094,0.3219999999999996,0.23280704240795955
2095,0.3240000000000003,0.22853820914450917
2096,0.32600000000000007,0.22436953845617397
2097,0.32799999999999985,0.22029878624562677
2098,0.3299999999999996,0.21632373708606514
2099,0.3320000000000003,0.21244220422120794
2100,0.3340000000000001,0.20865202956530193
2101,0.33599999999999985,0.2049510837031117
2102,0.33799999999999963,0.20133726588992634
2103,0.3400000000000003,0.19780850405155637
2104,0.3420000000000001,0.19436275478433976
2105,0.34399999999999986,0.19099800335513273
2106,0.34599999999999964,0.18771226370131594
2107,0.3480000000000003,0.18450357843079151
2108,0.3500000000000001,0.18137001882198872
2109,0.35199999999999987,0.1783096848238555
2110,0.35399999999999965,0.17532070505586392
2111,0.3560000000000003,0.17240123680800779
2112,0.3580000000000001,0.16954946604080762
2113,0.3599999999999999,0.16676360738530305
2114,0.36199999999999966,0.16404190414305764
2115,0.3640000000000003,0.16138262828615688
2116,0.3660000000000001,0.1587840804572125
2117,0.3679999999999999,0.15624458996935578
2118,0.36999999999999966,0.15376251480624187
2119,0.37200000000000033,0.15133661625556086
2120,0.3740000000000001,0.1489663783173151
2121,0.3759999999999999,0.14665068974950576
2122,0.37799999999999967,0.1443884245058929
2123,0.38000000000000034,0.1421784701281251
2124,0.3820000000000001,0.14001972774574317
2125,0.3839999999999999,0.13791111207617437
2126,0.3859999999999997,0.13585155142473637
2127,0.38800000000000034,0.13383998768463526
2128,0.3900000000000001,0.13187537633696922
2129,0.3919999999999999,0.1299566864507231
2130,0.3939999999999997,0.12808290068277206
2131,0.39600000000000035,0.12625301527787983
2132,0.39800000000000013,0.12446604006870189
2133,0.3999999999999999,0.12272099847578073
2134,0.4019999999999997,0.12101692750754899
2135,0.40400000000000036,0.11935287776032795
2136,0.40600000000000014,0.11772791341833053
2137,0.4079999999999999,0.11614111225365673
2138,0.4099999999999997,0.11459156562629672
2139,0.41200000000000037,0.11307837848412938
2140,0.41400000000000015,0.11160066936292498
2141,0.4159999999999999,0.11015757038634111
2142,0.4179999999999997,0.10874822726592547
2143,0.4200000000000004,0.10737179930111448
2144,0.42200000000000015,0.10602745937923579
2145,0.42399999999999993,0.1047143939755046
2146,0.4259999999999997,0.10343180315302608
2147,0.4280000000000004,0.10217890056279422
2148,0.43000000000000016,0.10095491344369412
2149,0.43199999999999994,0.09975908262249848
2150,0.4339999999999997,0.09859066251387001
2151,0.4360000000000004,0.09744892112036027
2152,0.43800000000000017,0.09633314003241174
2153,0.43999999999999995,0.09524262262592141
2154,0.4419999999999997,0.09417682645891208
2155,0.4440000000000004,0.09313528652440156
2156,0.4460000000000002,0.09211754182268685
2157,0.44799999999999995,0.09112313527968863
2158,0.44999999999999973,0.09015161374695317
2159,0.4520000000000004,0.08920252800165146
2160,0.4540000000000002,0.0882754327465808
2161,0.45599999999999996,0.0873698866101624
2162,0.45799999999999974,0.08648545214644296
2163,0.4600000000000004,0.08562169583509392
2164,0.4620000000000002,0.08477818808141299
2165,0.46399999999999997,0.08395450321632184
2166,0.46599999999999975,0.0831502194963676
2167,0.4680000000000004,0.0823649191037222
2168,0.4700000000000002,0.08159818814618372
2169,0.472,0.08084961665717429
2170,0.47399999999999975,0.0801187985957415
2171,0.4760000000000004,0.07940533184655775
2172,0.4780000000000002,0.0787088182199215
2173,0.48,0.07802886345175533
2174,0.48199999999999976,0.0773650772036073
2175,0.48400000000000043,0.07671707306265027
2176,0.4860000000000002,0.07608446854168308
2177,0.488,0.0754668850791288
2178,0.48999999999999977,0.07486394803903589
2179,0.49199999999999955,0.07427528671107797
2180,0.4940000000000002,0.07370053431055347
2181,0.496,0.07313932797838671
2182,0.4979999999999998,0.07259130878112637
2183,0.49999999999999956,0.07205612171094644
2184,0.5020000000000002,0.07153341568564589
2185,0.504,0.07102284354864938
2186,0.5059999999999998,0.07052406206900606
2187,0.5079999999999996,0.0700367319413904
2188,0.5100000000000002,0.06956051778610178
2189,0.512,0.0690950881490653
2190,0.5139999999999998,0.06864011550183055
2191,0.5159999999999996,0.06819527624157246
2192,0.5180000000000002,0.06776025069109085
2193,0.52,0.06733472833541117
2194,0.5219999999999998,0.06691865045877027
2195,0.5239999999999996,0.06651194783554945
2196,0.5260000000000002,0.06611445125949156
2197,0.528,0.06572599267823721
2198,0.5299999999999998,0.06534640519332367
2199,0.5319999999999996,0.06497552306018567
2200,0.5340000000000003,0.06461318168815493
2201,0.536,0.06425921764046093
2202,0.5379999999999998,0.06391346863422986
2203,0.5399999999999996,0.06357577354048533
2204,0.5420000000000003,0.06324597238414797
2205,0.544,0.06292390634403616
2206,0.5459999999999998,0.06260941775286498
2207,0.5479999999999996,0.062302350097246925
2208,0.5500000000000003,0.06200254801769156
2209,0.552,0.06170985730860609
2210,0.5539999999999998,0.06142412491829454
2211,0.5559999999999996,0.061145198948958285
2212,0.5580000000000003,0.060872928656695816
2213,0.56,0.06060716445150319
2214,0.5619999999999998,0.06034775789727334
2215,0.5639999999999996,0.06009456171179654
2216,0.5660000000000003,0.0598474297667602
2217,0.5680000000000001,0.05960621708774923
2218,0.5699999999999998,0.05937077985424548
2219,0.5719999999999996,0.05914097539962813
2220,0.5740000000000003,0.05891666221117346
2221,0.5760000000000001,0.058697699930055296
2222,0.5779999999999998,0.05848394935134438
2223,0.5799999999999996,0.058275272424008775
2224,0.5820000000000003,0.05807153225091368
2225,0.5840000000000001,0.0578725930888218
2226,0.5859999999999999,0.057678320348392764
2227,0.5879999999999996,0.05748858059418353
2228,0.5900000000000003,0.057303241544648234
2229,0.5920000000000001,0.05712217207213842
2230,0.5939999999999999,0.056945242202902646
2231,0.5959999999999996,0.05677232311708677
2232,0.5980000000000003,0.0566032871487338
2233,0.6000000000000001,0.056438007785784186
2234,0.6019999999999999,0.05627635967007538
2235,0.6039999999999996,0.05611821859734214
2236,0.6060000000000003,0.055963461517216366
2237,0.6080000000000001,0.055812016511811655
2238,0.6099999999999999,0.05566392636545276
2239,0.6119999999999997,0.05551914140456538
2240,0.6140000000000003,0.05537760602179071
2241,0.6160000000000001,0.0552392648323264
2242,0.6179999999999999,0.055104062673926126
2243,0.6199999999999997,0.05497194460689986
2244,0.6220000000000003,0.05484285591411376
2245,0.6240000000000001,0.054716742100990395
2246,0.6259999999999999,0.054593548895508374
2247,0.6279999999999997,0.05447322224820261
2248,0.6300000000000003,0.05435570833216421
2249,0.6320000000000001,0.05424095354304065
2250,0.6339999999999999,0.0541289044990355
2251,0.6359999999999997,0.0540195080409086
2252,0.6380000000000003,0.05391271123197599
2253,0.6400000000000001,0.05380846135811008
2254,0.6419999999999999,0.05370670592773937
2255,0.6439999999999997,0.05360739267184866
2256,0.6460000000000004,0.0535104695439789
2257,0.6480000000000001,0.05341588472022746
2258,0.6499999999999999,0.05332358659924775
2259,0.6519999999999997,0.05323352380224951
2260,0.6540000000000004,0.05314564517299864
2261,0.6560000000000001,0.05305989977781743
2262,0.6579999999999999,0.05297623690558424
2263,0.6599999999999997,0.05289460606773373
2264,0.6620000000000004,0.052814956998256765
2265,0.6640000000000001,0.05273723965370053
2266,0.6659999999999999,0.052661404213168346
2267,0.6679999999999997,0.0525874010783198
2268,0.6700000000000004,0.0525151808733707
2269,0.6720000000000002,0.05244469444509316
2270,0.6739999999999999,0.05237589286281543
2271,0.6759999999999997,0.05230872741842205
2272,0.6780000000000004,0.052243149626353756
2273,0.6800000000000002,0.05217911122360759
2274,0.6819999999999999,0.05211656416973676
2275,0.6839999999999997,0.05205546064685071
2276,0.6860000000000004,0.051995753059615124
2277,0.6880000000000002,0.05193739403525199
2278,0.69,0.051880336423539425
2279,0.6919999999999997,0.05182453329681185
2280,0.6940000000000004,0.05176993794995986
2281,0.6960000000000002,0.051716503900430366
2282,0.698,0.05166418488822645
2283,0.6999999999999997,0.05161293487590745
2284,0.7020000000000004,0.05156271679645661
2285,0.7040000000000002,0.05151357106689115
2286,0.706,0.05146549784511785
2287,0.7079999999999997,0.05141848132579191
2288,0.7100000000000004,0.051372505691799776
2289,0.7120000000000002,0.05132755511425917
2290,0.714,0.051283613752518976
2291,0.7159999999999997,0.05124066575415934
2292,0.7180000000000004,0.0511986952549916
2293,0.7200000000000002,0.0511576863790584
2294,0.722,0.05111762323863354
2295,0.7239999999999998,0.05107848993422207
2296,0.7260000000000004,0.05104027055456026
2297,0.7280000000000002,0.05100294917661565
2298,0.73,0.050966509865586956
2299,0.7319999999999998,0.050930936674904156
2300,0.7340000000000004,0.050896213646228414
2301,0.7360000000000002,0.05086232480945219
2302,0.738,0.050829254182699124
2303,0.7399999999999998,0.050796985772324096
2304,0.7420000000000004,0.050765503572913186
2305,0.7440000000000002,0.05073479156728378
2306,0.746,0.05070483372648441
2307,0.7479999999999998,0.05067561400979488
2308,0.7499999999999996,0.050647116364726213
2309,0.7520000000000002,0.05061932472702064
2310,0.754,0.05059222302065167
2311,0.7559999999999998,0.05056579515782399
2312,0.7579999999999996,0.05054002503897354
2313,0.7600000000000002,0.05051489655276748
2314,0.762,0.050490393576104214
2315,0.7639999999999998,0.05046649997411336
2316,0.7659999999999996,0.05044319960015576
2317,0.7680000000000002,0.05042047629582348
2318,0.77,0.05039831389093986
2319,0.7719999999999998,0.05037669620355941
2320,0.7739999999999996,0.0503556070399679
2321,0.7760000000000002,0.050335030194682315
2322,0.778,0.05031494945045089
2323,0.7799999999999998,0.05029534857825305
2324,0.7819999999999996,0.0502762113372995
2325,0.7840000000000003,0.05025752147503212
2326,0.786,0.050239262727124055
2327,0.7879999999999998,0.050221418817479664
2328,0.7899999999999996,0.050203973458234546
2329,0.7920000000000003,0.050186910349755504
2330,0.794,0.0501702131806406
2331,0.7959999999999998,0.050153865627719105
2332,0.7979999999999996,0.05013785135605152
2333,0.8000000000000003,0.05012215401892957
2334,0.802,0.050106757257876236
2335,0.8039999999999998,0.050091644702645696
2336,0.8059999999999996,0.05007680257459271
2337,0.8080000000000003,0.050062264761872734
2338,0.81,0.05004804313995549
2339,0.8119999999999998,0.05003413312857387
2340,0.8139999999999996,0.050020530141442275
2341,0.8160000000000003,0.05000722958625662
2342,0.8180000000000001,0.04999422686469435
2343,0.8199999999999998,0.049981517372414394
2344,0.8219999999999996,0.04996909649905723
2345,0.8240000000000003,0.049956959628244826
2346,0.8260000000000001,0.049945102137580674
2347,0.8279999999999998,0.049933519398649776
2348,0.8299999999999996,0.04992220677701865
2349,0.8320000000000003,0.049911159632235316
2350,0.8340000000000001,0.04990037331782934
2351,0.8359999999999999,0.04988984318131176
2352,0.8379999999999996,0.04987956456417516
2353,0.8400000000000003,0.04986953280189362
2354,0.8420000000000001,0.049859743223922746
2355,0.8439999999999999,0.04985019115369966
2356,0.8459999999999996,0.049840871908642975
2357,0.8480000000000003,0.04983178080015284
2358,0.8500000000000001,0.04982291313361091
2359,0.8519999999999999,0.049814264208380366
2360,0.8539999999999996,0.049805829317805875
2361,0.8560000000000003,0.049797603749213645
2362,0.8580000000000001,0.049789582783911386
2363,0.8599999999999999,0.049781761697188336
2364,0.8619999999999997,0.04977413575831521
2365,0.8640000000000003,0.04976670023054428
2366,0.8660000000000001,0.04975945037110932
2367,0.8679999999999999,0.049752381431225595
2368,0.8699999999999997,0.049745488656089916
2369,0.8720000000000003,0.049738767284880574
2370,0.8740000000000001,0.04973221255075741
2371,0.8759999999999999,0.04972581968086176
2372,0.8779999999999997,0.04971958389631647
2373,0.8800000000000003,0.04971350041222591
2374,0.8820000000000001,0.04970756443767595
2375,0.8839999999999999,0.049701771175733996
2376,0.8859999999999997,0.04969611582344895
2377,0.8880000000000003,0.04969059357185123
2378,0.8900000000000001,0.04968519960595278
2379,0.8919999999999999,0.04967992910474704
2380,0.8939999999999997,0.04967477724120899
2381,0.8960000000000004,0.049669739182295086
2382,0.8980000000000001,0.04966481008894333
2383,0.8999999999999999,0.04965998511607323
2384,0.9019999999999997,0.0496552594125858
2385,0.9040000000000004,0.04965062812136357
2386,0.9060000000000001,0.04964608637927059
2387,0.9079999999999999,0.049641629317152436
2388,0.9099999999999997,0.049637252059836164
2389,0.9120000000000004,0.049632950944491466
2390,0.9140000000000001,0.04962872722615354
2391,0.9159999999999999,0.0496245810992703
2392,0.9179999999999997,0.04962051252654964
2393,0.9200000000000004,0.049616521434535474
2394,0.9220000000000002,0.04961260771360774
2395,0.9239999999999999,0.04960877121798241
2396,0.9259999999999997,0.049605011765711506
2397,0.9280000000000004,0.04960132913868303
2398,0.9300000000000002,0.04959772308262106
2399,0.9319999999999999,0.04959419330708568
2400,0.9339999999999997,0.04959073948547301
2401,0.9360000000000004,0.04958736125501519
2402,0.9380000000000002,0.04958405821678041
2403,0.94,0.04958082993567287
2404,0.9419999999999997,0.04957767594043281
2405,0.9440000000000004,0.04957459572363648
2406,0.9460000000000002,0.04957158874169619
2407,0.948,0.049568654414860254
2408,0.9499999999999997,0.04956579212721302
2409,0.9520000000000004,0.049563001226674876
2410,0.9540000000000002,0.049560281025002234
2411,0.956,0.04955763079778753
2412,0.9579999999999997,0.049555049784459224
2413,0.9600000000000004,0.04955253718828183
2414,0.9620000000000002,0.04955009217635586
2415,0.964,0.04954771387961787
2416,0.9659999999999997,0.049545401392840464
2417,0.9680000000000004,0.04954315377463223
2418,0.9700000000000002,0.049540970047437835
2419,0.972,0.04953884919753793
2420,0.9739999999999998,0.049536790175049236
2421,0.9760000000000004,0.04953479189392448
2422,0.9780000000000002,0.0495328532319524
2423,0.98,0.04953097303075782
2424,0.9819999999999998,0.049529150095801534
2425,0.9840000000000004,0.04952738319638039
2426,0.9860000000000002,0.049525671065627275
2427,0.988,0.049524012400511096
2428,0.9899999999999998,0.049522405861836774
2429,0.9920000000000004,0.04952085007424528
2430,0.9940000000000002,0.049519343626213616
2431,0.996,0.04951788507005479
2432,0.9979999999999998,0.04951647292191787
2433,0.9999999999999996,0.04951510566178792
2434,1.0020000000000002,0.049513781733486056
2435,1.004,0.04951249954466942
2436,1.0059999999999998,0.04951125746683118
2437,1.0079999999999996,0.04951005383530053
2438,1.0100000000000002,0.04950888694924269
2439,1.012,0.049507755071658936
2440,1.0139999999999998,0.04950665642938653
2441,1.0159999999999996,0.049505589213098805
2442,1.0180000000000002,0.049504551577305086
2443,1.02,0.049503541640350764
2444,1.0219999999999998,0.049502557484417224
2445,1.0239999999999996,0.04950159715552191
2446,1.0260000000000002,0.04950065866351827
2447,1.028,0.0494997399820958
2448,1.0299999999999998,0.04949883904878001
2449,1.0319999999999996,0.04949795376493246
2450,1.0340000000000003,0.04949708199575072
2451,1.036,0.049496221570268395
2452,1.0379999999999998,0.04949537028135512
2453,1.0399999999999996,0.04949452588571656
2454,1.0420000000000003,0.0494936861038944
2455,1.044,0.04949284862026637
2456,1.0459999999999998,0.049492011083046225
2457,1.0479999999999996,0.04949117110428374
2458,1.0500000000000003,0.04949032625986473
2459,1.052,0.04948947408951102
2460,1.0539999999999998,0.049488615215825295
2461,1.0559999999999996,0.049487764463628466
2462,1.0580000000000003,0.0494869244058215
2463,1.06,0.04948609538078059
2464,1.0619999999999998,0.04948527771253988
2465,1.0639999999999996,0.0494844717107915
2466,1.0660000000000003,0.049483677670885524
2467,1.068,0.04948289587383002
2468,1.0699999999999998,0.049482126586290996
2469,1.0719999999999996,0.049481370060592444
2470,1.0740000000000003,0.04948062653471632
2471,1.076,0.04947989623230255
2472,1.0779999999999998,0.04947917936264902
2473,1.0799999999999996,0.04947847612071158
2474,1.0820000000000003,0.049477786687104064
2475,1.084,0.04947711122809826
2476,1.0859999999999999,0.049476449895623914
2477,1.0879999999999996,0.049475802827268774
2478,1.0900000000000003,0.04947517014627851
2479,1.092,0.04947455196155679
2480,1.0939999999999999,0.04947394836766524
2481,1.0959999999999996,0.04947335944482346
2482,1.0980000000000003,0.04947278525890899
2483,1.1,0.04947222586145738
2484,1.1019999999999999,0.04947168128966212
2485,1.1039999999999996,0.04947115156637466
2486,1.1060000000000003,0.04947063670010444
2487,1.108,0.049470136685018845
2488,1.1099999999999999,0.04946965150094325
2489,1.1119999999999997,0.04946918111336098
2490,1.1140000000000003,0.04946872547341333
2491,1.116,0.04946828451789957
2492,1.1179999999999999,0.04946785816927692
2493,1.1199999999999997,0.0494674463356606
2494,1.1220000000000003,0.049467048910823756
2495,1.124,0.049466665774197525
2496,1.126,0.049466296790871014
2497,1.1279999999999997,0.04946594181159128
2498,1.1300000000000003,0.049465600672763364
2499,1.1320000000000001,0.04946527319645026
2500,1.134,0.04946495919037295
2501,1.1359999999999997,0.04946465844791036
2502,1.1380000000000003,0.049464370748099395
2503,1.1400000000000001,0.04946409585563492
2504,1.142,0.04946383352086978
2505,1.1439999999999997,0.04946358347981476
2506,1.1460000000000004,0.049463345454138656
2507,1.1480000000000001,0.049463119151168196
2508,1.15,0.04946290426388808
2509,1.1519999999999997,0.049462700470940986
2510,1.1540000000000004,0.049462507436627556
2511,1.1560000000000001,0.049462324810906386
2512,1.158,0.049462152229394055
2513,1.1599999999999997,0.04946198931336511
2514,1.1620000000000004,0.049461835669752055
2515,1.1640000000000001,0.049461690891145355
2516,1.166,0.049461554555793465
2517,1.1679999999999997,0.049461426227602794
2518,1.1700000000000004,0.04946130545613771
2519,1.1720000000000002,0.04946119177662056
2520,1.174,0.04946108470993166
2521,1.1759999999999997,0.049460983762609274
2522,1.1780000000000004,0.04946088842684966
2523,1.1800000000000002,0.049460798180507026
2524,1.182,0.04946071248709354
2525,1.1839999999999997,0.04946063079577937
2526,1.1860000000000004,0.049460552541392616
2527,1.1880000000000002,0.049460477144419354
2528,1.19,0.04946040401100364
2529,1.1919999999999997,0.04946033253294748
2530,1.1940000000000004,0.049460262087710864
2531,1.1960000000000002,0.04946019203841174
2532,1.198,0.049460121733826024
2533,1.1999999999999997,0.04946005050838759
2534,1.2020000000000004,0.049459977682188294
2535,1.2040000000000002,0.04945990256097795
2536,1.206,0.049459824436164354
2537,1.2079999999999997,0.04945974258481324
2538,1.2100000000000004,0.04945965626964834
2539,1.2120000000000002,0.04945956473905133
2540,1.214,0.049459467227061876
2541,1.2159999999999997,0.049459362953377585
2542,1.2180000000000004,0.049459251123354045
2543,1.2200000000000002,0.049459130928004816
2544,1.222,0.04945900154400141
2545,1.2239999999999998,0.04945886213367333
2546,1.2260000000000004,0.049458713747202086
2547,1.2280000000000002,0.04945856390173564
2548,1.23,0.04945841363754883
2549,1.2319999999999998,0.049458263146579744
2550,1.2340000000000004,0.049458112616034146
2551,1.2360000000000002,0.04945796222838554
2552,1.238,0.04945781216137514
2553,1.2399999999999998,0.04945766258801186
2554,1.2420000000000004,0.049457513676572355
2555,1.2440000000000002,0.04945736559060096
2556,1.246,0.04945721848890976
2557,1.2479999999999998,0.04945707252557851
2558,1.2500000000000004,0.04945692784995472
2559,1.2520000000000002,0.0494567846066536
2560,1.254,0.04945664293555806
2561,1.2559999999999998,0.04945650297181874
2562,1.2579999999999996,0.049456364845853994
2563,1.2600000000000002,0.04945622868334988
2564,1.262,0.049456094605260174
2565,1.2639999999999998,0.04945596272780637
2566,1.2659999999999996,0.049455833162477675
2567,1.2680000000000002,0.049455706016031
2568,1.27,0.04945558139049097
2569,1.2719999999999998,0.049455459383149956
2570,1.2739999999999996,0.049455340086567996
2571,1.2760000000000002,0.04945522358857287
2572,1.278,0.04945510997226007
2573,1.2799999999999998,0.04945499931599279
2574,1.2819999999999996,0.04945489169340195
2575,1.2840000000000003,0.049454787173386174
2576,1.286,0.04945468582011181
2577,1.2879999999999998,0.04945458769301292
2578,1.2899999999999996,0.049454492846791265
2579,1.2920000000000003,0.04945440133141633
2580,1.294,0.049454313192125315
2581,1.2959999999999998,0.049454228469423135
2582,1.2979999999999996,0.049454147199082414
2583,1.3000000000000003,0.049454069412143496
2584,1.302,0.04945399513491443
2585,1.3039999999999998,0.04945392438897098
2586,1.3059999999999996,0.04945385719115663
2587,1.3080000000000003,0.04945379355358258
2588,1.31,0.049453733483627735
2589,1.3119999999999998,0.04945367698393872
2590,1.3139999999999996,0.04945362405242987
2591,1.3160000000000003,0.04945357468228324
2592,1.318,0.049453528861948585
2593,1.3199999999999998,0.04945348657514339
2594,1.3219999999999996,0.04945344780085285
2595,1.3240000000000003,0.04945341251332987
2596,1.326,0.04945338068209506
2597,1.3279999999999998,0.049453352271936764
2598,1.3299999999999996,0.04945332724291102
2599,1.3320000000000003,0.04945330555034161
2600,1.334,0.04945328714481999
2601,1.3359999999999999,0.049453271972205344
2602,1.3379999999999996,0.0494532599736246
2603,1.3400000000000003,0.049453251085472355
2604,1.342,0.04945324523941094
2605,1.3439999999999999,0.04945324236237041
2606,1.3459999999999996,0.049453242376548516
2607,1.3480000000000003,0.04945324519941073
2608,1.35,0.049453250743690245
2609,1.3519999999999999,0.04945325891738796
2610,1.3539999999999996,0.04945326962377247
2611,1.3560000000000003,0.049453282761380134
2612,1.358,0.049453298224014966
2613,1.3599999999999999,0.04945331590074874
2614,1.3619999999999997,0.04945333567592091
2615,1.3640000000000003,0.04945335742913867
2616,1.366,0.04945338103527691
2617,1.3679999999999999,0.04945340636447825
2618,1.3699999999999997,0.04945343328215301
2619,1.3720000000000003,0.049453461648979215
2620,1.374,0.04945349132090264
2621,1.376,0.04945352214913674
2622,1.3779999999999997,0.049453553980162684
2623,1.3800000000000003,0.04945358665572939
2624,1.3820000000000001,0.049453620012853444
2625,1.384,0.04945365388381918
2626,1.3859999999999997,0.04945368809617863
2627,1.3880000000000003,0.049453722472751545
2628,1.3900000000000001,0.04945375683162538
2629,1.392,0.04945379098615532
2630,1.3939999999999997,0.04945382474496426
2631,1.3960000000000004,0.04945385791194279
2632,1.3980000000000001,0.04945389028624923
2633,1.4,0.04945392166230963
2634,1.4019999999999997,0.049453951829817724
2635,1.4040000000000004,0.04945398057373497
2636,1.4060000000000001,0.04945400767429054
2637,1.408,0.04945403290698133
2638,1.4099999999999997,0.04945405604257194
2639,1.4120000000000004,0.049454076847094686
2640,1.4140000000000001,0.049454095081849586
2641,1.416,0.0494541105034044
2642,1.4179999999999997,0.049454122863594574
2643,1.4200000000000004,0.049454131909523275
2644,1.4220000000000002,0.0494541373835614
2645,1.424,0.04945413902334754
2646,1.4259999999999997,0.04945413656178801
2647,1.4280000000000004,0.049454129727056824
2648,1.4300000000000002,0.04945411824259575
2649,1.432,0.04945410182711421
2650,1.4339999999999997,0.04945408019458939
2651,1.4360000000000004,0.04945405305426617
2652,1.4380000000000002,0.049454020110657144
2653,1.44,0.04945398289591255
2654,1.4419999999999997,0.04945394402080029
2655,1.4440000000000004,0.049453903624345215
2656,1.4460000000000002,0.049453861822058555
2657,1.448,0.049453818727348116
2658,1.4499999999999997,0.049453774451518266
2659,1.4520000000000004,0.04945372910376997
2660,1.4540000000000002,0.049453682791200756
2661,1.456,0.04945363561880473
2662,1.4579999999999997,0.04945358768947257
2663,1.4600000000000004,0.049453539103991535
2664,1.4620000000000002,0.04945348996104546
2665,1.464,0.049453440357214745
2666,1.4659999999999997,0.04945339038697638
2667,1.4680000000000004,0.049453340142703923
2668,1.4700000000000002,0.0494532897146675
2669,1.472,0.04945323919103383
2670,1.4739999999999998,0.049453188657866194
2671,1.4760000000000004,0.04945313819912445
2672,1.4780000000000002,0.049453087896665034
2673,1.48,0.04945303783024096
2674,1.4819999999999998,0.04945298807750181
2675,1.4840000000000004,0.04945293871399375
2676,1.4860000000000002,0.04945288981315951
2677,1.488,0.04945284144633842
2678,1.4899999999999998,0.04945279368276635
2679,1.4920000000000004,0.04945274658957578
2680,1.4940000000000002,0.04945270023179574
2681,1.496,0.04945265467235184
2682,1.4979999999999998,0.049452609972066276
2683,1.5000000000000004,0.049452566189657814
2684,1.5020000000000002,0.04945252338174179
2685,1.504,0.049452481602830126
2686,1.5059999999999998,0.04945244090533132
2687,1.5080000000000005,0.04945240133955042
2688,1.5100000000000002,0.04945236295368909
2689,1.512,0.04945232579384554
2690,1.5139999999999998,0.04945228990401456
2691,1.5159999999999996,0.049452255326087526
2692,1.5180000000000002,0.04945222209985238
2693,1.52,0.049452190262993634
2694,1.5219999999999998,0.049452159851092393
2695,1.5239999999999996,0.04945213089762633
2696,1.5260000000000002,0.049452103433969684
2697,1.528,0.04945207748939329
2698,1.5299999999999998,0.04945205309106452
2699,1.5319999999999996,0.049452030264047375
2700,1.5340000000000003,0.04945200903130238
2701,1.536,0.04945198941368668
2702,1.5379999999999998,0.04945197142995396
2703,1.5399999999999996,0.0494519550967545
2704,1.5420000000000003,0.04945194042863515
2705,1.544,0.04945192743803933
2706,1.5459999999999998,0.04945191613530705
2707,1.5479999999999996,0.04945190652867488
2708,1.5500000000000003,0.04945189862427597
2709,1.552,0.04945189242614006
2710,1.5539999999999998,0.049451887936193435
2711,1.5559999999999996,0.04945188515425899
2712,1.5580000000000003,0.04945188407805617
2713,1.56,0.049451884703201
2714,1.5619999999999998,0.04945188702320609
2715,1.5639999999999996,0.049451891029480624
2716,1.5660000000000003,0.04945189671133036
2717,1.568,0.04945190405595761
2718,1.5699999999999998,0.049451913048461305
2719,1.5719999999999996,0.04945192367183691
2720,1.5740000000000003,0.04945193590697649
2721,1.576,0.04945194973266867
2722,1.5779999999999998,0.04945196512559867
2723,1.5799999999999996,0.04945198206034826
2724,1.5820000000000003,0.04945200050939581
2725,1.584,0.04945202044311626
2726,1.5859999999999999,0.0494520418297811
2727,1.5879999999999996,0.049452064635558436
2728,1.5900000000000003,0.049452088824512914
2729,1.592,0.04945211435860578
2730,1.5939999999999999,0.049452141197694845
2731,1.5959999999999996,0.049452169299534485
2732,1.5980000000000003,0.04945219861977568
2733,1.6,0.04945222911196596
2734,1.6019999999999999,0.049452260727549435
2735,1.6039999999999996,0.049452293415866794
2736,1.6060000000000003,0.049452327124155315
2737,1.608,0.04945236179754882
2738,1.6099999999999999,0.04945239737907774
2739,1.6119999999999997,0.04945243380966906
2740,1.6140000000000003,0.04945247102814634
2741,1.616,0.04945250897122973
2742,1.6179999999999999,0.04945254757353594
2743,1.6199999999999997,0.04945258676757827
2744,1.6220000000000003,0.04945262648376659
2745,1.624,0.04945266665040734
2746,1.626,0.04945270719370354
2747,1.6279999999999997,0.049452748037754776
2748,1.6300000000000003,0.04945278910455723
2749,1.6320000000000001,0.049452830314003646
2750,1.634,0.04945287158388333
2751,1.6359999999999997,0.049452912829882206
2752,1.6380000000000003,0.049452953965582726
2753,1.6400000000000001,0.04945299490246394
2754,1.642,0.04945303554990147
2755,1.6439999999999997,0.049453075815167516
2756,1.6460000000000004,0.04945311560343086
2757,1.6480000000000001,0.04945315481775684
2758,1.65,0.04945319335910738
2759,1.6519999999999997,0.049453231126340993
2760,1.6540000000000004,0.04945326801621274
2761,1.6560000000000001,0.04945330392337428
2762,1.658,0.04945333874037383
2763,1.6599999999999997,0.049453372357656206
2764,1.6620000000000004,0.04945340466356278
2765,1.6640000000000001,0.0494534355443315
2766,1.666,0.049453464884096895
2767,1.6679999999999997,0.04945349256489008
2768,1.6700000000000004,0.049453518466638716
2769,1.6720000000000002,0.04945354246716707
2770,1.674,0.04945356444219597
2771,1.6759999999999997,0.049453584265342826
2772,1.6780000000000004,0.049453601808121604
2773,1.6800000000000002,0.04945361693994287
2774,1.682,0.04945362952811376
2775,1.6839999999999997,0.049453639437837975
2776,1.6860000000000004,0.0494536465322158
2777,1.6880000000000002,0.049453650672244095
2778,1.69,0.049453651716816295
2779,1.6919999999999997,0.0494536495227224
2780,1.6940000000000004,0.049453643944649
2781,1.6960000000000002,0.049453634835179255
2782,1.698,0.04945362204479291
2783,1.6999999999999997,0.049453605421866255
2784,1.7020000000000004,0.049453584812672195
2785,1.7040000000000002,0.0494535600446106
2786,1.706,0.0494535305770461
2787,1.7079999999999997,0.049453496373358295
2788,1.7100000000000004,0.049453457650956774
2789,1.7120000000000002,0.04945341462430227
2790,1.714,0.049453367504906635
2791,1.7159999999999997,0.04945331650133284
2792,1.7180000000000004,0.04945326181919499
2793,1.7200000000000002,0.04945320366115832
2794,1.722,0.04945314222693917
2795,1.7239999999999998,0.049453077713305024
2796,1.7260000000000004,0.049453010314074494
2797,1.7280000000000002,0.0494529402201173
2798,1.73,0.0494528676193543
2799,1.7319999999999998,0.04945279269675748
2800,1.7340000000000004,0.049452715634349935
2801,1.7360000000000002,0.04945263661120591
2802,1.738,0.04945255580345075
2803,1.7399999999999998,0.049452473384260946
2804,1.7420000000000004,0.049452389523864104
2805,1.7440000000000002,0.04945230438953895
2806,1.746,0.04945221814561535
2807,1.7479999999999998,0.049452130953474296
2808,1.7500000000000004,0.049452042971547885
2809,1.7520000000000002,0.04945195435531936
2810,1.754,0.04945186525732308
2811,1.7559999999999998,0.04945177582714452
2812,1.7580000000000005,0.04945168621142031
2813,1.7600000000000002,0.049451596553838184
2814,1.762,0.049451506995137
2815,1.7639999999999998,0.04945141767310674
2816,1.7659999999999996,0.049451328722588526
2817,1.7680000000000002,0.0494512402754746
2818,1.77,0.049451152460708324
2819,1.7719999999999998,0.04945106540428418
2820,1.7739999999999996,0.04945097922924779
2821,1.7760000000000002,0.0494508940556959
2822,1.778,0.04945081000077638
2823,1.7799999999999998,0.0494507271786882
2824,1.7819999999999996,0.0494506457006815
2825,1.7840000000000003,0.04945056567505751
2826,1.786,0.04945048720716861
2827,1.7879999999999998,0.04945041039941828
2828,1.7899999999999996,0.04945033535126115
2829,1.7920000000000003,0.049450262159202965
2830,1.794,0.04945019091680059
2831,1.7959999999999998,0.049450121714662024
2832,1.7979999999999996,0.04945005464044639
2833,1.8000000000000003,0.049449989778863924
2834,1.802,0.049449927211676015
2835,1.8039999999999998,0.04944986701769515
2836,1.8059999999999996,0.04944980927278496
2837,1.8080000000000003,0.049449754049860184
2838,1.81,0.049449701418886695
2839,1.8119999999999998,0.04944965144688151
2840,1.8139999999999996,0.049449604197912736
2841,1.8160000000000003,0.049449559733099634
2842,1.818,0.04944951811061257
2843,1.8199999999999998,0.04944947938567306
2844,1.8219999999999996,0.04944944361055372
2845,1.8240000000000003,0.0494494108345783
2846,1.826,0.0494493811041217
2847,1.8279999999999998,0.049449354462609896
2848,1.8299999999999996,0.04944933095052003
2849,1.8320000000000003,0.04944931060538035
2850,1.834,0.04944929346177025
2851,1.8359999999999999,0.049449279551320224
2852,1.8379999999999996,0.0494492689027119
2853,1.8400000000000003,0.049449261541678044
2854,1.842,0.049449257491002534
2855,1.8439999999999999,0.04944925677052038
2856,1.8459999999999996,0.04944925939711771
2857,1.8480000000000003,0.04944926538473178
2858,1.85,0.04944927474435098
2859,1.8519999999999999,0.049449287484014816
2860,1.8539999999999996,0.04944930360881392
2861,1.8560000000000003,0.049449323120890065
2862,1.858,0.049449346019436125
2863,1.8599999999999999,0.04944937230069611
2864,1.8619999999999997,0.04944940195796516
2865,1.8640000000000003,0.049449434981589546
2866,1.866,0.04944947135896664
2867,1.8679999999999999,0.04944951107454496
2868,1.8699999999999997,0.04944955410982415
2869,1.8720000000000003,0.049449600443354974
2870,1.874,0.04944965005073931
2871,1.876,0.04944970290463019
2872,1.8779999999999997,0.04944975897473174
2873,1.8800000000000003,0.04944981822779923
2874,1.8820000000000001,0.04944988062763906
2875,1.884,0.04944994613510873
2876,1.8859999999999997,0.0494500147081169
2877,1.8880000000000003,0.04945008630162333
2878,1.8900000000000001,0.049450160867638905
2879,1.892,0.04945023835522566
2880,1.8939999999999997,0.049450318710496724
2881,1.8960000000000004,0.04945040187661638
2882,1.8980000000000001,0.04945048779380001
2883,1.9,0.049450576399314154
2884,1.9019999999999997,0.049450667627476436
2885,1.9040000000000004,0.04945076140965564
2886,1.9060000000000001,0.04945085767427166
2887,1.908,0.04945095634679552
2888,1.9099999999999997,0.04945105734974937
2889,1.9120000000000004,0.049451160602706476
2890,1.9140000000000001,0.04945126602229124
2891,1.916,0.04945137352217919
2892,1.9179999999999997,0.04945148301309698
2893,1.9200000000000004,0.049451594402822374
2894,1.9220000000000002,0.04945170759618427
2895,1.924,0.04945182249506272
2896,1.9259999999999997,0.04945193899838885
2897,1.9280000000000004,0.049452057002144945
2898,1.9300000000000002,0.04945217639936441
2899,1.932,0.049452297080131775
2900,1.9339999999999997,0.04945241893158269
2901,1.9360000000000004,0.049452541837903936
2902,1.9380000000000002,0.049452665680333414
2903,1.94,0.04945279033716016
2904,1.9419999999999997,0.04945291568372432
2905,1.9440000000000004,0.04945304159241719
2906,1.9460000000000002,0.04945316793268116
2907,1.948,0.04945329457100978
2908,1.9499999999999997,0.049453421370947694
2909,1.9520000000000004,0.04945354819309069
2910,1.9540000000000002,0.049453674895085675
2911,1.956,0.04945380133163068
2912,1.9579999999999997,0.049453927354474875
2913,1.9600000000000004,0.049454052812418534
2914,1.9620000000000002,0.049454177551313074
2915,1.964,0.04945430141406103
2916,1.9659999999999997,0.04945442424061606
2917,1.9680000000000004,0.04945454586798295
2918,1.9700000000000002,0.049454666130217616
2919,1.972,0.0494547848584271
2920,1.9739999999999998,0.04945490188076956
2921,1.9760000000000004,0.04945501702245428
2922,1.9780000000000002,0.04945513010574168
2923,1.98,0.049455240949943295
2924,1.9819999999999998,0.049455349371421806
2925,1.9840000000000004,0.049455455183590985
2926,1.9860000000000002,0.04945555819691575
2927,1.988,0.04945565821891215
2928,1.9899999999999998,0.04945575505414736
2929,1.9920000000000004,0.049455848504239654
2930,1.9940000000000002,0.04945593836785846
2931,1.996,0.04945602444072431
2932,1.9979999999999998,0.049456106515608896
2933,2.0000000000000004,0.049456184382335
2934,2.0020000000000002,0.04945625782777653
2935,2.004,0.04945632663585855
2936,2.006,0.04945639058755722
2937,2.0080000000000005,0.049456449460899846
2938,2.0100000000000002,0.04945650303096484
2939,2.012,0.049456551069881755
2940,2.014,0.04945659334683126
2941,2.0160000000000005,0.04945662962804516
2942,2.0180000000000002,0.04945665967680637
2943,2.02,0.049456683253448944
2944,2.022,0.04945670011535805
2945,2.0239999999999996,0.04945671001697
2946,2.0260000000000002,0.04945671270977221
2947,2.028,0.049456707942303245
2948,2.03,0.049456695460152765
2949,2.0319999999999996,0.04945667500596158
2950,2.0340000000000003,0.049456646319421614
2951,2.036,0.049456609137275925
2952,2.038,0.04945656319331869
2953,2.0399999999999996,0.04945650821839521
2954,2.0420000000000003,0.04945644394040191
2955,2.044,0.04945637008428636
2956,2.046,0.049456286372047235
2957,2.0479999999999996,0.049456197503548065
2958,2.0500000000000003,0.04945611059813166
2959,2.052,0.04945602567778035
2960,2.054,0.04945594270378431
2961,2.0559999999999996,0.04945586163780388
2962,2.0580000000000003,0.049455782441869635
2963,2.06,0.049455705078382296
2964,2.062,0.049455629510112814
2965,2.0639999999999996,0.049455555700202304
2966,2.0660000000000003,0.04945548361216211
2967,2.068,0.049455413209873726
2968,2.07,0.04945534445758889
2969,2.0719999999999996,0.04945527731992948
2970,2.0740000000000003,0.049455211761887614
2971,2.076,0.04945514774882557
2972,2.078,0.04945508524647584
2973,2.0799999999999996,0.049455024220941106
2974,2.0820000000000003,0.04945496463869423
2975,2.084,0.04945490646657828
2976,2.086,0.04945484967180652
2977,2.0879999999999996,0.0494547942219624
2978,2.0900000000000003,0.049454740084999574
2979,2.092,0.049454687229241866
2980,2.094,0.049454635623383314
2981,2.0959999999999996,0.04945458523648815
2982,2.0980000000000003,0.04945453603799079
2983,2.1,0.04945448799769585
2984,2.102,0.04945444108577813
2985,2.1039999999999996,0.049454395272782635
2986,2.1060000000000003,0.04945435052962456
2987,2.108,0.0494543068275893
2988,2.11,0.04945426413833242
2989,2.1119999999999997,0.0494542224338797
2990,2.1140000000000003,0.049454181686627116
2991,2.116,0.04945414186934082
2992,2.118,0.049454102955157175
2993,2.1199999999999997,0.049454064917582724
2994,2.1220000000000003,0.049454027730494204
2995,2.124,0.049453991368138564
