,_dynamic_x,_dynamic_y,_fixed_x,_fixed_y
0,-3.866,0.23655219882064468,-3.866,0.0
1,-3.8640000000000003,0.23045717877104513,-3.8640000000000003,-0.006095026060913191
2,-3.862,0.2245039247104213,-3.862,-0.012048320955281798
3,-3.8600000000000003,0.21868917820110462,-3.8600000000000003,-0.017863174650266083
4,-3.858,0.21300975412259068,-3.858,-0.023542800438915212
5,-3.8560000000000003,0.20746253412193377,-3.8560000000000003,-0.029090341724597846
6,-3.854,0.20204446683688498,-3.854,-0.03450887202100213
7,-3.8520000000000003,0.19675256810779612,-3.8520000000000003,-0.039801394952135694
8,-3.85,0.19158392117872913,-3.85,-0.04497084425232569
9,-3.8480000000000003,0.1865356606355597,-3.8480000000000003,-0.05002009998414763
10,-3.846,0.18160491240659604,-3.846,-0.05495204856181847
11,-3.8440000000000003,0.17678899632970624,-3.8440000000000003,-0.05976938079582139
12,-3.842,0.17208530655592902,-3.842,-0.06447471145156523
13,-3.8400000000000003,0.16749128423759416,-3.8400000000000003,-0.06907060663915467
14,-3.838,0.16300441765270646,-3.838,-0.07355958381339016
15,-3.8360000000000003,0.15862224232316813,-3.8360000000000003,-0.07794411177376805
16,-3.834,0.15434234112706705,-3.834,-0.08222661066448049
17,-3.8320000000000003,0.15016234440525136,-3.8320000000000003,-0.08640945197441546
18,-3.83,0.14607993006240735,-3.83,-0.09049495853715674
19,-3.8280000000000003,0.14209282366285142,-3.8280000000000003,-0.09448540453098399
20,-3.826,0.13819879852124226,-3.826,-0.09838301547887265
21,-3.8240000000000003,0.1343956757884148,-3.8240000000000003,-0.10218996824849408
22,-3.822,0.13068132453253156,-3.822,-0.10590839105221528
23,-3.8200000000000003,0.12705366181574237,-3.8200000000000003,-0.10954036344709935
24,-3.818,0.12351065276653897,-3.818,-0.11308791633490495
25,-3.8160000000000003,0.12005031064798435,-3.8160000000000003,-0.11655303196208676
26,-3.814,0.11667066364369202,-3.814,-0.11993767705400822
27,-3.8120000000000003,0.11336964406681894,-3.8120000000000003,-0.12324391317989399
28,-3.81,0.11014548029341009,-3.81,-0.12647350660062215
29,-3.8080000000000003,0.10699647533114051,-3.8080000000000003,-0.12962814882439105
30,-3.806,0.10392095859844913,-3.806,-0.13270950465696282
31,-3.8040000000000003,0.10091728595848282,-3.8040000000000003,-0.1357192122016634
32,-3.802,0.09798383975125136,-3.802,-0.13865888285938247
33,-3.8000000000000003,0.09511902882405532,-3.8000000000000003,-0.14153010132857347
34,-3.798,0.09232128856024827,-3.798,-0.14433442560525364
35,-3.7960000000000003,0.08958908090639328,-3.7960000000000003,-0.147073386983004
36,-3.794,0.08692089439787234,-3.794,-0.1497484900529693
37,-3.7920000000000003,0.08431524418300693,-3.7920000000000003,-0.1523612127038581
38,-3.79,0.0817706720457454,-3.79,-0.15491300612194273
39,-3.7880000000000003,0.0792857464269735,-3.7880000000000003,-0.15740529479105925
40,-3.786,0.07685906244450144,-3.786,-0.15983947649260755
41,-3.7840000000000003,0.0744892419117805,-3.7840000000000003,-0.1622169223055513
42,-3.782,0.07217493335540165,-3.782,-0.1645389766064178
43,-3.7800000000000002,0.06991481203142613,-3.7800000000000002,-0.1668069570692983
44,-3.778,0.06770757994059781,-3.778,-0.1690221546658478
45,-3.7760000000000002,0.0655519658424854,-3.7760000000000002,-0.17118583366528495
46,-3.774,0.06344672526860204,-3.774,-0.17329923163439226
47,-3.7720000000000002,0.06139064053454754,-3.7720000000000002,-0.17536355943751603
48,-3.77,0.05938252075121897,-3.77,-0.17738000123656622
49,-3.7680000000000002,0.057421201835131885,-3.7680000000000002,-0.17934971449101678
50,-3.766,0.055505546517896714,-3.766,-0.1812738299579052
51,-3.7640000000000002,0.05363436377717343,-3.7640000000000002,-0.1831535319399782
52,-3.762,0.051806471982496216,-3.762,-0.18498999559774815
53,-3.7600000000000002,0.05002096080527152,-3.7600000000000002,-0.1867841261101362
54,-3.758,0.04827693997269816,-3.758,-0.1885368087335344
55,-3.7560000000000002,0.04657353053740276,-3.7560000000000002,-0.1902489174948068
56,-3.754,0.044909864878750844,-3.754,-0.19192131519128977
57,-3.7520000000000002,0.04328508670397521,-3.7520000000000002,-0.1935548533907918
58,-3.75,0.04169835104912742,-3.75,-0.19515037243159353
59,-3.748,0.04014882427985969,-3.748,-0.1967087014224479
60,-3.746,0.03863568409204238,-3.746,-0.19823065824257985
61,-3.744,0.037158119512223864,-3.744,-0.19971704954168662
62,-3.742,0.035715330897939185,-3.742,-0.2011686707399376
63,-3.74,0.03430652993787234,-3.74,-0.20258630602797437
64,-3.738,0.032930939651879765,-3.738,-0.20397072836691074
65,-3.736,0.03158779439087919,-3.736,-0.20532269948833248
66,-3.734,0.030276339836610683,-3.734,-0.20664296989429773
67,-3.732,0.028995833001275173,-3.732,-0.2079322788573369
68,-3.73,0.027745542227055914,-3.73,-0.20919135442045222
69,-3.728,0.026524747185528413,-3.728,-0.21042091339711858
70,-3.726,0.02533273887696441,-3.726,-0.2116216613712826
71,-3.724,0.024168819629534627,-3.724,-0.21279429269736336
72,-3.722,0.023032303098416057,-3.722,-0.21393949050025196
73,-3.72,0.021922514264808818,-3.72,-0.2150579266753118
74,-3.718,0.020838789434866944,-3.718,-0.21615026188837835
75,-3.716,0.019780476238548728,-3.716,-0.21721714557575936
76,-3.714,0.018746933628391416,-3.714,-0.2182592159442347
77,-3.712,0.01773753187821417,-3.712,-0.21927709997105646
78,-3.71,0.01675165258175501,-3.71,-0.2202714134039488
79,-3.708,0.01578868865124572,-3.708,-0.22124276076110816
80,-3.706,0.014848044315928899,-3.706,-0.22219173533120318
81,-3.704,0.013929135120522268,-3.704,-0.2231189191733745
82,-3.702,0.013031387923633675,-3.702,-0.22402488311723517
83,-3.7,0.012154234143759907,-3.7,-0.2249101935387262
84,-3.698,0.011297075068195106,-3.698,-0.2257754476482584
85,-3.696,0.010459491443585017,-3.696,-0.22662106371892127
86,-3.694,0.009641112223648662,-3.694,-0.22744741184896122
87,-3.692,0.008841569527115178,-3.692,-0.22825485902740583
88,-3.69,0.008060498635623276,-3.69,-0.22904376913406407
89,-3.688,0.00729753799166688,-3.688,-0.2298145029395259
90,-3.686,0.0065523291965867425,-3.686,-0.23056741810516246
91,-3.684,0.005824517008606256,-3.684,-0.2313028691831261
92,-3.682,0.005113749340911605,-3.682,-0.23202120761635034
93,-3.68,0.00441967725977363,-3.68,-0.23272278173854974
94,-3.678,0.003741954982711654,-3.678,-0.23340793677422025
95,-3.676,0.0030802398766980876,-3.676,-0.2340770148386389
96,-3.674,0.002434192456401668,-3.674,-0.23473035493786384
97,-3.672,0.0018034763824702205,-3.672,-0.23536829296873438
98,-3.67,0.0011877584598502244,-3.67,-0.23599116171887108
99,-3.668,0.0005867086361436569,-3.668,-0.23659929086667555
100,-3.666,0.0,-3.666,-0.2371930069813308
101,-3.664,-0.0005726912204568335,-3.664,-0.23777263352280073
102,-3.662,-0.0011316856591672975,-3.662,-0.23833849084183056
103,-3.66,-0.0016773008136426737,-3.66,-0.23889089617994666
104,-3.658,-0.002209851046439004,-3.658,-0.23943016366945666
105,-3.656,-0.002729647586599826,-3.656,-0.2399566043334491
106,-3.654,-0.00323699853106843,-3.654,-0.24047052608579392
107,-3.652,-0.00373220884607095,-3.652,-0.24097223373114218
108,-3.65,-0.004215580368470029,-3.65,-0.24146202896492613
109,-3.648,-0.004687411807091119,-3.648,-0.24194021037335905
110,-3.646,-0.0051479987440212205,-3.646,-0.24240707343343557
111,-3.644,-0.0055976336358811996,-3.644,-0.24286291051293132
112,-3.642,-0.006036605815072954,-3.642,-0.2433080108704033
113,-3.64,-0.006465201491000716,-3.64,-0.24374266065518954
114,-3.638,-0.00688370375126926,-3.638,-0.24416714290740918
115,-3.636,-0.007292392562857797,-3.636,-0.24458173755796275
116,-3.634,-0.0076915447732712194,-3.634,-0.24498672142853165
117,-3.632,-0.00808143411166981,-3.632,-0.24538236823157877
118,-3.63,-0.008462331189976607,-3.63,-0.24576894857034792
119,-3.628,-0.00883450350396478,-3.628,-0.24614672993886422
120,-3.6260000000000003,-0.009198215434324336,-3.6260000000000003,-0.24651597672193387
121,-3.624,-0.009553728247709392,-3.624,-0.24687695019514433
122,-3.622,-0.009901300097766713,-3.622,-0.24722990852486412
123,-3.62,-0.010241186026145793,-3.62,-0.24757510676824301
124,-3.6180000000000003,-0.01057363294842184,-3.6180000000000003,-0.24791279205418562
125,-3.616,-0.010898801684912113,-3.616,-0.248243127064306
126,-3.614,-0.011216799864173926,-3.614,-0.24856622044799048
127,-3.612,-0.011527736546334127,-3.612,-0.2488821819693172
128,-3.6100000000000003,-0.011831720755594105,-3.6100000000000003,-0.24919112135916235
129,-3.608,-0.012128861480867142,-3.608,-0.24949314831520006
130,-3.606,-0.012419267676399476,-3.606,-0.24978837250190244
131,-3.604,-0.01270304826237581,-3.604,-0.25007690355053963
132,-3.6020000000000003,-0.012980312125508903,-3.6020000000000003,-0.2503588510591795
133,-3.6,-0.013251168119613993,-3.6,-0.2506343245926882
134,-3.598,-0.013515725066168743,-3.598,-0.25090343368272966
135,-3.596,-0.013774091754857581,-3.596,-0.25116628782776584
136,-3.5940000000000003,-0.014026376944102331,-3.5940000000000003,-0.2514229964930567
137,-3.592,-0.014272689361578966,-3.592,-0.2516736691106601
138,-3.59,-0.01451313770471982,-3.59,-0.2519184150794319
139,-3.588,-0.014747830641202525,-3.588,-0.2521573437650259
140,-3.5860000000000003,-0.014976876809426748,-3.5860000000000003,-0.252390564499894
141,-3.584,-0.015200384818976537,-3.584,-0.2526181865832859
142,-3.582,-0.015418463251070963,-3.582,-0.25284031928124934
143,-3.58,-0.015631220659002437,-3.58,-0.25305707182663
144,-3.5780000000000003,-0.015838765568562535,-3.5780000000000003,-0.2532685534190717
145,-3.576,-0.016041206478456888,-3.576,-0.25347487322501594
146,-3.5740000000000003,-0.016238651860707803,-3.5740000000000003,-0.2536761403777024
147,-3.572,-0.0164312101610464,-3.572,-0.2538724639771687
148,-3.5700000000000003,-0.01661898979929352,-3.5700000000000003,-0.25406395309025037
149,-3.568,-0.016802099169730383,-3.568,-0.254250716750581
150,-3.5660000000000003,-0.016980646641459013,-3.5660000000000003,-0.25443286395859194
151,-3.564,-0.01715474055875235,-3.564,-0.2546105036815129
152,-3.5620000000000003,-0.017324489241395152,-3.5620000000000003,-0.25478374485337113
153,-3.56,-0.01749000098501516,-3.56,-0.254952696374992
154,-3.5580000000000003,-0.0176513840614059,-3.5580000000000003,-0.2551174671139991
155,-3.556,-0.01780874671883967,-3.556,-0.25527816590481367
156,-3.5540000000000003,-0.017962197182372602,-3.5540000000000003,-0.25543490154865495
157,-3.552,-0.018111843654142284,-3.552,-0.25558778281354044
158,-3.5500000000000003,-0.018257794313655845,-3.5500000000000003,-0.2557369184342852
159,-3.548,-0.01840015731807207,-3.548,-0.2558824171125026
160,-3.5460000000000003,-0.01853904080247501,-3.5460000000000003,-0.2560243875166038
161,-3.544,-0.018674552880141443,-3.544,-0.25616293828179787
162,-3.5420000000000003,-0.01880680164280088,-3.5420000000000003,-0.2562981780100921
163,-3.54,-0.018935895160890143,-3.54,-0.2564302152702915
164,-3.5380000000000003,-0.019061941483800388,-3.5380000000000003,-0.25655915859799927
165,-3.536,-0.019185048640119745,-3.536,-0.2566851164956163
166,-3.5340000000000003,-0.01930532463786952,-3.5340000000000003,-0.2568081974323418
167,-3.532,-0.019422877464735283,-3.532,-0.25692850984417254
168,-3.5300000000000002,-0.019537815088293192,-3.5300000000000002,-0.2570461621339037
169,-3.528,-0.019650245456231702,-3.528,-0.2571612626711281
170,-3.5260000000000002,-0.019760276496568224,-3.5260000000000002,-0.2572739197922366
171,-3.524,-0.01986801611786279,-3.524,-0.2573842418004182
172,-3.5220000000000002,-0.019973572209426887,-3.5220000000000002,-0.25749233696565965
173,-3.52,-0.02007705264152934,-3.52,-0.2575983135247458
174,-3.5180000000000002,-0.020178565265598997,-3.5180000000000002,-0.2577022796812594
175,-3.516,-0.02027821414791578,-3.516,-0.2578043398956179
176,-3.5140000000000002,-0.020375967622179386,-3.5140000000000002,-0.257904464622461
177,-3.512,-0.020471792122531612,-3.512,-0.25800262164450494
178,-3.5100000000000002,-0.020565699181797042,-3.5100000000000002,-0.25809882304211534
179,-3.508,-0.02065770091284999,-3.508,-0.2581930814712265
180,-3.5060000000000002,-0.020747810008669404,-3.5060000000000002,-0.2582854101633415
181,-3.504,-0.02083603974239337,-3.504,-0.2583758229255319
182,-3.5020000000000002,-0.020922403967373077,-3.5020000000000002,-0.2584643341404379
183,-3.5,-0.021006917117225715,-3.5,-0.2585509587662686
184,-3.498,-0.02108959420588738,-3.498,-0.2586357123368014
185,-3.496,-0.02117045082766497,-3.496,-0.25871861096138254
186,-3.494,-0.021249503157287103,-3.494,-0.25879967132492704
187,-3.492,-0.02132676794995511,-3.492,-0.2588789106879183
188,-3.49,-0.021402262541392186,-3.49,-0.25895634688640834
189,-3.488,-0.021476004847893165,-3.488,-0.2590319983320181
190,-3.486,-0.021548013366371938,-3.486,-0.25910588401193707
191,-3.484,-0.021618307174409795,-3.484,-0.25917802348892327
192,-3.482,-0.021686905930301398,-3.482,-0.25924843690130345
193,-3.48,-0.021753829873101233,-3.48,-0.2593171449629729
194,-3.478,-0.021819099822668192,-3.478,-0.2593841689633959
195,-3.476,-0.02188273717971026,-3.476,-0.25944953076760485
196,-3.474,-0.021944763925827643,-3.474,-0.25951325281620125
197,-3.472,-0.022005202623555736,-3.472,-0.259575358125355
198,-3.47,-0.022064076416406314,-3.47,-0.25963587028680474
199,-3.468,-0.02212140902890894,-3.468,-0.25969481346785767
200,-3.466,-0.022177224766650988,-3.466,-0.25975221241138974
201,-3.464,-0.02223154851631684,-3.464,-0.25980809243584563
202,-3.462,-0.02228440574572607,-3.462,-0.25986247943523827
203,-3.46,-0.022335822503871422,-3.46,-0.25991539987914974
204,-3.458,-0.022385825420955435,-3.458,-0.25996688081273045
205,-3.456,-0.022434441708425984,-3.456,-0.2600169498566996
206,-3.454,-0.02248169915901202,-3.454,-0.2600656352073449
207,-3.452,-0.02252762614675749,-3.452,-0.26011296563652275
208,-3.45,-0.022572251627055034,-3.45,-0.2601589704916583
209,-3.448,-0.022615605136678568,-3.448,-0.2602036796957453
210,-3.446,-0.022657716793815313,-3.446,-0.26024712374734604
211,-3.444,-0.022698617298097162,-3.444,-0.26028933372059165
212,-3.442,-0.02273833793063071,-3.442,-0.2603303412651817
213,-3.44,-0.02277691055402767,-3.44,-0.2603701786063845
214,-3.438,-0.022814367612433467,-3.438,-0.2604088785450371
215,-3.436,-0.02285074213155583,-3.436,-0.260446474457545
216,-3.434,-0.022886067718692366,-3.434,-0.2604830002958825
217,-3.432,-0.02292037856275761,-3.432,-0.2605184905875925
218,-3.43,-0.022953709434309938,-3.43,-0.26055298043578656
219,-3.428,-0.022986095685577107,-3.428,-0.26058650551914475
220,-3.426,-0.02301757325048162,-3.426,-0.2606191020919161
221,-3.424,-0.023048178644665768,-3.424,-0.2606508069839179
222,-3.422,-0.023077948965515876,-3.422,-0.26068165760053646
223,-3.42,-0.02310692189218619,-3.42,-0.2607116919227264
224,-3.418,-0.023135135685622227,-3.418,-0.2607409485070112
225,-3.416,-0.023162629188584444,-3.416,-0.26076946648548294
226,-3.414,-0.023189441825670037,-3.414,-0.26079728556580234
227,-3.412,-0.02321561360333632,-3.412,-0.26082444603119875
228,-3.41,-0.023241185109922152,-3.41,-0.26085098874047014
229,-3.408,-0.023266197515670467,-3.408,-0.26087695512798326
230,-3.406,-0.023290692572749433,-3.406,-0.2609023872036733
231,-3.404,-0.02331471261527443,-3.404,-0.26092732755304426
232,-3.402,-0.023338300559329644,-3.402,-0.26095181933716877
233,-3.4,-0.023361499902989052,-3.4,-0.2609759062926879
234,-3.398,-0.02338435472633857,-3.398,-0.26099963273181176
235,-3.396,-0.023406909691496752,-3.396,-0.26102304354231876
236,-3.394,-0.023429210042637177,-3.394,-0.26104618418755604
237,-3.392,-0.023451301606009695,-3.392,-0.2610691007064395
238,-3.39,-0.023473230789962635,-3.39,-0.2610918397134536
239,-3.388,-0.023495044584964903,-3.388,-0.2611144483986515
240,-3.386,-0.023516790563628792,-3.386,-0.2611369745276548
241,-3.3840000000000003,-0.02353844179264339,-3.3840000000000003,-0.26115939193805415
242,-3.382,-0.02355984731467828,-3.382,-0.2611815511427466
243,-3.38,-0.023580991504465548,-3.38,-0.26120343669960844
244,-3.378,-0.023601864967676328,-3.378,-0.26122503934736657
245,-3.3760000000000003,-0.023622458694525256,-3.3760000000000003,-0.2612463502089888
246,-3.374,-0.023642764059765148,-3.374,-0.2612673607916838
247,-3.372,-0.023662772822681116,-3.372,-0.26128806298690105
248,-3.37,-0.02368247712708585,-3.37,-0.261308449070331
249,-3.3680000000000003,-0.02370186950131467,-3.3680000000000003,-0.2613285117019051
250,-3.366,-0.023720942858220545,-3.366,-0.2613482439257954
251,-3.364,-0.023739690495170745,-3.364,-0.2613676391704151
252,-3.362,-0.02375810609404208,-3.362,-0.2613866912484181
253,-3.3600000000000003,-0.02377618372121762,-3.3600000000000003,-0.2614053943566994
254,-3.358,-0.02379391782758286,-3.358,-0.26142374307639465
255,-3.356,-0.023811303248523014,-3.356,-0.26144173237288054
256,-3.354,-0.02382833520391972,-3.354,-0.2614593575957746
257,-3.3520000000000003,-0.023845009298148118,-3.3520000000000003,-0.2614766144789352
258,-3.35,-0.02386132152007467,-3.35,-0.2614934991404617
259,-3.348,-0.0238772682430545,-3.348,-0.26151000808269437
260,-3.346,-0.02389284622492946,-3.346,-0.26152613819221404
261,-3.3440000000000003,-0.02390805260802628,-3.3440000000000003,-0.2615418867398429
262,-3.342,-0.02392288491915437,-3.342,-0.26155725138064384
263,-3.34,-0.023937341069604406,-3.34,-0.26157223015392045
264,-3.338,-0.02395141935514719,-3.338,-0.2615868214832174
265,-3.3360000000000003,-0.02396511845603197,-3.3360000000000003,-0.2616010241763202
266,-3.334,-0.023978437436985328,-3.334,-0.26161483742525526
267,-3.332,-0.02399137574721058,-3.332,-0.2616282608062899
268,-3.33,-0.02400393322038638,-3.33,-0.2616412942799323
269,-3.3280000000000003,-0.024016110074666336,-3.3280000000000003,-0.26165393819093147
270,-3.326,-0.024027906912678282,-3.326,-0.2616661932682774
271,-3.324,-0.024039324721523786,-3.324,-0.2616780606252009
272,-3.322,-0.024050364872777813,-3.322,-0.26168954175917375
273,-3.3200000000000003,-0.02406102912248828,-3.3200000000000003,-0.26170063855190845
274,-3.318,-0.024071319611176117,-3.318,-0.26171135326935857
275,-3.316,-0.024081238863834925,-3.316,-0.2617216885617185
276,-3.314,-0.024090789789930983,-3.314,-0.2617316474634235
277,-3.3120000000000003,-0.024099975683403635,-3.3120000000000003,-0.26174123339314975
278,-3.31,-0.02410880022266479,-3.31,-0.2617504501538142
279,-3.308,-0.024117267470599862,-3.308,-0.2617593019325749
280,-3.306,-0.024125381874567392,-3.306,-0.2617677933008306
281,-3.3040000000000003,-0.024133148266399812,-3.3040000000000003,-0.26177592921422105
282,-3.302,-0.024140571862403676,-3.302,-0.2617837150126268
283,-3.3,-0.024147658263360045,-3.3,-0.2617911564201693
284,-3.298,-0.024154413454525042,-3.298,-0.2617982595452111
285,-3.2960000000000003,-0.02416084380563041,-3.2960000000000003,-0.26180503088035517
286,-3.294,-0.024166956070884066,-3.294,-0.2618114773024459
287,-3.292,-0.02417275738897043,-3.292,-0.26181760607256815
288,-3.29,-0.024178255283051592,-3.29,-0.2618234248360479
289,-3.2880000000000003,-0.024183457660767543,-3.2880000000000003,-0.2618289416224519
290,-3.286,-0.024188372814237274,-3.286,-0.26183416484558797
291,-3.2840000000000003,-0.024193009420058836,-3.2840000000000003,-0.2618391033035046
292,-3.282,-0.02419737653931084,-3.282,-0.26184376617849114
293,-3.2800000000000002,-0.024201483617552894,-3.2800000000000002,-0.26184816303707814
294,-3.278,-0.024205340484826116,-3.278,-0.2618523038300367
295,-3.2760000000000002,-0.02420895735565451,-3.2760000000000002,-0.261856198892379
296,-3.274,-0.024212344829045412,-3.274,-0.261859858943358
297,-3.2720000000000002,-0.024215513888490275,-3.2720000000000002,-0.2618632950864676
298,-3.27,-0.024218475901965936,-3.27,-0.2618665188094427
299,-3.2680000000000002,-0.024221242621934952,-3.2680000000000002,-0.2618695419842589
300,-3.266,-0.02422382618534677,-3.266,-0.26187237686713266
301,-3.2640000000000002,-0.024226239113638665,-3.2640000000000002,-0.26187503609852153
302,-3.262,-0.0242284943127363,-3.262,-0.2618775327031237
303,-3.2600000000000002,-0.024230605073055272,-3.2600000000000002,-0.2618798800898786
304,-3.258,-0.024232585069501184,-3.258,-0.2618820920519662
305,-3.2560000000000002,-0.02423444836147129,-3.2560000000000002,-0.2618841827668076
306,-3.254,-0.024236209392855063,-3.254,-0.2618861667960645
307,-3.2520000000000002,-0.024237882992035192,-3.2520000000000002,-0.2618880590856398
308,-3.25,-0.024239484371888748,-3.25,-0.26188987496567706
309,-3.248,-0.024241029129787844,-3.248,-0.26189163015056094
310,-3.246,-0.024242533247600867,-3.246,-0.2618933407389168
311,-3.244,-0.02424401309169341,-3.244,-0.26189502321361097
312,-3.242,-0.024245485412929174,-3.242,-0.26189669444175057
313,-3.24,-0.024246967346671394,-3.24,-0.2618983716746837
314,-3.238,-0.02424847641278341,-3.238,-0.26190007254799946
315,-3.236,-0.0242500305156301,-3.236,-0.2619018150815276
316,-3.234,-0.02425164794407883,-3.234,-0.2619036176793389
317,-3.232,-0.024253347371500894,-3.232,-0.261905499129745
318,-3.23,-0.02425514785577207,-3.23,-0.26190747860529834
319,-3.228,-0.024257068839274504,-3.228,-0.2619095756627925
320,-3.226,-0.024259130148897773,-3.226,-0.2619118102432616
321,-3.224,-0.024261351996039654,-3.224,-0.2619142026719809
322,-3.222,-0.024263754976608293,-3.222,-0.2619167736584665
323,-3.22,-0.024266360071023035,-3.22,-0.2619195442964753
324,-3.218,-0.02426918864421604,-3.218,-0.2619225360640051
325,-3.216,-0.024272262445633713,-3.216,-0.26192577082329477
326,-3.214,-0.024275603609238333,-3.214,-0.2619292708208238
327,-3.212,-0.024279232020749247,-3.212,-0.2619330560541377
328,-3.21,-0.0242830026820888,-3.21,-0.26193698158601436
329,-3.208,-0.024286817187248594,-3.208,-0.2619409490038064
330,-3.206,-0.0242906690082155,-3.206,-0.2619449517738756
331,-3.204,-0.024294551761719102,-3.204,-0.26194898350783674
332,-3.202,-0.024298459209230544,-3.202,-0.2619530379625576
333,-3.2,-0.024302385256962183,-3.2,-0.26195710904015934
334,-3.198,-0.024306323955865988,-3.198,-0.2619611907880159
335,-3.196,-0.02431026950163337,-3.196,-0.26196527739875447
336,-3.194,-0.024314216234693847,-3.194,-0.2619693632102552
337,-3.192,-0.024318158640214887,-3.192,-0.26197344270565137
338,-3.19,-0.024322091348100566,-3.19,-0.26197751051332935
339,-3.188,-0.02432600913299124,-3.188,-0.2619815614069287
340,-3.186,-0.024329906914262595,-3.186,-0.26198559030534174
341,-3.184,-0.02433377975602527,-3.184,-0.26198959227271423
342,-3.182,-0.024337622867123904,-3.182,-0.2619935625184448
343,-3.18,-0.024341431601136693,-3.18,-0.2619974963971852
344,-3.178,-0.024345201456374616,-3.178,-0.2620013894088403
345,-3.176,-0.024348928075881265,-3.176,-0.26200523719856805
346,-3.174,-0.024352607247431796,-3.174,-0.2620090355567794
347,-3.172,-0.024356234903532642,-3.172,-0.2620127804191385
348,-3.17,-0.024359807121421023,-3.17,-0.2620164678665624
349,-3.168,-0.02436332012306433,-3.168,-0.2620200941252215
350,-3.166,-0.024366770275159738,-3.166,-0.2620236555665389
351,-3.164,-0.02437015408913365,-3.164,-0.2620271487071912
352,-3.162,-0.024373468221141475,-3.162,-0.2620305702091078
353,-3.16,-0.024376709472067132,-3.16,-0.26203391687947125
354,-3.1580000000000004,-0.02437987478752232,-3.1580000000000004,-0.2620371856707172
355,-3.156,-0.02438296125784664,-3.156,-0.26204037368053434
356,-3.154,-0.024385966118106922,-3.154,-0.2620434781518646
357,-3.152,-0.024388886748097166,-3.152,-0.2620464964729027
358,-3.1500000000000004,-0.02439172067233772,-3.1500000000000004,-0.2620494261770966
359,-3.148,-0.024394465560075435,-3.148,-0.26205226494314743
360,-3.146,-0.024397119225283176,-3.146,-0.26205501059500924
361,-3.144,-0.02439967962665965,-3.144,-0.26205766110188927
362,-3.1420000000000003,-0.0244021448676289,-3.1420000000000003,-0.26206021457824774
363,-3.14,-0.02440451319634032,-3.14,-0.26206266928379807
364,-3.138,-0.02440678300566826,-3.138,-0.26206502362350664
365,-3.136,-0.02440895283321201,-3.136,-0.262067276147593
366,-3.1340000000000003,-0.02441102136129511,-3.1340000000000003,-0.2620694255515297
367,-3.132,-0.02441298741696582,-3.132,-0.2620714706760424
368,-3.13,-0.024414849971996527,-3.13,-0.26207341050710997
369,-3.128,-0.024416608142883517,-3.128,-0.2620752441759641
370,-3.1260000000000003,-0.024418261190846974,-3.1260000000000003,-0.2620769709590897
371,-3.124,-0.024419808521830982,-3.124,-0.26207859027822494
372,-3.122,-0.024421249686503027,-3.122,-0.2620801017003607
373,-3.12,-0.02442258438025416,-3.12,-0.26208150493774124
374,-3.1180000000000003,-0.024423812443198772,-3.1180000000000003,-0.2620827998478637
375,-3.116,-0.024424933860174386,-3.116,-0.26208398643347847
376,-3.114,-0.024425948760742028,-3.114,-0.26208506484258887
377,-3.112,-0.024426857419185294,-3.112,-0.2620860353684514
378,-3.1100000000000003,-0.02442766025451118,-3.1100000000000003,-0.2620868984495756
379,-3.108,-0.024428357830449526,-3.108,-0.26208765466972406
380,-3.106,-0.024428950855452908,-3.106,-0.26208830475791256
381,-3.104,-0.024429440182696854,-3.104,-0.2620888495884099
382,-3.1020000000000003,-0.02442982681007963,-3.1020000000000003,-0.2620892901807378
383,-3.1,-0.024430111880222344,-3.1,-0.2620896276996713
384,-3.098,-0.02443029668046867,-3.098,-0.2620898634552385
385,-3.096,-0.02443038264288508,-3.096,-0.2620899989027204
386,-3.0940000000000003,-0.024430371344260765,-3.0940000000000003,-0.26209003564265115
387,-3.092,-0.024430264506107496,-3.092,-0.2620899754208181
388,-3.09,-0.02443006399465983,-3.09,-0.26208982012826154
389,-3.088,-0.02442977182087494,-3.088,-0.26208957180127496
390,-3.0860000000000003,-0.024429390140432744,-3.0860000000000003,-0.26208923262140477
391,-3.084,-0.02442892125373583,-3.084,-0.26208880491545056
392,-3.082,-0.02442836760590958,-3.082,-0.26208829115546506
393,-3.08,-0.024427731786801993,-3.08,-0.2620876939587539
394,-3.0780000000000003,-0.02442701653098403,-3.0780000000000003,-0.2620870160878761
395,-3.076,-0.02442622471774933,-3.076,-0.2620862604506433
396,-3.074,-0.02442535937111437,-3.074,-0.2620854301001207
397,-3.072,-0.024424423659818534,-3.072,-0.2620845282346262
398,-3.0700000000000003,-0.024423420897324383,-3.0700000000000003,-0.26208355819773094
399,-3.068,-0.024422354541816987,-3.068,-0.2620825234782593
400,-3.066,-0.024421228196204764,-3.066,-0.2620814277102884
401,-3.064,-0.024420045608119084,-3.064,-0.2620802746731487
402,-3.0620000000000003,-0.024418810669914387,-3.0620000000000003,-0.2620790682914236
403,-3.06,-0.024417527418668455,-3.06,-0.26207781263494967
404,-3.058,-0.024416200036182084,-3.058,-0.2620765119188166
405,-3.056,-0.024414832848979523,-3.056,-0.2620751705033669
406,-3.0540000000000003,-0.024413430328308144,-3.0540000000000003,-0.26207379289419647
407,-3.052,-0.024411997090138943,-3.052,-0.2620723837421542
408,-3.05,-0.0244105378951662,-3.05,-0.2620709478433419
409,-3.048,-0.02440905764880766,-3.048,-0.2620694901391147
410,-3.0460000000000003,-0.024407561401204786,-3.0460000000000003,-0.26206801571608057
411,-3.044,-0.024406054347222567,-3.044,-0.26206652980610073
412,-3.042,-0.024404541826449605,-3.042,-0.2620650377862895
413,-3.04,-0.024403029323198294,-3.04,-0.2620635451790141
414,-3.0380000000000003,-0.024401522466504816,-3.0380000000000003,-0.262062057651895
415,-3.036,-0.024400027030128973,-3.036,-0.26206058101780566
416,-3.034,-0.02439854893255486,-3.034,-0.2620591212348727
417,-3.032,-0.02439709423699002,-3.032,-0.2620576844064757
418,-3.0300000000000002,-0.0243956691513664,-3.0300000000000002,-0.26205627678124743
419,-3.028,-0.024394280028339627,-3.028,-0.2620549047530737
420,-3.0260000000000002,-0.02439293336528961,-3.0260000000000002,-0.2620535748610933
421,-3.024,-0.02439163580432016,-3.024,-0.26205229378969835
422,-3.0220000000000002,-0.02439039413225949,-3.0220000000000002,-0.26205106836853376
423,-3.02,-0.02438921528065982,-3.02,-0.2620499055724978
424,-3.0180000000000002,-0.024388106325797437,-3.0180000000000002,-0.26204881252174145
425,-3.016,-0.02438707448867325,-3.016,-0.2620477964816692
426,-3.0140000000000002,-0.024386127135012065,-3.0140000000000002,-0.2620468648629383
427,-3.012,-0.02438527177526309,-3.012,-0.2620460252214593
428,-3.0100000000000002,-0.024384516064599876,-3.0100000000000002,-0.2620452852583956
429,-3.008,-0.024383867802920373,-3.008,-0.26204465282016387
430,-3.0060000000000002,-0.024383334934846485,-3.0060000000000002,-0.2620441358984337
431,-3.004,-0.02438292554972485,-3.004,-0.26204374263012803
432,-3.0020000000000002,-0.02438264788162628,-3.0020000000000002,-0.26204348129742255
433,-3.0,-0.02438251030934588,-3.0,-0.2620433603277463
434,-2.998,-0.02438252135640298,-2.998,-0.2620433882937811
435,-2.996,-0.02438268969104143,-2.996,-0.2620435739134621
436,-2.994,-0.024383024126229252,-2.994,-0.26204392604997756
437,-2.992,-0.024383533619658587,-2.992,-0.2620444537117686
438,-2.99,-0.02438422727374609,-2.99,-0.2620451660525296
439,-2.988,-0.02438511433563237,-2.988,-0.26204607237120786
440,-2.986,-0.024386203936532486,-2.986,-0.2620471818470703
441,-2.984,-0.02438744728485745,-2.984,-0.26204844482895945
442,-2.982,-0.02438879866522639,-2.982,-0.2620498149506684
443,-2.98,-0.02439025201987874,-2.98,-0.26205128618784007
444,-2.978,-0.02439180138597488,-2.978,-0.26205285261054384
445,-2.976,-0.02439344089559567,-2.976,-0.26205450838327515
446,-2.974,-0.024395164775741968,-2.974,-0.2620562477649558
447,-2.972,-0.02439696734833438,-2.972,-0.2620580651089338
448,-2.97,-0.02439884303021264,-2.97,-0.26205995486298356
449,-2.968,-0.02440078633313522,-2.968,-0.2620619115693054
450,-2.966,-0.024402791863779166,-2.966,-0.26206392986452626
451,-2.964,-0.024404854323739816,-2.964,-0.2620660044796991
452,-2.962,-0.024406968509530363,-2.962,-0.2620681302403031
453,-2.96,-0.024409129312581906,-2.96,-0.262070302066244
454,-2.958,-0.02441133171924295,-2.958,-0.2620725149718535
455,-2.956,-0.024413570810779245,-2.956,-0.26207476406588953
456,-2.954,-0.024415841763373775,-2.954,-0.2620770445515365
457,-2.952,-0.024418139848126602,-2.952,-0.26207935172640495
458,-2.95,-0.02442046043105464,-2.95,-0.2620816809825315
459,-2.948,-0.02442279897309166,-2.948,-0.26208402780637935
460,-2.946,-0.02442515103008816,-2.946,-0.2620863877788377
461,-2.944,-0.024427512252811284,-2.944,-0.2620887565752221
462,-2.942,-0.02442987838694491,-2.942,-0.2620911299652744
463,-2.94,-0.024432245273089376,-2.94,-0.26209350381316254
464,-2.938,-0.024434608846761713,-2.938,-0.2620958740774808
465,-2.936,-0.02443696513839569,-2.936,-0.26209823681124983
466,-2.934,-0.024439310273341536,-2.934,-0.26210058816191634
467,-2.932,-0.02444164047186617,-2.932,-0.2621029243713534
468,-2.93,-0.024443952049153256,-2.93,-0.26210524177586025
469,-2.928,-0.024446241415303244,-2.928,-0.2621075368061625
470,-2.926,-0.024448505075333388,-2.926,-0.26210980598741185
471,-2.924,-0.024450739629177737,-2.924,-0.2621120459391864
472,-2.922,-0.02445294177168758,-2.922,-0.2621142533754905
473,-2.92,-0.02445510829263095,-2.92,-0.2621164251047546
474,-2.918,-0.024457236076693173,-2.918,-0.26211855802983547
475,-2.916,-0.02445932210347676,-2.916,-0.26212064914801614
476,-2.914,-0.02446136344750191,-2.914,-0.2621226955510061
477,-2.912,-0.024463357278205783,-2.912,-0.2621246944249407
478,-2.91,-0.02446530085994339,-2.91,-0.2621266430503818
479,-2.908,-0.02446719155198737,-2.908,-0.26212853880231746
480,-2.906,-0.024469026808528277,-2.906,-0.2621303791501619
481,-2.904,-0.024470804178674282,-2.904,-0.2621321616577558
482,-2.902,-0.024472521306451916,-2.902,-0.26213388398336585
483,-2.9000000000000004,-0.02447417593080567,-2.9000000000000004,-0.26213554387968513
484,-2.898,-0.024475765885598272,-2.898,-0.2621371391938329
485,-2.896,-0.02447728909961097,-2.896,-0.2621386678673548
486,-2.894,-0.024478743596543423,-2.894,-0.26214012793622254
487,-2.8920000000000003,-0.024480127495013798,-2.8920000000000003,-0.2621415175308343
488,-2.89,-0.02448143900855912,-2.89,-0.2621428348760142
489,-2.888,-0.02448267644563515,-2.888,-0.26214407829101294
490,-2.886,-0.024483838209616443,-2.886,-0.26214524618950724
491,-2.8840000000000003,-0.0244849227987968,-2.8840000000000003,-0.26214633707960017
492,-2.882,-0.024485928806388974,-2.882,-0.2621473495638211
493,-2.88,-0.024486854920524853,-2.88,-0.2621482823391254
494,-2.878,-0.024487699924255785,-2.878,-0.2621491341968951
495,-2.8760000000000003,-0.024488462695552243,-2.8760000000000003,-0.2621499040229382
496,-2.874,-0.024489142207304276,-2.874,-0.2621505907974889
497,-2.872,-0.02448973752732128,-2.872,-0.26215119359520783
498,-2.87,-0.02449024781833234,-2.87,-0.2621517115851818
499,-2.8680000000000003,-0.024490672337985936,-2.8680000000000003,-0.26215214403092385
500,-2.866,-0.024491010438850463,-2.866,-0.2621524902903733
501,-2.864,-0.024491261568413608,-2.864,-0.2621527498158957
502,-2.862,-0.024491425269083072,-2.862,-0.2621529221542828
503,-2.8600000000000003,-0.024491501178186187,-2.8600000000000003,-0.26215300694675286
504,-2.858,-0.02449148902797002,-2.858,-0.26215300392895
505,-2.856,-0.02449138864560127,-2.856,-0.2621529129309448
506,-2.854,-0.024491199953166648,-2.854,-0.26215273387723415
507,-2.8520000000000003,-0.02449092296767222,-2.8520000000000003,-0.2621524667867411
508,-2.85,-0.024490557801044116,-2.85,-0.2621521117728149
509,-2.848,-0.024490104660128104,-2.848,-0.2621516690432312
510,-2.846,-0.024489563846689516,-2.846,-0.2621511389001917
511,-2.8440000000000003,-0.024488935757413205,-2.8440000000000003,-0.26215052174032455
512,-2.842,-0.024488220883903872,-2.842,-0.26214981805468407
513,-2.84,-0.024487419812685512,-2.84,-0.26214902842875076
514,-2.838,-0.024486533225201862,-2.838,-0.26214815354243154
515,-2.8360000000000003,-0.024485561897815616,-2.8360000000000003,-0.2621471941700594
516,-2.834,-0.024484506701809267,-2.834,-0.2621461511803937
517,-2.832,-0.024483368603384098,-2.832,-0.26214502553661995
518,-2.83,-0.024482148663660858,-2.83,-0.26214381829635
519,-2.8280000000000003,-0.024480848038679087,-2.8280000000000003,-0.26214253061162196
520,-2.826,-0.024479467979397512,-2.826,-0.2621411637289001
521,-2.824,-0.02447800983169343,-2.824,-0.262139718989075
522,-2.822,-0.024476475036362938,-2.822,-0.26213819782746356
523,-2.8200000000000003,-0.024474865129120643,-2.8200000000000003,-0.2621366017738087
524,-2.818,-0.024473181740599897,-2.818,-0.26213493245227987
525,-2.816,-0.024471426596351903,-2.816,-0.26213319158147264
526,-2.814,-0.02446960151684638,-2.814,-0.26213138097440875
527,-2.8120000000000003,-0.024467708417470896,-2.8120000000000003,-0.2621295025385364
528,-2.81,-0.024465749308530987,-2.81,-0.26212755827572976
529,-2.808,-0.024463726295249927,-2.808,-0.26212555028228957
530,-2.806,-0.02446164157776845,-2.806,-0.2621234807489425
531,-2.8040000000000003,-0.024459497451144813,-2.8040000000000003,-0.2621213519608417
532,-2.802,-0.02445729630535451,-2.802,-0.2621191662975665
533,-2.8,-0.024455040625290164,-2.8,-0.26211692623312255
534,-2.798,-0.024452732990761256,-2.798,-0.2621146343359415
535,-2.7960000000000003,-0.024450376076494,-2.7960000000000003,-0.2621122932688816
536,-2.794,-0.02444797265213136,-2.794,-0.2621099057892271
537,-2.792,-0.024445525582232647,-2.792,-0.2621074747486886
538,-2.79,-0.024443037826273634,-2.79,-0.26210500309340296
539,-2.7880000000000003,-0.02444051243864584,-2.7880000000000003,-0.26210249386393325
540,-2.786,-0.02443795256865708,-2.786,-0.2620999501952687
541,-2.784,-0.024435361460530797,-2.784,-0.2620973753168251
542,-2.782,-0.024432742453406403,-2.782,-0.26209477255244407
543,-2.7800000000000002,-0.02443009898133844,-2.7800000000000002,-0.2620921453203938
544,-2.778,-0.024427434573297074,-2.778,-0.26208949713336865
545,-2.776,-0.024424752853167725,-2.776,-0.26208683159848917
546,-2.774,-0.02442205753975077,-2.774,-0.26208415241730226
547,-2.7720000000000002,-0.024419352446761772,-2.7720000000000002,-0.26208146338578087
548,-2.77,-0.024416641482831153,-2.77,-0.2620787683943244
549,-2.768,-0.02441392865150402,-2.768,-0.2620760714277585
550,-2.766,-0.024411218051240385,-2.766,-0.262073376565335
551,-2.7640000000000002,-0.02440851387541479,-2.7640000000000002,-0.2620706879807319
552,-2.762,-0.024405820412316287,-2.762,-0.26206800994205365
553,-2.76,-0.024403142045148568,-2.76,-0.26206534681183075
554,-2.758,-0.024400483252029842,-2.758,-0.26206270304702006
555,-2.7560000000000002,-0.024397848605992617,-2.7560000000000002,-0.2620600831990047
556,-2.754,-0.024395242774983977,-2.754,-0.262057491913594
557,-2.752,-0.024392670521865528,-2.752,-0.2620549339310236
558,-2.75,-0.024390136704413118,-2.75,-0.2620524140859552
559,-2.748,-0.024387646275317615,-2.748,-0.2620499373074771
560,-2.746,-0.02438520428218413,-2.746,-0.26204750861910353
561,-2.7439999999999998,-0.02438281586753263,-2.7439999999999998,-0.26204513313877503
562,-2.742,-0.024380486268797935,-2.742,-0.26204281607885854
563,-2.74,-0.02437822081832977,-2.74,-0.26204056274614723
564,-2.738,-0.024376024943393165,-2.738,-0.26203837854186024
565,-2.7359999999999998,-0.02437390416616833,-2.7359999999999998,-0.2620362689616433
566,-2.734,-0.024371864103751223,-2.734,-0.26203423959556826
567,-2.732,-0.024369910468153372,-2.732,-0.26203229612813317
568,-2.73,-0.024368049066302716,-2.73,-0.26203044433826245
569,-2.7279999999999998,-0.024366285800043325,-2.7279999999999998,-0.2620286900993067
570,-2.726,-0.024364626666136285,-2.726,-0.2620270393790426
571,-2.724,-0.024363077756259538,-2.724,-0.26202549823967347
572,-2.722,-0.024361645257008985,-2.722,-0.2620240728378285
573,-2.7199999999999998,-0.024360335449898157,-2.7199999999999998,-0.2620227694245635
574,-2.718,-0.02435915471135927,-2.718,-0.26202159434536004
575,-2.716,-0.02435810951274367,-2.716,-0.26202055404012653
576,-2.714,-0.02435720642032227,-2.714,-0.26201965504319713
577,-2.712,-0.02435645209528617,-2.712,-0.26201890398333244
578,-2.71,-0.02435585329374748,-2.71,-0.26201830758371936
579,-2.708,-0.024355416866739893,-2.708,-0.262017872661971
580,-2.7060000000000004,-0.02435514976021949,-2.7060000000000004,-0.2620176061301268
581,-2.704,-0.024355059015065544,-2.704,-0.2620175149946522
582,-2.702,-0.024355151767081445,-2.702,-0.2620176063564392
583,-2.7,-0.024355435246995544,-2.7,-0.26201788741080584
584,-2.6980000000000004,-0.02435591678046209,-2.6980000000000004,-0.26201836544749657
585,-2.696,-0.024356603788062287,-2.696,-0.2620190478506818
586,-2.694,-0.024357503785305518,-2.694,-0.2620199420989586
587,-2.692,-0.02435862438263023,-2.692,-0.26202105576535006
588,-2.6900000000000004,-0.024359973285405373,-2.6900000000000004,-0.26202239651730536
589,-2.688,-0.024361558293931412,-2.688,-0.2620239721167003
590,-2.686,-0.024363331836834284,-2.686,-0.2620257349048828
591,-2.684,-0.0243651917880143,-2.684,-0.26202758269764187
592,-2.6820000000000004,-0.024367130098850193,-2.6820000000000004,-0.26202950752915366
593,-2.68,-0.024369140999927624,-2.68,-0.26203150371386275
594,-2.678,-0.024371218825616797,-2.678,-0.2620335656685179
595,-2.676,-0.02437335801407217,-2.676,-0.26203568791217136
596,-2.6740000000000004,-0.024375553107232023,-2.6740000000000004,-0.2620378650661796
597,-2.672,-0.02437779875081794,-2.672,-0.2620400918542027
598,-2.67,-0.02438008969433461,-2.67,-0.26204236310220475
599,-2.668,-0.02438242079106953,-2.668,-0.2620446737384536
600,-2.6660000000000004,-0.024384786998092906,-2.6660000000000004,-0.26204701879352094
601,-2.664,-0.02438718337625742,-2.664,-0.26204939340028244
602,-2.662,-0.024389605090198135,-2.662,-0.26205179279391755
603,-2.66,-0.024392047408332312,-2.66,-0.26205421231190956
604,-2.6580000000000004,-0.02439450570285953,-2.6580000000000004,-0.2620566473940457
605,-2.656,-0.024396975449761632,-2.656,-0.262059093582417
606,-2.654,-0.024399452228802715,-2.654,-0.26206154652141833
607,-2.652,-0.024401931723529363,-2.652,-0.26206400195774837
608,-2.6500000000000004,-0.024404409721270476,-2.6500000000000004,-0.2620664557404098
609,-2.648,-0.0244068821131376,-2.648,-0.26206890382070913
610,-2.646,-0.02440934489402516,-2.646,-0.26207134225225664
611,-2.644,-0.024411794162610218,-2.644,-0.2620737671909665
612,-2.6420000000000003,-0.024414226121353105,-2.6420000000000003,-0.26207617489505675
613,-2.64,-0.024416637076497577,-2.64,-0.2620785617250493
614,-2.638,-0.024419023438070814,-2.638,-0.26208092414376993
615,-2.636,-0.0244213817198837,-2.636,-0.26208325871634824
616,-2.6340000000000003,-0.02442370853953149,-2.6340000000000003,-0.2620855621102177
617,-2.632,-0.02442600061839348,-2.632,-0.2620878310951157
618,-2.63,-0.024428254781633657,-2.63,-0.2620900625430833
619,-2.628,-0.024430467958201058,-2.628,-0.2620922534284657
620,-2.6260000000000003,-0.02443263718082969,-2.6260000000000003,-0.26209440082791174
621,-2.624,-0.024434759586039384,-2.624,-0.26209650192037426
622,-2.622,-0.024436832414135273,-2.622,-0.26209855398710974
623,-2.62,-0.024438853009209144,-2.62,-0.2621005544116788
624,-2.6180000000000003,-0.02444081881913887,-2.6180000000000003,-0.2621025006799457
625,-2.616,-0.024442727395589142,-2.616,-0.26210439038007866
626,-2.614,-0.02444457639401179,-2.614,-0.2621062212025498
627,-2.612,-0.024446363573645796,-2.612,-0.262107990940135
628,-2.6100000000000003,-0.024448086797517893,-2.6100000000000003,-0.26210969748791396
629,-2.608,-0.02444974403244274,-2.608,-0.2621113388432705
630,-2.606,-0.024451333349023135,-2.606,-0.26211291310589185
631,-2.604,-0.02445285292165042,-2.604,-0.26211441847776956
632,-2.6020000000000003,-0.024454301028504627,-2.6020000000000003,-0.2621158532631988
633,-2.6,-0.024455676051554992,-2.6,-0.2621172158687787
634,-2.598,-0.024456976476559783,-2.598,-0.262118504803412
635,-2.596,-0.0244582008930668,-2.596,-0.2621197186783057
636,-2.5940000000000003,-0.02445934799441371,-2.5940000000000003,-0.2621208562069703
637,-2.592,-0.02446041657772799,-2.592,-0.2621219162052203
638,-2.59,-0.02446140554392731,-2.59,-0.26212289759117413
639,-2.588,-0.024462313897719606,-2.588,-0.262123799385254
640,-2.5860000000000003,-0.024463140747603446,-2.5860000000000003,-0.26212462071018594
641,-2.584,-0.024463885305867655,-2.584,-0.2621253607909999
642,-2.582,-0.02446454688859237,-2.582,-0.2621260189550298
643,-2.58,-0.0244651249156482,-2.58,-0.26212659463191307
644,-2.5780000000000003,-0.024465618910697012,-2.5780000000000003,-0.26212708735359136
645,-2.576,-0.02446602850119159,-2.576,-0.2621274967543101
646,-2.574,-0.02446635341837597,-2.574,-0.26212782257061823
647,-2.572,-0.024466593497285444,-2.572,-0.2621280646413692
648,-2.5700000000000003,-0.024466748676746447,-2.5700000000000003,-0.2621282229077197
649,-2.568,-0.024466818999376833,-2.568,-0.26212829741313065
650,-2.566,-0.02446680461158543,-2.566,-0.2621282883033667
651,-2.564,-0.024466705763572766,-2.564,-0.2621281958264963
652,-2.5620000000000003,-0.024466522809330177,-2.5620000000000003,-0.26212802033289195
653,-2.56,-0.02446625620664042,-2.56,-0.26212776227522977
654,-2.558,-0.024465906517077335,-2.558,-0.2621274222084899
655,-2.556,-0.024465474406005522,-2.556,-0.26212700078995627
656,-2.5540000000000003,-0.02446496064258083,-2.5540000000000003,-0.2621264987792167
657,-2.552,-0.024464366099749696,-2.552,-0.26212591703816285
658,-2.55,-0.02446369175424931,-2.55,-0.26212525653099034
659,-2.548,-0.024462938686607177,-2.548,-0.2621245183241984
660,-2.5460000000000003,-0.02446210808114138,-2.5460000000000003,-0.2621237035865904
661,-2.544,-0.0244612012259601,-2.544,-0.2621228135892734
662,-2.542,-0.024460219512961262,-2.542,-0.2621218497056583
663,-2.54,-0.02445916443783272,-2.54,-0.26212081341146004
664,-2.5380000000000003,-0.024458037600051913,-2.5380000000000003,-0.2621197062846972
665,-2.536,-0.02445684070288548,-2.536,-0.2621185300056924
666,-2.534,-0.02445557555338898,-2.534,-0.26211728635707193
667,-2.532,-0.02445424406240701,-2.532,-0.2621159772237661
668,-2.5300000000000002,-0.024452848244572473,-2.5300000000000002,-0.26211460459300906
669,-2.528,-0.02445139021830664,-2.528,-0.2621131705543387
670,-2.526,-0.02444987220581865,-2.526,-0.2621116772995969
671,-2.524,-0.024448296533105457,-2.524,-0.2621101271229293
672,-2.5220000000000002,-0.02444666562995132,-2.5220000000000002,-0.26210852242078553
673,-2.52,-0.02444498202992748,-2.52,-0.26210686569191893
674,-2.518,-0.024443248370391996,-2.518,-0.2621051595373867
675,-2.516,-0.024441467392489674,-2.516,-0.2621034066605501
676,-2.5140000000000002,-0.024439641941150975,-2.5140000000000002,-0.26210160986707404
677,-2.512,-0.024437774965092668,-2.512,-0.2620997720649273
678,-2.51,-0.02443586951681695,-2.51,-0.2620978962643827
679,-2.508,-0.024433928752611217,-2.508,-0.26209598557801667
680,-2.5060000000000002,-0.024431955932547905,-2.5060000000000002,-0.26209404322070967
681,-2.504,-0.024429954420483985,-2.504,-0.262092072509646
682,-2.502,-0.02442792768406113,-2.502,-0.2620900768643137
683,-2.5,-0.024425879294704994,-2.5,-0.2620880598065049
684,-2.498,-0.024423812927624994,-2.498,-0.2620860249603153
685,-2.496,-0.024421732361814302,-2.496,-0.2620839760521447
686,-2.4939999999999998,-0.024419641480049686,-2.4939999999999998,-0.2620819169106966
687,-2.492,-0.02441754426889073,-2.492,-0.26207985146697843
688,-2.49,-0.02441544481868027,-2.49,-0.2620777837543015
689,-2.488,-0.024413347323544138,-2.488,-0.26207571790828094
690,-2.4859999999999998,-0.02441125608139047,-2.4859999999999998,-0.2620736581668357
691,-2.484,-0.024409175493910445,-2.484,-0.2620716088701887
692,-2.482,-0.02440711006657728,-2.482,-0.26206957446086665
693,-2.48,-0.02440506440864701,-2.48,-0.26206755948370003
694,-2.4779999999999998,-0.024403043233157645,-2.4779999999999998,-0.26206556858582336
695,-2.476,-0.02440105135693013,-2.476,-0.26206360651667493
696,-2.474,-0.024399093700567226,-2.474,-0.26206167812799674
697,-2.472,-0.024397175288454725,-2.472,-0.26205978837383503
698,-2.4699999999999998,-0.024395301248760798,-2.4699999999999998,-0.26205794231053947
699,-2.468,-0.024393476813436482,-2.468,-0.2620561450967639
700,-2.466,-0.0243917073182158,-2.466,-0.26205440199346575
701,-2.464,-0.02438999820261603,-2.464,-0.26205271836390664
702,-2.4619999999999997,-0.024388355009938106,-2.4619999999999997,-0.2620510996736517
703,-2.46,-0.02438678338726677,-2.46,-0.2620495514905702
704,-2.458,-0.024385289085471357,-2.458,-0.2620480794848351
705,-2.4560000000000004,-0.024383877959205796,-2.4560000000000004,-0.2620466894289233
706,-2.454,-0.02438255596690972,-2.454,-0.2620453871976155
707,-2.452,-0.024381329170808513,-2.452,-0.2620441787679963
708,-2.45,-0.02438020373691438,-2.45,-0.2620430702194541
709,-2.4480000000000004,-0.024379185935026887,-2.4480000000000004,-0.26204206773368127
710,-2.446,-0.024378282138734136,-2.446,-0.262041177594674
711,-2.444,-0.024377498825413096,-2.444,-0.2620404061887322
712,-2.442,-0.024376842576231156,-2.442,-0.26203976000445983
713,-2.4400000000000004,-0.024376320076146846,-2.4400000000000004,-0.2620392456327646
714,-2.438,-0.024375938113911116,-2.438,-0.2620388697668581
715,-2.436,-0.024375703582068725,-2.436,-0.26203863920225584
716,-2.434,-0.024375623476959235,-2.434,-0.26203856083677707
717,-2.4320000000000004,-0.024375704898718847,-2.4320000000000004,-0.2620386416705449
718,-2.43,-0.024375955051281845,-2.43,-0.2620388888059865
719,-2.428,-0.024376381242381867,-2.428,-0.26203930944783277
720,-2.426,-0.0243769908835543,-2.426,-0.2620399109031183
721,-2.4240000000000004,-0.024377791490137773,-2.4240000000000004,-0.26204070058118173
722,-2.422,-0.024378790681276158,-2.422,-0.2620416859936656
723,-2.42,-0.024379996179920732,-2.42,-0.2620428747545162
724,-2.418,-0.024381343356609103,-2.418,-0.2620442030316407
725,-2.4160000000000004,-0.024382752995710938,-2.4160000000000004,-0.26204559261234966
726,-2.414,-0.024384220669266127,-2.414,-0.2620470391464716
727,-2.412,-0.02438574206328112,-2.412,-0.26204853839599074
728,-2.41,-0.02438731294157989,-2.41,-0.26205008619934855
729,-2.4080000000000004,-0.02438892914580368,-2.4080000000000004,-0.2620516784714434
730,-2.406,-0.024390586595410685,-2.406,-0.2620533112036309
731,-2.404,-0.024392281287676038,-2.404,-0.26205498046372383
732,-2.402,-0.02439400929769145,-2.402,-0.2620566823959919
733,-2.4000000000000004,-0.02439576677836522,-2.4000000000000004,-0.2620584132211621
734,-2.398,-0.024397549960422066,-2.398,-0.26206016923641845
735,-2.396,-0.02439935515240302,-2.396,-0.2620619468154021
736,-2.394,-0.024401178740665413,-2.394,-0.26206374240821145
737,-2.3920000000000003,-0.024403017189382953,-2.3920000000000003,-0.2620655525414017
738,-2.39,-0.024404867040545536,-2.39,-0.26206737381798545
739,-2.388,-0.024406724913959538,-2.388,-0.2620692029174323
740,-2.386,-0.02440858750724753,-2.386,-0.26207103659566905
741,-2.3840000000000003,-0.02441045159584862,-2.3840000000000003,-0.26207287168507937
742,-2.382,-0.024412314033018384,-2.382,-0.26207470509450437
743,-2.38,-0.02441417174982921,-2.38,-0.26207653380924206
744,-2.378,-0.024416021755170075,-2.378,-0.26207835489104764
745,-2.3760000000000003,-0.024417861135746927,-2.3760000000000003,-0.26208016547813334
746,-2.374,-0.024419687056082634,-2.374,-0.26208196278516865
747,-2.372,-0.024421496758517652,-2.372,-0.2620837441032801
748,-2.37,-0.024423287563209356,-2.37,-0.2620855068000513
749,-2.3680000000000003,-0.024425056868132983,-2.3680000000000003,-0.26208724831952307
750,-2.366,-0.024426802149081356,-2.366,-0.2620889661821932
751,-2.364,-0.024428520959665384,-2.364,-0.2620906579850166
752,-2.362,-0.024430210931314006,-2.362,-0.26209232140140554
753,-2.3600000000000003,-0.024431869773274634,-2.3600000000000003,-0.2620939541812291
754,-2.358,-0.024433495272613154,-2.358,-0.26209555415081365
755,-2.356,-0.024435085294214315,-2.356,-0.2620971192129426
756,-2.354,-0.024436637780781728,-2.354,-0.26209864734685656
757,-2.3520000000000003,-0.024438150752838422,-2.3520000000000003,-0.26210013660825315
758,-2.35,-0.024439622308726622,-2.35,-0.26210158512928716
759,-2.348,-0.024441050624608357,-2.348,-0.2621029911185705
760,-2.346,-0.02444243395446541,-2.346,-0.26210435286117206
761,-2.3440000000000003,-0.024443770630099698,-2.3440000000000003,-0.2621056687186181
762,-2.342,-0.02444505906113334,-2.342,-0.2621069371288919
763,-2.34,-0.024446297735008976,-2.34,-0.2621081566064336
764,-2.338,-0.024447485216989834,-2.338,-0.26210932574214085
765,-2.3360000000000003,-0.02444862015016011,-2.3360000000000003,-0.26211044320336807
766,-2.334,-0.024449701255424977,-2.334,-0.2621115077339271
767,-2.332,-0.024450727331510796,-2.332,-0.26211251815408665
768,-2.33,-0.02445169725496535,-2.33,-0.2621134733605727
769,-2.3280000000000003,-0.02445260998015794,-2.3280000000000003,-0.26211437232656826
770,-2.326,-0.024453464539279685,-2.326,-0.2621152141017134
771,-2.324,-0.024454260042343384,-2.324,-0.26211599781210543
772,-2.322,-0.02445499567718376,-2.322,-0.2621167226602988
773,-2.3200000000000003,-0.02445567070945806,-2.3200000000000003,-0.26211738792530487
774,-2.318,-0.024456284482645335,-2.318,-0.2621179929625923
775,-2.316,-0.02445683641804705,-2.316,-0.26211853720408684
776,-2.314,-0.0244573260147872,-2.314,-0.2621190201581713
777,-2.3120000000000003,-0.024457752849812192,-2.3120000000000003,-0.26211944140968557
778,-2.31,-0.024458116577891126,-2.31,-0.26211980061992673
779,-2.308,-0.024458416931615573,-2.308,-0.262120097526649
780,-2.306,-0.024458653721399964,-2.306,-0.2621203319440636
781,-2.3040000000000003,-0.024458826835481257,-2.3040000000000003,-0.2621205037628389
782,-2.302,-0.024458936239919266,-2.302,-0.26212061295010053
783,-2.3,-0.024458981978596667,-2.3,-0.26212065954943103
784,-2.298,-0.024458964173218717,-2.298,-0.2621206436808701
785,-2.2960000000000003,-0.024458883023313477,-2.2960000000000003,-0.26212056554091473
786,-2.294,-0.02445873880623181,-2.294,-0.26212042540251884
787,-2.292,-0.02445853187714722,-2.292,-0.2621202236150934
788,-2.29,-0.024458262669055847,-2.29,-0.26211996060450676
789,-2.2880000000000003,-0.024457931692776352,-2.2880000000000003,-0.2621196368730841
790,-2.286,-0.024457539536949985,-2.286,-0.26211925299960787
791,-2.284,-0.024457086868040684,-2.284,-0.2621188096393177
792,-2.282,-0.024456574430334194,-2.282,-0.26211830752391013
793,-2.2800000000000002,-0.02445600304593895,-2.2800000000000002,-0.262117747461539
794,-2.278,-0.02445537361478542,-2.278,-0.2621171303368151
795,-2.276,-0.024454687114626034,-2.276,-0.26211645711080656
796,-2.274,-0.024453944601035033,-2.274,-0.26211572882103834
797,-2.2720000000000002,-0.024453147207408626,-2.2720000000000002,-0.26211494658149276
798,-2.27,-0.02445229614496444,-2.27,-0.2621141115826091
799,-2.268,-0.024451392702741576,-2.268,-0.2621132250912838
800,-2.266,-0.024450438247600376,-2.266,-0.2621122884508706
801,-2.2640000000000002,-0.02444943422422244,-2.2640000000000002,-0.26211130308117986
802,-2.262,-0.02444838215511011,-2.262,-0.26211027047847957
803,-2.26,-0.024447283640586598,-2.26,-0.2621091922154946
804,-2.258,-0.02444614035879558,-2.258,-0.262108069941407
805,-2.2560000000000002,-0.024444954065701213,-2.2560000000000002,-0.2621069053818558
806,-2.254,-0.024443726595087673,-2.254,-0.2621057003389374
807,-2.252,-0.024442459858559223,-2.252,-0.262104456691205
808,-2.25,-0.02444115584553977,-2.25,-0.26210317639366915
809,-2.248,-0.024439816623272964,-2.248,-0.2621018614777974
810,-2.246,-0.024438444336821658,-2.246,-0.2621005140515146
811,-2.2439999999999998,-0.02443704120906795,-2.2439999999999998,-0.26209913629920234
812,-2.242,-0.02443560954071275,-2.242,-0.26209773048169965
813,-2.24,-0.024434151710275936,-2.24,-0.26209629893630265
814,-2.238,-0.024432670174095922,-2.238,-0.2620948440767643
815,-2.2359999999999998,-0.024431167466329312,-2.2359999999999998,-0.26209336839329506
816,-2.234,-0.02442964619895102,-2.234,-0.2620918744525622
817,-2.232,-0.02442810906175405,-2.232,-0.26209036489769033
818,-2.23,-0.024426558822349148,-2.23,-0.262088842448261
819,-2.2279999999999998,-0.024424998326164765,-2.2279999999999998,-0.26208730990031287
820,-2.226,-0.02442343049644677,-2.226,-0.2620857701263418
821,-2.224,-0.024421858334258723,-2.224,-0.26208422607530085
822,-2.222,-0.02442028491848111,-2.222,-0.2620826807726
823,-2.2199999999999998,-0.024418713405811837,-2.2199999999999998,-0.26208113732010646
824,-2.218,-0.024417147030765723,-2.218,-0.2620795988961445
825,-2.216,-0.024415589105674623,-2.216,-0.2620780687554955
826,-2.214,-0.024414043020687254,-2.214,-0.26207655022939813
827,-2.2119999999999997,-0.024412512243769252,-2.2119999999999997,-0.2620750467255479
828,-2.21,-0.02441100032070312,-2.21,-0.2620735617280975
829,-2.208,-0.02440951087508822,-2.208,-0.26207209879765686
830,-2.206,-0.024408047608340783,-2.206,-0.26207066157129305
831,-2.2039999999999997,-0.024406614299694068,-2.2039999999999997,-0.2620692537625301
832,-2.202,-0.024405214806198144,-2.202,-0.2620678791613491
833,-2.2,-0.024403853062720388,-2.2,-0.2620665416341886
834,-2.1980000000000004,-0.024402533081945482,-2.1980000000000004,-0.26206524512394386
835,-2.196,-0.024401258954375532,-2.196,-0.2620639936499674
836,-2.194,-0.024400034848330115,-2.194,-0.26206279130806903
837,-2.192,-0.024398865009947007,-2.192,-0.2620616422705155
838,-2.1900000000000004,-0.024397753763181956,-2.1900000000000004,-0.2620605507860305
839,-2.188,-0.02439670550980924,-2.188,-0.2620595211797953
840,-2.186,-0.02439572472942217,-2.186,-0.26205855785344784
841,-2.184,-0.024394815979433132,-2.184,-0.26205766528508345
842,-2.1820000000000004,-0.02439398389507444,-2.1820000000000004,-0.26205684802925444
843,-2.18,-0.02439323318939854,-2.18,-0.26205611071697027
844,-2.178,-0.024392568653278685,-2.178,-0.26205545805569747
845,-2.176,-0.0243919951554096,-2.176,-0.26205489482935973
846,-2.1740000000000004,-0.024391517642307986,-2.1740000000000004,-0.26205442589833794
847,-2.172,-0.024391141138313338,-2.172,-0.2620540561994699
848,-2.17,-0.024390870745588794,-2.17,-0.2620537907460508
849,-2.168,-0.024390711644121738,-2.168,-0.2620536346278326
850,-2.1660000000000004,-0.024390669091724965,-2.1660000000000004,-0.2620535930110247
851,-2.164,-0.024390748424037295,-2.164,-0.2620536711382933
852,-2.162,-0.024390955054525126,-2.162,-0.2620538743287621
853,-2.16,-0.024391294474483155,-2.16,-0.2620542079780115
854,-2.1580000000000004,-0.024391772253035376,-2.1580000000000004,-0.2620546775580793
855,-2.156,-0.024392394037136972,-2.156,-0.2620552886174604
856,-2.154,-0.024393165551574808,-2.154,-0.26205604678110656
857,-2.152,-0.024394091873278095,-2.152,-0.2620569570366319
858,-2.1500000000000004,-0.02439511853842366,-2.1500000000000004,-0.26205796581028884
859,-2.148,-0.024396206013915595,-2.148,-0.2620590342249489
860,-2.146,-0.024397350414557345,-2.146,-0.26206015846892605
861,-2.144,-0.0243985479206891,-2.144,-0.26206133479483407
862,-2.1420000000000003,-0.02439979477818796,-2.1420000000000003,-0.26206255951958685
863,-2.14,-0.02440108729846749,-2.14,-0.2620638290243983
864,-2.138,-0.024402421858477713,-2.138,-0.2620651397547824
865,-2.136,-0.024403794900704573,-2.136,-0.2620664882205532
866,-2.1340000000000003,-0.024405202933169973,-2.1340000000000003,-0.2620678709958244
867,-2.132,-0.024406642529431394,-2.132,-0.26206928471901025
868,-2.13,-0.024408110328582283,-2.13,-0.26207072609282467
869,-2.128,-0.02440960303525133,-2.128,-0.2620721918842816
870,-2.1260000000000003,-0.024411117419602862,-2.1260000000000003,-0.2620736789246952
871,-2.124,-0.024412650317336443,-2.124,-0.26207518410967945
872,-2.122,-0.024414198629687273,-2.122,-0.2620767043991484
873,-2.12,-0.024415759323425684,-2.12,-0.2620782368173162
874,-2.1180000000000003,-0.024417329430857587,-2.1180000000000003,-0.26207977845269687
875,-2.116,-0.02441890604982408,-2.116,-0.26208132645810456
876,-2.114,-0.024420486343702114,-2.114,-0.2620828780506535
877,-2.112,-0.02442206754140372,-2.112,-0.2620844305117577
878,-2.1100000000000003,-0.02442364693737678,-2.1100000000000003,-0.26208598118713144
879,-2.108,-0.024425221891604815,-2.108,-0.2620875274867889
880,-2.106,-0.024426789829607137,-2.106,-0.2620890668850442
881,-2.104,-0.024428348242438974,-2.104,-0.2620905969205116
882,-2.1020000000000003,-0.02442989468669146,-2.1020000000000003,-0.26209211519610537
883,-2.1,-0.024431426784492033,-2.1,-0.2620936193790397
884,-2.098,-0.024432942223504422,-2.098,-0.2620951072008289
885,-2.096,-0.024434438756928606,-2.096,-0.2620965764572873
886,-2.0940000000000003,-0.024435914203501302,-2.0940000000000003,-0.2620980250085291
887,-2.092,-0.02443736644749603,-2.092,-0.2620994507789687
888,-2.09,-0.024438793438722933,-2.09,-0.26210085175732034
889,-2.088,-0.024440193192529686,-2.088,-0.2621022259965985
890,-2.0860000000000003,-0.024441563789800752,-2.0860000000000003,-0.2621035716141175
891,-2.084,-0.02444290337695823,-2.084,-0.2621048867914917
892,-2.082,-0.024444210165961794,-2.082,-0.26210616977463547
893,-2.08,-0.024445482434308802,-2.08,-0.2621074188737634
894,-2.0780000000000003,-0.024446718525034633,-2.0780000000000003,-0.26210863246338967
895,-2.076,-0.02444791684671263,-2.076,-0.26210980898232894
896,-2.074,-0.0244490758734546,-2.074,-0.2621109469336956
897,-2.072,-0.024450194144910592,-2.072,-0.26211204488490414
898,-2.0700000000000003,-0.024451270266269337,-2.0700000000000003,-0.2621131014676691
899,-2.068,-0.02445230290825831,-2.068,-0.26211411537800483
900,-2.066,-0.02445329080714395,-2.066,-0.26211508537622613
901,-2.064,-0.02445423276473177,-2.064,-0.2621160102869475
902,-2.0620000000000003,-0.02445512764836641,-2.0620000000000003,-0.26211688899908325
903,-2.06,-0.02445597439093186,-2.06,-0.2621177204658482
904,-2.058,-0.02445677199085186,-2.058,-0.262118503704757
905,-2.056,-0.024457519512089493,-2.056,-0.262119237797624
906,-2.0540000000000003,-0.02445821608414775,-2.0540000000000003,-0.2621199218905642
907,-2.052,-0.024458860902069363,-2.052,-0.26212055519399197
908,-2.05,-0.02445945322643725,-2.05,-0.26212113698262207
909,-2.048,-0.024459992383374124,-2.048,-0.2621216665954692
910,-2.0460000000000003,-0.02446047776454327,-2.0460000000000003,-0.26212214343584805
911,-2.044,-0.02446090882714788,-2.044,-0.2621225669713733
912,-2.042,-0.024461285093931612,-2.042,-0.2621229367339598
913,-2.04,-0.02446160615317869,-2.04,-0.2621232523198222
914,-2.0380000000000003,-0.02446187165871347,-2.0380000000000003,-0.26212351338947526
915,-2.036,-0.024462081329901048,-2.036,-0.26212371966773385
916,-2.034,-0.024462234951647205,-2.034,-0.26212387094371276
917,-2.032,-0.024462332374398016,-2.032,-0.26212396707082675
918,-2.0300000000000002,-0.02446237351414035,-2.0300000000000002,-0.2621240079667906
919,-2.028,-0.02446235835240171,-2.028,-0.2621239936136193
920,-2.026,-0.024462286936250216,-2.026,-0.2621239240576277
921,-2.024,-0.024462159378294462,-2.024,-0.26212379940943065
922,-2.0220000000000002,-0.024461975856684,-2.0220000000000002,-0.26212361984394306
923,-2.02,-0.024461736615108504,-2.02,-0.2621233856003798
924,-2.018,-0.02446144196279873,-2.018,-0.2621230969822559
925,-2.016,-0.024461092274525448,-2.016,-0.26212275435738625
926,-2.0140000000000002,-0.02446068799060022,-2.0140000000000002,-0.2621223581578858
927,-2.012,-0.0244602296168748,-2.012,-0.26212190888016956
928,-2.01,-0.02445971772474151,-2.01,-0.26212140708495263
929,-2.008,-0.02445915295113263,-2.008,-0.26212085339724983
930,-2.0060000000000002,-0.024458535998520742,-2.0060000000000002,-0.26212024850637644
931,-2.004,-0.024457867634918612,-2.004,-0.2621195931659473
932,-2.002,-0.02445714869387869,-2.002,-0.2621188881938776
933,-2.0,-0.024456380074493606,-2.0,-0.26211813447238236
934,-1.998,-0.024455562741395348,-1.998,-0.2621173329479767
935,-1.996,-0.024454697724755753,-1.996,-0.2621164846314758
936,-1.994,-0.02445378612028623,-1.994,-0.2621155905979947
937,-1.992,-0.02445282908923721,-1.992,-0.2621146519869486
938,-1.99,-0.024451827858398584,-1.99,-0.2621136700020527
939,-1.988,-0.024450783720099095,-1.988,-0.26211264591132216
940,-1.986,-0.024449698032206563,-1.986,-0.26211158104707216
941,-1.984,-0.024448572218127435,-1.984,-0.2621104768059179
942,-1.982,-0.024447407766806678,-1.982,-0.2621093346487748
943,-1.98,-0.02444620623272789,-1.98,-0.26210815610085786
944,-1.978,-0.024444969235912523,-1.978,-0.26210694275168245
945,-1.976,-0.024443698461920488,-1.976,-0.26210569625506386
946,-1.974,-0.024442395661849442,-1.974,-0.26210441832911746
947,-1.972,-0.024441062652334672,-1.972,-0.2621031107562585
948,-1.97,-0.02443970131554926,-1.97,-0.2621017753832023
949,-1.968,-0.024438313599203426,-1.968,-0.2621004141209642
950,-1.966,-0.024436901516544735,-1.966,-0.26209902894485965
951,-1.964,-0.02443546714635783,-1.964,-0.262097621894504
952,-1.962,-0.02443401263296427,-1.962,-0.26209619507381265
953,-1.96,-0.02443254018622218,-1.96,-0.26209475065100096
954,-1.958,-0.024431052081526433,-1.958,-0.2620932908585845
955,-1.956,-0.024429550659808258,-1.956,-0.2620918179933786
956,-1.954,-0.024428038327535234,-1.954,-0.2620903344164988
957,-1.952,-0.02442651755671102,-1.952,-0.2620888425533605
958,-1.95,-0.02442499088487529,-1.95,-0.26208734489367935
959,-1.948,-0.02442346091510375,-1.948,-0.2620858439914708
960,-1.9460000000000002,-0.024421930316007784,-1.9460000000000002,-0.26208434246505025
961,-1.9440000000000002,-0.024420401821734522,-1.9440000000000002,-0.26208284299703355
962,-1.9420000000000002,-0.02441887823196673,-1.9420000000000002,-0.262081348334336
963,-1.9400000000000002,-0.0244173624119228,-1.9400000000000002,-0.26207986128817323
964,-1.9380000000000002,-0.02441585729235643,-1.9380000000000002,-0.2620783847340609
965,-1.9360000000000002,-0.024414365869557003,-1.9360000000000002,-0.26207692161181473
966,-1.9340000000000002,-0.024412891205349257,-1.9340000000000002,-0.26207547492555017
967,-1.9320000000000002,-0.02441143642709334,-1.9320000000000002,-0.26207404774368304
968,-1.9300000000000002,-0.02441000472768487,-1.9300000000000002,-0.2620726431989288
969,-1.9280000000000002,-0.024408599365554978,-1.9280000000000002,-0.26207126448830337
970,-1.9260000000000002,-0.02440722366467038,-1.9260000000000002,-0.26206991487312226
971,-1.9240000000000002,-0.02440588101453331,-1.9240000000000002,-0.2620685976790013
972,-1.9220000000000002,-0.02440457487018191,-1.9220000000000002,-0.2620673162958562
973,-1.9200000000000002,-0.024403308752190017,-1.9200000000000002,-0.2620660741779028
974,-1.9180000000000001,-0.024402086246667593,-1.9180000000000001,-0.26206487484365665
975,-1.9160000000000001,-0.0244009110052609,-1.9160000000000001,-0.26206372187593374
976,-1.9140000000000001,-0.02439978674515239,-1.9140000000000001,-0.2620626189218498
977,-1.9120000000000001,-0.02439871724906148,-1.9120000000000001,-0.26206156969282063
978,-1.9100000000000001,-0.024397706365244326,-1.9100000000000001,-0.2620605779645621
979,-1.9080000000000001,-0.024396758007494607,-1.9080000000000001,-0.26205964757709005
980,-1.9060000000000001,-0.024395876155143298,-1.9060000000000001,-0.2620587824347204
981,-1.9040000000000001,-0.02439506485305984,-1.9040000000000001,-0.262057986506069
982,-1.9020000000000001,-0.02439432821165169,-1.9020000000000001,-0.26205726382405164
983,-1.9000000000000001,-0.024393670406865547,-1.9000000000000001,-0.2620566184858844
984,-1.8980000000000001,-0.024393095680187354,-1.8980000000000001,-0.2620560546530832
985,-1.8960000000000001,-0.02439260833864318,-1.8960000000000001,-0.2620555765514639
986,-1.8940000000000001,-0.024392212754799608,-1.8940000000000001,-0.26205518847114256
987,-1.8920000000000001,-0.024391913366764467,-1.8920000000000001,-0.26205489476653504
988,-1.8900000000000001,-0.024391714678187543,-1.8900000000000001,-0.26205469985635754
989,-1.8880000000000001,-0.024391621258261303,-1.8880000000000001,-0.2620546082236259
990,-1.8860000000000001,-0.024391637741721733,-1.8860000000000001,-0.26205462441565625
991,-1.8840000000000001,-0.024391768828849164,-1.8840000000000001,-0.26205475304406467
992,-1.8820000000000001,-0.024392019285469052,-1.8820000000000001,-0.2620549987847672
993,-1.8800000000000001,-0.02439239394295331,-1.8800000000000001,-0.2620553663779798
994,-1.8780000000000001,-0.024392897698220978,-1.8780000000000001,-0.2620558606282188
995,-1.8760000000000001,-0.02439353551373938,-1.8760000000000001,-0.2620564864043001
996,-1.874,-0.024394312417525404,-1.874,-0.26205724863934
997,-1.872,-0.024395229328076,-1.872,-0.2620581482346741
998,-1.87,-0.024396175201552822,-1.87,-0.26205907624748387
999,-1.868,-0.024397099075616796,-1.868,-0.2620599826795247
1000,-1.866,-0.024398001461968327,-1.866,-0.26206086803269907
1001,-1.8639999999999999,-0.025389591662265704,-1.8639999999999999,-0.26305664800542766
1002,-1.862,-0.062062636226221796,-1.862,-0.29988716423471
1003,-1.8599999999999999,-0.5727519363012837,-1.8599999999999999,-0.8128096491230423
1004,-1.858,-2.0670815986459665,-1.858,-2.3145131983408977
1005,-1.8559999999999999,-4.226727550807535,-1.8559999999999999,-4.4888169114323295
1006,-1.854,-6.498344753119586,-1.854,-6.784948608651987
1007,-1.8519999999999999,-8.737709688142228,-1.8519999999999999,-9.062687201056104
1008,-1.85,-10.917127037664516,-1.85,-11.298302961437866
1009,-1.8479999999999999,-13.02798738994792,-1.8479999999999999,-13.48670490140915
1010,-1.846,-15.066037740595212,-1.846,-15.626672162362508
1011,-1.8439999999999999,-17.028411474026996,-1.8439999999999999,-17.717893725195474
1012,-1.842,-18.913402317815393,-1.842,-19.760770987758477
1013,-1.8399999999999999,-20.720425327805348,-1.8399999999999999,-21.756411952827364
1014,-1.838,-22.449859093030867,-1.838,-23.70647962908182
1015,-1.8359999999999999,-24.102349494926017,-1.8359999999999999,-25.612653135605328
1016,-1.834,-25.67800436762244,-1.834,-27.475742417436766
1017,-1.8319999999999999,-27.17631947187252,-1.8319999999999999,-29.29555506661646
1018,-1.83,-28.596205619658168,-1.83,-31.070896322182804
1019,-1.8279999999999998,-29.936020372842517,-1.8279999999999998,-32.79956907017556
1020,-1.826,-31.193603173242536,-1.826,-34.478373843632674
1021,-1.8239999999999998,-32.366312726630966,-1.8239999999999998,-36.10310882259334
1022,-1.822,-33.23715117451415,-1.822,-37.427609492452355
1023,-1.8199999999999998,-33.212636918245195,-1.8199999999999998,-37.763338050328564
1024,-1.818,-32.58189927617956,-1.818,-37.40460480805238
1025,-1.8160000000000003,-31.63394249052772,-1.8160000000000003,-36.65973246843648
1026,-1.814,-30.57987260398798,-1.814,-35.76063356842183
1027,-1.8120000000000003,-29.556671032063594,-1.8120000000000003,-34.86281047907873
1028,-1.81,-28.630832372729582,-1.81,-34.04535540560537
1029,-1.8080000000000003,-27.80158587173484,-1.8080000000000003,-33.31095038732936
1030,-1.806,-27.003626823983428,-1.806,-32.58593720161084
1031,-1.8040000000000003,-26.20484203997164,-1.8040000000000003,-31.835070528235857
1032,-1.802,-25.43937607797876,-1.802,-31.10132570758209
1033,-1.8000000000000003,-24.705421124430153,-1.8000000000000003,-30.384410372324993
1034,-1.798,-24.001272098262387,-1.798,-29.684020823830334
1035,-1.7960000000000003,-23.325320503748646,-1.7960000000000003,-28.99984203215542
1036,-1.794,-22.676048511455054,-1.794,-28.3315476360479
1037,-1.7920000000000003,-22.05202326540555,-1.7920000000000003,-27.678799942946966
1038,-1.79,-21.451891413935805,-1.79,-27.041249928982154
1039,-1.7880000000000003,-20.874373861138377,-1.7880000000000003,-26.41853723897451
1040,-1.786,-20.31825653763885,-1.786,-25.810289497051453
1041,-1.7840000000000003,-19.782247567685435,-1.7840000000000003,-25.21611376833479
1042,-1.782,-19.265296574594252,-1.782,-24.63568296302038
1043,-1.7800000000000002,-18.766514417791132,-1.7800000000000002,-24.068699283109776
1044,-1.778,-18.28505607205844,-1.778,-23.514869305568833
1045,-1.7760000000000002,-17.820118548449447,-1.7760000000000002,-22.973903982328764
1046,-1.774,-17.370938901571726,-1.774,-22.445518640285123
1047,-1.7720000000000002,-16.93679232060969,-1.7720000000000002,-21.929432981298767
1048,-1.77,-16.516990301494157,-1.77,-21.42537108219492
1049,-1.7680000000000002,-16.110878897677395,-1.7680000000000002,-20.933061394764117
1050,-1.766,-15.71783704701013,-1.766,-20.452236745761265
1051,-1.7640000000000002,-15.337274972267297,-1.7640000000000002,-19.982634336906543
1052,-1.762,-14.96863265290782,-1.762,-19.52399574488455
1053,-1.7600000000000002,-14.61137836570335,-1.7600000000000002,-19.076066921345127
1054,-1.758,-14.265007291910035,-1.758,-18.63859819290255
1055,-1.7560000000000002,-13.929040188706594,-1.7560000000000002,-18.21134426113632
1056,-1.754,-13.60302212266132,-1.754,-17.79406420259039
1057,-1.7520000000000002,-13.286521263039718,-1.7520000000000002,-17.386521468773925
1058,-1.75,-12.979127732804107,-1.75,-16.988483886160562
1059,-1.7480000000000002,-12.680452515205085,-1.7480000000000002,-16.599723656189123
1060,-1.746,-12.390126413904918,-1.746,-16.22001735526292
1061,-1.7440000000000002,-12.107799064621227,-1.7440000000000002,-15.849145934750453
1062,-1.742,-11.833137996319424,-1.742,-15.4868947209847
1063,-1.7400000000000002,-11.56582774003085,-1.7400000000000002,-15.133053415263817
1064,-1.738,-11.305568983413593,-1.738,-14.787416093850474
1065,-1.7360000000000002,-11.052077769221345,-1.7360000000000002,-14.449781207972482
1066,-1.734,-10.805084735885906,-1.734,-14.119951583822195
1067,-1.7320000000000002,-10.564334398467025,-1.7320000000000002,-13.797734422557083
1068,-1.73,-10.329640549985623,-1.73,-13.482964501152887
1069,-1.7280000000000002,-10.100886293214177,-1.7280000000000002,-13.175507542183041
1070,-1.726,-9.877873973616389,-1.726,-12.875197630238558
1071,-1.7240000000000002,-9.660412488350229,-1.7240000000000002,-12.581871150003717
1072,-1.722,-9.448318902346278,-1.722,-12.295367589207286
1073,-1.7200000000000002,-9.24141808480675,-1.7200000000000002,-12.015529538623039
1074,-1.718,-9.039542364338224,-1.718,-11.74220269206925
1075,-1.7160000000000002,-8.842531202007752,-1.7160000000000002,-11.475235846409188
1076,-1.714,-8.650230881626038,-1.714,-11.214480901550635
1077,-1.7120000000000002,-8.462494216581112,-1.7120000000000002,-10.95979286044635
1078,-1.71,-8.279180272560192,-1.71,-10.711029829093627
1079,-1.7080000000000002,-8.100154105517,-1.7080000000000002,-10.468053016534721
1080,-1.706,-7.925286514256088,-1.706,-10.230726734856427
1081,-1.7040000000000002,-7.754453807025336,-1.7040000000000002,-9.998918399190496
1082,-1.702,-7.587537581522091,-1.702,-9.772498527713232
1083,-1.7000000000000002,-7.4244245177379025,-1.7000000000000002,-9.55134074164588
1084,-1.698,-7.219631068191445,-1.698,-9.27872581468255
1085,-1.6960000000000002,-6.969641230548583,-1.6960000000000002,-8.950337992694982
1086,-1.694,-7.209052824141555,-1.694,-9.230633558684117
1087,-1.6920000000000002,-8.197206215070224,-1.6920000000000002,-10.439302439508072
1088,-1.69,-9.812288495992135,-1.69,-12.425064535298056
1089,-1.6880000000000002,-11.571741081865657,-1.6880000000000002,-14.595270905064167
1090,-1.686,-13.260381091894786,-1.686,-16.688365574217453
1091,-1.6840000000000002,-14.911111139859377,-1.6840000000000002,-18.74835567125502
1092,-1.682,-16.51311299695365,-1.682,-20.765174924796767
1093,-1.6800000000000002,-18.06115423157827,-1.6800000000000002,-22.735182020187846
1094,-1.678,-19.555096557043587,-1.678,-24.660561511106582
1095,-1.6760000000000002,-20.99447206159777,-1.6760000000000002,-26.54267007946538
1096,-1.674,-22.378712341611976,-1.674,-28.382492340703187
1097,-1.6720000000000002,-23.707399511281093,-1.6720000000000002,-30.180870879655387
1098,-1.67,-24.9799842411657,-1.67,-31.938146361129597
1099,-1.6680000000000001,-26.195785082772574,-1.6680000000000001,-33.65415752990248
1100,-1.666,-27.353990341065973,-1.666,-35.32824121072284
1101,-1.6640000000000001,-28.453662062374637,-1.6640000000000001,-36.959232308308614
1102,-1.662,-29.49374169738789,-1.662,-38.54546380734979
1103,-1.6600000000000001,-30.47305699112843,-1.6600000000000001,-40.08476677250556
1104,-1.658,-31.390329644015868,-1.658,-41.57447034840711
1105,-1.6560000000000001,-32.09079312919288,-1.6560000000000001,-42.80673929372288
1106,-1.654,-32.09640143399539,-1.654,-43.12819169346711
1107,-1.6520000000000001,-31.58720150448909,-1.6520000000000001,-42.752555459754134
1108,-1.65,-30.766714507545405,-1.65,-41.93447726972172
1109,-1.6480000000000001,-29.79636294361485,-1.6480000000000001,-40.881300174467086
1110,-1.646,-28.797130110688,-1.646,-39.753063599045646
1111,-1.6440000000000001,-27.85131315812991,-1.6440000000000001,-38.662503342472725
1112,-1.642,-27.00413480998584,-1.642,-37.67505157772165
1113,-1.6400000000000001,-26.26507043623103,-1.6400000000000001,-36.80883685172569
1114,-1.638,-25.608838749285514,-1.638,-36.03468408537618
1115,-1.6360000000000001,-24.97609600198955,-1.6360000000000001,-35.27611457352423
1116,-1.634,-24.31688079297132,-1.634,-34.46664484186104
1117,-1.6320000000000001,-23.679932835306868,-1.6320000000000001,-33.671369608886366
1118,-1.63,-23.06732573969,-1.63,-32.894521896430966
1119,-1.6280000000000001,-22.47771395744947,-1.6280000000000001,-32.13569652952425
1120,-1.626,-21.909837236472004,-1.626,-31.394493049759788
1121,-1.624,-21.36251557635175,-1.624,-30.670515715296617
1122,-1.6219999999999999,-20.834644431039226,-1.6219999999999999,-29.96337350085795
1123,-1.62,-20.325190149758374,-1.62,-29.27268009773247
1124,-1.6179999999999999,-19.83318564712886,-1.6179999999999999,-28.598053913773057
1125,-1.616,-19.357726293614608,-1.616,-27.93911807339801
1126,-1.6139999999999999,-18.897963893030152,-1.6139999999999999,-27.295499703910707
1127,-1.612,-18.45293498466979,-1.612,-26.666775187839615
1128,-1.6099999999999999,-18.021863921731658,-1.6099999999999999,-26.052579169833958
1129,-1.608,-17.604148717516587,-1.608,-25.45259975789117
1130,-1.6059999999999999,-17.199215610356674,-1.6059999999999999,-24.86652948393042
1131,-1.604,-16.806517773816594,-1.604,-24.294065303793687
1132,-1.6019999999999999,-16.425534078812294,-1.6019999999999999,-23.734908597244697
1133,-1.6,-16.055767906220836,-1.6,-23.188765167969958
1134,-1.5979999999999999,-15.696746008569004,-1.5979999999999999,-22.655345243577784
1135,-1.596,-15.348017419412836,-1.596,-22.13436347559922
1136,-1.5939999999999999,-15.009152409034495,-1.5939999999999999,-21.625538939487132
1137,-1.592,-14.679741485107058,-1.592,-21.12859513461711
1138,-1.5899999999999999,-14.359394436992352,-1.5899999999999999,-20.64325998428659
1139,-1.588,-14.047739422360872,-1.588,-20.169265835715713
1140,-1.5859999999999999,-13.744422094837619,-1.5859999999999999,-19.706349460046464
1141,-1.584,-13.449104771401423,-1.584,-19.25425205234353
1142,-1.5819999999999999,-13.161465638280173,-1.5819999999999999,-18.81271923159346
1143,-1.58,-12.881197994108108,-1.58,-18.381501040705484
1144,-1.5779999999999998,-12.608009529126235,-1.5779999999999998,-17.96035194651072
1145,-1.576,-12.341621639230523,-1.576,-17.54903083976294
1146,-1.5739999999999998,-12.081768773687584,-1.5739999999999998,-17.14730103513782
1147,-1.572,-11.828197815361063,-1.572,-16.754930271233672
1148,-1.5699999999999998,-11.580667492307098,-1.5699999999999998,-16.371690710570736
1149,-1.568,-11.338947819620502,-1.568,-15.997358939591884
1150,-1.5659999999999998,-11.102819570428784,-1.5659999999999998,-15.631715968661908
1151,-1.564,-10.87207377495416,-1.564,-15.274547232068215
1152,-1.5619999999999998,-10.646511246579301,-1.5619999999999998,-14.925642588020168
1153,-1.56,-10.42594213387549,-1.56,-14.584796318649722
1154,-1.5580000000000003,-10.210185497567657,-1.5580000000000003,-14.251807130010873
1155,-1.556,-9.999094676516913,-1.556,-13.92649022567824
1156,-1.5540000000000003,-9.792660903317307,-1.5540000000000003,-13.60872757266162
1157,-1.552,-9.590769103486647,-1.552,-13.29835445000166
1158,-1.5500000000000003,-9.393287313045402,-1.5500000000000003,-12.995199320319893
1159,-1.548,-9.200089270361145,-1.548,-12.699094376309958
1160,-1.5460000000000003,-9.01105417518913,-1.5460000000000003,-12.40987554073817
1161,-1.544,-8.826066462481174,-1.544,-12.12738246644297
1162,-1.5420000000000003,-8.64501559032618,-1.5420000000000003,-11.851458536335443
1163,-1.54,-8.467772080403096,-1.54,-11.581921145943213
1164,-1.5380000000000003,-8.293535542401168,-1.5380000000000003,-11.317700506542657
1165,-1.536,-8.122223576506464,-1.536,-11.058652897336584
1166,-1.5340000000000003,-7.95662705745776,-1.5340000000000003,-10.808449397810193
1167,-1.532,-7.802571532258803,-1.532,-10.574741903354123
1168,-1.5300000000000002,-7.701959388677354,-1.5300000000000002,-10.412366487026766
1169,-1.528,-7.963109276442971,-1.528,-10.72500495600579
1170,-1.5260000000000002,-8.836579869226101,-1.5260000000000002,-11.838331652053235
1171,-1.524,-10.283404957706223,-1.524,-13.699525853052249
1172,-1.5220000000000002,-11.969097366920161,-1.5220000000000002,-15.874810305076899
1173,-1.52,-13.564911851341208,-1.52,-17.941086399752763
1174,-1.5180000000000002,-15.12379183658903,-1.5180000000000002,-19.97059915141523
1175,-1.516,-16.638863695034097,-1.516,-21.95780417139871
1176,-1.5140000000000002,-18.106034260958758,-1.5140000000000002,-23.90033087242405
1177,-1.512,-19.5238399239484,-1.512,-25.79878614601749
1178,-1.5100000000000002,-20.891063563431047,-1.5100000000000002,-27.653707651500095
1179,-1.508,-22.20692228585249,-1.508,-29.465828608272194
1180,-1.5060000000000002,-23.47100624161738,-1.5060000000000002,-31.23602711987767
1181,-1.504,-24.683150034700013,-1.504,-32.96518413316497
1182,-1.5020000000000002,-25.843415502929638,-1.5020000000000002,-34.654183438284
1183,-1.5,-26.9520751891987,-1.5,-36.30391166868916
1184,-1.4980000000000002,-28.009596491358757,-1.4980000000000002,-37.91525830113638
1185,-1.496,-29.016626478492434,-1.496,-39.489115655686014
1186,-1.4940000000000002,-29.973977361139646,-1.4940000000000002,-41.026378895699985
1187,-1.492,-30.902101261603452,-1.492,-42.5559194473741
1188,-1.4900000000000002,-31.67522217180087,-1.4900000000000002,-43.90327942952733
1189,-1.488,-32.07935596222761,-1.488,-44.76106247120817
1190,-1.4860000000000002,-32.013683517308635,-1.4860000000000002,-44.971079333913124
1191,-1.484,-31.488923198238687,-1.484,-44.528230895291415
1192,-1.4820000000000002,-30.62297903267086,-1.4820000000000002,-43.58050814914466
1193,-1.48,-29.63724566947056,-1.48,-42.4289922054262
1194,-1.4780000000000002,-28.781610751009747,-1.4780000000000002,-41.42586551328304
1195,-1.476,-27.981251062366983,-1.476,-40.471811622536805
1196,-1.4740000000000002,-27.213845098156046,-1.4740000000000002,-39.538244088744406
1197,-1.472,-26.477898475377632,-1.472,-38.625471298571604
1198,-1.4700000000000002,-25.771878127745644,-1.4700000000000002,-37.73356423785301
1199,-1.468,-25.094208783121235,-1.468,-36.86235649159041
1200,-1.4660000000000002,-24.443268688290182,-1.4660000000000002,-36.01144424395442
1201,-1.464,-23.81736347185552,-1.464,-35.18020429602937
1202,-1.4620000000000002,-23.2147297276454,-1.4620000000000002,-34.36813203862183
1203,-1.46,-22.634119710644068,-1.46,-33.57483444437194
1204,-1.4580000000000002,-22.074435117798068,-1.4580000000000002,-32.7999066480861
1205,-1.456,-21.53463416291665,-1.456,-32.04294961105643
1206,-1.4540000000000002,-21.013728883415357,-1.4540000000000002,-31.303570121062183
1207,-1.452,-20.510782557265035,-1.452,-30.581380792368368
1208,-1.4500000000000002,-20.02490722695554,-1.4500000000000002,-29.876000065727084
1209,-1.448,-19.555261327323556,-1.448,-29.187052208376226
1210,-1.4460000000000002,-19.101047414149473,-1.4460000000000002,-28.51416731404072
1211,-1.444,-18.6615099904693,-1.444,-27.85698130293136
1212,-1.4420000000000002,-18.23593342760226,-1.4420000000000002,-27.21513592174594
1213,-1.44,-17.823639977936278,-1.44,-26.588278743668113
1214,-1.4380000000000002,-17.42398787656807,-1.4380000000000002,-25.976063168368512
1215,-1.436,-17.03636952893612,-1.436,-25.378148422003697
1216,-1.4340000000000002,-16.660209781639164,-1.4340000000000002,-24.794199557217144
1217,-1.432,-16.29496427367492,-1.432,-24.22388745313829
1218,-1.4300000000000002,-15.94011786538727,-1.4300000000000002,-23.66688881538347
1219,-1.428,-15.595183142453104,-1.428,-23.122886176054976
1220,-1.4260000000000002,-15.259698992292913,-1.4260000000000002,-22.591567893742024
1221,-1.424,-14.933229250332403,-1.424,-22.072628153519783
1222,-1.4220000000000002,-14.615361413595354,-1.4220000000000002,-21.565766966950306
1223,-1.42,-14.30570541915113,-1.42,-21.070690172081648
1224,-1.4180000000000001,-14.003892484992937,-1.4180000000000001,-20.587109433448724
1225,-1.416,-13.709574010966465,-1.416,-20.11474224207245
1226,-1.4140000000000001,-13.42242053742108,-1.4140000000000001,-19.65331191546061
1227,-1.412,-13.142120759299214,-1.412,-19.20254759760699
1228,-1.4100000000000001,-12.868380593432152,-1.4100000000000001,-18.762184258992228
1229,-1.408,-12.600971195261588,-1.408,-18.33197913432718
1230,-1.4060000000000001,-12.339881219785722,-1.4060000000000001,-17.911766134148877
1231,-1.404,-12.084922070229894,-1.404,-17.501324601229438
1232,-1.4020000000000001,-11.83588500635475,-1.4020000000000001,-17.100428437469873
1233,-1.4,-11.59257151065869,-1.4,-16.708856244467412
1234,-1.3980000000000001,-11.354792793487036,-1.3980000000000001,-16.326391323516173
1235,-1.396,-11.122369326057923,-1.396,-15.952821675606476
1236,-1.3940000000000001,-10.895130400250576,-1.3940000000000001,-15.587940001425535
1237,-1.392,-10.67291371402991,-1.392,-15.231543701356784
1238,-1.3900000000000001,-10.455564981416147,-1.3900000000000001,-14.883434875480525
1239,-1.388,-10.242937565936469,-1.388,-14.543420323573296
1240,-1.3860000000000001,-10.034847055425898,-1.3860000000000001,-14.211256863999981
1241,-1.384,-9.830888554973496,-1.384,-13.886400109691351
1242,-1.3820000000000001,-9.630800219152125,-1.3820000000000001,-13.56846445232377
1243,-1.38,-9.434519059304968,-1.38,-13.257342127202998
1244,-1.3780000000000001,-9.242175069524727,-1.3780000000000001,-12.95319408654958
1245,-1.376,-9.054094758507912,-1.376,-12.656449999498285
1246,-1.374,-8.870804709922746,-1.374,-12.36780825209865
1247,-1.3719999999999999,-8.69303515140007,-1.3719999999999999,-12.088235947314454
1248,-1.37,-8.521723505636633,-1.37,-11.81896890502422
1249,-1.3679999999999999,-8.358017890475187,-1.3679999999999999,-11.56151166202074
1250,-1.366,-8.203280528205545,-1.366,-11.317637472011526
1251,-1.3639999999999999,-8.24318621519681,-1.3639999999999999,-11.335559232107089
1252,-1.362,-8.920972681026877,-1.362,-12.205545124224507
1253,-1.3599999999999999,-10.053875428678928,-1.3599999999999999,-13.681128915524647
1254,-1.358,-11.455113197450592,-1.358,-15.514757233904882
1255,-1.3559999999999999,-12.978128426173734,-1.3559999999999999,-17.515549996965117
1256,-1.354,-14.518164812415753,-1.354,-19.54930041200473
1257,-1.3519999999999999,-16.01375091731522,-1.3519999999999999,-21.53847497602597
1258,-1.35,-17.447769844399758,-1.35,-23.462213475730447
1259,-1.3479999999999999,-18.846409858408336,-1.3479999999999999,-25.354385370979543
1260,-1.346,-20.210276724906752,-1.346,-27.219081655438046
1261,-1.3439999999999999,-21.524987783954487,-1.3439999999999999,-29.040997844575898
1262,-1.342,-22.789908135615,-1.342,-30.82091847136494
1263,-1.3399999999999999,-24.004669725296413,-1.3399999999999999,-32.55965441961663
1264,-1.338,-25.169154721522137,-1.338,-34.25804292397882
1265,-1.3359999999999999,-26.283479387543775,-1.3359999999999999,-35.91694756993891
1266,-1.334,-27.347978456107686,-1.334,-37.537258293820784
1267,-1.3319999999999999,-28.36319001595429,-1.3319999999999999,-39.11989138278778
1268,-1.33,-29.42334633756651,-1.33,-40.79624239310198
1269,-1.3279999999999998,-30.587930016285423,-1.3279999999999998,-42.65359599409019
1270,-1.326,-31.583463396497784,-1.326,-44.31115166285883
1271,-1.3239999999999998,-32.21527445834868,-1.3239999999999998,-45.48746378468107
1272,-1.322,-32.38074586471674,-1.322,-46.02233207131054
1273,-1.3199999999999998,-32.066096851348526,-1.3199999999999998,-45.876801560983296
1274,-1.318,-31.34292179853856,-1.318,-45.13316261841686
1275,-1.3159999999999998,-30.36491114081153,-1.3159999999999998,-43.994950934810106
1276,-1.314,-29.36519796015383,-1.314,-42.7869475278443
1277,-1.3119999999999998,-28.53737977131911,-1.3119999999999998,-41.788519640096396
1278,-1.31,-27.754240741220514,-1.31,-40.82615175008664
1279,-1.3079999999999998,-27.003021916633685,-1.3079999999999998,-39.88440789538659
1280,-1.306,-26.282257512139186,-1.306,-38.96355693606582
1281,-1.3040000000000003,-25.59047225958988,-1.3040000000000003,-38.06367446481889
1282,-1.302,-24.92617727150922,-1.302,-37.184642806966
1283,-1.3000000000000003,-24.287865350931064,-1.3000000000000003,-36.326151020453594
1284,-1.298,-23.67400584272797,-1.298,-35.48769489585293
1285,-1.2960000000000003,-23.0829996393902,-1.2960000000000003,-34.66859806688491
1286,-1.294,-22.51312469907265,-1.294,-33.868347604721855
1287,-1.2920000000000003,-21.96328523704205,-1.2920000000000003,-33.08655983873501
1288,-1.29,-21.432537782605774,-1.29,-32.32284428392486
1289,-1.2880000000000003,-20.919983605737634,-1.2880000000000003,-31.576815663004027
1290,-1.286,-20.42476675189284,-1.286,-30.848093906395917
1291,-1.2840000000000003,-19.946072148551863,-1.2840000000000003,-30.136304152236036
1292,-1.282,-19.48312378183505,-1.282,-29.441076746370697
1293,-1.2800000000000002,-19.03518294155153,-1.2800000000000002,-28.76204724235828
1294,-1.278,-18.60154653305299,-1.278,-28.098856401468016
1295,-1.2760000000000002,-18.181545454283953,-1.2760000000000002,-27.451150192681162
1296,-1.274,-17.77454303642801,-1.274,-26.818579792689857
1297,-1.2720000000000002,-17.379933546569745,-1.2720000000000002,-26.20080158589824
1298,-1.27,-16.997140750800522,-1.27,-25.59747716442136
1299,-1.2680000000000002,-16.625616536216135,-1.2680000000000002,-25.008273328086236
1300,-1.266,-16.264839590263197,-1.266,-24.432862084430823
1301,-1.2640000000000002,-15.914314135910468,-1.2640000000000002,-23.870920648705027
1302,-1.262,-15.573568721130627,-1.262,-23.322131443869708
1303,-1.2600000000000002,-15.24215506119713,-1.2600000000000002,-22.786182100597657
1304,-1.258,-14.919646932310089,-1.258,-22.262765457272632
1305,-1.2560000000000002,-14.605639115084282,-1.2560000000000002,-21.75157955999032
1306,-1.254,-14.299746386441726,-1.254,-21.252327662557374
1307,-1.2520000000000002,-14.00160255847033,-1.2520000000000002,-20.764718226492363
1308,-1.25,-13.710859562819616,-1.25,-20.28846492102486
1309,-1.2480000000000002,-13.427186579223347,-1.2480000000000002,-19.823286623096315
1310,-1.246,-13.150269206748698,-1.246,-19.368907417359196
1311,-1.2440000000000002,-12.879808676390052,-1.2440000000000002,-18.92505659617784
1312,-1.242,-12.615521103635777,-1.242,-18.491468659627632
1313,-1.2400000000000002,-12.357136779654283,-1.2400000000000002,-18.067883315495788
1314,-1.238,-12.104399499756349,-1.238,-17.654045479280587
1315,-1.2360000000000002,-11.857065927808401,-1.2360000000000002,-17.249705274192134
1316,-1.234,-11.615037483770001,-1.234,-16.8546629555506
1317,-1.2320000000000002,-11.37841741076122,-1.2320000000000002,-16.468794455249007
1318,-1.23,-11.147050245045513,-1.23,-16.09189469380057
1319,-1.2280000000000002,-10.920776521224608,-1.2280000000000002,-15.723758786197315
1320,-1.226,-10.699443473840827,-1.226,-15.364185681903841
1321,-1.2240000000000002,-10.482904731156085,-1.2240000000000002,-15.012978164857959
1322,-1.222,-10.271020026186855,-1.222,-14.669942853470069
1323,-1.2200000000000002,-10.063654924329008,-1.2200000000000002,-14.334890200623775
1324,-1.218,-9.86068056691862,-1.218,-14.007634493675283
1325,-1.2160000000000002,-9.661973430093202,-1.2160000000000002,-13.687993854453987
1326,-1.214,-9.467415098329854,-1.214,-13.375790239261889
1327,-1.2120000000000002,-9.276892052055302,-1.2120000000000002,-13.070849438874184
1328,-1.21,-9.090295468734876,-1.21,-12.77300107853867
1329,-1.2080000000000002,-8.907521036865697,-1.2080000000000002,-12.48207861797633
1330,-1.206,-8.728468782311817,-1.206,-12.197919351380776
1331,-1.2040000000000002,-8.55304290643689,-1.2040000000000002,-11.920364407418774
1332,-1.202,-8.381151635502688,-1.202,-11.64925874922974
1333,-1.2000000000000002,-8.110395664120373,-1.2000000000000002,-11.246230651576498
1334,-1.198,-7.903530349005877,-1.198,-10.931254981033943
1335,-1.1960000000000002,-8.25313666718716,-1.1960000000000002,-11.36463879244024
1336,-1.194,-9.30701713944066,-1.194,-12.73928033089394
1337,-1.1920000000000002,-10.845650696716685,-1.1920000000000002,-14.759738147038096
1338,-1.19,-12.414800426348382,-1.19,-16.82442430711632
1339,-1.1880000000000002,-13.961481764499908,-1.1880000000000002,-18.866315409526383
1340,-1.186,-15.476340515109271,-1.186,-20.876672952861572
1341,-1.1840000000000002,-16.94787556208297,-1.1840000000000002,-22.843612274681956
1342,-1.182,-18.37217996690393,-1.182,-24.764859601634125
1343,-1.1800000000000002,-19.74958159117028,-1.1800000000000002,-26.643321449216955
1344,-1.178,-21.078202273493435,-1.178,-28.47862900604384
1345,-1.1760000000000002,-22.357344979098276,-1.1760000000000002,-30.27160452443593
1346,-1.174,-23.58658130712139,-1.174,-32.0230922516613
1347,-1.1720000000000002,-24.765728837362495,-1.1720000000000002,-33.73395078404888
1348,-1.17,-25.89483487953189,-1.17,-35.40505306699155
1349,-1.1680000000000001,-26.97416079533455,-1.1680000000000001,-37.037286394943145
1350,-1.166,-28.00416689229214,-1.166,-38.63155241142141
1351,-1.1640000000000001,-28.99638665386442,-1.1640000000000001,-40.203941132848904
1352,-1.162,-30.119651727735402,-1.162,-41.99201609113
1353,-1.1600000000000001,-31.184296118907877,-1.1600000000000001,-43.73452028929783
1354,-1.158,-31.946522266445026,-1.158,-45.084490772337766
1355,-1.1560000000000001,-32.26275488495912,-1.1560000000000001,-45.826070861550164
1356,-1.154,-32.08639378167086,-1.154,-45.874510154552574
1357,-1.1520000000000001,-31.46416190010092,-1.1520000000000001,-45.27616452527852
1358,-1.15,-30.53251681110416,-1.15,-44.20849612397759
1359,-1.1480000000000001,-29.514605136950614,-1.1480000000000001,-42.98007337721637
1360,-1.146,-28.659371960818252,-1.146,-41.946968421733665
1361,-1.1440000000000001,-27.871090065220958,-1.1440000000000001,-40.980870183352366
1362,-1.142,-27.115086496275467,-1.142,-40.03554391883259
1363,-1.1400000000000001,-26.389845694081107,-1.1400000000000001,-39.1112179655349
1364,-1.138,-25.69385256048692,-1.138,-38.20793889501958
1365,-1.1360000000000001,-25.025588033526613,-1.1360000000000001,-37.32557151304825
1366,-1.134,-24.383524161130147,-1.134,-36.46379885958228
1367,-1.1320000000000001,-23.766118763616408,-1.1320000000000001,-35.622122208784326
1368,-1.13,-23.17176252940212,-1.13,-34.79988523787273
1369,-1.1280000000000001,-22.598757913174946,-1.1280000000000001,-33.99658667137356
1370,-1.126,-22.046007532616414,-1.126,-33.2118349766796
1371,-1.124,-21.512544647151177,-1.124,-32.445235580447736
1372,-1.1219999999999999,-20.99744934795989,-1.1219999999999999,-31.69639928661293
1373,-1.12,-20.49984645308634,-1.12,-30.964942276389607
1374,-1.1179999999999999,-20.01890348209295,-1.1179999999999999,-30.25048610827031
1375,-1.116,-19.55382870829448,-1.116,-29.552657718027007
1376,-1.1139999999999999,-19.10386928661368,-1.1139999999999999,-28.871089418709836
1377,-1.112,-18.66830945513038,-1.112,-28.2054189006483
1378,-1.1099999999999999,-18.246468808409954,-1.1099999999999999,-27.555289231450118
1379,-1.108,-17.837700640724474,-1.108,-26.920348856002352
1380,-1.1059999999999999,-17.441390357294637,-1.1059999999999999,-26.300251596470293
1381,-1.104,-17.0569539517075,-1.104,-25.69465665229856
1382,-1.1019999999999999,-16.68383654768033,-1.1019999999999999,-25.10322860021
1383,-1.1,-16.321511003367334,-1.1,-24.525637394206797
1384,-1.0979999999999999,-15.96947657642171,-1.0979999999999999,-23.961558365569392
1385,-1.096,-15.62725764805167,-1.096,-23.410672222857507
1386,-1.0939999999999999,-15.294402504324898,-1.0939999999999999,-22.872665051909152
1387,-1.092,-14.970482173001942,-1.092,-22.34722831584161
1388,-1.0899999999999999,-14.655089314195148,-1.0899999999999999,-21.834058855050458
1389,-1.088,-14.347837163175438,-1.088,-21.33285888721055
1390,-1.0859999999999999,-14.048358523665572,-1.0859999999999999,-20.84333600727503
1391,-1.084,-13.756304809984197,-1.084,-20.36520318747629
1392,-1.0819999999999999,-13.471345136421231,-1.0819999999999999,-19.898178777325068
1393,-1.08,-13.19316545225084,-1.08,-19.441986503611304
1394,-1.0779999999999998,-12.921467720804628,-1.0779999999999998,-18.99635547040332
1395,-1.076,-12.655969141053065,-1.076,-18.561020159048592
1396,-1.0739999999999998,-12.396401410160033,-1.0739999999999998,-18.135720428173023
1397,-1.072,-12.14251002550014,-1.072,-17.720201513681655
1398,-1.0699999999999998,-11.894107384017502,-1.0699999999999998,-17.31423189428385
1399,-1.068,-11.651282909304221,-1.068,-16.917677574504886
1400,-1.0659999999999998,-11.413905681051887,-1.0659999999999998,-16.53033905649424
1401,-1.064,-11.181807044960898,-1.064,-16.152006133613806
1402,-1.0619999999999998,-10.95482554084244,-1.0619999999999998,-15.782472504579932
1403,-1.06,-10.732806569951032,-1.06,-15.421535773464084
1404,-1.0579999999999998,-10.515602080794961,-1.0579999999999998,-15.068997449692212
1405,-1.056,-10.303070272717223,-1.056,-14.724662948045367
1406,-1.0539999999999998,-10.095075316552455,-1.0539999999999998,-14.38834158865911
1407,-1.052,-9.891487091684413,-1.052,-14.05984659702407
1408,-1.0500000000000003,-9.692180938841725,-1.0500000000000003,-13.738995103985472
1409,-1.048,-9.497037427988227,-1.048,-13.425608145743332
1410,-1.0460000000000003,-9.305942140678674,-1.0460000000000003,-13.11951066385268
1411,-1.044,-9.118785466266635,-1.044,-12.820531505223059
1412,-1.0420000000000003,-8.935462411369038,-1.0420000000000003,-12.52850342211908
1413,-1.04,-8.75587242200541,-1.04,-12.243263072159891
1414,-1.0380000000000003,-8.579919217848563,-1.0380000000000003,-11.96465101831969
1415,-1.036,-8.37453825217018,-1.036,-11.647800066226825
1416,-1.0340000000000003,-8.037826048988865,-1.0340000000000003,-11.155116305760444
1417,-1.032,-7.994830300197609,-1.032,-11.060638837671835
1418,-1.0300000000000002,-8.539948042127627,-1.0300000000000002,-11.756616855941402
1419,-1.028,-9.703018618133406,-1.028,-13.278510375890107
1420,-1.0260000000000002,-11.244137298403793,-1.0260000000000002,-15.304990234178213
1421,-1.024,-12.795276161379203,-1.024,-17.349454377750984
1422,-1.0220000000000002,-14.329305916296667,-1.0220000000000002,-19.37902037645108
1423,-1.02,-15.83155568383813,-1.02,-21.377802999201112
1424,-1.0180000000000002,-17.290414591339275,-1.0180000000000002,-23.333661137035673
1425,-1.016,-18.701282381431966,-1.016,-25.243307172555046
1426,-1.0140000000000002,-20.065115085774032,-1.0140000000000002,-27.110379441207638
1427,-1.012,-21.380336795739826,-1.012,-28.934824340129087
1428,-1.0100000000000002,-22.646098676686453,-1.0100000000000002,-30.71718562424313
1429,-1.008,-23.86202667813127,-1.008,-32.458305757310676
1430,-1.0060000000000002,-25.027986836948575,-1.0060000000000002,-34.159040126392654
1431,-1.004,-26.144069029071435,-1.004,-35.820257041853175
1432,-1.0020000000000002,-27.210571310544623,-1.0020000000000002,-37.44283773735644
1433,-1.0,-28.22798484499985,-1.0,-39.02767636986971
1434,-0.9980000000000002,-29.207296542729306,-0.9980000000000002,-40.59008485559683
1435,-0.996,-30.32113088439157,-0.996,-42.37337595859159
1436,-0.9940000000000002,-31.37036014124696,-0.9940000000000002,-44.10249884892245
1437,-0.992,-32.099451025103335,-0.992,-45.41276612052772
1438,-0.9900000000000002,-32.36255383748746,-0.9900000000000002,-46.08376313123109
1439,-0.988,-32.11989666931475,-0.988,-46.03934800274366
1440,-0.9860000000000002,-31.433777372286396,-0.9860000000000002,-45.347651620662894
1441,-0.984,-30.464682263007774,-0.984,-44.2210776344726
1442,-0.9820000000000002,-29.468080184596232,-0.9820000000000002,-43.01630245754393
1443,-0.98,-28.641145765944657,-0.98,-42.018686221732025
1444,-0.9780000000000002,-27.854585473589612,-0.9780000000000002,-41.05089824344632
1445,-0.976,-27.100166627839656,-0.976,-40.10386318115354
1446,-0.9740000000000002,-26.376433895162563,-0.9740000000000002,-39.17789125758435
1447,-0.972,-25.681902290435776,-0.972,-38.273067247496606
1448,-0.9700000000000002,-25.015053332262667,-0.9700000000000002,-37.389250477676995
1449,-0.968,-24.374330516821235,-0.968,-36.526074826939436
1450,-0.9660000000000002,-23.758134221636706,-0.9660000000000002,-35.68294872612665
1451,-0.964,-23.164764215131395,-0.964,-34.85923391205576
1452,-0.9620000000000002,-22.592826248118904,-0.9620000000000002,-34.05455515631113
1453,-0.96,-22.04125514843803,-0.96,-33.268502839459806
1454,-0.9580000000000002,-21.509041439054602,-0.9580000000000002,-32.5006725788374
1455,-0.956,-20.995227790480573,-0.956,-31.750665922059405
1456,-0.9540000000000002,-20.4989065156735,-0.9540000000000002,-31.018090347022532
1457,-0.952,-20.01921716897016,-0.952,-30.302559261903383
1458,-0.9500000000000002,-19.555344245995524,-0.9500000000000002,-29.603692005159758
1459,-0.948,-19.1065149815274,-0.948,-28.92111384552939
1460,-0.9460000000000002,-18.67199724235121,-0.9460000000000002,-28.254455982031164
1461,-0.944,-18.25109751217937,-0.944,-27.60335554396392
1462,-0.9420000000000002,-17.84315896576303,-0.9420000000000002,-26.967455590907633
1463,-0.94,-17.447559629364747,-0.94,-26.346405112722273
1464,-0.9380000000000002,-17.06371062481324,-0.9380000000000002,-25.7398590295489
1465,-0.9359999999999999,-16.691054494402696,-0.9359999999999999,-25.14747819180859
1466,-0.9340000000000002,-16.329063603951372,-0.9340000000000002,-24.5689293802035
1467,-0.9319999999999999,-15.977238621375799,-0.9319999999999999,-24.003885305715826
1468,-0.9300000000000002,-15.63510706818886,-0.9300000000000002,-23.45202460960882
1469,-0.9279999999999999,-15.302221941371949,-0.9279999999999999,-22.91303186342578
1470,-0.9260000000000002,-14.97816040312305,-0.9260000000000002,-22.38659756899105
1471,-0.9239999999999999,-14.66252253602473,-0.9239999999999999,-21.872418158409058
1472,-0.9220000000000002,-14.354930161227516,-0.9220000000000002,-21.370195994065227
1473,-0.9199999999999999,-14.055025717286485,-0.9199999999999999,-20.879639368625096
1474,-0.9180000000000001,-13.762471197340096,-0.9180000000000001,-20.400462505035197
1475,-0.9159999999999999,-13.476947142362905,-0.9159999999999999,-19.932385556522174
1476,-0.9140000000000001,-13.198151688274876,-0.9140000000000001,-19.47513460659364
1477,-0.9119999999999999,-12.925799664732589,-0.9119999999999999,-19.028441669037367
1478,-0.9100000000000001,-12.65964504493522,-0.9100000000000001,-18.59205261801733
1479,-0.9079999999999999,-12.399663722550118,-0.9079999999999999,-18.165791891297683
1480,-0.9060000000000001,-12.14569598111534,-0.9060000000000001,-17.749443035443942
1481,-0.9039999999999999,-11.897539652364888,-0.9039999999999999,-17.342776789528177
1482,-0.9020000000000001,-11.65500243837577,-0.9020000000000001,-16.94556864450933
1483,-0.8999999999999999,-11.417901433719047,-0.8999999999999999,-16.557598843232437
1484,-0.8980000000000001,-11.186062674816075,-0.8980000000000001,-16.17865238042938
1485,-0.8959999999999999,-10.95932071537108,-0.8959999999999999,-15.80851900271817
1486,-0.8940000000000001,-10.737518226785065,-0.8940000000000001,-15.446993208603628
1487,-0.8919999999999999,-10.520505622483482,-0.8919999999999999,-15.093874248476727
1488,-0.8900000000000001,-10.308140705123751,-0.8900000000000001,-14.748966124615244
1489,-0.8879999999999999,-10.100253177264682,-0.8879999999999999,-14.412035253596986
1490,-0.8860000000000001,-9.896373830367748,-0.8860000000000001,-14.082447089123452
1491,-0.8839999999999999,-9.696159289890607,-0.8839999999999999,-13.759689240205468
1492,-0.8820000000000001,-9.499537257876634,-0.8820000000000001,-13.443628701545562
1493,-0.8799999999999999,-9.306691744972769,-0.8799999999999999,-13.13449410835668
1494,-0.8780000000000001,-9.118068067027234,-0.8780000000000001,-12.832875736362745
1495,-0.8759999999999999,-8.934377872081358,-0.8759999999999999,-12.539725501798104
1496,-0.8740000000000001,-8.756604169784652,-0.8740000000000001,-12.256356961408075
1497,-0.8719999999999999,-8.586006322778468,-0.8719999999999999,-11.98444531244841
1498,-0.8700000000000001,-8.42412494711504,-0.8700000000000001,-11.726027392685815
1499,-0.8679999999999999,-8.272786656294992,-0.8679999999999999,-11.483501680397456
1500,-0.8660000000000001,-8.274129732346927,-0.8660000000000001,-11.448036176280807
1501,-0.8639999999999999,-8.935019246087453,-0.8639999999999999,-12.299168421953565
1502,-0.8620000000000001,-10.083247483472213,-0.8620000000000001,-13.80257648706582
1503,-0.8599999999999999,-11.509439587003975,-0.8599999999999999,-15.678695976076094
1504,-0.8580000000000001,-13.051587622495818,-0.8580000000000001,-17.714927624894454
1505,-0.8559999999999999,-14.59685944874056,-0.8559999999999999,-19.7656373008856
1506,-0.8540000000000001,-16.083256733413947,-0.8540000000000001,-21.752156002865444
1507,-0.8519999999999999,-17.500757077579724,-0.8519999999999999,-23.662779861104617
1508,-0.8500000000000001,-18.88833836436075,-0.8500000000000001,-25.54842251292441
1509,-0.8479999999999999,-20.24283179390619,-0.8479999999999999,-27.40859945201878
1510,-0.8460000000000001,-21.54866877959174,-0.8460000000000001,-29.226117682732905
1511,-0.8439999999999999,-22.805201981380478,-0.8439999999999999,-31.00174590849725
1512,-0.8420000000000001,-24.012052933221586,-0.8420000000000001,-32.73628432542839
1513,-0.8399999999999999,-25.169095657707306,-0.8399999999999999,-34.43056462233226
1514,-0.8380000000000001,-26.276440731896344,-0.8380000000000001,-36.08544998070102
1515,-0.8359999999999999,-27.33441981807778,-0.8359999999999999,-37.70183507471605
1516,-0.8340000000000001,-28.34357067236734,-0.8340000000000001,-39.28064607124506
1517,-0.8319999999999999,-29.44819233782233,-0.8319999999999999,-41.02438925603519
1518,-0.8300000000000001,-30.60733296827575,-0.8300000000000001,-42.8807125813425
1519,-0.8279999999999998,-31.57789927152366,-0.8279999999999998,-44.508129691406545
1520,-0.8260000000000001,-32.19563136311441,-0.8260000000000001,-45.66642839922227
1521,-0.8239999999999998,-32.37302457142022,-0.8239999999999998,-46.216801157727815
1522,-0.8220000000000001,-32.09663228657143,-0.8220000000000001,-46.121845059802624
1523,-0.8199999999999998,-31.42416937234966,-0.8199999999999998,-45.445561838268326
1524,-0.8180000000000001,-30.48175095024408,-0.8180000000000001,-44.35335786588892
1525,-0.8159999999999998,-29.461610350882545,-0.8159999999999998,-43.11204415536967
1526,-0.8140000000000001,-28.593591728555378,-0.8140000000000001,-42.051353678621254
1527,-0.8119999999999998,-27.81002139097054,-0.8119999999999998,-41.082856731130555
1528,-0.81,-27.058512775851685,-0.81,-40.13527253430808
1529,-0.8079999999999998,-26.337495571732823,-0.8079999999999998,-39.20872496430273
1530,-0.806,-25.645432255317406,-0.806,-38.30320387915044
1531,-0.8039999999999998,-24.9808129960043,-0.8039999999999998,-37.418565118772484
1532,-0.802,-24.342150266474864,-0.802,-36.554530504977144
1533,-0.7999999999999998,-23.72797322355838,-0.7999999999999998,-35.710687841458075
1534,-0.798,-23.136821916661308,-0.798,-34.8864909137959
1535,-0.7959999999999998,-22.567171213862625,-0.7959999999999998,-34.08130890670284
1536,-0.794,-22.01756217866045,-0.794,-33.294704058263186
1537,-0.7920000000000003,-21.48701283540332,-0.7920000000000003,-32.52628475930797
1538,-0.79,-20.974612794087005,-0.79,-31.77566038656806
1539,-0.7880000000000003,-20.479496633878558,-0.7880000000000003,-31.04244582492029
1540,-0.786,-20.00084182689671,-0.786,-30.32626146738633
1541,-0.7840000000000003,-19.53786674398218,-0.7840000000000003,-29.62673321513399
1542,-0.782,-19.089828740256998,-0.782,-28.9434924774759
1543,-0.7800000000000002,-18.65602231830627,-0.7800000000000002,-28.27617617187084
1544,-0.778,-18.235777366837045,-0.778,-27.624426723922433
1545,-0.7760000000000002,-17.82845747270316,-0.7760000000000002,-26.98789206738041
1546,-0.774,-17.433458304206493,-0.774,-26.366225644139377
1547,-0.7720000000000002,-17.05020606361891,-0.7720000000000002,-25.759086404240026
1548,-0.77,-16.678156006891026,-0.77,-25.166138805867952
1549,-0.7680000000000002,-16.31679102854751,-0.7680000000000002,-24.587052815354795
1550,-0.766,-15.965620309790781,-0.766,-24.02150390717715
1551,-0.7640000000000002,-15.624178027868327,-0.7640000000000002,-23.469173063957598
1552,-0.762,-15.292022124781072,-0.762,-22.929746776463723
1553,-0.7600000000000002,-14.96873313344355,-0.7600000000000002,-22.40291704360908
1554,-0.758,-14.653913059429044,-0.758,-21.888381372452226
1555,-0.7560000000000002,-14.34718431646582,-0.7560000000000002,-21.385842778197674
1556,-0.754,-14.048188713873401,-0.754,-20.895009784194954
1557,-0.7520000000000002,-13.756586494160402,-0.7520000000000002,-20.415596421939558
1558,-0.75,-13.472055419028552,-0.75,-19.947322231072
1559,-0.7480000000000002,-13.194289902059959,-0.7480000000000002,-19.489912259378716
1560,-0.746,-12.923000186387915,-0.746,-19.04309706279121
1561,-0.7440000000000002,-12.657911565683687,-0.7440000000000002,-18.606612705386887
1562,-0.742,-12.398763646815375,-0.742,-18.180200759388224
1563,-0.7400000000000002,-12.145309652566675,-0.7400000000000002,-17.763608305163583
1564,-0.738,-11.8973996076345,-0.738,-17.35661666487904
1565,-0.7360000000000002,-11.655064254672485,-0.7360000000000002,-16.959075068870256
1566,-0.734,-11.418142358406326,-0.734,-16.570773072635742
1567,-0.7320000000000002,-11.18646687536921,-0.7320000000000002,-16.19149974735002
1568,-0.73,-10.959877889260328,-0.73,-15.821048096957131
1569,-0.7280000000000002,-10.73822228147669,-0.7280000000000002,-15.459215058171262
1570,-0.726,-10.521353420043601,-0.726,-15.105801500476122
1571,-0.7240000000000002,-10.309130866237142,-0.7240000000000002,-14.760612226125572
1572,-0.722,-10.101420098204793,-0.722,-14.423455970143
1573,-0.7200000000000002,-9.898092250909679,-0.7200000000000002,-14.094145400321924
1574,-0.718,-9.699023871736797,-0.718,-13.77249711722542
1575,-0.7160000000000002,-9.504096691118791,-0.7160000000000002,-13.458331654186672
1576,-0.714,-9.313197407551991,-0.714,-13.151473477308427
1577,-0.7120000000000002,-9.126217486392292,-0.7120000000000002,-12.85175098546354
1578,-0.71,-8.943052971833865,-0.71,-12.558996510294435
1579,-0.7080000000000002,-8.763604311492479,-0.7080000000000002,-12.273046316213634
1580,-0.706,-8.587776193028523,-0.706,-11.993740600403243
1581,-0.7040000000000002,-8.353189541774988,-0.7040000000000002,-11.636279511380394
1582,-0.702,-8.016274854739638,-0.702,-11.142115530445906
1583,-0.7000000000000002,-7.969007312947854,-0.7000000000000002,-11.04139929936176
1584,-0.698,-8.458020114932292,-0.698,-11.662730782753286
1585,-0.6960000000000002,-9.530075803711242,-0.6960000000000002,-13.064449763521143
1586,-0.694,-11.027952073865718,-0.694,-15.034635842842471
1587,-0.6920000000000002,-12.608584522744104,-0.6920000000000002,-17.118961627905126
1588,-0.69,-14.143836733049806,-0.69,-19.15053580886015
1589,-0.6880000000000002,-15.647947751483951,-0.6880000000000002,-21.151649908629008
1590,-0.6859999999999999,-17.11180090604573,-0.6859999999999999,-23.113499586456022
1591,-0.6840000000000002,-18.52939975725495,-0.6840000000000002,-25.031017557845797
1592,-0.6819999999999999,-19.89788714929294,-0.6819999999999999,-26.90287359456669
1593,-0.6800000000000002,-21.219653007963046,-0.6800000000000002,-28.734365278676023
1594,-0.6779999999999999,-22.602482230923712,-0.6779999999999999,-30.67518987617657
1595,-0.6760000000000002,-24.031346310402864,-0.6760000000000002,-32.709088313385955
1596,-0.6739999999999999,-25.41481595073154,-0.6739999999999999,-34.71370846296546
1597,-0.6720000000000002,-26.677271609302,-0.6720000000000002,-36.58557916255332
1598,-0.6699999999999999,-27.75891041394751,-0.6699999999999999,-38.24011021476807
1599,-0.6680000000000001,-28.61554171113026,-0.6680000000000001,-39.61159238720541
1600,-0.6659999999999999,-29.218220658457046,-0.6659999999999999,-40.653197412441
1601,-0.6640000000000001,-29.552766840872913,-0.6640000000000001,-41.33697798802809
1602,-0.6619999999999999,-29.619212455743053,-0.6619999999999999,-41.65386777649939
1603,-0.6600000000000001,-29.431222177869046,-0.6600000000000001,-41.6136814053658
1604,-0.6579999999999999,-29.01552438133928,-0.6579999999999999,-41.24511446711701
1605,-0.6560000000000001,-28.411390960956492,-0.6560000000000001,-40.59574351922155
1606,-0.6539999999999999,-27.670200561831376,-0.6539999999999999,-39.73202608412617
1607,-0.6520000000000001,-26.855117591581777,-0.6520000000000001,-38.73930064925693
1608,-0.6499999999999999,-26.040916955416378,-0.6499999999999999,-37.72178666701778
1609,-0.6480000000000001,-25.31232680186025,-0.6480000000000001,-36.800286620413516
1610,-0.6459999999999999,-24.651151268067405,-0.6459999999999999,-35.954018073644036
1611,-0.6440000000000001,-24.014919321129188,-0.6440000000000001,-35.126229630305374
1612,-0.6419999999999999,-23.40238821482978,-0.6419999999999999,-34.31676436316213
1613,-0.6400000000000001,-22.812379164000756,-0.6400000000000001,-33.52543916174881
1614,-0.6379999999999999,-22.243773173248453,-0.6379999999999999,-32.75204473236844
1615,-0.6360000000000001,-21.695506944615584,-0.6360000000000001,-31.996345598093935
1616,-0.6339999999999999,-21.166568871232244,-0.6339999999999999,-31.25808009876677
1617,-0.6320000000000001,-20.655995123197723,-0.6320000000000001,-30.53696039099826
1618,-0.6299999999999999,-20.16286583110435,-0.6299999999999999,-29.832672448168303
1619,-0.6280000000000001,-19.686301371800003,-0.6280000000000001,-29.144876060426647
1620,-0.6259999999999999,-19.225458760156506,-0.6259999999999999,-28.47320483469162
1621,-0.6240000000000001,-18.779528149796004,-0.6240000000000001,-27.81726619465136
1622,-0.6219999999999999,-18.34772944489839,-0.6219999999999999,-27.176641380762653
1623,-0.6200000000000001,-17.92930902439727,-0.6200000000000001,-26.55088545025204
1624,-0.6179999999999999,-17.523524058291784,-0.6179999999999999,-25.9395488688714
1625,-0.6160000000000001,-17.129684807696094,-0.6160000000000001,-25.342321678463392
1626,-0.6139999999999999,-16.747288681745026,-0.6139999999999999,-24.75890899904344
1627,-0.6120000000000001,-16.37586993099005,-0.6120000000000001,-24.189012609009254
1628,-0.6099999999999999,-16.014984021909584,-0.6099999999999999,-23.63233858221051
1629,-0.6080000000000001,-15.664206669013554,-0.6080000000000001,-23.088597287949913
1630,-0.6059999999999999,-15.32313290666952,-0.6059999999999999,-22.557503390982188
1631,-0.6040000000000001,-14.991376199560676,-0.6040000000000001,-22.03877585151504
1632,-0.6019999999999999,-14.668567590695446,-0.6019999999999999,-21.532137925208218
1633,-0.6000000000000001,-14.354354885907307,-0.6000000000000001,-21.037317163174457
1634,-0.5979999999999999,-14.04840187379314,-0.5979999999999999,-20.55404541197853
1635,-0.5960000000000001,-13.750387580057264,-0.5960000000000001,-20.082058813638184
1636,-0.5939999999999999,-13.460005555237895,-0.5939999999999999,-19.621097805623226
1637,-0.5920000000000001,-13.176963194811686,-0.5920000000000001,-19.170907120856405
1638,-0.5899999999999999,-12.900981090681677,-0.5899999999999999,-18.731235787712574
1639,-0.5880000000000001,-12.63179241307267,-0.5880000000000001,-18.30183713001949
1640,-0.5859999999999999,-12.369142321868035,-0.5859999999999999,-17.88246876705703
1641,-0.5840000000000001,-12.112787406440226,-0.5840000000000001,-17.472892613557967
1642,-0.5819999999999999,-11.862495153037761,-0.5819999999999999,-17.072874879707218
1643,-0.5800000000000001,-11.618043438809284,-0.5800000000000001,-16.68218607114256
1644,-0.5779999999999998,-11.37922005155602,-0.5779999999999998,-16.300600988953935
1645,-0.5760000000000001,-11.145822234321708,-0.5760000000000001,-15.927898729684149
1646,-0.5739999999999998,-10.917656253939876,-0.5739999999999998,-15.563862685328179
1647,-0.5720000000000001,-10.69453699267596,-0.5720000000000001,-15.208280543333812
1648,-0.5699999999999998,-10.476287562112782,-0.5699999999999998,-14.860944286601068
1649,-0.5680000000000001,-10.262738938445167,-0.5680000000000001,-14.521650193482778
1650,-0.5659999999999998,-10.053729618360885,-0.5659999999999998,-14.19019883778396
1651,-0.5640000000000001,-9.849105294702184,-0.5640000000000001,-13.866395088762467
1652,-0.5619999999999998,-9.648724799620938,-0.5619999999999998,-13.550051277857817
1653,-0.56,-9.452567875534163,-0.56,-13.241042830826977
1654,-0.5579999999999998,-9.2605589535165,-0.5579999999999998,-12.939220277080864
1655,-0.556,-9.072585311272487,-0.556,-12.64441678374165
1656,-0.5539999999999998,-8.888538880079464,-0.5539999999999998,-12.356469162722833
1657,-0.552,-8.708316058368894,-0.552,-12.075217870729768
1658,-0.5499999999999998,-8.531817537473557,-0.5499999999999998,-11.800507009259148
1659,-0.548,-8.358948139006191,-0.548,-11.532184324599513
1660,-0.5459999999999998,-8.18961669796849,-0.5459999999999998,-11.270101226565535
1661,-0.544,-8.023735941589527,-0.544,-11.014112778574278
1662,-0.5419999999999998,-7.861221912018053,-0.5419999999999998,-10.764077335169077
1663,-0.54,-7.701993761838342,-0.54,-10.519856438891562
1664,-0.5379999999999998,-7.545973653816594,-0.5379999999999998,-10.281314820887035
1665,-0.536,-7.383443727091663,-0.536,-10.035615990084853
1666,-0.5340000000000003,-7.308402540993513,-0.5340000000000003,-9.906296332885773
1667,-0.532,-7.593360513269764,-0.532,-10.249967368738888
1668,-0.5300000000000002,-8.581382967593036,-0.5300000000000002,-11.512944322756546
1669,-0.528,-10.095140349591974,-0.528,-13.461809518529646
1670,-0.5260000000000002,-11.722869010866901,-0.5260000000000002,-15.561873512279764
1671,-0.524,-13.319700595801,-0.524,-17.628666411875596
1672,-0.5220000000000002,-14.884608178110641,-0.5220000000000002,-19.664575438642242
1673,-0.52,-16.40644583313351,-0.52,-21.658601577756244
1674,-0.5180000000000002,-17.881367274870435,-0.5180000000000002,-23.60876072774537
1675,-0.516,-19.3068117145524,-0.516,-25.51431528718618
1676,-0.5140000000000002,-20.68149402320022,-0.5140000000000002,-27.375774154700526
1677,-0.512,-22.06633776468901,-0.512,-29.276501303790152
1678,-0.5100000000000002,-23.50682847274915,-0.5100000000000002,-31.28096738479394
1679,-0.508,-24.910402087386785,-0.508,-33.268551187798394
1680,-0.5060000000000002,-26.19860354763919,-0.5060000000000002,-35.13472450407697
1681,-0.504,-27.309412975226326,-0.504,-36.79411884755259
1682,-0.5020000000000002,-28.197049507095908,-0.5020000000000002,-38.18052545479436
1683,-0.5,-28.83160404647225,-0.5,-39.246895285020514
1684,-0.4980000000000002,-29.198547117861867,-0.4980000000000002,-39.96533902009589
1685,-0.496,-29.298156584819132,-0.496,-40.32712706453393
1686,-0.4940000000000002,-29.14490856260062,-0.4940000000000002,-40.34268954549532
1687,-0.492,-28.766873431180056,-0.492,-40.041616312788676
1688,-0.4900000000000002,-28.205157427428492,-0.4900000000000002,-39.47265693887047
1689,-0.488,-27.513428868600265,-0.488,-38.70372071884456
1690,-0.4860000000000002,-26.757566632605055,-0.4860000000000002,-37.821876670463155
1691,-0.484,-26.01543257908216,-0.484,-36.933307788510184
1692,-0.4820000000000002,-25.320394859719304,-0.4820000000000002,-36.08727654571323
1693,-0.48,-24.651517801678466,-0.48,-35.25861082946849
1694,-0.4780000000000002,-24.007631619539616,-0.4780000000000002,-34.44741442001128
1695,-0.476,-23.38761265723173,-0.476,-33.65373583169287
1696,-0.4740000000000002,-22.790379949718893,-0.4740000000000002,-32.87756831298183
1697,-0.472,-22.214891701703902,-0.472,-32.11884984646265
1698,-0.4700000000000002,-21.660141706713386,-0.4700000000000002,-31.377463148837133
1699,-0.46799999999999997,-21.125155728079285,-0.46799999999999997,-30.653235670923053
1700,-0.4660000000000002,-20.608987861499838,-0.4660000000000002,-29.94593959765543
1701,-0.46399999999999997,-20.110716897015113,-0.46399999999999997,-29.255291848085285
1702,-0.4620000000000002,-19.62944269639946,-0.4620000000000002,-28.580954075380888
1703,-0.45999999999999996,-19.16428260012592,-0.45999999999999996,-27.9225326668265
1704,-0.4580000000000002,-18.714367876224262,-0.4580000000000002,-27.27957874382363
1705,-0.45599999999999996,-18.27884022150771,-0.45599999999999996,-26.651588161889805
1706,-0.4540000000000002,-17.856848113772354,-0.4540000000000002,-26.038008276709412
1707,-0.45199999999999996,-17.447614642334678,-0.45199999999999996,-25.43851280851971
1708,-0.4500000000000002,-17.050582596044897,-0.4500000000000002,-24.85286368250735
1709,-0.44799999999999995,-16.665252684966504,-0.44799999999999995,-24.280765099800014
1710,-0.4460000000000002,-16.291148031136174,-0.4460000000000002,-23.721925373221254
1711,-0.44399999999999995,-15.927813168721455,-0.44399999999999995,-23.1760569272895
1712,-0.44200000000000017,-15.574813083555892,-0.44200000000000017,-22.64287629821905
1713,-0.43999999999999995,-15.231732291029019,-0.43999999999999995,-22.12210413391909
1714,-0.43800000000000017,-14.898173951325703,-0.43800000000000017,-21.613465193994642
1715,-0.43599999999999994,-14.573759021016087,-0.43599999999999994,-21.11668834974564
1716,-0.43400000000000016,-14.258125440014291,-0.43400000000000016,-20.63150658416785
1717,-0.43199999999999994,-13.950927352931041,-0.43199999999999994,-20.157656991951953
1718,-0.43000000000000016,-13.651834363862003,-0.43000000000000016,-19.69488077948445
1719,-0.42799999999999994,-13.360530823660934,-0.42799999999999994,-19.242923264846773
1720,-0.42600000000000016,-13.076715148763016,-0.42600000000000016,-18.80153387781615
1721,-0.42399999999999993,-12.800099170631398,-0.42399999999999993,-18.37046615986478
1722,-0.42200000000000015,-12.530407514916002,-0.42200000000000015,-17.949477764160616
1723,-0.41999999999999993,-12.26737700942146,-0.41999999999999993,-17.538330455566605
1724,-0.41800000000000015,-12.01075611999695,-0.41800000000000015,-17.136790110641435
1725,-0.4159999999999999,-11.760304413468605,-0.4159999999999999,-16.74462671763881
1726,-0.41400000000000015,-11.51579204675097,-0.41400000000000015,-16.36161437650815
1727,-0.4119999999999999,-11.276999281282118,-0.4119999999999999,-15.987531298893906
1728,-0.41000000000000014,-11.043716021942451,-0.41000000000000014,-15.622159808136239
1729,-0.4079999999999999,-10.81574137962574,-0.4079999999999999,-15.265286339270345
1730,-0.40600000000000014,-10.592883256646138,-0.40600000000000014,-14.916701439027126
1731,-0.4039999999999999,-10.37495795417347,-0.4039999999999999,-14.57619976583252
1732,-0.40200000000000014,-10.161789800904367,-0.40200000000000014,-14.24358008980817
1733,-0.3999999999999999,-9.953210802185287,-0.3999999999999999,-13.91864529277077
1734,-0.39800000000000013,-9.749060308818708,-0.39800000000000013,-13.601202368232677
1735,-0.3959999999999999,-9.549184704792461,-0.3959999999999999,-13.291062421401358
1736,-0.39400000000000013,-9.353510728128816,-0.39400000000000013,-12.988077775895107
1737,-0.3919999999999999,-9.162032597035877,-0.3919999999999999,-12.692137818001813
1738,-0.3900000000000001,-8.974636391394359,-0.3900000000000001,-12.403080038044035
1739,-0.3879999999999999,-8.791211062533925,-0.3879999999999999,-12.12074452160751
1740,-0.3860000000000001,-8.611650130231927,-0.3860000000000001,-11.844974889329302
1741,-0.3839999999999999,-8.435851503001025,-0.3839999999999999,-11.575618296897304
1742,-0.3820000000000001,-8.263717310072273,-0.3820000000000001,-11.312525435050706
1743,-0.3799999999999999,-8.100633824518816,-0.3799999999999999,-11.062859980708868
1744,-0.3780000000000001,-8.02690605182453,-0.3780000000000001,-10.933395290746567
1745,-0.3759999999999999,-7.931884971300846,-0.3759999999999999,-10.77653781061941
1746,-0.3740000000000001,-7.71227994821424,-0.3740000000000001,-10.455995780548157
1747,-0.3719999999999999,-7.362230831792129,-0.3719999999999999,-9.96536622181056
1748,-0.3700000000000001,-6.974787873019121,-0.3700000000000001,-9.428134936741902
1749,-0.3679999999999999,-6.74354323255349,-0.3679999999999999,-9.097676508734288
1750,-0.3660000000000001,-6.964219985518725,-0.3660000000000001,-9.35725430223732
1751,-0.3639999999999999,-7.918759576515981,-0.3639999999999999,-10.56894915003057
1752,-0.3620000000000001,-9.30987823881933,-0.3620000000000001,-12.345559931104495
1753,-0.3599999999999999,-10.92372514771777,-0.3599999999999999,-14.411264243498335
1754,-0.3580000000000001,-12.618376634306317,-0.3580000000000001,-16.585929527258475
1755,-0.35599999999999987,-14.292774472516891,-0.35599999999999987,-18.743359906056284
1756,-0.3540000000000001,-15.887619783654953,-0.3540000000000001,-20.811296187184364
1757,-0.35199999999999987,-17.38585997767146,-0.35199999999999987,-22.77141586156032
1758,-0.3500000000000001,-18.812751025967444,-0.3500000000000001,-24.6593331037231
1759,-0.34799999999999986,-20.213655275723443,-0.34799999999999986,-26.536032817535364
1760,-0.3460000000000001,-21.56641543116314,-0.3460000000000001,-28.374162049587994
1761,-0.34399999999999986,-22.866788161335297,-0.34399999999999986,-30.169731061541565
1762,-0.3420000000000001,-24.11452927650075,-0.3420000000000001,-31.923654561344534
1763,-0.33999999999999986,-25.309628572602456,-0.33999999999999986,-33.63684489208145
1764,-0.3380000000000001,-26.452292658062195,-0.3380000000000001,-35.31021203196979
1765,-0.33599999999999985,-27.54292851721708,-0.33599999999999985,-36.944663594363085
1766,-0.3340000000000001,-28.58212779312506,-0.3340000000000001,-38.54110482774786
1767,-0.33199999999999985,-29.61084805082766,-0.33199999999999985,-40.155177465890866
1768,-0.33000000000000007,-30.74442828926915,-0.33000000000000007,-41.94690850934393
1769,-0.32799999999999985,-31.65146035745541,-0.32799999999999985,-43.46438375586546
1770,-0.32600000000000007,-32.07772725428139,-0.32600000000000007,-44.346999402323526
1771,-0.32399999999999984,-31.927493100141934,-0.32399999999999984,-44.44207230069836
1772,-0.32200000000000006,-31.257597710352513,-0.32200000000000006,-43.80483995808087
1773,-0.31999999999999984,-30.271569495730763,-0.31999999999999984,-42.69846053667298
1774,-0.31800000000000006,-29.31184130326655,-0.31800000000000006,-41.59011458609877
1775,-0.31599999999999984,-28.486116977081206,-0.31599999999999984,-40.63532766831931
1776,-0.31400000000000006,-27.69379438297033,-0.31400000000000006,-39.69946608438631
1777,-0.31199999999999983,-26.9337920578894,-0.31199999999999983,-38.783529896706085
1778,-0.31000000000000005,-26.20485595987282,-0.31000000000000005,-37.88810457630867
1779,-0.30799999999999983,-25.505560740945775,-0.30799999999999983,-37.01336100284621
1780,-0.30600000000000005,-24.83430927019346,-0.30600000000000005,-36.15905546459452
1781,-0.3039999999999998,-24.18933010385876,-0.3039999999999998,-35.32453161041885
1782,-0.30200000000000005,-23.568765716491125,-0.30200000000000005,-34.50917601027917
1783,-0.2999999999999998,-22.97123965032984,-0.2999999999999998,-33.712665687945325
1784,-0.29800000000000004,-22.395588487552725,-0.29800000000000004,-32.93459395389396
1785,-0.2959999999999998,-21.84070959014159,-0.2959999999999998,-32.17456001463673
1786,-0.29400000000000004,-21.305558165079553,-0.29400000000000004,-31.4321689727217
1787,-0.2919999999999998,-20.78914445143417,-0.2919999999999998,-30.707031826731992
1788,-0.29000000000000004,-20.2905310256901,-0.29000000000000004,-29.99876547128709
1789,-0.2879999999999998,-19.80883022174587,-0.2879999999999998,-29.30699269704157
1790,-0.28600000000000003,-19.34320166205434,-0.28600000000000003,-28.63134219068635
1791,-0.2839999999999998,-18.892849896437923,-0.2839999999999998,-27.971448534947463
1792,-0.28200000000000003,-18.45702214517405,-0.28200000000000003,-27.326952208587244
1793,-0.28000000000000025,-18.03500614299833,-0.28000000000000025,-26.69749958640333
1794,-0.278,-17.626128080736386,-0.278,-26.082742939229078
1795,-0.27600000000000025,-17.229750641330003,-0.27600000000000025,-25.482340433933963
1796,-0.274,-16.84527112708135,-0.274,-24.89595613342267
1797,-0.27200000000000024,-16.47211967500037,-0.27200000000000024,-24.323259996636107
1798,-0.27,-16.109757557193483,-0.27,-23.7639278785504
1799,-0.26800000000000024,-15.757675563295253,-0.26800000000000024,-23.21764153017789
1800,-0.266,-15.415392461997472,-0.266,-22.684088598566174
1801,-0.26400000000000023,-15.082453538793242,-0.26400000000000023,-22.162962626799
1802,-0.262,-14.758429207106957,-0.262,-21.653963053995426
1803,-0.26000000000000023,-14.442913690043701,-0.26000000000000023,-21.156795215310638
1804,-0.258,-14.13552377004524,-0.258,-20.671170341935134
1805,-0.2560000000000002,-13.835897603802263,-0.2560000000000002,-20.196805561095548
1806,-0.254,-13.543693599826247,-0.254,-19.733423896053818
1807,-0.2520000000000002,-13.258589356146702,-0.2520000000000002,-19.280754266108012
1808,-0.25,-12.980280655653447,-0.25,-18.83853148659152
1809,-0.24800000000000022,-12.708608656303664,-0.24800000000000022,-18.40653962794367
1810,-0.246,-12.443483968742191,-0.246,-17.984591229845815
1811,-0.24400000000000022,-12.184677280589478,-0.24400000000000022,-17.572454892840742
1812,-0.242,-11.931969973620653,-0.242,-17.16990369964775
1813,-0.2400000000000002,-11.685154153925996,-0.2400000000000002,-16.776715406920914
1814,-0.238,-11.444032130717025,-0.238,-16.39267244524838
1815,-0.2360000000000002,-11.208415924151158,-0.2360000000000002,-16.017561919153074
1816,-0.23399999999999999,-10.978126800981265,-0.23399999999999999,-15.651175607092
1817,-0.2320000000000002,-10.752994836871805,-0.2320000000000002,-15.293309961456925
1818,-0.22999999999999998,-10.532858504252028,-0.22999999999999998,-14.943766108573719
1819,-0.2280000000000002,-10.317564284612212,-0.2280000000000002,-14.602349848702989
1820,-0.22599999999999998,-10.106966264602152,-0.22599999999999998,-14.268871612028002
1821,-0.2240000000000002,-9.900549527751993,-0.2240000000000002,-13.942682079732174
1822,-0.22199999999999998,-9.697504171830893,-0.22199999999999998,-13.622669760229378
1823,-0.2200000000000002,-9.49753413942958,-0.2200000000000002,-13.308375270744216
1824,-0.21799999999999997,-9.300757332406281,-0.21799999999999997,-12.999927220254287
1825,-0.2160000000000002,-9.107713614698639,-0.2160000000000002,-12.698042209490751
1826,-0.21399999999999997,-8.919372916431447,-0.21399999999999997,-12.40402483093775
1827,-0.2120000000000002,-8.737143405594296,-0.2120000000000002,-12.119767668832978
1828,-0.20999999999999996,-8.562879654493681,-0.20999999999999996,-11.847751299167141
1829,-0.20800000000000018,-8.398890689120421,-0.20800000000000018,-11.591044289684469
1830,-0.20599999999999996,-8.247947770503728,-0.20599999999999996,-11.353303199882225
1831,-0.20400000000000018,-8.113291718059347,-0.20400000000000018,-11.138772581011166
1832,-0.20199999999999996,-8.002879587544157,-0.20199999999999996,-10.957926755107906
1833,-0.20000000000000018,-8.459527245225543,-0.20000000000000018,-11.531409431190312
1834,-0.19799999999999995,-9.598148348938489,-0.19799999999999995,-13.008246322541561
1835,-0.19600000000000017,-11.103583902384148,-0.19600000000000017,-14.970436155208729
1836,-0.19399999999999995,-12.73927792355812,-0.19399999999999995,-17.10898187687356
1837,-0.19200000000000017,-14.34973063568871,-0.19200000000000017,-19.223890656849296
1838,-0.18999999999999995,-15.862659189955332,-0.18999999999999995,-21.224173886084277
1839,-0.18800000000000017,-17.290303328162544,-0.18800000000000017,-23.127847177158266
1840,-0.18599999999999994,-18.705604954631124,-0.18599999999999994,-25.031078639962853
1841,-0.18400000000000016,-20.082230711335132,-0.18400000000000016,-26.903283352334757
1842,-0.18199999999999994,-21.409300517507912,-0.18199999999999994,-28.732584427621035
1843,-0.18000000000000016,-22.686120011669008,-0.18000000000000016,-30.519713894301937
1844,-0.17799999999999994,-23.912287102017928,-0.17799999999999994,-32.265457250069055
1845,-0.17600000000000016,-25.087675373508322,-0.17600000000000016,-33.97065346182215
1846,-0.17399999999999993,-26.21241781268481,-0.17399999999999993,-35.63619496567225
1847,-0.17200000000000015,-27.286931449730876,-0.17200000000000015,-37.26308329464675
1848,-0.16999999999999993,-28.45028159848234,-0.16999999999999993,-39.04369751582022
1849,-0.16800000000000015,-29.646946427371194,-0.16800000000000015,-40.906096447767986
1850,-0.16599999999999993,-30.655857736287782,-0.16599999999999993,-42.54443620924658
1851,-0.16400000000000015,-31.32691445748055,-0.16400000000000015,-43.742616683192395
1852,-0.16199999999999992,-31.579135275329786,-0.16199999999999992,-44.37428151672439
1853,-0.16000000000000014,-31.398314869972825,-0.16000000000000014,-44.40281812114205
1854,-0.15799999999999992,-30.834463176342528,-0.15799999999999992,-43.8813576719265
1855,-0.15600000000000014,-29.99931900386527,-0.15600000000000014,-42.95277510874038
1856,-0.15399999999999991,-29.0642413157556,-0.15399999999999991,-41.84968913542712
1857,-0.15200000000000014,-28.23041217080625,-0.15200000000000014,-40.85485195399818
1858,-0.1499999999999999,-27.457510048333273,-0.1499999999999999,-39.91845577857124
1859,-0.14800000000000013,-26.714467112534543,-0.14800000000000013,-38.99998883510291
1860,-0.1459999999999999,-26.000414984750858,-0.1459999999999999,-38.10047041253219
1861,-0.14400000000000013,-25.31437175272676,-0.14400000000000013,-37.22060539986679
1862,-0.1419999999999999,-24.655242039908607,-0.1419999999999999,-36.360784286181506
1863,-0.14000000000000012,-24.021815815098595,-0.14000000000000012,-35.521083160619774
1864,-0.1379999999999999,-23.41276610719903,-0.1379999999999999,-34.70126371239219
1865,-0.13600000000000012,-22.826645775665824,-0.13600000000000012,-33.90077323077792
1866,-0.1339999999999999,-22.2618839961324,-0.1339999999999999,-33.11874917996471
1867,-0.13200000000000012,-21.71699869319337,-0.13200000000000012,-32.35462408948084
1868,-0.1299999999999999,-21.190974520447682,-0.1299999999999999,-31.608162206154898
1869,-0.1280000000000001,-20.68290944310982,-0.1280000000000001,-30.87898286952874
1870,-0.1259999999999999,-20.19194675162787,-0.1259999999999999,-30.166710902226317
1871,-0.12400000000000011,-19.717272923755115,-0.12400000000000011,-29.470976609954974
1872,-0.12199999999999989,-19.2581155738503,-0.12199999999999989,-28.791415781504156
1873,-0.1200000000000001,-18.81374148691525,-0.1200000000000001,-28.1276696887467
1874,-0.11799999999999988,-18.38345473490855,-0.11799999999999988,-27.47938508663758
1875,-0.1160000000000001,-17.96659487291656,-0.1160000000000001,-26.8462142132151
1876,-0.11399999999999988,-17.562535212793673,-0.11399999999999988,-26.227814789599748
1877,-0.1120000000000001,-17.170681171925825,-0.1120000000000001,-25.623850019995302
1878,-0.10999999999999988,-16.79046869480199,-0.10999999999999988,-25.03398859168778
1879,-0.1080000000000001,-16.421362745120653,-0.1080000000000001,-24.457904675046446
1880,-0.10599999999999987,-16.06285586618891,-0.10599999999999987,-23.8952779235228
1881,-0.10400000000000009,-15.714466807413922,-0.10400000000000009,-23.34579347365162
1882,-0.10199999999999987,-15.375739214717447,-0.10199999999999987,-22.809141945049916
1883,-0.10000000000000009,-15.04624038274587,-0.10000000000000009,-22.28501944041794
1884,-0.09799999999999986,-14.725560066779536,-0.09799999999999986,-21.773127545538205
1885,-0.09600000000000009,-14.413309352286529,-0.09600000000000009,-21.27317332927646
1886,-0.09399999999999986,-14.109119580097685,-0.09399999999999986,-20.784869343580734
1887,-0.09200000000000008,-13.812641325220797,-0.09200000000000008,-20.30793362348225
1888,-0.08999999999999986,-13.523543427343805,-0.08999999999999986,-19.84208968709455
1889,-0.08800000000000008,-13.24151207111762,-0.08800000000000008,-19.38706653561435
1890,-0.08599999999999985,-12.9662499143415,-0.08599999999999985,-18.942598653320687
1891,-0.08400000000000007,-12.697475262214294,-0.08400000000000007,-18.508426007575775
1892,-0.08199999999999985,-12.434921285847498,-0.08199999999999985,-18.084294048824162
1893,-0.08000000000000007,-12.178335283276269,-0.08000000000000007,-17.669953710593543
1894,-0.07799999999999985,-11.927486495984816,-0.07799999999999985,-17.265164561681356
1895,-0.07600000000000007,-11.68233769336348,-0.07600000000000007,-16.86976023575182
1896,-0.07399999999999984,-11.442771450545678,-0.07399999999999984,-16.48354972871186
1897,-0.07200000000000006,-11.208608195894174,-0.07200000000000006,-16.10632071770601
1898,-0.06999999999999984,-10.97967669382423,-0.06999999999999984,-15.7378652161186
1899,-0.06800000000000006,-10.755813653313536,-0.06800000000000006,-15.377979573574486
1900,-0.06599999999999984,-10.53686335883724,-0.06599999999999984,-15.026464475938347
1901,-0.06400000000000006,-10.322677322807182,-0.06400000000000006,-14.683124945315354
1902,-0.06199999999999983,-10.113113958615717,-0.06199999999999983,-14.34777034005053
1903,-0.06000000000000005,-9.908038273411934,-0.06000000000000005,-14.02021435472937
1904,-0.05799999999999983,-9.707321579759432,-0.05799999999999983,-13.70027502017723
1905,-0.05600000000000005,-9.51084122535223,-0.05600000000000005,-13.387774703459934
1906,-0.053999999999999826,-9.318480609034578,-0.053999999999999826,-13.082540272560061
1907,-0.052000000000000046,-9.130129653982134,-0.052000000000000046,-12.784403575162408
1908,-0.04999999999999982,-8.945682573956237,-0.04999999999999982,-12.493200077935057
1909,-0.04800000000000004,-8.765037733108514,-0.04800000000000004,-12.20876875103163
1910,-0.04599999999999982,-8.58809753654853,-0.04599999999999982,-11.930952097752783
1911,-0.04400000000000004,-8.414768276391587,-0.04400000000000004,-11.659596154546737
1912,-0.041999999999999815,-8.244959988328986,-0.041999999999999815,-11.394550491008765
1913,-0.040000000000000036,-8.078586318251944,-0.040000000000000036,-11.13566820988169
1914,-0.03799999999999981,-7.795619259786459,-0.03799999999999981,-10.722220294078813
1915,-0.03600000000000003,-7.556624178641349,-0.03600000000000003,-10.369488445321409
1916,-0.03399999999999981,-7.819239505786195,-0.03399999999999981,-10.685575459033018
1917,-0.03200000000000003,-8.76105021851417,-0.03200000000000003,-11.901403172833295
1918,-0.029999999999999805,-10.266674489512447,-0.029999999999999805,-13.861115286197004
1919,-0.028000000000000025,-11.928010266408782,-0.028000000000000025,-16.028523674507444
1920,-0.026000000000000245,-13.502383226247588,-0.026000000000000245,-18.088439127551126
1921,-0.02400000000000002,-15.04327527221437,-0.02400000000000002,-20.114562387002977
1922,-0.02200000000000024,-16.5423608911752,-0.02200000000000024,-22.09939695102666
1923,-0.020000000000000018,-17.99452563144628,-0.020000000000000018,-24.039239638441202
1924,-0.018000000000000238,-19.39787930350285,-0.018000000000000238,-25.934180588717425
1925,-0.016000000000000014,-20.82366787875895,-0.016000000000000014,-27.8827604464588
1926,-0.014000000000000234,-22.294115413547136,-0.014000000000000234,-29.918917206829487
1927,-0.01200000000000001,-23.73087062282849,-0.01200000000000001,-31.940107427660514
1928,-0.010000000000000231,-25.067919090751015,-0.010000000000000231,-33.858254411691725
1929,-0.008000000000000007,-26.251745502368355,-0.008000000000000007,-35.59983930367982
1930,-0.006000000000000227,-27.241249708474403,-0.006000000000000227,-37.10590109039512
1931,-0.0040000000000000036,-28.007520579423225,-0.0040000000000000036,-38.33203660062455
1932,-0.002000000000000224,-28.533502396480262,-0.002000000000000224,-39.24840050516901
1933,0.0,-28.81358699325199,0.0,-39.839705316845546
1934,0.0019999999999997797,-28.85316332371615,0.0019999999999997797,-40.10522139048571
1935,0.0040000000000000036,-28.66815459737014,0.0040000000000000036,-40.05877692293663
1936,0.005999999999999783,-28.28457158599652,0.005999999999999783,-39.728757953060516
1937,0.008000000000000007,-27.73810917053328,0.008000000000000007,-39.15810836173462
1938,0.009999999999999787,-27.07381166052443,0.009999999999999787,-38.404329871851736
1939,0.01200000000000001,-26.345830882609423,0.01200000000000001,-37.53948204831932
1940,0.01399999999999979,-25.617299498502575,0.01399999999999979,-36.65018229806067
1941,0.016000000000000014,-24.93791766540613,0.016000000000000014,-35.807265709288
1942,0.017999999999999794,-24.28616681614281,0.017999999999999794,-34.98496223291611
1943,0.020000000000000018,-23.658587559368247,0.020000000000000018,-34.18022763057181
1944,0.021999999999999797,-23.05404447221367,0.021999999999999797,-33.39300120441567
1945,0.02400000000000002,-22.471455002564852,0.02400000000000002,-32.623187387811605
1946,0.0259999999999998,-21.909785836050208,0.0259999999999998,-31.870655745328204
1947,0.028000000000000025,-21.368049283426704,0.028000000000000025,-31.135240972737407
1948,0.029999999999999805,-20.84529969997238,0.029999999999999805,-30.41674289701581
1949,0.03200000000000003,-20.34062994744137,0.03200000000000003,-29.714926476343404
1950,0.03399999999999981,-19.853167908100765,0.03399999999999981,-29.029521800104803
1951,0.03600000000000003,-19.38207305931651,0.03600000000000003,-28.36022408888801
1952,0.03799999999999981,-18.926533116118215,0.03799999999999981,-27.70669369448565
1953,0.040000000000000036,-18.48576074812128,0.040000000000000036,-27.06855609989378
1954,0.041999999999999815,-18.058990376146795,0.041999999999999815,-26.44540191931303
1955,0.04400000000000004,-17.64547505282888,0.04400000000000004,-25.836786898147484
1956,0.04599999999999982,-17.24448343046055,0.04599999999999982,-25.24223191300578
1957,0.04800000000000004,-16.855305490879914,0.04800000000000004,-24.66130275827236
1958,0.04999999999999982,-16.477379164001924,0.04999999999999982,-24.093781143557596
1959,0.052000000000000046,-16.110255235092335,0.052000000000000046,-23.539386035937262
1960,0.053999999999999826,-15.75350582955364,0.053999999999999826,-22.99783471011162
1961,0.05600000000000005,-15.406722071406067,0.05600000000000005,-22.468848464266834
1962,0.05799999999999983,-15.069513228532225,0.05799999999999983,-21.95215262007594
1963,0.06000000000000005,-14.741505892623964,0.06000000000000005,-21.447476522697897
1964,0.06199999999999983,-14.422343192903096,0.06199999999999983,-20.954553540778505
1965,0.06400000000000006,-14.111684042694298,0.06400000000000006,-20.47312106644952
1966,0.06599999999999984,-13.809202417944737,0.06599999999999984,-20.002920515329492
1967,0.06800000000000006,-13.514586666791777,0.06800000000000006,-19.54369732652298
1968,0.06999999999999984,-13.22753884929611,0.06999999999999984,-19.095200962621316
1969,0.07200000000000006,-12.947774106464678,0.07200000000000006,-18.65718490970182
1970,0.07399999999999984,-12.675020057703588,0.07399999999999984,-18.2294066773286
1971,0.07600000000000007,-12.409016225848433,0.07600000000000007,-17.81162779855178
1972,0.07799999999999985,-12.149513488934975,0.07799999999999985,-17.403613829908238
1973,0.08000000000000007,-11.896273557880704,0.08000000000000007,-17.005134351420867
1974,0.08199999999999985,-11.64906847926303,0.08199999999999985,-16.615962966599326
1975,0.08400000000000007,-11.407680162387623,0.08400000000000007,-16.235877302439302
1976,0.08599999999999985,-11.171899929855508,0.08599999999999985,-15.864659009423214
1977,0.08800000000000008,-10.941528090845498,0.08800000000000008,-15.502093761519536
1978,0.08999999999999986,-10.716373536343323,0.08999999999999986,-15.147971256183466
1979,0.09200000000000008,-10.496253355557084,0.09200000000000008,-14.802085214356266
1980,0.09399999999999986,-10.28099247277328,0.09399999999999986,-14.464233380465894
1981,0.09600000000000009,-10.070423303915996,0.09600000000000009,-14.13421752242641
1982,0.09799999999999986,-9.864385432086333,0.09799999999999986,-13.811843431638536
1983,0.10000000000000009,-9.662725301367734,0.10000000000000009,-13.496920922989126
1984,0.10199999999999987,-9.465295928197081,0.10199999999999987,-13.189263834851673
1985,0.10400000000000009,-9.271956629610244,0.10400000000000009,-12.8886900290858
1986,0.10599999999999987,-9.082613940390068,0.10599999999999987,-12.595034067631179
1987,0.1080000000000001,-8.897213104744221,0.1080000000000001,-12.308154731935922
1988,0.10999999999999988,-8.715666142900405,0.10999999999999988,-12.027908009860182
1989,0.1120000000000001,-8.537886928069785,0.1120000000000001,-11.754151836460558
1990,0.11399999999999988,-8.36379122177059,0.11399999999999988,-11.486746118572635
1991,0.1160000000000001,-8.193296609451322,0.1160000000000001,-11.225552734810499
1992,0.11799999999999988,-8.026322439530501,0.11799999999999988,-10.970435535567212
1993,0.1200000000000001,-7.8627897657696195,0.1200000000000001,-10.721260343014356
1994,0.12199999999999989,-7.702621292898604,0.12199999999999989,-10.477894951102469
1995,0.12400000000000011,-7.545741325411175,0.12400000000000011,-10.24020912556062
1996,0.1259999999999999,-7.392075719450164,0.1259999999999999,-10.008074603896834
1997,0.1280000000000001,-7.241551837700863,0.1280000000000001,-9.781365095397666
1998,0.1299999999999999,-7.094098507213159,0.1299999999999999,-9.559956281128619
1999,0.13200000000000012,-6.949645980071292,0.13200000000000012,-9.343725813933743
2000,0.1339999999999999,-6.808125896832656,0.1339999999999999,-9.132553318436019
2001,0.13599999999999968,-6.669471252655293,0.13599999999999968,-8.926320391037033
2002,0.13800000000000034,-6.53361636603586,0.13800000000000034,-8.724910599917065
2003,0.14000000000000012,-6.400496850079405,0.14000000000000012,-8.52820948503541
2004,0.1419999999999999,-6.27004958622185,0.1419999999999999,-8.336104558129838
2005,0.14399999999999968,-6.142212700328605,0.14399999999999968,-8.148485302716947
2006,0.14600000000000035,-6.016925541090719,0.14600000000000035,-7.965243174092
2007,0.14800000000000013,-5.894128660642133,0.14800000000000013,-7.786271599329246
2008,0.1499999999999999,-5.7737637973202895,0.1499999999999999,-7.611465977281431
2009,0.1519999999999997,-5.6557738604948025,0.1519999999999997,-7.440723678580124
2010,0.15400000000000036,-5.540102917387136,0.15400000000000036,-7.273944045635566
2011,0.15600000000000014,-5.42669618180622,0.15600000000000014,-7.111028392636955
2012,0.15799999999999992,-5.315500004723797,0.15799999999999992,-6.951880005552024
2013,0.1599999999999997,-5.206461866615459,0.1599999999999997,-6.7964041421273045
2014,0.16200000000000037,-5.099530371491936,0.16200000000000037,-6.64450803188802
2015,0.16400000000000015,-4.994655469165603,0.16400000000000015,-6.496100931814638
2016,0.16599999999999993,-4.891800120783343,0.16599999999999993,-6.351100058153586
2017,0.1679999999999997,-4.790936178518366,0.1679999999999997,-6.209434566547529
2018,0.17000000000000037,-4.6920336942135705,0.17000000000000037,-6.071035469799931
2019,0.17200000000000015,-4.595062617781724,0.17200000000000015,-5.9358346294949875
2020,0.17399999999999993,-4.499992813866339,0.17399999999999993,-5.803764755997268
2021,0.1759999999999997,-4.40679407828415,0.1759999999999997,-5.674759408451953
2022,0.17800000000000038,-4.3154361542566795,0.17800000000000038,-5.54875299478473
2023,0.18000000000000016,-4.225888748439307,0.18000000000000016,-5.425680771701998
2024,0.18199999999999994,-4.138121546754724,0.18199999999999994,-5.305478844690548
2025,0.18399999999999972,-4.052104230038861,0.18399999999999972,-5.188084168017782
2026,0.1860000000000004,-3.9678064895055543,0.1860000000000004,-5.073434544731604
2027,0.18800000000000017,-3.8851980420370755,0.18800000000000017,-4.961468626660622
2028,0.18999999999999995,-3.80424864530622,0.18999999999999995,-4.8521259144138496
2029,0.19199999999999973,-3.7249281127366882,0.19199999999999973,-4.745346757380903
2030,0.1940000000000004,-3.647206328306878,0.1940000000000004,-4.641072353731909
2031,0.19600000000000017,-3.571053261202867,0.19600000000000017,-4.539244750417685
2032,0.19799999999999995,-3.4964389803251006,0.19799999999999995,-4.439806843169465
2033,0.19999999999999973,-3.4233336686542177,0.19999999999999973,-4.342702376499079
2034,0.2020000000000004,-3.351707637479905,0.2020000000000004,-4.247875943698877
2035,0.20400000000000018,-3.2815313404972715,0.20400000000000018,-4.155272986841885
2036,0.20599999999999996,-3.212775387774074,0.20599999999999996,-4.0648397967815555
2037,0.20799999999999974,-3.145410559592884,0.20799999999999974,-3.976523513151939
2038,0.2100000000000004,-3.0794078201709074,0.2100000000000004,-3.8902721243676055
2039,0.2120000000000002,-3.0147383312606375,0.2120000000000002,-3.806034467623787
2040,0.21399999999999997,-2.951373465633481,0.21399999999999997,-3.7237602288961598
2041,0.21599999999999975,-2.8892848204491304,0.21599999999999975,-3.643399942940991
2042,0.21800000000000042,-2.8284442305121735,0.21800000000000042,-3.564904993295067
2043,0.2200000000000002,-2.768823781417876,0.2200000000000002,-3.488227612275833
2044,0.22199999999999998,-2.710395822588001,0.22199999999999998,-3.413320880981185
2045,0.22399999999999975,-2.653132980198195,0.22399999999999975,-3.340138729289606
2046,0.22600000000000042,-2.597008169997182,0.22600000000000042,-3.2686359358601047
2047,0.2280000000000002,-2.5419946100184245,0.2280000000000002,-3.198768128132334
2048,0.22999999999999998,-2.488065885162005,0.22999999999999998,-3.1304918278384246
2049,0.23199999999999976,-2.4352063560000845,0.23199999999999976,-3.063773840968663
2050,0.23399999999999954,-2.3834050970899967,0.23399999999999954,-2.9985865933189655
2051,0.2360000000000002,-2.3326463891335565,0.2360000000000002,-2.934898975915619
2052,0.238,-2.282914418678518,0.238,-2.8726802387705073
2053,0.23999999999999977,-2.234193289576022,0.23999999999999977,-2.8118999908809337
2054,0.24199999999999955,-2.1864670341793646,0.24199999999999955,-2.7525282002297398
2055,0.24400000000000022,-2.139719624289671,0.24400000000000022,-2.6945351937852497
2056,0.246,-2.093934981854602,0.246,-2.637891657501372
2057,0.24799999999999978,-2.0490969894254993,0.24799999999999978,-2.582568636317446
2058,0.24999999999999956,-2.005189500379025,0.24999999999999956,-2.5285375341583456
2059,0.2520000000000002,-1.9621963489085041,0.2520000000000002,-2.475770113934429
2060,0.254,-1.9201013597906378,0.254,-2.424238497541632
2061,0.2559999999999998,-1.8788883579326032,0.2559999999999998,-2.3739151658613284
2062,0.25799999999999956,-1.8385411777051395,0.25799999999999956,-2.3247729587604247
2063,0.26000000000000023,-1.799043672066434,0.26000000000000023,-2.2767850750913134
2064,0.262,-1.7603797214820294,0.262,-2.229925072691958
2065,0.2639999999999998,-1.7225332426453732,0.2639999999999998,-2.1841668683857667
2066,0.26599999999999957,-1.6854881970041578,0.26599999999999957,-2.139484737981678
2067,0.26800000000000024,-1.64922859909686,0.26800000000000024,-2.0958533162741175
2068,0.27,-1.613738524704264,0.27,-2.0532475970430784
2069,0.2719999999999998,-1.5790021188201933,0.2719999999999998,-2.0116429330540035
2070,0.2739999999999996,-1.5450036034461394,0.2739999999999996,-1.971015036057861
2071,0.27600000000000025,-1.5117272852138053,0.27600000000000025,-1.931339976791113
2072,0.278,-1.4791575628399,0.278,-1.89259418497578
2073,0.2799999999999998,-1.4472789344170167,0.2799999999999998,-1.854754449319338
2074,0.2819999999999996,-1.4160760045448246,0.2819999999999996,-1.8177979175147894
2075,0.28400000000000025,-1.3855334913051958,0.28400000000000025,-1.7817020962406283
2076,0.28600000000000003,-1.3556362330851688,0.28600000000000003,-1.746444851160905
2077,0.2879999999999998,-1.3263691952511631,0.2879999999999998,-1.7120044069251295
2078,0.2899999999999996,-1.2977174766782489,0.2899999999999996,-1.6783593471683347
2079,0.29200000000000026,-1.2696663161376744,0.29200000000000026,-1.6454886145110503
2080,0.29400000000000004,-1.2422010985461158,0.29400000000000004,-1.6133715105593547
2081,0.2959999999999998,-1.215307361079672,0.2959999999999998,-1.5819876959047914
2082,0.2979999999999996,-1.1889707991559513,0.2979999999999996,-1.5513171901244271
2083,0.30000000000000027,-1.163177787349736,0.30000000000000027,-1.5213408812465432
2084,0.30200000000000005,-1.1379230235895694,0.30200000000000005,-1.4920481427982046
2085,0.3039999999999998,-1.1131996578218217,0.3039999999999998,-1.4634271258209326
2086,0.3059999999999996,-1.0889989290270132,0.3059999999999996,-1.4354642651074192
2087,0.3080000000000003,-1.0653120757136818,0.3080000000000003,-1.408146147404116
2088,0.31000000000000005,-1.042130340174981,0.31000000000000005,-1.3814595114112818
2089,0.31199999999999983,-1.0194449726410382,0.31199999999999983,-1.3553912477829106
2090,0.3139999999999996,-0.9972472353294697,0.3139999999999996,-1.3299283991267794
2091,0.3160000000000003,-0.9755284063960612,0.3160000000000003,-1.3050581600044262
2092,0.31800000000000006,-0.9542797837878645,0.31800000000000006,-1.2807678769311925
2093,0.31999999999999984,-0.9334926890006647,0.31999999999999984,-1.2570450483761582
2094,0.3219999999999996,-0.9131584707430849,0.3219999999999996,-1.2338773247621857
2095,0.3240000000000003,-0.893268508509218,0.3240000000000003,-1.2112525084658987
2096,0.32600000000000007,-0.8738142160619109,0.32600000000000007,-1.189158553817722
2097,0.32799999999999985,-0.8547870448285428,0.32799999999999985,-1.1675835671018218
2098,0.3299999999999996,-0.8361784872114246,0.3299999999999996,-1.1465158065561452
2099,0.3320000000000003,-0.8179800798146015,0.3320000000000003,-1.1259436823724023
2100,0.3340000000000001,-0.8001834065890496,0.3340000000000001,-1.1058557566961003
2101,0.33599999999999985,-0.7827801018979998,0.33599999999999985,-1.086240743626492
2102,0.33799999999999963,-0.7657618535043733,0.33799999999999963,-1.0670875092166097
2103,0.3400000000000003,-0.7491204054820094,0.3400000000000003,-1.0483850714732488
2104,0.3420000000000001,-0.732847561052533,0.3420000000000001,-1.0301226003570008
2105,0.34399999999999986,-0.7169351853494912,0.34399999999999986,-1.0122894177822035
2106,0.34599999999999964,-0.7013752081116096,0.34599999999999964,-0.9948749976169746
2107,0.3480000000000003,-0.6861596263067224,0.3480000000000003,-0.9778689656831951
2108,0.3500000000000001,-0.6712805066881132,0.3500000000000001,-0.9612610997565403
2109,0.35199999999999987,-0.6567299882847675,0.35199999999999987,-0.9450413295664343
2110,0.35399999999999965,-0.6425002848272553,0.35399999999999965,-0.9291997367960788
2111,0.3560000000000003,-0.6285836871106943,0.3560000000000003,-0.9137265550824414
2112,0.3580000000000001,-0.6149725652963883,0.3580000000000001,-0.8986121700162804
2113,0.3599999999999999,-0.6016593711535342,0.3599999999999999,-0.8838471191421062
2114,0.36199999999999966,-0.5886366402425817,0.36199999999999966,-0.8694220919582055
2115,0.3640000000000003,-0.5758969940415827,0.3640000000000003,-0.8553279299166315
2116,0.3660000000000001,-0.5634331420169914,0.3660000000000001,-0.8415556264232263
2117,0.3679999999999999,-0.5512378836402012,0.3679999999999999,-0.8280963268375857
2118,0.36999999999999966,-0.5393041103512646,0.36999999999999966,-0.814941328473082
2119,0.37200000000000033,-0.5276267694817505,0.37200000000000033,-0.8020840661544727
2120,0.3740000000000001,-0.5162045272993414,0.3740000000000001,-0.7895218050817701
2121,0.3759999999999999,-0.5050328739341564,0.3759999999999999,-0.7772486556723806
2122,0.37799999999999967,-0.4941071771620196,0.37799999999999967,-0.7652586498812324
2123,0.38000000000000034,-0.48342283265052743,0.38000000000000034,-0.753545891679063
2124,0.3820000000000001,-0.4729752652594642,0.3820000000000001,-0.7421045570524388
2125,0.3839999999999999,-0.4627599303079276,0.3839999999999999,-0.7309288940037243
2126,0.3859999999999997,-0.452772314808942,0.3859999999999997,-0.7200132225511028
2127,0.38800000000000034,-0.44300793867215915,0.38800000000000034,-0.7093519347285668
2128,0.3900000000000001,-0.43346235587537174,0.3900000000000001,-0.6989394945859368
2129,0.3919999999999999,-0.42413115560542525,0.3919999999999999,-0.6887704381888325
2130,0.3939999999999997,-0.4150099633692659,0.3939999999999997,-0.678839373618692
2131,0.39600000000000035,-0.4060944420756991,0.39600000000000035,-0.6691409809727631
2132,0.39800000000000013,-0.3973802930885346,0.39800000000000013,-0.6596700123641202
2133,0.3999999999999999,-0.3888632572516827,0.3999999999999999,-0.6504212919216379
2134,0.4019999999999997,-0.38053911588689204,0.4019999999999997,-0.6413897157900097
2135,0.40400000000000036,-0.37240369176467336,0.40400000000000036,-0.6325702521297382
2136,0.40600000000000014,-0.3644528500490486,0.40600000000000014,-0.6239579411171519
2137,0.4079999999999999,-0.3566824992166563,0.4079999999999999,-0.6155478949443807
2138,0.4099999999999997,-0.34908859195086517,0.4099999999999997,-0.6073352978193727
2139,0.41200000000000037,-0.34166712601140414,0.41200000000000037,-0.5993154059658857
2140,0.41400000000000015,-0.33441414508011535,0.41400000000000015,-0.5914835476235024
2141,0.4159999999999999,-0.327325739583328,0.4159999999999999,-0.5838351230476079
2142,0.4179999999999997,-0.3203980474914585,0.4179999999999997,-0.576365604509405
2143,0.4200000000000004,-0.31362725509632505,0.4200000000000004,-0.5690705362959068
2144,0.42200000000000015,-0.3070095977667322,0.42200000000000015,-0.5619455347099497
2145,0.42399999999999993,-0.3005413606828007,0.42399999999999993,-0.5549862880701744
2146,0.4259999999999997,-0.2942188795496038,0.4259999999999997,-0.5481885567110382
2147,0.4280000000000004,-0.2880385412905654,0.4280000000000004,-0.5415481729828094
2148,0.43000000000000016,-0.281996784721142,0.43000000000000016,-0.5350610412515788
2149,0.43199999999999994,-0.2760901012032242,0.43199999999999994,-0.528723137899242
2150,0.4339999999999997,-0.2703150352807878,0.4339999999999997,-0.5225305113235111
2151,0.4360000000000004,-0.26466818529721003,0.4360000000000004,-0.5164792819379095
2152,0.43800000000000017,-0.2591462039947392,0.43800000000000017,-0.5105656421717822
2153,0.43999999999999995,-0.2537458552877834,0.43999999999999995,-0.5047858999173835
2154,0.4419999999999997,-0.24846469259256468,0.4419999999999997,-0.499137180232234
2155,0.4440000000000004,-0.24330064215666666,0.4440000000000004,-0.49361701857932827
2156,0.4460000000000002,-0.23825163897736842,0.4460000000000002,-0.4882229716602403
2157,0.44799999999999995,-0.23331562678029868,0.44799999999999995,-0.4829526169823497
2158,0.44999999999999973,-0.22849055836909757,0.44999999999999973,-0.4778035528588518
2159,0.4520000000000004,-0.22377439596611762,0.4520000000000004,-0.47277339840875277
2160,0.4540000000000002,-0.21916511154437288,0.4540000000000002,-0.46785979355687823
2161,0.45599999999999996,-0.21466068715087536,0.45599999999999996,-0.46306039903386076
2162,0.45799999999999974,-0.21025911522157356,0.45799999999999974,-0.4583728963761477
2163,0.4600000000000004,-0.20595839888803538,0.4600000000000004,-0.4537949879259978
2164,0.4620000000000002,-0.20175655227606473,0.4620000000000002,-0.44932439683148884
2165,0.46399999999999997,-0.1976516007963933,0.46399999999999997,-0.4449588670465057
2166,0.46599999999999975,-0.19364158142764812,0.46599999999999975,-0.4406961633307483
2167,0.4680000000000004,-0.189724542991733,0.4680000000000004,-0.4365340712497277
2168,0.4700000000000002,-0.18589854642180373,0.4700000000000002,-0.4324703971747737
2169,0.472,-0.182161665022973,0.472,-0.42850296828302376
2170,0.47399999999999975,-0.17851198472593713,0.47399999999999975,-0.42462963255743
2171,0.4760000000000004,-0.17494760433365278,0.4760000000000004,-0.42084825878675614
2172,0.4780000000000002,-0.1714666357612404,0.4780000000000002,-0.41715673656558394
2173,0.48,-0.1680672042692403,0.48,-0.41355297629430327
2174,0.48199999999999976,-0.1647474486904046,0.48199999999999976,-0.41003490917911867
2175,0.48400000000000043,-0.16150552165014911,0.48400000000000043,-0.40660048723204645
2176,0.4860000000000002,-0.15833958978083087,0.4860000000000002,-0.4032476832709203
2177,0.488,-0.15524783392997257,0.488,-0.39997449091938264
2178,0.48999999999999977,-0.15222844936260696,0.48999999999999977,-0.39677892460689024
2179,0.49199999999999955,-0.14927964595786172,0.49199999999999955,-0.3936590195687133
2180,0.4940000000000002,-0.14639964839993033,0.4940000000000002,-0.39061283184593343
2181,0.496,-0.14358669636357432,0.496,-0.3876384382854496
2182,0.4979999999999998,-0.1408390446942738,0.4979999999999998,-0.3847339365399698
2183,0.49999999999999956,-0.1381549635831841,0.49999999999999956,-0.38189744506801615
2184,0.5020000000000002,-0.13553273873701335,0.5020000000000002,-0.3791271031339232
2185,0.504,-0.1329706715429619,0.504,-0.3764210708078417
2186,0.5059999999999998,-0.13046707922883818,0.5059999999999998,-0.37377752896573213
2187,0.5079999999999996,-0.12802029501849585,0.5079999999999996,-0.37119467928936917
2188,0.5100000000000002,-0.12562866828270217,0.5100000000000002,-0.3686707442663395
2189,0.512,-0.12329056468557062,0.512,-0.3662039671900461
2190,0.5139999999999998,-0.12100436632666442,0.5139999999999998,-0.36379261215970193
2191,0.5159999999999996,-0.11876847187890885,0.5159999999999996,-0.36143496408033404
2192,0.5180000000000002,-0.11658129672241327,0.5180000000000002,-0.35912932866278147
2193,0.52,-0.11444130076925976,0.52,-0.3568740601776792
2194,0.5219999999999998,-0.11234827040065734,0.5219999999999998,-0.35466884743148247
2195,0.5239999999999996,-0.11030192902938077,0.5239999999999996,-0.35251332352841214
2196,0.5260000000000002,-0.10830146790046727,0.5260000000000002,-0.3504065916753053
2197,0.528,-0.1063460817969,0.528,-0.34834776119465727
2198,0.5299999999999998,-0.10443496911047154,0.5299999999999998,-0.3463359475246155
2199,0.5319999999999996,-0.10256733191089454,0.5319999999999996,-0.3443702722189841
2200,0.5340000000000003,-0.1007423760131754,0.5340000000000003,-0.34244986294722113
2201,0.536,-0.09895931104329689,0.536,-0.3405738534944429
2202,0.5379999999999998,-0.09721735050222494,0.5379999999999998,-0.3387413837614183
2203,0.5399999999999996,-0.09551571182828919,0.5399999999999996,-0.33695159976457223
2204,0.5420000000000003,-0.09385361645795479,0.5420000000000003,-0.3352036536359843
2205,0.544,-0.09223028988502588,0.544,-0.3334967036233917
2206,0.5459999999999998,-0.09064496171829858,0.5459999999999998,-0.3318299140901844
2207,0.5479999999999996,-0.08909686573771011,0.5479999999999996,-0.3302024555154087
2208,0.5500000000000003,-0.08758523994900039,0.5500000000000003,-0.32861350449376525
2209,0.552,-0.08610932663692575,0.552,-0.3270622437356123
2210,0.5539999999999998,-0.08466837241704264,0.5539999999999998,-0.32554786206696107
2211,0.5559999999999996,-0.08326162828610353,0.5559999999999996,-0.32406955442947893
2212,0.5580000000000003,-0.08188834967108419,0.5580000000000003,-0.32262652188048785
2213,0.56,-0.08054779647687746,0.56,-0.3212179715929669
2214,0.5619999999999998,-0.07923923313267309,0.5619999999999998,-0.3198431168555487
2215,0.5639999999999996,-0.07796192863706206,0.5639999999999996,-0.3185011770725217
2216,0.5660000000000003,-0.07671515660188569,0.5660000000000003,-0.3171913777638291
2217,0.5680000000000001,-0.07549819529486171,0.5680000000000001,-0.3159129505650709
2218,0.5699999999999998,-0.07431032768100707,0.5699999999999998,-0.31466513322750106
2219,0.5719999999999996,-0.07315084146289422,0.5719999999999996,-0.3134471696180291
2220,0.5740000000000003,-0.07201902911975946,0.5740000000000003,-0.31225830971921936
2221,0.5760000000000001,-0.07091418794549545,0.5760000000000001,-0.3110978096292931
2222,0.5779999999999998,-0.06983562008554597,0.5779999999999998,-0.30996493156212523
2223,0.5799999999999996,-0.06878263257273834,0.5799999999999996,-0.30885894384724655
2224,0.5820000000000003,-0.06775453736207118,0.5820000000000003,-0.30777912092984255
2225,0.5840000000000001,-0.0667506513644888,0.5840000000000001,-0.30672474337075556
2226,0.5859999999999999,-0.06577029647965807,0.5859999999999999,-0.30569509784648163
2227,0.5879999999999996,-0.0648127996277835,0.5879999999999996,-0.30468947714917277
2228,0.5900000000000003,-0.06387749278047652,0.5900000000000003,-0.3037071801866357
2229,0.5920000000000001,-0.062963712990707,0.5920000000000001,-0.30274751198233363
2230,0.5939999999999999,-0.06207080242185689,0.5939999999999999,-0.3018097836753841
2231,0.5959999999999996,-0.061198108375904364,0.5959999999999996,-0.3008933125205599
2232,0.5980000000000003,-0.060344983320757634,0.5980000000000003,-0.29999742188828915
2233,0.6000000000000001,-0.0595107849167639,0.6000000000000001,-0.29912144126465623
2234,0.6019999999999999,-0.058694876042411775,0.6019999999999999,-0.29826470625139956
2235,0.6039999999999996,-0.05789662481925553,0.6039999999999996,-0.2974265585659133
2236,0.6060000000000003,-0.057115404636077644,0.6060000000000003,-0.29660634604124675
2237,0.6080000000000001,-0.056350858899021555,0.6080000000000001,-0.2958036875126018
2238,0.6099999999999999,-0.05560323645989132,0.6099999999999999,-0.29501880973689965
2239,0.6119999999999997,-0.054872294545399464,0.6119999999999997,-0.2942514494441965
2240,0.6140000000000003,-0.05415775843419671,0.6140000000000003,-0.2935013119154908
2241,0.6160000000000001,-0.053459354111475704,0.6160000000000001,-0.29276810361132993
2242,0.6179999999999999,-0.05277680828025352,0.6179999999999999,-0.29205153217180846
2243,0.6199999999999997,-0.05210984837239416,0.6199999999999997,-0.29135130641656926
2244,0.6220000000000003,-0.051458202559370475,0.6220000000000003,-0.29066713634480296
2245,0.6240000000000001,-0.05082159976277387,0.6240000000000001,-0.2899987331352491
2246,0.6259999999999999,-0.050199769664569543,0.6259999999999999,-0.2893458091461944
2247,0.6279999999999997,-0.049592442717109636,0.6279999999999997,-0.28870807791547387
2248,0.6300000000000003,-0.048999350152901106,0.6300000000000003,-0.2880852541604703
2249,0.6320000000000001,-0.04842022399413756,0.6320000000000001,-0.28747705377811544
2250,0.6339999999999999,-0.04785479706199389,0.6339999999999999,-0.28688319384488814
2251,0.6359999999999997,-0.0473028029856932,0.6359999999999997,-0.2863033926168156
2252,0.6380000000000003,-0.04676397621134634,0.6380000000000003,-0.28573736952947276
2253,0.6400000000000001,-0.046238052010569325,0.6400000000000001,-0.2851848451979834
2254,0.6419999999999999,-0.04572476648888066,0.6419999999999999,-0.2846455414170187
2255,0.6439999999999997,-0.04522385659388664,0.6439999999999997,-0.2841191811607979
2256,0.6460000000000004,-0.04473506012325315,0.6460000000000004,-0.2836054885830882
2257,0.6480000000000001,-0.044258115732473485,0.6480000000000001,-0.2831041890172055
2258,0.6499999999999999,-0.043792762942428926,0.6499999999999999,-0.28261500897601305
2259,0.6519999999999997,-0.04333874214675407,0.6519999999999997,-0.2821376761519224
2260,0.6540000000000004,-0.04289579461900342,0.6540000000000004,-0.2816719194168928
2261,0.6560000000000001,-0.04246366251962866,0.6560000000000001,-0.2812174688224324
2262,0.6579999999999999,-0.04204208890276476,0.6579999999999999,-0.2807740555995965
2263,0.6599999999999997,-0.04163081772283392,0.6599999999999997,-0.28034141215898883
2264,0.6620000000000004,-0.04122959384096772,0.6620000000000004,-0.27991927209076084
2265,0.6640000000000001,-0.04083816303125257,0.6640000000000001,-0.27950737016461286
2266,0.6659999999999999,-0.0404562719868001,0.6659999999999999,-0.27910544232979223
2267,0.6679999999999997,-0.04008366832564922,0.6679999999999997,-0.278713225715095
2268,0.6700000000000004,-0.039720100596500746,0.6700000000000004,-0.2783304586288647
2269,0.6720000000000002,-0.03936531828428949,0.6720000000000002,-0.27795688055899376
2270,0.6739999999999999,-0.039019071815596135,0.6739999999999999,-0.2775922321729218
2271,0.6759999999999997,-0.038681112563904024,0.6759999999999997,-0.2772362553176369
2272,0.6780000000000004,-0.03835119285470298,0.6780000000000004,-0.27688869301967495
2273,0.6800000000000002,-0.038029065970444725,0.6800000000000002,-0.27654928948512025
2274,0.6819999999999999,-0.037714486155350974,0.6819999999999999,-0.2762177900996048
2275,0.6839999999999997,-0.03740720862008137,0.6839999999999997,-0.27589394142830875
2276,0.6860000000000004,-0.03710698954626088,0.6860000000000004,-0.2755774912159602
2277,0.6880000000000002,-0.03681358609087301,0.6880000000000002,-0.27526818838683553
2278,0.69,-0.03652675639051886,0.69,-0.27496578304475894
2279,0.6919999999999997,-0.036246259565549416,0.6919999999999997,-0.27467002647310285
2280,0.6940000000000004,-0.03597185572407016,0.6940000000000004,-0.2743806711347873
2281,0.6960000000000002,-0.035703305965825244,0.6960000000000002,-0.27409747067228096
2282,0.698,-0.03544037238596007,0.698,-0.2738201799076002
2283,0.6999999999999997,-0.035182818078669825,0.6999999999999997,-0.2735485548423095
2284,0.7020000000000004,-0.03493045345470322,0.7020000000000004,-0.27328239902122003
2285,0.7040000000000002,-0.03468349854751665,0.7040000000000002,-0.27302192665452313
2286,0.706,-0.03444195933054914,0.706,-0.2727671385791246
2287,0.7079999999999997,-0.034205757104157825,0.7079999999999997,-0.2725179510266971
2288,0.7100000000000004,-0.033974813025862,0.7100000000000004,-0.2722742801665388
2289,0.7120000000000002,-0.03374904811174387,0.7120000000000002,-0.2720360421055736
2290,0.714,-0.033528383237820064,0.714,-0.2718031528883506
2291,0.7159999999999997,-0.03331273914138719,0.7159999999999997,-0.27157552849704447
2292,0.7180000000000004,-0.03310203642233908,0.7180000000000004,-0.2713530848514555
2293,0.7200000000000002,-0.03289619554445847,0.7200000000000002,-0.2711357378090095
2294,0.722,-0.03269513683667993,0.722,-0.27092340316475777
2295,0.7239999999999998,-0.032498780494328555,0.7239999999999998,-0.27071599665137697
2296,0.7260000000000004,-0.032307046580331095,0.7260000000000004,-0.2705134339391694
2297,0.7280000000000002,-0.03211985502640316,0.7280000000000002,-0.27031563063606295
2298,0.73,-0.03193712563420828,0.73,-0.27012250228761087
2299,0.7319999999999998,-0.03175877807649466,0.7319999999999998,-0.269933964376992
2300,0.7340000000000004,-0.031584731898204904,0.7340000000000004,-0.2697499323250106
2301,0.7360000000000002,-0.03141490651756293,0.7360000000000002,-0.26957032149009663
2302,0.738,-0.031249221227134888,0.738,-0.26939504716830537
2303,0.7399999999999998,-0.031087595194867784,0.7399999999999998,-0.2692240245933177
2304,0.7420000000000004,-0.03092994746510294,0.7420000000000004,-0.2690571689364399
2305,0.7440000000000002,-0.030776196959567653,0.7440000000000002,-0.26889439530660403
2306,0.746,-0.030626262478342187,0.746,-0.2687356187503674
2307,0.7479999999999998,-0.03048006270080536,0.7479999999999998,-0.2685807542519129
2308,0.7499999999999996,-0.030337516186556918,0.7499999999999996,-0.26842971673304894
2309,0.7520000000000002,-0.030198541376317917,0.7520000000000002,-0.2682824210532094
2310,0.754,-0.03006305659280925,0.754,-0.26813878200945385
2311,0.7559999999999998,-0.029930980041608685,0.7559999999999998,-0.26799871433646716
2312,0.7579999999999996,-0.029802229811986963,0.7579999999999996,-0.2678621327065598
2313,0.7600000000000002,-0.029676723877721828,0.7600000000000002,-0.26772895172966765
2314,0.762,-0.029554380097893213,0.762,-0.26759908595335236
2315,0.7639999999999998,-0.029435116217656127,0.7639999999999998,-0.26747244986280083
2316,0.7659999999999996,-0.029318849868995106,0.7659999999999996,-0.2673489578808255
2317,0.7680000000000002,-0.02920549857145785,0.7680000000000002,-0.26722852436786443
2318,0.77,-0.02909497973287048,0.77,-0.2671110636219813
2319,0.7719999999999998,-0.028987210650032375,0.7719999999999998,-0.2669964898788649
2320,0.7739999999999996,-0.028882108509393295,0.7739999999999996,-0.2668847173118299
2321,0.7760000000000002,-0.028779590387711468,0.7760000000000002,-0.26677566003181624
2322,0.778,-0.028679573252693852,0.778,-0.26666923208738974
2323,0.7799999999999998,-0.028581973963617863,0.7799999999999998,-0.2665653474647412
2324,0.7819999999999996,-0.028486709271936334,0.7819999999999996,-0.2664639200876874
2325,0.7840000000000003,-0.0283936958218646,0.7840000000000003,-0.26636486381767027
2326,0.786,-0.028302850150950937,0.786,-0.2662680924537575
2327,0.7879999999999998,-0.02821408869063005,0.7879999999999998,-0.2661735197326422
2328,0.7899999999999996,-0.028127327766760607,0.7899999999999996,-0.26608105932864307
2329,0.7920000000000003,-0.028042483600146578,0.7920000000000003,-0.26599062485370417
2330,0.794,-0.027959472307042516,0.794,-0.2659021298573952
2331,0.7959999999999998,-0.027878209899644152,0.7959999999999998,-0.2658154878269113
2332,0.7979999999999996,-0.027798612286563135,0.7979999999999996,-0.26573061218707306
2333,0.8000000000000003,-0.02772059527328749,0.8000000000000003,-0.26564741630032673
2334,0.802,-0.027644074562627602,0.802,-0.26556581346674407
2335,0.8039999999999998,-0.027568965755147418,0.8039999999999998,-0.26548571692402223
2336,0.8059999999999996,-0.027495198059829612,0.8059999999999996,-0.2654070536453414
2337,0.8080000000000003,-0.02742295157967431,0.8080000000000003,-0.2653300032379255
2338,0.81,-0.027352290235186788,0.81,-0.26525462864176413
2339,0.8119999999999998,-0.027283191237640753,0.8119999999999998,-0.26518090558144153
2340,0.8139999999999996,-0.02721563175088651,0.8139999999999996,-0.26510880974964407
2341,0.8160000000000003,-0.027149588891507842,0.8160000000000003,-0.2650383168071601
2342,0.8180000000000001,-0.027085039728975774,0.8180000000000001,-0.2649694023828801
2343,0.8199999999999998,-0.027021961285799673,0.8199999999999998,-0.2649020420737963
2344,0.8219999999999996,-0.026960330537674965,0.8219999999999996,-0.2648362114450033
2345,0.8240000000000003,-0.02690012441362824,0.8240000000000003,-0.2647718860296976
2346,0.8260000000000001,-0.02684131979615975,0.8260000000000001,-0.2647090413291776
2347,0.8279999999999998,-0.026783893521382635,0.8279999999999998,-0.2646476528128438
2348,0.8299999999999996,-0.02672782237915941,0.8299999999999996,-0.26458769591819886
2349,0.8320000000000003,-0.026673083113236046,0.8320000000000003,-0.26452914605084715
2350,0.8340000000000001,-0.026619652421372902,0.8340000000000001,-0.2644719785844955
2351,0.8359999999999999,-0.026567506955473025,0.8359999999999999,-0.2644161688609523
2352,0.8379999999999996,-0.026516623321707983,0.8379999999999996,-0.26436169219012834
2353,0.8400000000000003,-0.02646697808064072,0.8400000000000003,-0.26430852385003617
2354,0.8420000000000001,-0.02641854774734584,0.8420000000000001,-0.2642566390867906
2355,0.8439999999999999,-0.02637130879152763,0.8439999999999999,-0.2642060131146082
2356,0.8459999999999996,-0.02632523763763492,0.8459999999999996,-0.2641566211158078
2357,0.8480000000000003,-0.026280310664973577,0.8480000000000003,-0.26410843824081004
2358,0.8500000000000001,-0.02623650420781723,0.8500000000000001,-0.2640614396081378
2359,0.8519999999999999,-0.026193794555514044,0.8519999999999999,-0.26401560030441595
2360,0.8539999999999996,-0.026152157952592042,0.8539999999999996,-0.26397089538437113
2361,0.8560000000000003,-0.02611157059886207,0.8560000000000003,-0.26392729987083235
2362,0.8580000000000001,-0.02607200864951767,0.8580000000000001,-0.26388478875473037
2363,0.8599999999999999,-0.026033448215233096,0.8599999999999999,-0.2638433369950982
2364,0.8619999999999997,-0.02599586536225859,0.8619999999999997,-0.26380291951907064
2365,0.8640000000000003,-0.02595923611251369,0.8640000000000003,-0.26376351122188474
2366,0.8660000000000001,-0.02592353644367809,0.8660000000000001,-0.2637250869668794
2367,0.8679999999999999,-0.025888742289280037,0.8679999999999999,-0.2636876215854957
2368,0.8699999999999997,-0.025854829538782792,0.8699999999999997,-0.26365108987727653
2369,0.8720000000000003,-0.025821774037668416,0.8720000000000003,-0.26361546660986707
2370,0.8740000000000001,-0.025789551587520193,0.8740000000000001,-0.26358072651901426
2371,0.8759999999999999,-0.025758137946102017,0.8759999999999999,-0.26354684430856734
2372,0.8779999999999997,-0.02572750882743599,0.8779999999999997,-0.2635137946504773
2373,0.8800000000000003,-0.025697639901877872,0.8800000000000003,-0.2634815521847973
2374,0.8820000000000001,-0.025668506796190788,0.8820000000000001,-0.2634500915196825
2375,0.8839999999999999,-0.025640085093616677,0.8839999999999999,-0.2634193872313902
2376,0.8859999999999997,-0.025612350333944794,0.8859999999999997,-0.26338941386427944
2377,0.8880000000000003,-0.025585278013580376,0.8880000000000003,-0.26336014593081153
2378,0.8900000000000001,-0.02555884358560903,0.8900000000000001,-0.2633315579115498
2379,0.8919999999999999,-0.025533022459860694,0.8919999999999999,-0.26330362425515935
2380,0.8939999999999997,-0.025507790002971403,0.8939999999999997,-0.2632763193784076
2381,0.8960000000000004,-0.02548312153844237,0.8960000000000004,-0.263249617666164
2382,0.8980000000000001,-0.025458992346698545,0.8980000000000001,-0.26322349347139967
2383,0.8999999999999999,-0.025435377665144338,0.8999999999999999,-0.26319792111518814
2384,0.9019999999999997,-0.02541225268821809,0.9019999999999997,-0.26317287488670477
2385,0.9040000000000004,-0.025389592567444524,0.9040000000000004,-0.26314832904322694
2386,0.9060000000000001,-0.02536737241148554,0.9060000000000001,-0.26312425781013415
2387,0.9079999999999999,-0.025345567286189613,0.9079999999999999,-0.26310063538090794
2388,0.9099999999999997,-0.02532415221463888,0.9099999999999997,-0.2630774359171317
2389,0.9120000000000004,-0.025303108818880676,0.9120000000000004,-0.2630546400058048
2390,0.9140000000000001,-0.025282444936819998,0.9140000000000001,-0.26303225429861377
2391,0.9159999999999999,-0.02526216198258227,0.9159999999999999,-0.2630102798261326
2392,0.9179999999999997,-0.02524226009114225,0.9179999999999997,-0.26298871639071314
2393,0.9200000000000004,-0.02522273920655496,0.9200000000000004,-0.262967563603038
2394,0.9220000000000002,-0.02520359908195549,0.9220000000000002,-0.262946820882121
2395,0.9239999999999999,-0.025184839279558696,0.9239999999999999,-0.2629264874553068
2396,0.9259999999999997,-0.025166459170659322,0.9259999999999997,-0.262906562358271
2397,0.9280000000000004,-0.025148457935632612,0.9280000000000004,-0.2628870444350201
2398,0.9300000000000002,-0.025130834563934695,0.9300000000000002,-0.26286793233789163
2399,0.9319999999999999,-0.025113587854104086,0.9319999999999999,-0.2628492245275541
2400,0.9339999999999997,-0.025096716413762293,0.9339999999999997,-0.26283091927300695
2401,0.9360000000000004,-0.0250802186596156,0.9360000000000004,-0.2628130146515805
2402,0.9380000000000002,-0.02506409281745678,0.9380000000000002,-0.2627955085489362
2403,0.94,-0.025048336922166875,0.94,-0.2627783986590662
2404,0.9419999999999997,-0.025032948817717587,0.9419999999999997,-0.26276168248429393
2405,0.9440000000000004,-0.025017926157173215,0.9440000000000004,-0.2627453573352734
2406,0.9460000000000002,-0.025003266402693763,0.9460000000000002,-0.26272942033098984
2407,0.948,-0.024988966825537445,0.948,-0.2627138683987594
2408,0.9499999999999997,-0.024975024506063342,0.9499999999999997,-0.26269869827422904
2409,0.9520000000000004,-0.024961436333735126,0.9520000000000004,-0.26268390650137685
2410,0.9540000000000002,-0.024948199007124056,0.9540000000000002,-0.26266948943251184
2411,0.956,-0.02493530903391225,0.956,-0.2626554432282739
2412,0.9579999999999997,-0.02492276273089658,0.9579999999999997,-0.2626417638576339
2413,0.9600000000000004,-0.024910556223992603,0.9600000000000004,-0.2626284470978937
2414,0.9620000000000002,-0.024898685448238006,0.9620000000000002,-0.262615488534686
2415,0.964,-0.02488714614779705,0.964,-0.26260288356197475
2416,0.9659999999999997,-0.024875933875964623,0.9659999999999997,-0.26259062738205446
2417,0.9680000000000004,-0.024865043995170116,0.9680000000000004,-0.26257871500555086
2418,0.9700000000000002,-0.024854471676982653,0.9700000000000002,-0.2625671412514205
2419,0.972,-0.024844211902114693,0.972,-0.26255590074695107
2420,0.9739999999999998,-0.024834259460427194,0.9739999999999998,-0.262544987927761
2421,0.9760000000000004,-0.02482460895093405,0.9760000000000004,-0.26253439703779974
2422,0.9780000000000002,-0.024815254781806545,0.9780000000000002,-0.2625241221293477
2423,0.98,-0.024806191170378716,0.98,-0.26251415706301645
2424,0.9819999999999998,-0.024797412143151704,0.9819999999999998,-0.2625044955077482
2425,0.9840000000000004,-0.02478891153579868,0.9840000000000004,-0.26249513094081606
2426,0.9860000000000002,-0.024780682993170017,0.9860000000000002,-0.2624860566478246
2427,0.988,-0.024772719969298168,0.988,-0.2624772657227088
2428,0.9899999999999998,-0.024765015727402334,0.9899999999999998,-0.26246875106773493
2429,0.9920000000000004,-0.024757563339893734,0.9920000000000004,-0.2624605053935
2430,0.9940000000000002,-0.02475035568838066,0.9940000000000002,-0.26245252121893214
2431,0.996,-0.02474338546367308,0.996,-0.2624447908712904
2432,0.9979999999999998,-0.024736645165787913,0.9979999999999998,-0.2624373064861647
2433,0.9999999999999996,-0.02473012710395392,0.9999999999999996,-0.262430060007476
2434,1.0020000000000002,-0.02472382339661658,1.0020000000000002,-0.2624230431874761
2435,1.004,-0.02471772597144281,1.004,-0.2624162475867479
2436,1.0059999999999998,-0.024711826565326084,1.0059999999999998,-0.2624096645742053
2437,1.0079999999999996,-0.024706116724390853,1.0079999999999996,-0.2624032853270928
2438,1.0100000000000002,-0.02470058780399756,1.0100000000000002,-0.2623971008309863
2439,1.012,-0.024695230968747067,1.012,-0.26239110187979237
2440,1.0139999999999998,-0.024690037192485165,1.0139999999999998,-0.2623852790757486
2441,1.0159999999999996,-0.02468499725830739,1.0159999999999996,-0.2623796228294237
2442,1.0180000000000002,-0.024680101758562584,1.0180000000000002,-0.26237412335971694
2443,1.02,-0.02467534109485811,1.02,-0.26236877069385905
2444,1.0219999999999998,-0.024670705478063187,1.0219999999999998,-0.2623635546674113
2445,1.0239999999999996,-0.024666184928313267,1.0239999999999996,-0.2623584649242661
2446,1.0260000000000002,-0.024661769275013873,1.0260000000000002,-0.2623534909166469
2447,1.028,-0.024657448156844092,1.028,-0.26234862190510777
2448,1.0299999999999998,-0.02465321102176035,1.0299999999999998,-0.2623438469585341
2449,1.0319999999999996,-0.024649047126999918,1.0319999999999996,-0.26233915495414206
2450,1.0340000000000003,-0.024644945539083557,1.0340000000000003,-0.26233453457747885
2451,1.036,-0.024640895133819368,1.036,-0.2623299743224225
2452,1.0379999999999998,-0.024636884596305003,1.0379999999999998,-0.2623254624911821
2453,1.0399999999999996,-0.02463290242093083,1.0399999999999996,-0.26232098719429775
2454,1.0420000000000003,-0.024628936911381655,1.0420000000000003,-0.26231653635064034
2455,1.044,-0.024624976180639996,1.044,-0.26231209768741176
2456,1.0459999999999998,-0.02462100815098714,1.0459999999999998,-0.262307658740145
2457,1.0479999999999996,-0.02461702055400547,1.0479999999999996,-0.26230320685270386
2458,1.0500000000000003,-0.024613000930579915,1.0500000000000003,-0.2622987291772831
2459,1.052,-0.024608936630899053,1.052,-0.26229421267440844
2460,1.0539999999999998,-0.024604831105300845,1.0539999999999998,-0.26228966064387405
2461,1.0559999999999996,-0.0246007619212765,1.0559999999999996,-0.2622851516572309
2462,1.0580000000000003,-0.024596742567352475,1.0580000000000003,-0.26228069935085396
2463,1.06,-0.024592774856169314,1.06,-0.26227630551813713
2464,1.0619999999999998,-0.024588860526002704,1.0619999999999998,-0.2622719718764614
2465,1.0639999999999996,-0.02458500124076221,1.0639999999999996,-0.26226770006719496
2466,1.0660000000000003,-0.024581198589990444,1.0660000000000003,-0.2622634916556933
2467,1.068,-0.024577454088861944,1.068,-0.2622593481312991
2468,1.0699999999999998,-0.02457376917818213,1.0699999999999998,-0.2622552709073423
2469,1.0719999999999996,-0.024570145224386525,1.0719999999999996,-0.26225126132113996
2470,1.0740000000000003,-0.02456658351953997,1.0740000000000003,-0.26224732063399653
2471,1.076,-0.024563085281335578,1.076,-0.26224345003120353
2472,1.0779999999999998,-0.024559651653093956,1.0779999999999998,-0.26223965062203985
2473,1.0799999999999996,-0.024556283703762477,1.0799999999999996,-0.26223592343977137
2474,1.0820000000000003,-0.024552982427914455,1.0820000000000003,-0.26223226944165157
2475,1.084,-0.02454974874574875,1.084,-0.2622286895089208
2476,1.0859999999999999,-0.024546583503088498,1.0859999999999999,-0.26222518444680676
2477,1.0879999999999996,-0.024543487471381326,1.0879999999999996,-0.2622217549845245
2478,1.0900000000000003,-0.024540461347697745,1.0900000000000003,-0.2622184017752761
2479,1.092,-0.02453750575473143,1.092,-0.26221512539625097
2480,1.0939999999999999,-0.02453462124079822,1.0939999999999999,-0.2622119263486258
2481,1.0959999999999996,-0.024531808279836004,1.0959999999999996,-0.26220880505756433
2482,1.0980000000000003,-0.02452906727140361,1.0980000000000003,-0.26220576187221767
2483,1.1,-0.0245263985406812,1.1,-0.2622027970657241
2484,1.1019999999999999,-0.024523802338469264,1.1019999999999999,-0.26219991083520927
2485,1.1039999999999996,-0.02452127884118846,1.1039999999999996,-0.26219710330178575
2486,1.1060000000000003,-0.02451882815087922,1.1060000000000003,-0.26219437451055355
2487,1.108,-0.02451645029520147,1.108,-0.2621917244305999
2488,1.1099999999999999,-0.024514145227434586,1.1099999999999999,-0.2621891529549992
2489,1.1119999999999997,-0.02451191282647666,1.1119999999999997,-0.2621866599008132
2490,1.1140000000000003,-0.02450975289684479,1.1140000000000003,-0.26218424500909066
2491,1.116,-0.02450766516867456,1.116,-0.26218190794486773
2492,1.1179999999999999,-0.024505649297720006,1.1179999999999999,-0.26217964829716767
2493,1.1199999999999997,-0.024503704865353443,1.1199999999999997,-0.2621774655790012
2494,1.1220000000000003,-0.024501831378565403,1.1220000000000003,-0.2621753592273659
2495,1.124,-0.02450002826996453,1.124,-0.2621733286032469
2496,1.126,-0.024498294897777523,1.126,-0.26217137299161636
2497,1.1279999999999997,-0.024496630545849135,1.1279999999999997,-0.2621694916014338
2498,1.1300000000000003,-0.024495034423642065,1.1300000000000003,-0.26216768356564585
2499,1.1320000000000001,-0.024493505666237175,1.1320000000000001,-0.26216594794118636
2500,1.134,-0.024492043334333385,1.134,-0.26216428370897665
2501,1.1359999999999997,-0.024490646414247558,1.1359999999999997,-0.26216268977392493
2502,1.1380000000000003,-0.024489313817914943,1.1380000000000003,-0.2621611649649268
2503,1.1400000000000001,-0.024488044382888957,1.1400000000000001,-0.2621597080348651
2504,1.142,-0.024486836872341516,1.142,-0.2621583176606098
2505,1.1439999999999997,-0.02448568997506309,1.1439999999999997,-0.2621569924430182
2506,1.1460000000000004,-0.024484602305462705,1.1460000000000004,-0.2621557309069349
2507,1.1480000000000001,-0.024483572403568327,1.1480000000000001,-0.26215453150119145
2508,1.15,-0.024482598735026923,1.15,-0.2621533925986068
2509,1.1519999999999997,-0.02448167969110457,1.1519999999999997,-0.2621523124959872
2510,1.1540000000000004,-0.024480813588686895,1.1540000000000004,-0.2621512894141261
2511,1.1560000000000001,-0.024479998670278807,1.1560000000000001,-0.2621503214978039
2512,1.158,-0.02447923310400532,1.158,-0.2621494068157885
2513,1.1599999999999997,-0.024478514983611394,1.1599999999999997,-0.2621485433608351
2514,1.1620000000000004,-0.024477842328462146,1.1620000000000004,-0.2621477290496859
2515,1.1640000000000001,-0.02447721308354331,1.1640000000000001,-0.2621469617230704
2516,1.166,-0.024476625119461165,1.166,-0.2621462391457054
2517,1.1679999999999997,-0.02447607623244305,1.1679999999999997,-0.2621455590062948
2518,1.1700000000000004,-0.02447556414433752,1.1700000000000004,-0.2621449189175299
2519,1.1720000000000002,-0.024475086502614457,1.1720000000000002,-0.262144316416089
2520,1.174,-0.024474640880365467,1.174,-0.2621437489626378
2521,1.1759999999999997,-0.024474224776304093,1.1759999999999997,-0.26214321394182916
2522,1.1780000000000004,-0.024473835614765876,1.1780000000000004,-0.2621427086623032
2523,1.1800000000000002,-0.024473470745708797,1.1800000000000002,-0.26214223035668727
2524,1.182,-0.024473127444713333,1.182,-0.2621417761815958
2525,1.1839999999999997,-0.02447280291298279,1.1839999999999997,-0.26214134321763066
2526,1.1860000000000004,-0.02447249427734341,1.1860000000000004,-0.2621409284693809
2527,1.1880000000000002,-0.024472198590244493,1.1880000000000002,-0.26214052886542255
2528,1.19,-0.024471912829758552,1.19,-0.2621401412583193
2529,1.1919999999999997,-0.02447163389958182,1.1919999999999997,-0.26213976242462167
2530,1.1940000000000004,-0.024471358629033796,1.1940000000000004,-0.2621393890648676
2531,1.1960000000000002,-0.024471083773057928,1.1960000000000002,-0.26213901780358223
2532,1.198,-0.02447080601222132,1.198,-0.26213864518927793
2533,1.1999999999999997,-0.024470521952714736,1.1999999999999997,-0.26213826769445425
2534,1.2020000000000004,-0.02447022812635316,1.2020000000000004,-0.262137881715598
2535,1.2040000000000002,-0.024469920990575184,1.2040000000000002,-0.26213748357318317
2536,1.206,-0.0244695969284435,1.206,-0.2621370695116711
2537,1.2079999999999997,-0.02446925224864452,1.2079999999999997,-0.2621366356995102
2538,1.2100000000000004,-0.024468883185488427,1.2100000000000004,-0.2621361782291362
2539,1.2120000000000002,-0.024468485898909126,1.2120000000000002,-0.26213569311697205
2540,1.214,-0.024468056474464123,1.214,-0.262135176303428
2541,1.2159999999999997,-0.024467590923333865,1.2159999999999997,-0.2621346236529012
2542,1.2180000000000004,-0.024467085182322407,1.2180000000000004,-0.26213403095377646
2543,1.2200000000000002,-0.024466535113856352,1.2200000000000002,-0.26213339391842555
2544,1.222,-0.024465936505984914,1.222,-0.2621327081832075
2545,1.2239999999999998,-0.02446528507237941,1.2239999999999998,-0.26213196930846866
2546,1.2260000000000004,-0.024464586282154893,1.2260000000000004,-0.26213118286017106
2547,1.2280000000000002,-0.024463879006125983,1.2280000000000002,-0.2621303886791989
2548,1.23,-0.024463168623249626,1.23,-0.26212959227900884
2549,1.2319999999999998,-0.024462456127668092,1.2319999999999998,-0.2621287946768726
2550,1.2340000000000004,-0.024461742489225252,1.2340000000000004,-0.26212799686498095
2551,1.2360000000000002,-0.024461028653466138,1.2360000000000002,-0.26212719981044336
2552,1.238,-0.024460315541637218,1.238,-0.26212640445528823
2553,1.2399999999999998,-0.024459604050686118,1.2399999999999998,-0.26212561171646287
2554,1.2420000000000004,-0.024458895053261348,1.2420000000000004,-0.26212482248583346
2555,1.2440000000000002,-0.024458189397712632,1.2440000000000002,-0.2621240376301851
2556,1.246,-0.02445748790809052,1.246,-0.2621232579912217
2557,1.2479999999999998,-0.024456791384146498,1.2479999999999998,-0.2621224843855661
2558,1.2500000000000004,-0.024456100601332714,1.2500000000000004,-0.26212171760476005
2559,1.2520000000000002,-0.02445541631080203,1.2520000000000002,-0.2621209584152641
2560,1.254,-0.024454739239407858,1.254,-0.2621202075584577
2561,1.2559999999999998,-0.024454070089704377,1.2559999999999998,-0.2621194657506393
2562,1.2579999999999996,-0.024453409539945764,1.2579999999999996,-0.2621187336830262
2563,1.2600000000000002,-0.02445275824408702,1.2600000000000002,-0.2621180120217544
2564,1.262,-0.02445211683178325,1.262,-0.262117301407879
2565,1.2639999999999998,-0.02445148590838972,1.2639999999999998,-0.2621166024573738
2566,1.2659999999999996,-0.024450866054962023,1.2659999999999996,-0.2621159157611317
2567,1.2680000000000002,-0.024450257828255634,1.2680000000000002,-0.2621152418849643
2568,1.27,-0.024449661760726132,1.27,-0.26211458136960214
2569,1.2719999999999998,-0.024449078360529314,1.2719999999999998,-0.2621139347306948
2570,1.2739999999999996,-0.02444850811152041,1.2739999999999996,-0.2621133024588104
2571,1.2760000000000002,-0.024447951473254764,1.2760000000000002,-0.26211268501943624
2572,1.278,-0.024447408880987426,1.278,-0.2621120828529784
2573,1.2799999999999998,-0.024446880745673166,1.2799999999999998,-0.2621114963747618
2574,1.2819999999999996,-0.024446367453966472,1.2819999999999996,-0.26211092597503033
2575,1.2840000000000003,-0.024445869368221212,1.2840000000000003,-0.26211037201894677
2576,1.286,-0.02444538682649114,1.286,-0.2621098348465926
2577,1.2879999999999998,-0.02444492014252944,1.2879999999999998,-0.26210931477296845
2578,1.2899999999999996,-0.02444446960578836,1.2899999999999996,-0.2621088120879937
2579,1.2920000000000003,-0.02444403548142013,1.2920000000000003,-0.26210832705650655
2580,1.294,-0.02444361801027603,1.294,-0.2621078599182642
2581,1.2959999999999998,-0.024443217408906676,1.2959999999999998,-0.2621074108879426
2582,1.2979999999999996,-0.02444283386956217,1.2979999999999996,-0.2621069801551368
2583,1.3000000000000003,-0.024442467560191722,1.3000000000000003,-0.26210656788436054
2584,1.302,-0.024442118624443815,1.302,-0.2621061742150465
2585,1.3039999999999998,-0.024441787181666202,1.3039999999999998,-0.2621057992615462
2586,1.3059999999999996,-0.024441473326905633,1.3059999999999996,-0.26210544311313017
2587,1.3080000000000003,-0.024441177130908348,1.3080000000000003,-0.26210510583398766
2588,1.31,-0.02444089864011942,1.31,-0.262104787463227
2589,1.3119999999999998,-0.02444063787668302,1.3119999999999998,-0.26210448801487524
2590,1.3139999999999996,-0.024440394838442764,1.3139999999999996,-0.26210420747787827
2591,1.3160000000000003,-0.024440169498940872,1.3160000000000003,-0.26210394581610114
2592,1.318,-0.024439961807419114,1.318,-0.2621037029683275
2593,1.3199999999999998,-0.024439771688817807,1.3199999999999998,-0.26210347884825996
2594,1.3219999999999996,-0.024439599043776877,1.3219999999999996,-0.2621032733445201
2595,1.3240000000000003,-0.024439443748634798,1.3240000000000003,-0.2621030863206483
2596,1.326,-0.024439305655429483,1.326,-0.26210291761510385
2597,1.3279999999999998,-0.024439184591897395,1.3279999999999998,-0.26210276704126484
2598,1.3299999999999996,-0.024439080361474658,1.3299999999999996,-0.2621026343874284
2599,1.3320000000000003,-0.024438992743295945,1.3320000000000003,-0.2621025194168105
2600,1.334,-0.024438921492195315,1.334,-0.26210242186754595
2601,1.3359999999999999,-0.02443886633870543,1.3359999999999999,-0.26210234145268835
2602,1.3379999999999996,-0.024438826989058554,1.3379999999999996,-0.2621022778602104
2603,1.3400000000000003,-0.02443880312518562,1.3400000000000003,-0.2621022307530035
2604,1.342,-0.02443879440471683,1.342,-0.262102199768878
2605,1.3439999999999999,-0.02443880046098143,1.3439999999999999,-0.2621021845205632
2606,1.3459999999999996,-0.02443882090300778,1.3459999999999996,-0.26210218459570717
2607,1.3480000000000003,-0.024438855315523283,1.3480000000000003,-0.26210219955687686
2608,1.35,-0.024438903258954675,1.35,-0.2621022289415583
2609,1.3519999999999999,-0.024438964269427627,1.3519999999999999,-0.26210227226215616
2610,1.3539999999999996,-0.024439037858767082,1.3539999999999996,-0.2621023290059941
2611,1.3560000000000003,-0.024439123514497202,1.3560000000000003,-0.26210239863531476
2612,1.358,-0.024439220699841308,1.358,-0.2621024805872793
2613,1.3599999999999999,-0.024439328853721992,1.3599999999999999,-0.2621025742739683
2614,1.3619999999999997,-0.024439447390761065,1.3619999999999997,-0.26210267908238083
2615,1.3640000000000003,-0.024439575701279664,1.3640000000000003,-0.26210279437443496
2616,1.366,-0.024439713151298087,1.366,-0.2621029194869677
2617,1.3679999999999999,-0.02443985908253629,1.3679999999999999,-0.26210305373173476
2618,1.3699999999999997,-0.02444001281241312,1.3699999999999997,-0.26210319639541096
2619,1.3720000000000003,-0.024440173634047074,1.3720000000000003,-0.26210334673958985
2620,1.374,-0.02444034081625604,1.374,-0.26210350400078397
2621,1.376,-0.024440513603557062,1.376,-0.26210366739042473
2622,1.3779999999999997,-0.024440691216166904,1.3779999999999997,-0.2621038360948622
2623,1.3800000000000003,-0.0244408728500016,1.3800000000000003,-0.26210400927536576
2624,1.3820000000000001,-0.02444105767667673,1.3820000000000001,-0.26210418606812325
2625,1.384,-0.02444124484350732,1.384,-0.26210436558424166
2626,1.3859999999999997,-0.02444143347350783,1.3859999999999997,-0.26210454690974677
2627,1.3880000000000003,-0.024441622665392265,1.3880000000000003,-0.2621047291055832
2628,1.3900000000000001,-0.02444181149357419,1.3900000000000001,-0.26210491120761453
2629,1.392,-0.02444199900816671,1.392,-0.2621050922266232
2630,1.3939999999999997,-0.02444218423498226,1.3939999999999997,-0.26210527114831056
2631,1.3960000000000004,-0.02444236617553311,1.3960000000000004,-0.2621054469332968
2632,1.3980000000000001,-0.024442543807030898,1.3980000000000001,-0.26210561851712094
2633,1.4,-0.02444271608238688,1.4,-0.26210578481024105
2634,1.4019999999999997,-0.024442881930211685,1.4019999999999997,-0.26210594469803394
2635,1.4040000000000004,-0.024443040254815723,1.4040000000000004,-0.26210609704079535
2636,1.4060000000000001,-0.024443189936208726,1.4060000000000001,-0.2621062406737399
2637,1.408,-0.02444332983010003,1.408,-0.2621063744070011
2638,1.4099999999999997,-0.024443458767898413,1.4099999999999997,-0.2621064970256313
2639,1.4120000000000004,-0.0244435755567122,1.4120000000000004,-0.26210660728960183
2640,1.4140000000000001,-0.024443678979348987,1.4140000000000001,-0.2621067039338028
2641,1.416,-0.024443767794316035,1.416,-0.2621067856680433
2642,1.4179999999999997,-0.024443840735819705,1.4179999999999997,-0.26210685117705124
2643,1.4200000000000004,-0.024443896513765856,1.4200000000000004,-0.26210689912047336
2644,1.4220000000000002,-0.024443933813759505,1.4220000000000002,-0.26210692813287545
2645,1.424,-0.024443951297105165,1.424,-0.262106936823742
2646,1.4259999999999997,-0.024443947600806176,1.4259999999999997,-0.2621069237774764
2647,1.4280000000000004,-0.02444392133756515,1.4280000000000004,-0.26210688755340117
2648,1.4300000000000002,-0.02444387109578386,1.4300000000000002,-0.26210682668575747
2649,1.432,-0.024443795439562738,1.432,-0.2621067396837053
2650,1.4339999999999997,-0.02444369290870127,1.4339999999999997,-0.26210662503132376
2651,1.4360000000000004,-0.024443562018697768,1.4360000000000004,-0.26210648118761076
2652,1.4380000000000002,-0.024443401260749092,1.4380000000000002,-0.2621063065864829
2653,1.44,-0.02444321842388028,1.44,-0.2621061093483365
2654,1.4419999999999997,-0.02444302679702945,1.4419999999999997,-0.26210590331024153
2655,1.4440000000000004,-0.024442827102324677,1.4440000000000004,-0.26210568920902966
2656,1.4460000000000002,-0.02444261994205746,1.4460000000000002,-0.26210546765691034
2657,1.448,-0.024442405907571657,1.448,-0.262105239254945
2658,1.4499999999999997,-0.024442185579263837,1.4499999999999997,-0.2621050045930468
2659,1.4520000000000004,-0.024441959526582985,1.4520000000000004,-0.26210476424998086
2660,1.4540000000000002,-0.02444172830803068,1.4540000000000002,-0.26210451879336405
2661,1.456,-0.02444149247116109,1.456,-0.2621042687796651
2662,1.4579999999999997,-0.024441252552580756,1.4579999999999997,-0.26210401475420464
2663,1.4600000000000004,-0.024441009077948966,1.4600000000000004,-0.26210375725115515
2664,1.4620000000000002,-0.02444076256197733,1.4620000000000002,-0.26210349679354095
2665,1.464,-0.024440513508430045,1.464,-0.26210323389323814
2666,1.4659999999999997,-0.024440262410123953,1.4659999999999997,-0.2621029690509748
2667,1.4680000000000004,-0.02444000974892821,1.4680000000000004,-0.2621027027563308
2668,1.4700000000000002,-0.024439755995764506,1.4700000000000002,-0.26210243548773776
2669,1.472,-0.02443950161060729,1.472,-0.2621021677124793
2670,1.4739999999999998,-0.024439247042483098,1.4739999999999998,-0.2621018998866908
2671,1.4760000000000004,-0.02443899272947117,1.4760000000000004,-0.26210163245535956
2672,1.4780000000000002,-0.024438739098703283,1.4780000000000002,-0.2621013658523247
2673,1.48,-0.024438486566363687,1.48,-0.2621011005002771
2674,1.4819999999999998,-0.024438235537688896,1.4819999999999998,-0.2621008368107596
2675,1.4840000000000004,-0.02443798640696812,1.4840000000000004,-0.2621005751841669
2676,1.4860000000000002,-0.02443773955754283,1.4860000000000002,-0.2621003160097454
2677,1.488,-0.0244374953618072,1.488,-0.26210005966559363
2678,1.4899999999999998,-0.02443725418120765,1.4899999999999998,-0.26209980651866166
2679,1.4920000000000004,-0.024437016366243097,1.4920000000000004,-0.2620995569247517
2680,1.4940000000000002,-0.024436782256464867,1.4940000000000002,-0.26209931122851743
2681,1.496,-0.024436552180476773,1.496,-0.26209906976346475
2682,1.4979999999999998,-0.024436326455935048,1.4979999999999998,-0.2620988328519513
2683,1.5000000000000004,-0.02443610538954824,1.5000000000000004,-0.26209860080518643
2684,1.5020000000000002,-0.024435889277077488,1.5020000000000002,-0.2620983739232315
2685,1.504,-0.02443567840333613,1.504,-0.2620981524949997
2686,1.5059999999999998,-0.024435473042190098,1.5059999999999998,-0.262097936798256
2687,1.5080000000000005,-0.024435273456557632,1.5080000000000005,-0.26209772709961726
2688,1.5100000000000002,-0.0244350798984094,1.5100000000000002,-0.2620975236545522
2689,1.512,-0.024434892608768327,1.512,-0.2620973267073814
2690,1.5139999999999998,-0.024434711817709814,1.5139999999999998,-0.2620971364912772
2691,1.5159999999999996,-0.024434537744361745,1.5159999999999996,-0.26209695322826393
2692,1.5180000000000002,-0.02443437059690426,1.5180000000000002,-0.26209677712921764
2693,1.52,-0.024434210572569698,1.52,-0.2620966083938662
2694,1.5219999999999998,-0.02443405785764316,1.5219999999999998,-0.26209644721078973
2695,1.5239999999999996,-0.02443391262746178,1.5239999999999996,-0.26209629375741955
2696,1.5260000000000002,-0.024433775046415168,1.5260000000000002,-0.26209614820003935
2697,1.528,-0.024433645267945253,1.528,-0.2620960106937844
2698,1.5299999999999998,-0.024433523434546328,1.5299999999999998,-0.26209588138264195
2699,1.5319999999999996,-0.02443340967776511,1.5319999999999996,-0.2620957603994511
2700,1.5340000000000003,-0.024433304118200466,1.5340000000000003,-0.2620956478659026
2701,1.536,-0.024433206865503737,1.536,-0.26209554389253936
2702,1.5379999999999998,-0.024433118018378525,1.5379999999999998,-0.262095448578756
2703,1.5399999999999996,-0.02443303766458102,1.5399999999999996,-0.26209536201279887
2704,1.5420000000000003,-0.024432965880919283,1.5420000000000003,-0.26209528427176626
2705,1.544,-0.02443290273325413,1.544,-0.26209521542160846
2706,1.5459999999999998,-0.02443284827649836,1.5459999999999998,-0.26209515551712737
2707,1.5479999999999996,-0.024432802554617467,1.5479999999999996,-0.2620951046019769
2708,1.5500000000000003,-0.02443276560062893,1.5500000000000003,-0.2620950627086627
2709,1.552,-0.02443273743660271,1.552,-0.2620950298585423
2710,1.5539999999999998,-0.02443271807366107,1.5539999999999998,-0.2620950060618252
2711,1.5559999999999996,-0.024432707511978596,1.5559999999999996,-0.2620949913175727
2712,1.5580000000000003,-0.024432705740782185,1.5580000000000003,-0.2620949856136977
2713,1.56,-0.024432712738351042,1.56,-0.2620949889269653
2714,1.5619999999999998,-0.02443272847201669,1.5619999999999998,-0.2620950012229923
2715,1.5639999999999996,-0.024432752898162963,1.5639999999999996,-0.26209502245624733
2716,1.5660000000000003,-0.024432785962226172,1.5660000000000003,-0.2620950525700509
2717,1.568,-0.024432827598694612,1.568,-0.26209509149657534
2718,1.5699999999999998,-0.02443287773110922,1.5699999999999998,-0.2620951391568449
2719,1.5719999999999996,-0.024432936272063027,1.5719999999999996,-0.2620951954607356
2720,1.5740000000000003,-0.024433003123201597,1.5740000000000003,-0.26209526030697544
2721,1.576,-0.024433078175222694,1.576,-0.26209533358314396
2722,1.5779999999999998,-0.0244331613078764,1.5779999999999998,-0.262095415165673
2723,1.5799999999999996,-0.02443325238996505,1.5799999999999996,-0.2620955049198458
2724,1.5820000000000003,-0.024433351279343513,1.5820000000000003,-0.2620956026997978
2725,1.584,-0.02443345782291892,1.584,-0.2620957083485162
2726,1.5859999999999999,-0.0244335718566506,1.5859999999999999,-0.26209582169783985
2727,1.5879999999999996,-0.024433693205550305,1.5879999999999996,-0.2620959425684597
2728,1.5900000000000003,-0.024433821683682105,1.5900000000000003,-0.2620960707699184
2729,1.592,-0.02443395709416249,1.592,-0.26209620610061063
2730,1.5939999999999999,-0.024434099229160205,1.5939999999999999,-0.26209634834778267
2731,1.5959999999999996,-0.024434247869896314,1.5959999999999996,-0.26209649728753276
2732,1.5980000000000003,-0.0244344027866443,1.5980000000000003,-0.26209665268481114
2733,1.6,-0.024434563738730125,1.6,-0.2620968142934196
2734,1.6019999999999999,-0.024434730474531735,1.6019999999999999,-0.26209698185601205
2735,1.6039999999999996,-0.02443490273147972,1.6039999999999996,-0.262097155104094
2736,1.6060000000000003,-0.024435080236057033,1.6060000000000003,-0.2620973337580232
2737,1.608,-0.024435262703798782,1.608,-0.26209751752700877
2738,1.6099999999999999,-0.02443544983929266,1.6099999999999999,-0.26209770610911204
2739,1.6119999999999997,-0.02443564133617862,1.6119999999999997,-0.26209789919124604
2740,1.6140000000000003,-0.024435836877149036,1.6140000000000003,-0.2620980964491756
2741,1.616,-0.024436036133948486,1.616,-0.26209829754751757
2742,1.6179999999999999,-0.02443623876737419,1.6179999999999999,-0.2620985021397405
2743,1.6199999999999997,-0.02443644442727569,1.6199999999999997,-0.26209870986816486
2744,1.6220000000000003,-0.024436652752554605,1.6220000000000003,-0.26209892036396293
2745,1.624,-0.02443686337116538,1.624,-0.2620991332471589
2746,1.626,-0.024437075900114597,1.626,-0.2620993481266288
2747,1.6279999999999997,-0.02443728994546121,1.6279999999999997,-0.2620995646001003
2748,1.6300000000000003,-0.024437505102316764,1.6300000000000003,-0.2620997822541533
2749,1.6320000000000001,-0.02443772095484495,1.6320000000000001,-0.2621000006642193
2750,1.634,-0.02443793707626199,1.634,-0.26210021939458167
2751,1.6359999999999997,-0.024438153028836646,1.6359999999999997,-0.26210043799837573
2752,1.6380000000000003,-0.024438368363889712,1.6380000000000003,-0.2621006560175884
2753,1.6400000000000001,-0.02443858262179474,1.6400000000000001,-0.2621008729830589
2754,1.642,-0.024438795331977542,1.642,-0.2621010884144778
2755,1.6439999999999997,-0.024439006012916237,1.6439999999999997,-0.2621013018203879
2756,1.6460000000000004,-0.02443921417214165,1.6460000000000004,-0.26210151269818355
2757,1.6480000000000001,-0.024439419306236693,1.6480000000000001,-0.2621017205341113
2758,1.65,-0.024439620900836873,1.65,-0.26210192480326916
2759,1.6519999999999997,-0.024439818430630006,1.6519999999999997,-0.2621021249696073
2760,1.6540000000000004,-0.024440011359356445,1.6540000000000004,-0.2621023204859276
2761,1.6560000000000001,-0.024440199139808688,1.6560000000000001,-0.26210251079388364
2762,1.658,-0.02444038121383199,1.658,-0.2621026953239813
2763,1.6599999999999997,-0.024440557012323755,1.6599999999999997,-0.26210287349557787
2764,1.6620000000000004,-0.02444072595523386,1.6620000000000004,-0.2621030447168828
2765,1.6640000000000001,-0.024440887451564614,1.6640000000000001,-0.262103208384957
2766,1.666,-0.02444104089937063,1.666,-0.26210336388571354
2767,1.6679999999999997,-0.02444118568575901,1.6679999999999997,-0.26210351059391745
2768,1.6700000000000004,-0.024441321186889214,1.6700000000000004,-0.26210364787318524
2769,1.6720000000000002,-0.02444144676797297,1.6720000000000002,-0.26210377507598553
2770,1.674,-0.024441561783274696,1.674,-0.26210389154363867
2771,1.6759999999999997,-0.024441665576110744,1.6759999999999997,-0.26210399660631695
2772,1.6780000000000004,-0.024441757478850107,1.6780000000000004,-0.26210408958304454
2773,1.6800000000000002,-0.024441836812914147,1.6800000000000002,-0.2621041697816972
2774,1.682,-0.02444190288877643,1.682,-0.26210423649900294
2775,1.6839999999999997,-0.02444195500596294,1.6839999999999997,-0.2621042890205413
2776,1.6860000000000004,-0.02444199245305187,1.6860000000000004,-0.2621043266207438
2777,1.6880000000000002,-0.024442014507673998,1.6880000000000002,-0.2621043485628937
2778,1.69,-0.024442020436512196,1.69,-0.26210435409912636
2779,1.6919999999999997,-0.02444200949530148,1.6919999999999997,-0.26210434247042874
2780,1.6940000000000004,-0.024441980928829515,1.6940000000000004,-0.26210431290663977
2781,1.6960000000000002,-0.024441933970935942,1.6960000000000002,-0.2621042646264501
2782,1.698,-0.02444186784451277,1.698,-0.26210419683740244
2783,1.6999999999999997,-0.024441781761504217,1.6999999999999997,-0.2621041087358912
2784,1.7020000000000004,-0.024441674922906692,1.7020000000000004,-0.2621039995071627
2785,1.7040000000000002,-0.024441546417423216,1.7040000000000002,-0.2621038682364362
2786,1.706,-0.02444139303847473,1.706,-0.2621037120583444
2787,1.7079999999999997,-0.024441214435279496,1.7079999999999997,-0.262103530778799
2788,1.7100000000000004,-0.024441011764239268,1.7100000000000004,-0.26210332555007093
2789,1.7120000000000002,-0.024440786166072898,1.7120000000000002,-0.26210309750880206
2790,1.714,-0.024440538765816172,1.714,-0.2621028477760052
2791,1.7159999999999997,-0.024440270672821535,1.7159999999999997,-0.26210257745706406
2792,1.7180000000000004,-0.02443998298075853,1.7180000000000004,-0.26210228764173343
2793,1.7200000000000002,-0.024439676767613577,1.7200000000000002,-0.2621019794041391
2794,1.722,-0.024439353095689648,1.722,-0.26210165380277756
2795,1.7239999999999998,-0.024439013011606975,1.7239999999999998,-0.2621013118805166
2796,1.7260000000000004,-0.024438657546302395,1.7260000000000004,-0.2621009546645948
2797,1.7280000000000002,-0.024438287715029566,1.7280000000000002,-0.2621005831666217
2798,1.73,-0.024437904517359027,1.73,-0.2621001983825778
2799,1.7319999999999998,-0.024437508937178082,1.7319999999999998,-0.2620998012928146
2800,1.7340000000000004,-0.024437101942690748,1.7340000000000004,-0.2620993928620547
2801,1.7360000000000002,-0.02443668448641792,1.7360000000000002,-0.2620989740393913
2802,1.738,-0.024436257505197317,1.738,-0.262098545758289
2803,1.7399999999999998,-0.024435821920183426,1.7399999999999998,-0.26209810893658303
2804,1.7420000000000004,-0.024435378636847332,1.7420000000000004,-0.2620976644764798
2805,1.7440000000000002,-0.024434928544977058,1.7440000000000002,-0.26209721326455643
2806,1.746,-0.024434472518677336,1.746,-0.26209675617176137
2807,1.7479999999999998,-0.024434011416369722,1.7479999999999998,-0.2620962940534138
2808,1.7500000000000004,-0.024433546080792484,1.7500000000000004,-0.2620958277492038
2809,1.7520000000000002,-0.024433077339000436,1.7520000000000002,-0.26209535808319256
2810,1.754,-0.02443260600236566,1.754,-0.2620948858638123
2811,1.7559999999999998,-0.02443213286657639,1.7559999999999998,-0.26209441188386595
2812,1.7580000000000005,-0.024431658711637966,1.7580000000000005,-0.2620939369205277
2813,1.7600000000000002,-0.024431184301872494,1.7600000000000002,-0.26209346173534237
2814,1.762,-0.02443071038591868,1.762,-0.26209298707422607
2815,1.7639999999999998,-0.024430237696732,1.7639999999999998,-0.2620925136674657
2816,1.7659999999999996,-0.024429766951584747,1.7659999999999996,-0.2620920422297192
2817,1.7680000000000002,-0.024429298852066045,1.7680000000000002,-0.2620915734600154
2818,1.77,-0.024428834084081613,1.77,-0.2620911080417541
2819,1.7719999999999998,-0.024428373317853996,1.7719999999999998,-0.26209064664270615
2820,1.7739999999999996,-0.02442791720792245,1.7739999999999996,-0.2620901899150133
2821,1.7760000000000002,-0.024427466393143055,1.7760000000000002,-0.2620897384951883
2822,1.778,-0.024427021496688767,1.778,-0.2620892930041148
2823,1.7799999999999998,-0.02442658312604898,1.7799999999999998,-0.2620888540470475
2824,1.7819999999999996,-0.024426151873030183,1.7819999999999996,-0.26208842221361195
2825,1.7840000000000003,-0.024425728313755585,1.7840000000000003,-0.2620879980778048
2826,1.786,-0.024425313008664934,1.786,-0.26208758219799366
2827,1.7879999999999998,-0.024424906502515026,1.7879999999999998,-0.26208717511691687
2828,1.7899999999999996,-0.024424509324379423,1.7899999999999996,-0.2620867773616841
2829,1.7920000000000003,-0.024424121987648234,1.7920000000000003,-0.2620863894437757
2830,1.794,-0.024423744990028612,1.794,-0.2620860118590431
2831,1.7959999999999998,-0.024423378813544422,1.7959999999999998,-0.2620856450877087
2832,1.7979999999999996,-0.024423023924536352,1.7979999999999996,-0.2620852895943659
2833,1.8000000000000003,-0.024422680773661637,1.8000000000000003,-0.2620849458279788
2834,1.802,-0.024422349795894832,1.802,-0.2620846142218829
2835,1.8039999999999998,-0.024422031410526873,1.8039999999999998,-0.2620842951937843
2836,1.8059999999999996,-0.02442172602116563,1.8059999999999996,-0.2620839891457603
2837,1.8080000000000003,-0.02442143401573585,1.8080000000000003,-0.26208369646425894
2838,1.81,-0.024421155766478936,1.81,-0.2620834175200995
2839,1.8119999999999998,-0.02442089162995345,1.8119999999999998,-0.262083152668472
2840,1.8139999999999996,-0.02442064194703439,1.8139999999999996,-0.2620829022489375
2841,1.8160000000000003,-0.02442040704291379,1.8160000000000003,-0.26208266658542806
2842,1.818,-0.02442018722710057,1.818,-0.26208244598624664
2843,1.8199999999999998,-0.024419982793420197,1.8199999999999998,-0.2620822407440672
2844,1.8219999999999996,-0.0244197940200154,1.8219999999999996,-0.2620820511359347
2845,1.8240000000000003,-0.0244196211693454,1.8240000000000003,-0.262081877423265
2846,1.826,-0.024419464488186465,1.826,-0.262081719851845
2847,1.8279999999999998,-0.02441932420763157,1.8279999999999998,-0.26208157865183246
2848,1.8299999999999996,-0.02441920054309074,1.8299999999999996,-0.2620814540377562
2849,1.8320000000000003,-0.02441909369429049,1.8320000000000003,-0.26208134620851586
2850,1.834,-0.02441900384527465,1.834,-0.26208125534738236
2851,1.8359999999999999,-0.02441893116440355,1.8359999999999999,-0.2620811816219972
2852,1.8379999999999996,-0.024418875804354506,1.8379999999999996,-0.2620811251843731
2853,1.8400000000000003,-0.02441883790212171,1.8400000000000003,-0.26208108617089365
2854,1.842,-0.024418817579016233,1.842,-0.26208106470231346
2855,1.8439999999999999,-0.02441881494066586,1.8439999999999999,-0.262081060883758
2856,1.8459999999999996,-0.02441883007701548,1.8459999999999996,-0.26208107480472387
2857,1.8480000000000003,-0.024418863062326518,1.8480000000000003,-0.26208110653907846
2858,1.85,-0.024418913955177673,1.85,-0.26208115614506017
2859,1.8519999999999999,-0.024418982798464134,1.8519999999999999,-0.26208122366527853
2860,1.8539999999999996,-0.024419069619398076,1.8539999999999996,-0.2620813091267138
2861,1.8560000000000003,-0.024419174429508722,1.8560000000000003,-0.2620814125407173
2862,1.858,-0.024419297224641784,1.858,-0.2620815339030115
2863,1.8599999999999999,-0.02441943798496024,1.8599999999999999,-0.2620816731936894
2864,1.8619999999999997,-0.024419596674943672,1.8619999999999997,-0.2620818303772154
2865,1.8640000000000003,-0.024419773243388593,1.8640000000000003,-0.2620820054024246
2866,1.866,-0.02441996762340823,1.866,-0.2620821982025232
2867,1.8679999999999999,-0.024420179732433017,1.8679999999999999,-0.2620824086950883
2868,1.8699999999999997,-0.024420409472209886,1.8699999999999997,-0.262082636782068
2869,1.8720000000000003,-0.02442065672880281,1.8720000000000003,-0.26208288234978133
2870,1.874,-0.02442092137259258,1.874,-0.2620831452689184
2871,1.876,-0.024421203258276764,1.876,-0.26208342539454005
2872,1.8779999999999997,-0.024421502224869912,1.8779999999999997,-0.26208372256607826
2873,1.8800000000000003,-0.02442181809570318,1.8800000000000003,-0.2620840366073359
2874,1.8820000000000001,-0.02442215067842493,1.8820000000000001,-0.26208436732648704
2875,1.884,-0.02442249976499991,1.884,-0.2620847145160763
2876,1.8859999999999997,-0.02442286513171013,1.8859999999999997,-0.2620850779530196
2877,1.8880000000000003,-0.024423246539154092,1.8880000000000003,-0.26208545739860367
2878,1.8900000000000001,-0.02442364373224734,1.8900000000000001,-0.2620858525984862
2879,1.892,-0.024424056440222247,1.892,-0.262086263282696
2880,1.8939999999999997,-0.02442448437662767,1.8939999999999997,-0.26208668916563266
2881,1.8960000000000004,-0.024424927239329736,1.8960000000000004,-0.26208712994606687
2882,1.8980000000000001,-0.02442538471051106,1.8980000000000001,-0.2620875853071401
2883,1.9,-0.024425856456671252,1.9,-0.26208805491636505
2884,1.9019999999999997,-0.024426342128626516,1.9019999999999997,-0.26208853842562513
2885,1.9040000000000004,-0.02442684136151005,1.9040000000000004,-0.2620890354711749
2886,1.9060000000000001,-0.024427353774771815,1.9060000000000001,-0.2620895456736398
2887,1.908,-0.024427878972178324,1.908,-0.26209006863801626
2888,1.9099999999999997,-0.024428416541813297,1.9099999999999997,-0.2620906039536716
2889,1.9120000000000004,-0.024428966056076667,1.9120000000000004,-0.26209115119434434
2890,1.9140000000000001,-0.02442952707168569,1.9140000000000001,-0.26209170991814357
2891,1.916,-0.02443009912967406,1.916,-0.2620922796675497
2892,1.9179999999999997,-0.02443068175539223,1.9179999999999997,-0.262092859969414
2893,1.9200000000000004,-0.02443127445850754,1.9200000000000004,-0.26209345033495857
2894,1.9220000000000002,-0.024431876733004038,1.9220000000000002,-0.26209405025977667
2895,1.924,-0.02443248805718254,1.924,-0.2620946592238324
2896,1.9259999999999997,-0.024433107893660405,1.9259999999999997,-0.26209527669146093
2897,1.9280000000000004,-0.024433735689371933,1.9280000000000004,-0.2620959021113682
2898,1.9300000000000002,-0.02443437087556813,1.9300000000000002,-0.2620965349166314
2899,1.932,-0.024435012867816658,1.932,-0.26209717452469844
2900,1.9339999999999997,-0.024435661066001896,1.9339999999999997,-0.26209782033738827
2901,1.9360000000000004,-0.02443631485432493,1.9360000000000004,-0.2620984717408909
2902,1.9380000000000002,-0.024436973601303674,1.9380000000000002,-0.26209912810576713
2903,1.94,-0.024437636659772582,1.94,-0.26209978878694884
2904,1.9419999999999997,-0.024438303366882824,1.9419999999999997,-0.2621004531237389
2905,1.9440000000000004,-0.02443897304410239,1.9440000000000004,-0.2621011204398111
2906,1.9460000000000002,-0.02443964499721593,1.9460000000000002,-0.26210179004321016
2907,1.948,-0.02444031851632464,1.948,-0.26210246122635183
2908,1.9499999999999997,-0.024440992875846473,1.9499999999999997,-0.2621031332660228
2909,1.9520000000000004,-0.02444166733451622,1.9520000000000004,-0.26210380542338063
2910,1.9540000000000002,-0.0244423411353851,1.9540000000000002,-0.2621044769439541
2911,1.956,-0.024443013505821093,1.956,-0.2621051470576426
2912,1.9579999999999997,-0.024443683657508958,1.9579999999999997,-0.2621058149787169
2913,1.9600000000000004,-0.024444350786449937,1.9600000000000004,-0.26210647990581826
2914,1.9620000000000002,-0.024445014072962262,1.9620000000000002,-0.2621071410219593
2915,1.964,-0.02444567268168038,1.964,-0.26210779749452345
2916,1.9659999999999997,-0.024446325761555837,1.9659999999999997,-0.2621084484752651
2917,1.9680000000000004,-0.024446972445856502,1.9680000000000004,-0.26210909310030966
2918,1.9700000000000002,-0.024447611852167178,1.9700000000000002,-0.26210973049015335
2919,1.972,-0.02444824308238927,1.972,-0.2621103597496636
2920,1.9739999999999998,-0.024448865222740673,1.9739999999999998,-0.2621109799680787
2921,1.9760000000000004,-0.024449477343756215,1.9760000000000004,-0.2621115902190077
2922,1.9780000000000002,-0.024450078500287215,1.9780000000000002,-0.2621121895604309
2923,1.98,-0.02445066773150187,1.98,-0.2621127770346995
2924,1.9819999999999998,-0.024451244060884808,1.9819999999999998,-0.2621133516685356
2925,1.9840000000000004,-0.024451806496237544,1.9840000000000004,-0.26211391247303223
2926,1.9860000000000002,-0.024452354029678186,1.9860000000000002,-0.2621144584436535
2927,1.988,-0.024452885637641614,1.988,-0.2621149885602344
2928,1.9899999999999998,-0.02445340028087936,1.9899999999999998,-0.262115501786981
2929,1.9920000000000004,-0.024453896904459788,1.9920000000000004,-0.2621159970724702
2930,1.9940000000000002,-0.02445437443776785,1.9940000000000002,-0.2621164733496498
2931,1.996,-0.024454831794505166,1.996,-0.26211692953583887
2932,1.9979999999999998,-0.024455267872690395,1.9979999999999998,-0.26211736453272716
2933,2.0000000000000004,-0.024455681554658798,2.0000000000000004,-0.2621177772263755
2934,2.0020000000000002,-0.024456071707062293,2.0020000000000002,-0.2621181664872156
2935,2.004,-0.024456437180869733,2.004,-0.2621185311700503
2936,2.006,-0.024456776811366737,2.006,-0.26211887011405327
2937,2.0080000000000005,-0.024457089418155803,2.0080000000000005,-0.2621191821427692
2938,2.0100000000000002,-0.02445737380515614,2.0100000000000002,-0.2621194660641137
2939,2.012,-0.024457628760603894,2.012,-0.2621197206703733
2940,2.014,-0.024457853057051976,2.014,-0.26211994473820566
2941,2.0160000000000005,-0.024458045451370397,2.0160000000000005,-0.2621201370286394
2942,2.0180000000000002,-0.024458204684745938,2.0180000000000002,-0.2621202962870738
2943,2.02,-0.024458329482682367,2.02,-0.26212042124327944
2944,2.022,-0.024458418555000333,2.022,-0.2621205106113977
2945,2.0239999999999996,-0.02445847059583764,2.0239999999999996,-0.262120563089941
2946,2.0260000000000002,-0.024458484283649023,2.0260000000000002,-0.26212057736179273
2947,2.028,-0.024458458281206158,2.028,-0.2621205520942072
2948,2.03,-0.02445839123559798,2.03,-0.26212048593880966
2949,2.0319999999999996,-0.02445828177823048,2.0319999999999996,-0.26212037753159634
2950,2.0340000000000003,-0.024458128524826844,2.0340000000000003,-0.26212022549293457
2951,2.036,-0.024457930075427264,2.036,-0.2621200284275624
2952,2.038,-0.024457685014389358,2.038,-0.26211978492458904
2953,2.0399999999999996,-0.024457391910387843,2.0399999999999996,-0.2621194935574946
2954,2.0420000000000003,-0.024457049316414875,2.0420000000000003,-0.2621191528841302
2955,2.044,-0.024456655769779984,2.044,-0.2621187614467177
2956,2.046,-0.024456209792109912,2.046,-0.26211831777185035
2957,2.0479999999999996,-0.024455736400468858,2.0479999999999996,-0.26211784676880473
2958,2.0500000000000003,-0.024455273488643542,2.0500000000000003,-0.2621173861700978
2959,2.052,-0.024454821172799318,2.052,-0.2621169360922359
2960,2.054,-0.024454379246060504,2.054,-0.26211649633005685
2961,2.0559999999999996,-0.024453947503527446,2.0559999999999996,-0.2621160666803606
2962,2.0580000000000003,-0.02445352574227669,2.0580000000000003,-0.2621156469419091
2963,2.06,-0.024453113761360806,2.06,-0.2621152369154262
2964,2.062,-0.024452711361808682,2.062,-0.2621148364035979
2965,2.0639999999999996,-0.02445231834662495,2.0639999999999996,-0.26211444521107224
2966,2.0660000000000003,-0.02445193452079078,2.0660000000000003,-0.2621140631444592
2967,2.068,-0.024451559691263197,2.068,-0.26211369001233076
2968,2.07,-0.024451193666975318,2.07,-0.2621133256252211
2969,2.0719999999999996,-0.024450836258836456,2.0719999999999996,-0.26211296979562626
2970,2.0740000000000003,-0.02445048727973212,2.0740000000000003,-0.26211262233800436
2971,2.076,-0.024450146544523627,2.076,-0.26211228306877554
2972,2.078,-0.02444981387004866,2.078,-0.26211195180632196
2973,2.0799999999999996,-0.024449489075120928,2.0799999999999996,-0.26211162837098784
2974,2.0820000000000003,-0.024449171980530177,2.0820000000000003,-0.2621113125850794
2975,2.084,-0.024448862409042288,2.084,-0.2621110042728649
2976,2.086,-0.024448560185399232,2.086,-0.26211070326057456
2977,2.0879999999999996,-0.02444826513631912,2.0879999999999996,-0.2621104093764008
2978,2.0900000000000003,-0.024447977090496148,2.0900000000000003,-0.26211012245049775
2979,2.092,-0.02444769587860049,2.092,-0.26210984231498186
2980,2.094,-0.024447421333278457,2.094,-0.2621095688039316
2981,2.0959999999999996,-0.024447153289152562,2.0959999999999996,-0.2621093017533872
2982,2.0980000000000003,-0.02444689158282129,2.0980000000000003,-0.2621090410013512
2983,2.1,-0.02444663605285921,2.1,-0.262108786387788
2984,2.102,-0.024446386539816983,2.102,-0.2621085377546241
2985,2.1039999999999996,-0.02444614288622146,2.1039999999999996,-0.262108294945748
2986,2.1060000000000003,-0.024445904936575363,2.1060000000000003,-0.2621080578070102
2987,2.108,-0.024445672537357827,2.108,-0.2621078261862233
2988,2.11,-0.024445445537023575,2.11,-0.26210759993316185
2989,2.1119999999999997,-0.024445223786003917,2.1119999999999997,-0.2621073788995624
2990,2.1140000000000003,-0.024445007136705915,2.1140000000000003,-0.26210716293912373
2991,2.116,-0.02444479544351283,2.116,-0.2621069519075064
2992,2.118,-0.024444588562784003,2.118,-0.26210674566233305
2993,2.1199999999999997,-0.024444386352854813,2.1199999999999997,-0.26210654406318845
2994,2.1220000000000003,-0.02444418867403672,2.1220000000000003,-0.26210634697161933
2995,2.124,-0.024443995388617273,2.124,-0.2621061542511344
