,"ON and
OFF inputs_x","ON and
OFF inputs_y","ON input
only_x","ON input
only_y"
0,-3.866,0.0,-3.866,0.0
1,-3.8640000000000003,-6.375764042385156e-05,-3.8640000000000003,-9.843292714405458e-06
2,-3.862,-0.00025128081335229556,-3.862,-3.86699616515578e-05
3,-3.8600000000000003,-0.0005571290352600872,-3.8600000000000003,-8.546619032182549e-05
4,-3.858,-0.0009760408550393004,-3.858,-0.0001492566664047553
5,-3.8560000000000003,-0.0015029135731852827,-3.8560000000000003,-0.00022909964903807963
6,-3.854,-0.0021328032417966547,-3.854,-0.0003240869688177163
7,-3.8520000000000003,-0.00286092466457531,-3.8520000000000003,-0.0004333440277977689
8,-3.85,-0.003682651396826419,-3.85,-0.0005560297994905264
9,-3.8480000000000003,-0.004593467460541807,-3.8480000000000003,-0.000691322733511286
10,-3.846,-0.005588788980151808,-3.846,-0.0008383674768007253
11,-3.8440000000000003,-0.0066645670283453085,-3.8440000000000003,-0.0009964513120773412
12,-3.842,-0.0078169323988845,-3.842,-0.0011649035642903995
13,-3.8400000000000003,-0.009042114078333401,-3.8400000000000003,-0.0013430720351466745
14,-3.838,-0.01033643924605785,-3.838,-0.0015303230031104486
15,-3.8360000000000003,-0.01169633327422552,-3.8360000000000003,-0.001726041223403512
16,-3.834,-0.013118319727805913,-3.834,-0.001929629928005164
17,-3.8320000000000003,-0.014599020364570352,-3.8320000000000003,-0.0021405108256522106
18,-3.83,-0.016135155135091988,-3.83,-0.0023581241018389666
19,-3.8280000000000003,-0.017723542182745793,-3.8280000000000003,-0.002581928418817255
20,-3.826,-0.019361097843708576,-3.826,-0.0028114009155964063
21,-3.8240000000000003,-0.02104483664695897,-3.8240000000000003,-0.0030460372079432595
22,-3.822,-0.022771871314277423,-3.822,-0.003285351388382162
23,-3.8200000000000003,-0.024539412760246238,-3.8200000000000003,-0.00352887602619497
24,-3.818,-0.026344770092249517,-3.818,-0.0037761621674210454
25,-3.8160000000000003,-0.02818535061047319,-3.8160000000000003,-0.004026779334857261
26,-3.814,-0.030058570689579137,-3.814,-0.004280315528057994
27,-3.8120000000000003,-0.03196157142963189,-3.8120000000000003,-0.0045363623643769795
28,-3.81,-0.03389227690455143,-3.81,-0.004794497167416409
29,-3.8080000000000003,-0.035848782869086174,-3.8080000000000003,-0.005054424200001864
30,-3.806,-0.03782922595299846,-3.806,-0.0053158696347479365
31,-3.8040000000000003,-0.03983178366106464,-3.8040000000000003,-0.005578566556753714
32,-3.802,-0.04185467437307504,-3.802,-0.0058422549636027755
33,-3.8000000000000003,-0.0438961573438339,-3.8000000000000003,-0.006106681765363197
34,-3.798,-0.045954532703159495,-3.798,-0.006371600784587548
35,-3.7960000000000003,-0.04802814145588404,-3.7960000000000003,-0.006636772756312893
36,-3.794,-0.05011536548185372,-3.794,-0.006901965328060792
37,-3.7920000000000003,-0.052214627535928676,-3.7920000000000003,-0.007166953059837296
38,-3.79,-0.054324391247983085,-3.79,-0.0074315174241329565
39,-3.7880000000000003,-0.056443161122905004,-3.7880000000000003,-0.007695446805922817
40,-3.786,-0.05856948254059652,-3.786,-0.007958536502666412
41,-3.7840000000000003,-0.060701941755973675,-3.7840000000000003,-0.008220588724307774
42,-3.782,-0.06283916589896646,-3.782,-0.008481412593275433
43,-3.7800000000000002,-0.0649798229745189,-3.7800000000000002,-0.008740824144482408
44,-3.778,-0.06712262186258888,-3.778,-0.008998646325326213
45,-3.7760000000000002,-0.06926631231814838,-3.7760000000000002,-0.009254708995688862
46,-3.774,-0.07140968497118327,-3.774,-0.009508848927936858
47,-3.7720000000000002,-0.07355157132669342,-3.7720000000000002,-0.009760909806921203
48,-3.77,-0.07569084376469265,-3.77,-0.01001074222997739
49,-3.7680000000000002,-0.07782641554020875,-3.7680000000000002,-0.010258203706925411
50,-3.766,-0.07995724078328353,-3.766,-0.01050315680423701
51,-3.7640000000000002,-0.08208215914973704,-3.7640000000000002,-0.01074544295064492
52,-3.762,-0.08420009315535729,-3.762,-0.010984993570697942
53,-3.7600000000000002,-0.08631054290499945,-3.7600000000000002,-0.01122177346295879
54,-3.758,-0.0884130336129153,-3.758,-0.011455748018254977
55,-3.7560000000000002,-0.09050709747141644,-3.7560000000000002,-0.011686883219678814
56,-3.754,-0.09259227365087432,-3.754,-0.011915145642587404
57,-3.7520000000000002,-0.09466810829972022,-3.7520000000000002,-0.012140502454602652
58,-3.75,-0.09673415454444535,-3.75,-0.012362921415611256
59,-3.748,-0.09878997248960072,-3.748,-0.012582370877764716
60,-3.746,-0.10083512921779722,-3.746,-0.012798819785479323
61,-3.744,-0.1028691987897056,-3.744,-0.013012237675436168
62,-3.742,-0.10489176224405646,-3.742,-0.013222594676581143
63,-3.74,-0.10690240759764025,-3.74,-0.01342986151012493
64,-3.738,-0.10890072984530727,-3.738,-0.01363400948954301
65,-3.736,-0.11088633095996774,-3.736,-0.01383501052057566
66,-3.734,-0.11285881989259164,-3.734,-0.014032837101227961
67,-3.732,-0.1148178125722089,-3.732,-0.014227462321769782
68,-3.73,-0.11676293190590925,-3.73,-0.014418859864735793
69,-3.728,-0.11869380777884228,-3.728,-0.014607004004925463
70,-3.726,-0.1206100770542175,-3.726,-0.014791869609403051
71,-3.724,-0.12251138357330418,-3.724,-0.014973432137497626
72,-3.722,-0.1243973781554315,-3.722,-0.015151667640803036
73,-3.72,-0.1262677185979885,-3.72,-0.01532655276317794
74,-3.718,-0.12812206967642412,-3.718,-0.01549806474074579
75,-3.716,-0.12996010314424705,-3.716,-0.015666181401894835
76,-3.714,-0.13178149773302594,-3.714,-0.01583088116727812
77,-3.712,-0.1335859391523892,-3.712,-0.015992143049813484
78,-3.71,-0.13537312009002522,-3.71,-0.01614994665468357
79,-3.708,-0.13714274021168216,-3.708,-0.016304272179335815
80,-3.706,-0.13889450616116805,-3.706,-0.016455103499698757
81,-3.704,-0.14062813156035076,-3.704,-0.016602474152526605
82,-3.702,-0.1423433370091581,-3.702,-0.016746441845186085
83,-3.7,-0.14403985341424394,-3.7,-0.016887060821149723
84,-3.698,-0.14571758642048763,-3.698,-0.01702438396413717
85,-3.696,-0.1473766818623133,-3.696,-0.0171584627981152
86,-3.694,-0.14901729883381523,-3.694,-0.017289347487297727
87,-3.692,-0.15063959149073325,-3.692,-0.01741708683614577
88,-3.69,-0.1522437090504528,-3.69,-0.017541728289367488
89,-3.688,-0.1538297957920051,-3.688,-0.017663317931918172
90,-3.686,-0.1553979910560668,-3.686,-0.017781900489000222
91,-3.684,-0.15694842924496033,-3.684,-0.01789751932606318
92,-3.682,-0.15848123982265372,-3.682,-0.01801021644880371
93,-3.68,-0.15999654731476062,-3.68,-0.018120032503165594
94,-3.678,-0.1614944713085403,-3.678,-0.01822700677533975
95,-3.676,-0.16297512645289766,-3.676,-0.01833117719176422
96,-3.674,-0.1644386224583833,-3.674,-0.018432580319124172
97,-3.672,-0.16588506409719336,-3.672,-0.0185312513643519
98,-3.67,-0.16731455120316968,-3.67,-0.018627224174626825
99,-3.668,-0.1687271786717997,-3.668,-0.018720531237375493
100,-3.666,-0.1701230364602165,-3.666,-0.018811203680271577
101,-3.664,-0.17150220958719883,-3.664,-0.01889927127123588
102,-3.662,-0.17286477813317097,-3.662,-0.018984762418436323
103,-3.66,-0.174210817240203,-3.66,-0.019067704170287962
104,-3.658,-0.17554039711201042,-3.658,-0.019148122215452975
105,-3.656,-0.17685358301395454,-3.656,-0.019226040882840665
106,-3.654,-0.17815043527304225,-3.654,-0.019301483141607467
107,-3.652,-0.17943100927792605,-3.652,-0.019374470601156938
108,-3.65,-0.1806953554789041,-3.65,-0.01944502351113976
109,-3.648,-0.18194351938792017,-3.648,-0.01951316076145375
110,-3.646,-0.18317554157856367,-3.646,-0.019578899882243837
111,-3.644,-0.18439145768606963,-3.644,-0.01964225704390209
112,-3.642,-0.18559129840731875,-3.642,-0.019703247057067698
113,-3.64,-0.18677508950083732,-3.64,-0.019761883372626972
114,-3.638,-0.18794285178679732,-3.638,-0.019818178081713364
115,-3.636,-0.18909460114701632,-3.636,-0.019872141915707436
116,-3.634,-0.19023034852495752,-3.634,-0.019923784246236885
117,-3.632,-0.19135009992572974,-3.632,-0.019973127152884174
118,-3.63,-0.19245385641608753,-3.63,-0.020020282511231818
119,-3.628,-0.1935416141244309,-3.628,-0.02006531765773103
120,-3.6260000000000003,-0.19461336424080566,-3.6260000000000003,-0.02010828592943766
121,-3.624,-0.1956690930169032,-3.624,-0.020149239497223487
122,-3.622,-0.1967087817660605,-3.622,-0.020188229365776213
123,-3.62,-0.19773240686326016,-3.62,-0.020225305373599452
124,-3.6180000000000003,-0.19873999856365174,-3.6180000000000003,-0.02026051619301275
125,-3.616,-0.19973210789560975,-3.616,-0.02029390933015157
126,-3.614,-0.20070908450025668,-3.614,-0.020325531124967305
127,-3.612,-0.20167118190041858,-3.612,-0.020355426751227257
128,-3.6100000000000003,-0.20261864842420008,-3.6100000000000003,-0.020383640216514665
129,-3.608,-0.2035517272049845,-3.608,-0.02041021436222868
130,-3.606,-0.20447065618143379,-3.606,-0.020435190863584383
131,-3.604,-0.20537566809748853,-3.604,-0.020458610229612772
132,-3.6020000000000003,-0.20626699050236796,-3.6020000000000003,-0.02048051180316077
133,-3.6,-0.20714484575056993,-3.6,-0.02050093376089122
134,-3.598,-0.208009451001871,-3.598,-0.02051991311328289
135,-3.596,-0.20886101822132627,-3.596,-0.020537485704630473
136,-3.5940000000000003,-0.2096997541792696,-3.5940000000000003,-0.02055368621304458
137,-3.592,-0.21052586045131333,-3.592,-0.020568548150451744
138,-3.59,-0.21133953341834863,-3.59,-0.020582103862594424
139,-3.588,-0.2121409642665452,-3.588,-0.020594384529030996
140,-3.5860000000000003,-0.21293033898735134,-3.5860000000000003,-0.020605420163135765
141,-3.584,-0.21370783837749413,-3.584,-0.02061523961209896
142,-3.582,-0.2144736380389792,-3.582,-0.02062387055692672
143,-3.58,-0.2152279083790908,-3.58,-0.020631339512441116
144,-3.5780000000000003,-0.21597081461039191,-3.5780000000000003,-0.020637671827280143
145,-3.576,-0.21670251675072405,-3.576,-0.020642891683897716
146,-3.5740000000000003,-0.21742316962320749,-3.5740000000000003,-0.02064702209856367
147,-3.572,-0.21813292285624103,-3.572,-0.020650084921363766
148,-3.5700000000000003,-0.21883192088350217,-3.5700000000000003,-0.020652100836199682
149,-3.568,-0.2195203029439471,-3.568,-0.020653089360789023
150,-3.5660000000000003,-0.2201982030818105,-3.5660000000000003,-0.02065306884666532
151,-3.564,-0.2208657501466059,-3.564,-0.020652056479178022
152,-3.5620000000000003,-0.22152306779312528,-3.5620000000000003,-0.020650068277492495
153,-3.56,-0.2221702744814394,-3.56,-0.02064711909459004
154,-3.5580000000000003,-0.22280748347689755,-3.5580000000000003,-0.020643222617267865
155,-3.556,-0.22343480285012773,-3.556,-0.020638391366139118
156,-3.5540000000000003,-0.22405233547703662,-3.5540000000000003,-0.020632636695632853
157,-3.552,-0.22466017903880942,-3.552,-0.02062596879399406
158,-3.5500000000000003,-0.2252584260219101,-3.5500000000000003,-0.020618396683283642
159,-3.548,-0.22584716371808114,-3.548,-0.02060992821937843
160,-3.5460000000000003,-0.22642647422434378,-3.5460000000000003,-0.020600570091971176
161,-3.544,-0.22699643444299786,-3.544,-0.02059032782457055
162,-3.5420000000000003,-0.22755711608162185,-3.5420000000000003,-0.020579205774501147
163,-3.54,-0.22810858565307285,-3.54,-0.020567234895187272
164,-3.5380000000000003,-0.22865090447548664,-3.5380000000000003,-0.020554533176558823
165,-3.536,-0.2291841286722776,-3.536,-0.020541135367702412
166,-3.5340000000000003,-0.22970830917213883,-3.5340000000000003,-0.020527066041471538
167,-3.532,-0.23022349170904194,-3.532,-0.020512349295176383
168,-3.5300000000000002,-0.2307297168222373,-3.5300000000000002,-0.020497008750583783
169,-3.528,-0.23122701985625388,-3.528,-0.02048106755391726
170,-3.5260000000000002,-0.23171543096089925,-3.5260000000000002,-0.020464548375856997
171,-3.524,-0.2321949750912597,-3.524,-0.020447473411539848
172,-3.5220000000000002,-0.2326656720077001,-3.5220000000000002,-0.02042986438055934
173,-3.52,-0.23312753627586402,-3.52,-0.020411742526965673
174,-3.5180000000000002,-0.23358057726667358,-3.5180000000000002,-0.02039312861926571
175,-3.516,-0.2340248177246117,-3.516,-0.020374042950422992
176,-3.5140000000000002,-0.23446086526752544,-3.5140000000000002,-0.020354505337857726
177,-3.512,-0.2348891220688895,-3.512,-0.020334535123446785
178,-3.5100000000000002,-0.2353097341832976,-3.5100000000000002,-0.020314151173523726
179,-3.508,-0.23572284528735338,-3.508,-0.020293371878878762
180,-3.5060000000000002,-0.23612859667967048,-3.5060000000000002,-0.020272215154758785
181,-3.504,-0.2365271272808725,-3.504,-0.020250698440867354
182,-3.5020000000000002,-0.236918573633593,-3.5020000000000002,-0.0202288387013647
183,-3.5,-0.2373030699024755,-3.5,-0.020206652424867726
184,-3.498,-0.23768074787417345,-3.498,-0.020184155624449997
185,-3.496,-0.23805173695735032,-3.496,-0.02016136383764176
186,-3.494,-0.23841616418267952,-3.494,-0.020138292126429924
187,-3.492,-0.2387741542028444,-3.492,-0.020114955077258072
188,-3.49,-0.23912582929253826,-3.49,-0.02009136680102646
189,-3.488,-0.23947130934846442,-3.488,-0.020067540933092005
190,-3.486,-0.23981071188933614,-3.486,-0.020043490633268303
191,-3.484,-0.24014415205587658,-3.484,-0.020019228585825617
192,-3.482,-0.24047174261081894,-3.482,-0.019994766999490883
193,-3.48,-0.24079359393890634,-3.48,-0.019970117607447706
194,-3.478,-0.2411098140468919,-3.478,-0.01994529166733636
195,-3.476,-0.24142050856353867,-3.476,-0.01992029996125379
196,-3.474,-0.24172578073961962,-3.474,-0.01989515279575361
197,-3.472,-0.24202573144791775,-3.472,-0.019869860001846113
198,-3.47,-0.24232045918322603,-3.47,-0.01984443093499825
199,-3.468,-0.24261006006234734,-3.468,-0.019818874475133648
200,-3.466,-0.24289462782409454,-3.466,-0.019793199026632607
201,-3.464,-0.24317425382929045,-3.464,-0.01976741251833209
202,-3.462,-0.24344902706076785,-3.462,-0.01974152240352574
203,-3.46,-0.24371903412336948,-3.46,-0.019715535659963868
204,-3.458,-0.24398435924394807,-3.458,-0.019689458789853446
205,-3.456,-0.24424508427136626,-3.456,-0.01966329781985813
206,-3.454,-0.24450128867649673,-3.454,-0.019637058301098232
207,-3.452,-0.24475304955222202,-3.452,-0.01961074530915075
208,-3.45,-0.2450004416134347,-3.45,-0.01958436344404934
209,-3.448,-0.24524353719703726,-3.448,-0.019557916830284332
210,-3.446,-0.24548240626194223,-3.446,-0.019531409116802734
211,-3.444,-0.245717116389072,-3.444,-0.01950484347700821
212,-3.442,-0.24594773278135898,-3.442,-0.01947822260876111
213,-3.44,-0.24617431826374553,-3.44,-0.01945154873437844
214,-3.438,-0.246396933283184,-3.438,-0.019424823600633884
215,-3.436,-0.2466156359086366,-3.436,-0.0193980484787578
216,-3.434,-0.24683048183107567,-3.434,-0.019371224164437206
217,-3.432,-0.24704152436348334,-3.432,-0.0193443509778158
218,-3.43,-0.24724881444085178,-3.43,-0.019317428763493943
219,-3.428,-0.24745240062018317,-3.428,-0.019290456890528676
220,-3.426,-0.24765232908048954,-3.426,-0.0192634342524337
221,-3.424,-0.247848643622793,-3.424,-0.019236359267179388
222,-3.422,-0.24804138567012549,-3.422,-0.019209241388258972
223,-3.42,-0.24823059426752903,-3.42,-0.019182180892277988
224,-3.418,-0.24841630608205556,-3.418,-0.019155203035283307
225,-3.416,-0.24859855540276696,-3.416,-0.0191283096069606
226,-3.414,-0.24877737414073506,-3.414,-0.01910150237764516
227,-3.412,-0.24895279182904173,-3.412,-0.019074783098321932
228,-3.41,-0.24912483562277873,-3.41,-0.01904815350062548
229,-3.408,-0.2492935302990478,-3.408,-0.01902161529684001
230,-3.406,-0.24945889825696063,-3.406,-0.018995170179899355
231,-3.404,-0.2496209595176389,-3.404,-0.01896881982338699
232,-3.402,-0.24977973172421425,-3.402,-0.018942565881536012
233,-3.4,-0.24993523014182822,-3.4,-0.01891640998922917
234,-3.398,-0.2500874676576324,-3.398,-0.01889035376199883
235,-3.396,-0.25023645478078826,-3.396,-0.018864398796027
236,-3.394,-0.25038219964246733,-3.394,-0.01883854666814532
237,-3.392,-0.250524707995851,-3.392,-0.018812798935835064
238,-3.39,-0.2506639832161307,-3.39,-0.018787157137227138
239,-3.388,-0.25080002630050774,-3.388,-0.01876162279110209
240,-3.386,-0.2509328358681934,-3.386,-0.018736197396890086
241,-3.3840000000000003,-0.251062634483735,-3.3840000000000003,-0.018710882434670943
242,-3.382,-0.25118994942748446,-3.382,-0.018685679365174103
243,-3.38,-0.25131483945702365,-3.38,-0.01866058962977864
244,-3.378,-0.2514373441696683,-3.378,-0.018635614650513267
245,-3.3760000000000003,-0.2515575027324888,-3.3760000000000003,-0.018610755830056332
246,-3.374,-0.25167535388230977,-3.374,-0.018586014551735808
247,-3.372,-0.25179093592571067,-3.372,-0.01856139217952931
248,-3.37,-0.2519042867390251,-3.37,-0.01853689005806409
249,-3.3680000000000003,-0.25201544376834123,-3.3680000000000003,-0.01851250951261702
250,-3.366,-0.2521244440295018,-3.366,-0.01848825184911462
251,-3.364,-0.2522313241081039,-3.364,-0.018464118354133034
252,-3.362,-0.2523361201594991,-3.362,-0.018440110294898046
253,-3.3600000000000003,-0.2524388679087935,-3.3600000000000003,-0.01841622891928507
254,-3.358,-0.2525396026508477,-3.358,-0.018392475455819162
255,-3.356,-0.2526383592502766,-3.356,-0.018368851113675
256,-3.354,-0.2527351721414498,-3.354,-0.018345357082676903
257,-3.3520000000000003,-0.25283007532849117,-3.3520000000000003,-0.01832199453329882
258,-3.35,-0.2529231023852792,-3.35,-0.01829876461666434
259,-3.348,-0.25301428645544677,-3.348,-0.018275668464546677
260,-3.346,-0.2531036602523812,-3.346,-0.01825270718936869
261,-3.3440000000000003,-0.2531912560592244,-3.3440000000000003,-0.018229881884202864
262,-3.342,-0.25327710572887263,-3.342,-0.018207193622771317
263,-3.34,-0.2533612406839767,-3.34,-0.018184643459445805
264,-3.338,-0.2534436919169419,-3.338,-0.018162232429247718
265,-3.3360000000000003,-0.2535244899899278,-3.3360000000000003,-0.018139961547848076
266,-3.334,-0.2536036650348488,-3.334,-0.018117831811567536
267,-3.332,-0.25368124675337345,-3.332,-0.01809584419737639
268,-3.33,-0.25375726441692487,-3.33,-0.01807399966289456
269,-3.3280000000000003,-0.2538317468666807,-3.3280000000000003,-0.0180522991463916
270,-3.326,-0.25390472251357304,-3.326,-0.018030743566786706
271,-3.324,-0.2539762193382884,-3.324,-0.018009333823648704
272,-3.322,-0.2540462648912678,-3.322,-0.01798807079719605
273,-3.3200000000000003,-0.2541148862927068,-3.3200000000000003,-0.017966955348296842
274,-3.318,-0.25418211023255527,-3.318,-0.017945988318468803
275,-3.316,-0.25424796297051766,-3.316,-0.017925170529879297
276,-3.314,-0.2543124703360529,-3.314,-0.017904502785345316
277,-3.3120000000000003,-0.25437565772837434,-3.3120000000000003,-0.01788398586833349
278,-3.31,-0.25443755011644986,-3.31,-0.01786362054296008
279,-3.308,-0.2544981720390017,-3.308,-0.017843407553990984
280,-3.306,-0.2545575476045068,-3.306,-0.017823347626841735
281,-3.3040000000000003,-0.25461570049119625,-3.3040000000000003,-0.01780344146757749
282,-3.302,-0.2546726539470558,-3.302,-0.01778368976291305
283,-3.3,-0.25472843078982577,-3.3,-0.017764093180212853
284,-3.298,-0.2547830534070007,-3.298,-0.017744652367490954
285,-3.2960000000000003,-0.25483654375582976,-3.2960000000000003,-0.017725367953411064
286,-3.294,-0.2548889233633166,-3.294,-0.017706240547286506
287,-3.292,-0.2549402133262193,-3.292,-0.017687270739080253
288,-3.29,-0.2549904343110504,-3.29,-0.017668459099404905
289,-3.2880000000000003,-0.25503960655407687,-3.2880000000000003,-0.0176498061795227
290,-3.286,-0.25508774986132027,-3.286,-0.017631312511345504
291,-3.2840000000000003,-0.2551348836085566,-3.2840000000000003,-0.017612978607434816
292,-3.282,-0.25518102674131615,-3.282,-0.01759480496100178
293,-3.2800000000000002,-0.255226197774884,-3.2800000000000002,-0.01757679204590716
294,-3.278,-0.2552704147942994,-3.278,-0.017558940316661366
295,-3.2760000000000002,-0.2553136954543562,-3.2760000000000002,-0.017541250208424435
296,-3.274,-0.25535605697960284,-3.274,-0.017523722137006034
297,-3.2720000000000002,-0.25539751616434203,-3.2720000000000002,-0.017506356498865477
298,-3.27,-0.255438089372631,-3.27,-0.017489153671111698
299,-3.2680000000000002,-0.25547779253828157,-3.2680000000000002,-0.01747211401150327
300,-3.266,-0.25551664116485984,-3.266,-0.017455237858448408
301,-3.2640000000000002,-0.2555546503256866,-3.2640000000000002,-0.017438525531004945
302,-3.262,-0.25559183466383684,-3.262,-0.017421977328880362
303,-3.2600000000000002,-0.25562820839214034,-3.2600000000000002,-0.017405593532431762
304,-3.258,-0.25566378529318107,-3.258,-0.017389374402665896
305,-3.2560000000000002,-0.25569857871929763,-3.2560000000000002,-0.017373320612680366
306,-3.254,-0.25573260159258304,-3.254,-0.01735743754881025
307,-3.2520000000000002,-0.2557658664048848,-3.2520000000000002,-0.01734172530367925
308,-3.25,-0.2557983852178049,-3.25,-0.017326182017296896
309,-3.248,-0.2558301696626997,-3.248,-0.01731080584862146
310,-3.246,-0.25586123094068025,-3.246,-0.017295594975559977
311,-3.244,-0.25589157982261185,-3.244,-0.01728054759496823
312,-3.242,-0.2559212266491143,-3.242,-0.01726566192265076
313,-3.24,-0.2559501813305621,-3.24,-0.017250936193360846
314,-3.238,-0.2559784533470838,-3.238,-0.017236368660800538
315,-3.236,-0.25600605174856284,-3.236,-0.01722195759762062
316,-3.234,-0.2560329851546369,-3.234,-0.01720770129542064
317,-3.232,-0.25605926175469823,-3.232,-0.0171935980647489
318,-3.23,-0.25608488930789347,-3.23,-0.017179646235102444
319,-3.228,-0.2561098751431237,-3.228,-0.017165844154927074
320,-3.226,-0.2561342261590447,-3.226,-0.017152190191617345
321,-3.224,-0.2561579488240664,-3.224,-0.017138682731516565
322,-3.222,-0.2561810491763535,-3.222,-0.01712532017991679
323,-3.22,-0.2562035328238249,-3.22,-0.017112100961058828
324,-3.218,-0.2562254049441542,-3.218,-0.017099023518132243
325,-3.216,-0.25624667028476933,-3.216,-0.017086086313275354
326,-3.214,-0.2562673331628528,-3.214,-0.017073287827575227
327,-3.212,-0.25628739989502897,-3.212,-0.017060626561067677
328,-3.21,-0.25630702293004526,-3.21,-0.017048101032737278
329,-3.208,-0.25632629364729714,-3.208,-0.017035709780517355
330,-3.206,-0.2563452153958203,-3.206,-0.017023451361289983
331,-3.204,-0.2563637915213235,-3.204,-0.01701132435088599
332,-3.202,-0.2563820253661889,-3.202,-0.01699932734408496
333,-3.2,-0.25639992026947195,-3.2,-0.01698745895461522
334,-3.198,-0.2564174795669011,-3.198,-0.01697571781515386
335,-3.196,-0.25643470659087814,-3.196,-0.016964102577326712
336,-3.194,-0.2564516046704783,-3.194,-0.01695261191170837
337,-3.192,-0.2564681771314498,-3.192,-0.016941244507822174
338,-3.19,-0.2564844272962143,-3.19,-0.01692999907414022
339,-3.188,-0.25650035848386654,-3.188,-0.01691887433808335
340,-3.186,-0.2565159740101746,-3.186,-0.016907869046021165
341,-3.184,-0.2565312771875798,-3.184,-0.016896981963272016
342,-3.182,-0.2565462713251967,-3.182,-0.016886211874103003
343,-3.18,-0.25656095972881304,-3.18,-0.016875557581729983
344,-3.178,-0.2565753457008899,-3.178,-0.016865017908317567
345,-3.176,-0.2565894325405616,-3.176,-0.016854591694979104
346,-3.174,-0.25660322354363563,-3.174,-0.016844277801776716
347,-3.172,-0.2566167220025928,-3.172,-0.016834075107721263
348,-3.17,-0.25662993120658706,-3.17,-0.016823982510772363
349,-3.168,-0.2566428544414458,-3.168,-0.01681399892783838
350,-3.166,-0.2566554949896694,-3.166,-0.01680412329477644
351,-3.164,-0.2566678561304317,-3.164,-0.01679435456639241
352,-3.162,-0.25667994113957965,-3.162,-0.01678469171644092
353,-3.16,-0.25669175328963356,-3.16,-0.016775133737625347
354,-3.1580000000000004,-0.2567032958497869,-3.1580000000000004,-0.016765679641597815
355,-3.156,-0.2567145720859064,-3.156,-0.016756328458959212
356,-3.154,-0.2567255852605321,-3.154,-0.01674707923925917
357,-3.152,-0.2567363386328771,-3.152,-0.016737931050996076
358,-3.1500000000000004,-0.2567468354588279,-3.1500000000000004,-0.016728882981617066
359,-3.148,-0.2567570789909444,-3.148,-0.01671993413751803
360,-3.146,-0.25676707247845937,-3.146,-0.01671108364404362
361,-3.144,-0.25677681916727907,-3.144,-0.016702330645487217
362,-3.1420000000000003,-0.256786322299983,-3.1420000000000003,-0.016693674305090975
363,-3.14,-0.25679558511582384,-3.14,-0.0166851138050458
364,-3.138,-0.2568046108507275,-3.138,-0.01667664834649133
365,-3.136,-0.2568134027372932,-3.136,-0.01666827714951598
366,-3.1340000000000003,-0.2568219640047934,-3.1340000000000003,-0.016659999453156906
367,-3.132,-0.2568302978791737,-3.132,-0.016651814515400012
368,-3.13,-0.25683840758305315,-3.13,-0.01664372161317996
369,-3.128,-0.2568462963357238,-3.128,-0.01663572004238016
370,-3.1260000000000003,-0.25685396735315114,-3.1260000000000003,-0.016627809117832782
371,-3.124,-0.25686142384797384,-3.124,-0.016619988173318744
372,-3.122,-0.2568686690295037,-3.122,-0.016612256561567708
373,-3.12,-0.256875706103726,-3.12,-0.016604613654258103
374,-3.1180000000000003,-0.2568825382732991,-3.1180000000000003,-0.016597058842017103
375,-3.116,-0.2568891687375546,-3.116,-0.01658959153442063
376,-3.114,-0.25689560069249745,-3.114,-0.016582211159993365
377,-3.112,-0.2569018373308057,-3.112,-0.016574917166208743
378,-3.1100000000000003,-0.25690788184183083,-3.1100000000000003,-0.016567709019488938
379,-3.108,-0.25691373741159734,-3.108,-0.01656058620520489
380,-3.106,-0.25691940722280326,-3.106,-0.016553548227676285
381,-3.104,-0.25692489445481953,-3.104,-0.016546594610171567
382,-3.1020000000000003,-0.2569302022836907,-3.1020000000000003,-0.01653972489490792
383,-3.1,-0.25693533388213413,-3.1,-0.016532938643051297
384,-3.098,-0.2569402924195409,-3.098,-0.016526235434716388
385,-3.096,-0.256945081061975,-3.096,-0.016519614868966644
386,-3.0940000000000003,-0.25694970297217373,-3.0940000000000003,-0.016513076563814264
387,-3.092,-0.2569541613095478,-3.092,-0.016506620156220207
388,-3.09,-0.2569584592301809,-3.09,-0.01650024530209417
389,-3.088,-0.25696259988683023,-3.088,-0.016493951676294614
390,-3.0860000000000003,-0.256966586428926,-3.0860000000000003,-0.016487738972628747
391,-3.084,-0.25697042200257186,-3.084,-0.016481606903852534
392,-3.082,-0.2569741097505446,-3.082,-0.01647555520167069
393,-3.08,-0.2569776528122942,-3.08,-0.016469583616736675
394,-3.0780000000000003,-0.256981054323944,-3.0780000000000003,-0.016463691918652715
395,-3.076,-0.25698431741829064,-3.076,-0.016457879895969776
396,-3.074,-0.2569874452248039,-3.074,-0.016452147356187583
397,-3.072,-0.25699044086962664,-3.072,-0.01644649412575461
398,-3.0700000000000003,-0.2569933074755753,-3.0700000000000003,-0.016440920050068086
399,-3.068,-0.2569960481621394,-3.068,-0.01643542344531326
400,-3.066,-0.25699866604548166,-3.066,-0.016429982398128606
401,-3.064,-0.2570011642384381,-3.064,-0.016424590138960055
402,-3.0620000000000003,-0.257003545850518,-3.0620000000000003,-0.01641924703974722
403,-3.06,-0.2570058139879039,-3.06,-0.016413953458033013
404,-3.058,-0.25700797175345147,-3.058,-0.01640870973696362
405,-3.056,-0.2570100222466898,-3.056,-0.0164035162052885
406,-3.0540000000000003,-0.2570119685638211,-3.0540000000000003,-0.016398373177360415
407,-3.052,-0.2570138137977208,-3.052,-0.01639328095313539
408,-3.05,-0.2570155610379377,-3.05,-0.01638823981817274
409,-3.048,-0.2570172133706938,-3.048,-0.016383250043635063
410,-3.0460000000000003,-0.2570187738788842,-3.0460000000000003,-0.01637831188628823
411,-3.044,-0.25702024564207754,-3.044,-0.016373425588501408
412,-3.042,-0.25702163173651543,-3.042,-0.01636859137824703
413,-3.04,-0.2570229352351129,-3.04,-0.016363809469100824
414,-3.0380000000000003,-0.257024159207458,-3.0380000000000003,-0.016359080060241792
415,-3.036,-0.2570253067198124,-3.036,-0.016354403336452224
416,-3.034,-0.2570263808351106,-3.034,-0.01634977946811769
417,-3.032,-0.25702738461296065,-3.032,-0.01634520861122703
418,-3.0300000000000002,-0.2570283211096437,-3.0300000000000002,-0.016340690907372387
419,-3.028,-0.2570291933781142,-3.028,-0.016336226483749168
420,-3.0260000000000002,-0.2570300044679998,-3.0260000000000002,-0.016331815453156075
421,-3.024,-0.2570307574256014,-3.024,-0.01632745791399508
422,-3.0220000000000002,-0.25703145529389326,-3.0220000000000002,-0.016323153950271445
423,-3.02,-0.2570321011125227,-3.02,-0.01631890363159371
424,-3.0180000000000002,-0.2570326979178104,-3.0180000000000002,-0.0163147070131737
425,-3.016,-0.2570332487427503,-3.016,-0.01631056413582652
426,-3.0140000000000002,-0.2570337566170095,-3.0140000000000002,-0.016306475025970553
427,-3.012,-0.2570342245669284,-3.012,-0.016302439695627474
428,-3.0100000000000002,-0.2570346556155207,-3.0100000000000002,-0.01629845814242223
429,-3.008,-0.2570350527824732,-3.008,-0.01629453034958305
430,-3.0060000000000002,-0.25703541908414607,-3.0060000000000002,-0.01629065628594146
431,-3.004,-0.25703575753357266,-3.004,-0.01628683590593224
432,-3.0020000000000002,-0.25703607114045957,-3.0020000000000002,-0.01628306914959348
433,-3.0,-0.2570363629111867,-3.0,-0.016279355942566534
434,-2.998,-0.2570366358488072,-2.998,-0.016275696196096045
435,-2.996,-0.2570368929530473,-2.996,-0.01627208980702994
436,-2.994,-0.25703713722030674,-2.994,-0.016268536657819417
437,-2.992,-0.2570373716436583,-2.992,-0.01626503661651897
438,-2.99,-0.257037599212848,-2.99,-0.01626158953678637
439,-2.988,-0.25703782291429533,-2.988,-0.016258195257882656
440,-2.986,-0.25703804483211157,-2.986,-0.01625485360467217
441,-2.984,-0.25703807970925774,-2.984,-0.016251564387622527
442,-2.982,-0.257037797185564,-2.982,-0.01624832740280462
443,-2.98,-0.25703721276774266,-2.98,-0.01624514243189263
444,-2.978,-0.2570363417235587,-2.978,-0.016242009242164013
445,-2.976,-0.25703519908182954,-2.976,-0.016238927586499512
446,-2.974,-0.2570337996324252,-2.974,-0.016235897203383157
447,-2.972,-0.2570321579262683,-2.972,-0.016232917816902247
448,-2.97,-0.25703028827533414,-2.97,-0.01622998913674737
449,-2.968,-0.2570282047526503,-2.968,-0.016227110858212396
450,-2.966,-0.2570259211922971,-2.966,-0.01622428266219448
451,-2.964,-0.2570234511894075,-2.964,-0.01622150421519405
452,-2.962,-0.25702080810016686,-2.962,-0.016218775169314824
453,-2.96,-0.2570180050418132,-2.96,-0.0162160951622638
454,-2.958,-0.25701505489263704,-2.958,-0.01621346381735125
455,-2.956,-0.25701197029198153,-2.956,-0.01621088074349074
456,-2.954,-0.2570087636402424,-2.954,-0.01620834553519911
457,-2.952,-0.25700544709886786,-2.952,-0.016205857772596487
458,-2.95,-0.25700203259035875,-2.95,-0.016203417021406274
459,-2.948,-0.2569985317982684,-2.948,-0.016201022832955162
460,-2.946,-0.2569949561672029,-2.946,-0.01619867474417312
461,-2.944,-0.2569913169028206,-2.944,-0.016196372277593393
462,-2.942,-0.2569876249718327,-2.942,-0.016194114941352523
463,-2.94,-0.25698389110200276,-2.94,-0.016191902229190317
464,-2.938,-0.25698012578214696,-2.938,-0.01618973362044988
465,-2.936,-0.2569763392621342,-2.936,-0.01618760858007759
466,-2.934,-0.25697254155288574,-2.934,-0.0161855265586231
467,-2.932,-0.2569687424263755,-2.932,-0.016183486992239364
468,-2.93,-0.25696495141562997,-2.93,-0.016181489302682598
469,-2.928,-0.2569611778147281,-2.928,-0.01617953289731231
470,-2.926,-0.25695743067880156,-2.926,-0.016177617169091288
471,-2.924,-0.2569537188240345,-2.924,-0.016175741496585606
472,-2.922,-0.2569500508276636,-2.922,-0.01617390524396461
473,-2.92,-0.2569464350279782,-2.92,-0.016172107761000937
474,-2.918,-0.25694287952432016,-2.918,-0.016170348383070503
475,-2.916,-0.2569393921770839,-2.916,-0.016168626431152505
476,-2.914,-0.25693598060771633,-2.914,-0.01616694121182942
477,-2.912,-0.25693265219871714,-2.912,-0.01616529201728701
478,-2.91,-0.2569294140936383,-2.91,-0.01616367812531432
479,-2.908,-0.25692627319708455,-2.908,-0.01616209879930367
480,-2.906,-0.2569232361747132,-2.906,-0.016160553288250674
481,-2.904,-0.2569203094532339,-2.904,-0.016159040826754213
482,-2.902,-0.2569174992204092,-2.902,-0.016157560635016464
483,-2.9000000000000004,-0.2569148114250539,-2.9000000000000004,-0.016156111918842874
484,-2.898,-0.2569122517770356,-2.898,-0.01615469386964218
485,-2.896,-0.25690982574727433,-2.896,-0.016153305664426396
486,-2.894,-0.2569075385677427,-2.894,-0.016151946465810817
487,-2.8920000000000003,-0.25690539523146594,-2.8920000000000003,-0.01615061542201403
488,-2.89,-0.25690340049252175,-2.89,-0.01614931166685789
489,-2.888,-0.25690155886604055,-2.888,-0.016148034319767548
490,-2.886,-0.2568998746282052,-2.886,-0.016146782485771418
491,-2.8840000000000003,-0.25689835181625115,-2.8840000000000003,-0.016145555255501213
492,-2.882,-0.25689699422846635,-2.882,-0.016144351705191923
493,-2.88,-0.2568958054241915,-2.88,-0.016143170896681817
494,-2.878,-0.2568947887238197,-2.878,-0.016142011877412446
495,-2.8760000000000003,-0.25689394720879666,-2.8760000000000003,-0.016140873680428647
496,-2.874,-0.2568932837216207,-2.874,-0.016139755324378533
497,-2.872,-0.25689280086584254,-2.872,-0.01613865581351351
498,-2.87,-0.25689250100606575,-2.87,-0.016137574137688245
499,-2.8680000000000003,-0.2568923862679462,-2.8680000000000003,-0.016136509272360707
500,-2.866,-0.2568924585381925,-2.866,-0.016135460178592142
501,-2.864,-0.25689271946456566,-2.864,-0.01613442580304707
502,-2.862,-0.25689317045587945,-2.862,-0.016133405077993303
503,-2.8600000000000003,-0.256893812682,-2.8600000000000003,-0.016132396921301927
504,-2.858,-0.25689464707384624,-2.858,-0.016131400236447314
505,-2.856,-0.25689567432338944,-2.856,-0.016130413912507118
506,-2.854,-0.2568968948836535,-2.854,-0.01612943682416227
507,-2.8520000000000003,-0.256898308968715,-2.8520000000000003,-0.01612846783169699
508,-2.85,-0.2568999165537029,-2.85,-0.016127505780998773
509,-2.848,-0.25690171737479894,-2.848,-0.016126549503558404
510,-2.846,-0.2569037109292372,-2.846,-0.01612559781646994
511,-2.8440000000000003,-0.2569058964753045,-2.8440000000000003,-0.016124649522430725
512,-2.842,-0.2569082730323401,-2.842,-0.01612370340974139
513,-2.84,-0.2569108393807359,-2.84,-0.01612275825230584
514,-2.838,-0.25691359406193637,-2.838,-0.016121812809631264
515,-2.8360000000000003,-0.2569165353784385,-2.8360000000000003,-0.016120865826828132
516,-2.834,-0.2569196613937919,-2.834,-0.016119916034610198
517,-2.832,-0.2569229699325986,-2.832,-0.016118962149294494
518,-2.83,-0.25692645858051344,-2.83,-0.016118002872801344
519,-2.8280000000000003,-0.25693012468424364,-2.8280000000000003,-0.016117036892654344
520,-2.826,-0.256933965351549,-2.826,-0.016116062881980368
521,-2.824,-0.2569379774512419,-2.824,-0.016115079499509587
522,-2.822,-0.2569421576131874,-2.822,-0.01611408538957544
523,-2.8200000000000003,-0.25694650222830295,-2.8200000000000003,-0.016113079182114656
524,-2.818,-0.2569510074485587,-2.818,-0.016112059492667242
525,-2.816,-0.2569556691869772,-2.816,-0.016111024922376486
526,-2.814,-0.2569604831176338,-2.814,-0.01610997405798896
527,-2.8120000000000003,-0.25696544467565624,-2.8120000000000003,-0.01610890547185452
528,-2.81,-0.25697054905722483,-2.81,-0.0161078177219263
529,-2.808,-0.25697579121957254,-2.808,-0.016106709351760715
530,-2.806,-0.2569811658809848,-2.806,-0.016105578890517468
531,-2.8040000000000003,-0.2569866675207997,-2.8040000000000003,-0.01610442415063789
532,-2.802,-0.2569922903794078,-2.802,-0.01610323943378206
533,-2.8,-0.25699802845825237,-2.8,-0.016102025888428535
534,-2.798,-0.25700387551982906,-2.798,-0.01610078604799671
535,-2.7960000000000003,-0.2570098250876862,-2.7960000000000003,-0.016099522397015335
536,-2.794,-0.25701587044642465,-2.794,-0.016098237371122495
537,-2.792,-0.2570220046416979,-2.792,-0.016096933357065607
538,-2.79,-0.2570282204802119,-2.79,-0.016095612692701437
539,-2.7880000000000003,-0.2570345105297252,-2.7880000000000003,-0.016094277666996084
540,-2.786,-0.25704086711904894,-2.786,-0.016092930520024994
541,-2.784,-0.25704728233804686,-2.784,-0.016091573442972948
542,-2.782,-0.25705374803763514,-2.782,-0.016090208578134063
543,-2.7800000000000002,-0.2570602558297827,-2.7800000000000002,-0.016088838018911804
544,-2.778,-0.2570667970875108,-2.778,-0.01608746380981897
545,-2.776,-0.2570733629448935,-2.776,-0.016086087946477697
546,-2.774,-0.2570799442970573,-2.774,-0.01608471237561947
547,-2.7720000000000002,-0.2570865318001812,-2.7720000000000002,-0.01608333899508511
548,-2.77,-0.25709311587149697,-2.77,-0.01608196965382477
549,-2.768,-0.2570996866892887,-2.768,-0.016080606151897953
550,-2.766,-0.25710623419289325,-2.766,-0.0160792502404735
551,-2.7640000000000002,-0.2571127480826999,-2.7640000000000002,-0.01607790362182958
552,-2.762,-0.2571192178201506,-2.762,-0.016076567949353717
553,-2.76,-0.25712563262773985,-2.76,-0.016075244827542766
554,-2.758,-0.2571319814890146,-2.758,-0.016073935812002928
555,-2.7560000000000002,-0.2571382531485745,-2.7560000000000002,-0.016072642409449736
556,-2.754,-0.2571444361120718,-2.754,-0.016071366077708066
557,-2.752,-0.257150518646211,-2.752,-0.016070108225712136
558,-2.75,-0.2571564887787496,-2.75,-0.0160688702135055
559,-2.748,-0.2571623342984974,-2.748,-0.016067653352241057
560,-2.746,-0.25716804275531674,-2.746,-0.016066458904181038
561,-2.7439999999999998,-0.25717360146012275,-2.7439999999999998,-0.016065288082697016
562,-2.742,-0.2571789974848829,-2.742,-0.01606414205226991
563,-2.74,-0.2571842176626173,-2.74,-0.016063021928489973
564,-2.738,-0.2571892485873986,-2.738,-0.016061928778056796
565,-2.7359999999999998,-0.2571940766143522,-2.7359999999999998,-0.016060863618779314
566,-2.734,-0.2571986878596557,-2.734,-0.0160598274195758
567,-2.732,-0.2572030682005396,-2.732,-0.016058821100473863
568,-2.73,-0.2572072032752869,-2.73,-0.01605784553261046
569,-2.7279999999999998,-0.257211078483233,-2.7279999999999998,-0.016056901538231885
570,-2.726,-0.25721467898476597,-2.726,-0.01605598989069376
571,-2.724,-0.25721798970132653,-2.724,-0.016055111314461065
572,-2.722,-0.2572209953154078,-2.722,-0.016054266485108108
573,-2.7199999999999998,-0.2572236802705556,-2.7199999999999998,-0.016053456029318538
574,-2.718,-0.2572260287713682,-2.718,-0.016052680524885347
575,-2.716,-0.2572280247834965,-2.716,-0.016051940500710862
576,-2.714,-0.257229652033644,-2.714,-0.016051236436806754
577,-2.712,-0.2572308940095667,-2.712,-0.016050568764294035
578,-2.71,-0.25723173396007326,-2.71,-0.01604993786540305
579,-2.708,-0.2572321548950247,-2.708,-0.01604934407347349
580,-2.7060000000000004,-0.2572321395853348,-2.7060000000000004,-0.016048787672954385
581,-2.704,-0.2572316705629699,-2.704,-0.016048268899404097
582,-2.702,-0.25723073012094877,-2.702,-0.016047787939490334
583,-2.7,-0.2572293003133429,-2.7,-0.016047344930990148
584,-2.6980000000000004,-0.25722736295527615,-2.6980000000000004,-0.01604693996278992
585,-2.696,-0.25722489962292516,-2.696,-0.01604657307488538
586,-2.694,-0.257221891653519,-2.694,-0.016046244258381595
587,-2.692,-0.2572183201453393,-2.692,-0.01604595345549297
588,-2.6900000000000004,-0.2572141659577204,-2.6900000000000004,-0.016045700559543248
589,-2.688,-0.257209409711049,-2.688,-0.016045485414965515
590,-2.686,-0.2572040765801809,-2.686,-0.016045307817302196
591,-2.684,-0.25719825771300064,-2.684,-0.016045167513205054
592,-2.6820000000000004,-0.25719198510960933,-2.6820000000000004,-0.016045064200435197
593,-2.68,-0.25718528866705964,-2.68,-0.016044997527863064
594,-2.678,-0.2571781977513998,-2.678,-0.016044967095468442
595,-2.676,-0.25717074119767364,-2.676,-0.01604497245434045
596,-2.6740000000000004,-0.2571629473099207,-2.6740000000000004,-0.016045013106677553
597,-2.672,-0.25715484386117615,-2.672,-0.016045088505787553
598,-2.67,-0.25714645809347064,-2.67,-0.016045198056087593
599,-2.668,-0.25713781671783065,-2.668,-0.016045341113104152
600,-2.6660000000000004,-0.2571289459142781,-2.6660000000000004,-0.016045516983473056
601,-2.664,-0.2571198713318306,-2.664,-0.01604572492493946
602,-2.662,-0.2571106180885015,-2.662,-0.016045964146357866
603,-2.66,-0.2571012107712995,-2.66,-0.016046233807692118
604,-2.6580000000000004,-0.25709167343622913,-2.6580000000000004,-0.01604653302001539
605,-2.656,-0.2570820296082906,-2.656,-0.016046860845510207
606,-2.654,-0.2570723022814795,-2.654,-0.016047216297468428
607,-2.652,-0.25706251391878726,-2.652,-0.016047598340291246
608,-2.6500000000000004,-0.2570526864522008,-2.6500000000000004,-0.016048005889489205
609,-2.648,-0.2570428412827028,-2.648,-0.016048437811682182
610,-2.646,-0.25703299928027146,-2.646,-0.016048892924599392
611,-2.644,-0.25702318078388053,-2.644,-0.016049369997079396
612,-2.6420000000000003,-0.2570134056014996,-2.6420000000000003,-0.01604986774907009
613,-2.64,-0.2570036930100937,-2.64,-0.01605038485162871
614,-2.638,-0.25699406175562345,-2.638,-0.01605091992692183
615,-2.636,-0.25698453005304533,-2.636,-0.016051471548225373
616,-2.6340000000000003,-0.25697511558631125,-2.6340000000000003,-0.01605203823992459
617,-2.632,-0.2569658355083688,-2.632,-0.016052618477514078
618,-2.63,-0.25695670644116114,-2.63,-0.01605321068759777
619,-2.628,-0.2569477444756271,-2.628,-0.016053813247888942
620,-2.6260000000000003,-0.25693896517170123,-2.6260000000000003,-0.016054424487210207
621,-2.624,-0.25693038355831344,-2.624,-0.01605504268549352
622,-2.622,-0.2569220141333895,-2.622,-0.01605566607378018
623,-2.62,-0.25691387086385076,-2.62,-0.016056292834220814
624,-2.6180000000000003,-0.2569059671856141,-2.6180000000000003,-0.016056921100075394
625,-2.616,-0.25689831600359214,-2.616,-0.016057548955713236
626,-2.614,-0.25689092969169297,-2.614,-0.01605817443661299
627,-2.612,-0.2568838200928205,-2.612,-0.016058795529362648
628,-2.6100000000000003,-0.25687699851887413,-2.6100000000000003,-0.016059410171659547
629,-2.608,-0.2568704757507489,-2.608,-0.016060016252310353
630,-2.606,-0.25686426203833546,-2.606,-0.01606061161123108
631,-2.604,-0.2568583671005201,-2.604,-0.01606119403944707
632,-2.6020000000000003,-0.25685280012518485,-2.6020000000000003,-0.016061761279093027
633,-2.6,-0.25684756976920714,-2.6,-0.016062311023412972
634,-2.598,-0.2568426841584602,-2.598,-0.016062840916760274
635,-2.596,-0.25683815088781276,-2.596,-0.016063348554597647
636,-2.5940000000000003,-0.2568339770211293,-2.5940000000000003,-0.01606383148349714
637,-2.592,-0.2568301690912698,-2.592,-0.016064287201140136
638,-2.59,-0.25682673310008997,-2.59,-0.016064713156317367
639,-2.588,-0.256823674518441,-2.588,-0.0160651067489289
640,-2.5860000000000003,-0.25682099828616994,-2.5860000000000003,-0.01606546532998414
641,-2.584,-0.25681870881211916,-2.584,-0.01606578620160184
642,-2.582,-0.2568168099741269,-2.582,-0.016066066617010086
643,-2.58,-0.25681530511902695,-2.58,-0.0160663037805463
644,-2.5780000000000003,-0.25681419706264863,-2.5780000000000003,-0.01606649484765725
645,-2.576,-0.25681348808981697,-2.576,-0.016066636924899045
646,-2.574,-0.25681317995435265,-2.574,-0.016066727069937125
647,-2.572,-0.25681327387907193,-2.572,-0.016066762291546275
648,-2.5700000000000003,-0.25681377055578664,-2.5700000000000003,-0.016066739549610628
649,-2.568,-0.25681467014530435,-2.568,-0.01606665575512364
650,-2.566,-0.2568159722774282,-2.566,-0.01606650777018812
651,-2.564,-0.2568176760509569,-2.564,-0.016066292408016207
652,-2.5620000000000003,-0.25681978003368483,-2.5620000000000003,-0.016066006432929388
653,-2.56,-0.25682228226240195,-2.56,-0.016065646560358488
654,-2.558,-0.25682518024289397,-2.558,-0.016065209456843664
655,-2.556,-0.2568284709499421,-2.556,-0.01606469174003442
656,-2.5540000000000003,-0.2568321508273232,-2.5540000000000003,-0.016064089978689605
657,-2.552,-0.2568362157878098,-2.552,-0.016063421720361296
658,-2.55,-0.2568406612131699,-2.55,-0.01606272169757461
659,-2.548,-0.25684548195416734,-2.548,-0.016061992763774676
660,-2.5460000000000003,-0.25685067233056147,-2.5460000000000003,-0.016061237222130355
661,-2.544,-0.25685622613110726,-2.544,-0.016060457331483185
662,-2.542,-0.2568621366135553,-2.542,-0.01605965530634739
663,-2.54,-0.2568683965046518,-2.54,-0.01605883331690989
664,-2.5380000000000003,-0.25687499800013863,-2.5380000000000003,-0.016057993489030267
665,-2.536,-0.2568819327647533,-2.536,-0.01605713790424081
666,-2.534,-0.25688919193222887,-2.534,-0.016056268599746487
667,-2.532,-0.256896766105294,-2.532,-0.016055387568424943
668,-2.5300000000000002,-0.25690464535567314,-2.5300000000000002,-0.016054496758826517
669,-2.528,-0.2569128192240862,-2.528,-0.016053598075174227
670,-2.526,-0.2569212767202488,-2.526,-0.016052693377363782
671,-2.524,-0.25693000632287205,-2.524,-0.016051784480963574
672,-2.5220000000000002,-0.2569389959796629,-2.5220000000000002,-0.016050873157214672
673,-2.52,-0.25694823310732373,-2.52,-0.01604996113303084
674,-2.518,-0.25695770459155265,-2.518,-0.016049050090998527
675,-2.516,-0.2569673967870434,-2.516,-0.016048141669376858
676,-2.5140000000000002,-0.2569772955174852,-2.5140000000000002,-0.01604723746209765
677,-2.512,-0.2569873860755631,-2.512,-0.016046339018765406
678,-2.51,-0.25699765322295753,-2.51,-0.016045447844657307
679,-2.508,-0.25700808119034485,-2.508,-0.01604456540072323
680,-2.5060000000000002,-0.2570186536773968,-2.5060000000000002,-0.01604369310358572
681,-2.504,-0.2570293538527808,-2.504,-0.01604283232554003
682,-2.502,-0.25704016435415994,-2.502,-0.016041984394554076
683,-2.5,-0.2570510672881928,-2.5,-0.016041150594268472
684,-2.498,-0.25706204423053386,-2.498,-0.01604033216399651
685,-2.496,-0.257073076225833,-2.496,-0.016039530298724174
686,-2.4939999999999998,-0.25708414378773564,-2.4939999999999998,-0.016038746149110127
687,-2.492,-0.25709522689888303,-2.492,-0.01603798082148572
688,-2.49,-0.25710630501091203,-2.49,-0.016037235377854987
689,-2.488,-0.25711735704445504,-2.488,-0.01603651083589465
690,-2.4859999999999998,-0.25712836138914,-2.4859999999999998,-0.01603580816895411
691,-2.484,-0.2571392959035907,-2.484,-0.016035128306055458
692,-2.482,-0.25715013791542635,-2.482,-0.016034472131893473
693,-2.48,-0.2571608642212619,-2.48,-0.01603384048683561
694,-2.4779999999999998,-0.2571714510867078,-2.4779999999999998,-0.016033234166922018
695,-2.476,-0.25718187424637035,-2.476,-0.016032653923865527
696,-2.474,-0.2571921089038512,-2.474,-0.016032100465051647
697,-2.472,-0.25720212973174783,-2.472,-0.01603157445353858
698,-2.4699999999999998,-0.25721191087165324,-2.4699999999999998,-0.016031076508057213
699,-2.468,-0.2572214259341561,-2.468,-0.01603060720301111
700,-2.466,-0.2572306479988406,-2.466,-0.016030167068476535
701,-2.464,-0.2572395496142867,-2.464,-0.016029756590202417
702,-2.4619999999999997,-0.2572481027980699,-2.4619999999999997,-0.01602937620961039
703,-2.46,-0.25725627903676135,-2.46,-0.016029026323794753
704,-2.458,-0.2572640492859278,-2.458,-0.01602870728552251
705,-2.4560000000000004,-0.2572713839701316,-2.4560000000000004,-0.016028419403233338
706,-2.454,-0.25727825298293083,-2.454,-0.0160281629410396
707,-2.452,-0.25728462568687904,-2.452,-0.016027938118726347
708,-2.45,-0.2572904709135255,-2.45,-0.01602774511175131
709,-2.4480000000000004,-0.25729575696341517,-2.4480000000000004,-0.01602758405124491
710,-2.446,-0.2573004516060885,-2.446,-0.01602745502401025
711,-2.444,-0.25730452208008153,-2.444,-0.01602735807252313
712,-2.442,-0.2573079350929261,-2.442,-0.016027293194932006
713,-2.4400000000000004,-0.2573106568211495,-2.4400000000000004,-0.01602726034505805
714,-2.438,-0.2573126529102748,-2.438,-0.016027259432395104
715,-2.436,-0.2573138884748205,-2.436,-0.016027290322109693
716,-2.434,-0.25731432809830096,-2.434,-0.016027352835041035
717,-2.4320000000000004,-0.257313935833226,-2.4320000000000004,-0.01602744674770103
718,-2.43,-0.25731267520110107,-2.43,-0.016027571792274257
719,-2.428,-0.25731050919242726,-2.428,-0.01602772765661799
720,-2.426,-0.25730740026670135,-2.426,-0.01602791398426218
721,-2.4240000000000004,-0.2573033103524156,-2.4240000000000004,-0.016028130374409467
722,-2.422,-0.25729820084705807,-2.422,-0.016028376381935175
723,-2.42,-0.2572920326171123,-2.42,-0.01602865151738731
724,-2.418,-0.2572850786677815,-2.418,-0.016028955246986575
725,-2.4160000000000004,-0.25727768551270525,-2.4160000000000004,-0.016029286992626336
726,-2.414,-0.2572698824643776,-2.414,-0.016029646131872664
727,-2.412,-0.2572616981673441,-2.412,-0.01603003199796431
728,-2.41,-0.2572531607528555,-2.41,-0.0160304438798127
729,-2.4080000000000004,-0.257244297838867,-2.4080000000000004,-0.01603088102200196
730,-2.406,-0.2572351365300388,-2.406,-0.01603134262478889
731,-2.404,-0.25722570341773615,-2.404,-0.01603182784410298
732,-2.402,-0.2572160245800289,-2.402,-0.0160323357915464
733,-2.4000000000000004,-0.25720612558169176,-2.4000000000000004,-0.016032865534394012
734,-2.398,-0.25719603147420445,-2.398,-0.01603341609559336
735,-2.396,-0.25718576679575134,-2.396,-0.016033986453764672
736,-2.394,-0.25717535557122184,-2.394,-0.016034575543200858
737,-2.3920000000000003,-0.25716482131221013,-2.3920000000000003,-0.016035182253867523
738,-2.39,-0.2571541870170152,-2.39,-0.01603580543140294
739,-2.388,-0.2571434751706409,-2.388,-0.01603644387711809
740,-2.386,-0.257132707744796,-2.386,-0.01603709634799662
741,-2.3840000000000003,-0.2571219061978941,-2.3840000000000003,-0.01603776155669486
742,-2.382,-0.25711109147505357,-2.382,-0.01603843817154185
743,-2.38,-0.25710028400809765,-2.38,-0.016039124816539286
744,-2.378,-0.2570895037155545,-2.378,-0.016039820071361566
745,-2.3760000000000003,-0.2570787700026571,-2.3760000000000003,-0.016040522471355765
746,-2.374,-0.25706810176134326,-2.374,-0.016041230507541648
747,-2.372,-0.2570575173702557,-2.372,-0.016041942626611665
748,-2.37,-0.25704703469474177,-2.37,-0.016042657230930943
749,-2.3680000000000003,-0.257036671086854,-2.3680000000000003,-0.016043372678537306
750,-2.366,-0.25702644338534963,-2.366,-0.016044087283141256
751,-2.364,-0.2570163679156906,-2.364,-0.01604479931412598
752,-2.362,-0.2570064604900439,-2.362,-0.01604550699654735
753,-2.3600000000000003,-0.2569967364072812,-2.3600000000000003,-0.016046208511133923
754,-2.358,-0.2569872104529793,-2.358,-0.016046901994286943
755,-2.356,-0.25697789689941947,-2.356,-0.01604758553808034
756,-2.354,-0.25696880950558815,-2.354,-0.016048257190260724
757,-2.3520000000000003,-0.2569599615171764,-2.3520000000000003,-0.016048914954247394
758,-2.35,-0.2569513656665804,-2.35,-0.01604955678913233
759,-2.348,-0.2569430341729008,-2.348,-0.016050180609680203
760,-2.346,-0.2569349787419435,-2.346,-0.016050784286328366
761,-2.3440000000000003,-0.2569272105662189,-2.3440000000000003,-0.01605136564518685
762,-2.342,-0.2569197403249425,-2.342,-0.016051922468038386
763,-2.34,-0.2569125781840346,-2.34,-0.016052452492338377
764,-2.338,-0.25690573379612025,-2.338,-0.016052953411214918
765,-2.3360000000000003,-0.25689921630052936,-2.3360000000000003,-0.016053422873468785
766,-2.334,-0.2568930343232968,-2.334,-0.016053858483573435
767,-2.332,-0.25688719597716225,-2.332,-0.016054257801675027
768,-2.33,-0.25688170886157013,-2.33,-0.016054618343592383
769,-2.3280000000000003,-0.25687658006266983,-2.3280000000000003,-0.016054937580817025
770,-2.326,-0.2568718161533156,-2.326,-0.016055212940513156
771,-2.324,-0.2568674231930665,-2.324,-0.01605544180551766
772,-2.322,-0.25686340672818636,-2.322,-0.016055621514340108
773,-2.3200000000000003,-0.256859771791644,-2.3200000000000003,-0.016055749361162764
774,-2.318,-0.25685652290311295,-2.318,-0.016055822595840565
775,-2.316,-0.25685366406897175,-2.316,-0.01605583842390114
776,-2.314,-0.2568511987823036,-2.314,-0.016055794006544798
777,-2.3120000000000003,-0.2568491300228968,-2.3120000000000003,-0.01605568646064454
778,-2.31,-0.2568474602572442,-2.31,-0.016055512858746047
779,-2.308,-0.2568461914385437,-2.308,-0.016055270229067685
780,-2.306,-0.256845325006698,-2.306,-0.016054955555500502
781,-2.3040000000000003,-0.2568448618883147,-2.3040000000000003,-0.016054565777608245
782,-2.302,-0.2568448024967061,-2.302,-0.016054099743141405
783,-2.3,-0.2568451467318895,-2.3,-0.01605358759109662
784,-2.298,-0.25684589398058705,-2.298,-0.016053042287774974
785,-2.2960000000000003,-0.2568470431162256,-2.2960000000000003,-0.016052466064678958
786,-2.294,-0.256848592498937,-2.294,-0.01605186111349281
787,-2.292,-0.25685053997555785,-2.292,-0.016051229586082513
788,-2.29,-0.2568528828796297,-2.29,-0.016050573594495795
789,-2.2880000000000003,-0.2568556180313989,-2.2880000000000003,-0.016049895210962138
790,-2.286,-0.2568587417378166,-2.286,-0.016049196467892764
791,-2.284,-0.2568622497925388,-2.284,-0.01604847935788064
792,-2.282,-0.25686613747592646,-2.282,-0.016047745833700486
793,-2.2800000000000002,-0.25687039955504537,-2.2800000000000002,-0.016046997808308764
794,-2.278,-0.256875030283666,-2.278,-0.016046237154843684
795,-2.276,-0.25688002340226385,-2.276,-0.0160454657066252
796,-2.274,-0.2568853721380192,-2.274,-0.01604468525715502
797,-2.2720000000000002,-0.25689106920481725,-2.2720000000000002,-0.016043897560116586
798,-2.27,-0.2568971068032479,-2.27,-0.0160431043293751
799,-2.268,-0.25690347662060603,-2.268,-0.016042307238977503
800,-2.266,-0.2569101698308913,-2.266,-0.016041507923152485
801,-2.2640000000000002,-0.25691717709480827,-2.2640000000000002,-0.016040707976310478
802,-2.262,-0.25692448855976635,-2.262,-0.01603990895304367
803,-2.26,-0.2569320938598797,-2.26,-0.016039112368125986
804,-2.258,-0.25693998211596747,-2.258,-0.016038319696513103
805,-2.2560000000000002,-0.25694814193555354,-2.2560000000000002,-0.01603753237334244
806,-2.254,-0.25695656141286677,-2.254,-0.01603675179393317
807,-2.252,-0.25696522812884076,-2.252,-0.016035979313786208
808,-2.25,-0.25697412915111395,-2.25,-0.016035216248584214
809,-2.248,-0.2569832510340297,-2.248,-0.016034463874191596
810,-2.246,-0.2569925798186362,-2.246,-0.016033723426654507
811,-2.2439999999999998,-0.2570021010326865,-2.2439999999999998,-0.016032996102200853
812,-2.242,-0.2570117996906384,-2.242,-0.01603228305724028
813,-2.24,-0.25702166029365475,-2.24,-0.016031585408364184
814,-2.238,-0.25703166682960304,-2.238,-0.0160309042323457
815,-2.2359999999999998,-0.2570418027730557,-2.2359999999999998,-0.016030240566139727
816,-2.234,-0.25705205108529006,-2.234,-0.01602959540688289
817,-2.232,-0.25706239421428817,-2.232,-0.01602896971189357
818,-2.23,-0.2570728140947371,-2.23,-0.0160283643986719
819,-2.2279999999999998,-0.25708329214802855,-2.2279999999999998,-0.01602778034489975
820,-2.226,-0.25709380928225933,-2.226,-0.016027218388440744
821,-2.224,-0.2571043458922309,-2.224,-0.016026679327340247
822,-2.222,-0.25711488185944964,-2.222,-0.01602616391982537
823,-2.2199999999999998,-0.25712539655212674,-2.2199999999999998,-0.01602567288430498
824,-2.218,-0.2571358688251783,-2.218,-0.01602520689936968
825,-2.216,-0.2571462770202253,-2.216,-0.01602476660379182
826,-2.214,-0.25715659896559345,-2.214,-0.016024352596525508
827,-2.2119999999999997,-0.2571668119763133,-2.2119999999999997,-0.016023965436706585
828,-2.21,-0.2571768928541205,-2.21,-0.01602360564365265
829,-2.208,-0.2571868178874552,-2.208,-0.016023273696863034
830,-2.206,-0.25719656285146264,-2.206,-0.016022970036018828
831,-2.2039999999999997,-0.25720610300799285,-2.2039999999999997,-0.016022695060982865
832,-2.202,-0.2572154131056007,-2.202,-0.016022449131799725
833,-2.2,-0.2572244673795459,-2.2,-0.016022232568695734
834,-2.1980000000000004,-0.25723323955179295,-2.1980000000000004,-0.016022045652078962
835,-2.196,-0.2572417028310114,-2.196,-0.016021888622539233
836,-2.194,-0.25724982991257533,-2.194,-0.01602176168084811
837,-2.192,-0.25725759297856404,-2.192,-0.016021664987958904
838,-2.1900000000000004,-0.2572649636977614,-2.1900000000000004,-0.016021598665006676
839,-2.188,-0.25727191322565623,-2.188,-0.01602156279330823
840,-2.186,-0.25727841220444225,-2.186,-0.01602155741436212
841,-2.184,-0.2572844307630179,-2.184,-0.016021582529848644
842,-2.1820000000000004,-0.2572899385169865,-2.1820000000000004,-0.016021638101629848
843,-2.18,-0.2572949045686564,-2.18,-0.016021724051749522
844,-2.178,-0.25729929750704056,-2.178,-0.016021840262433206
845,-2.176,-0.25730308540785696,-2.176,-0.016021986576088183
846,-2.1740000000000004,-0.2573062358335283,-2.1740000000000004,-0.016022162795303486
847,-2.172,-0.2573087158331822,-2.172,-0.016022368682849893
848,-2.17,-0.2573104919426511,-2.17,-0.01602260396167993
849,-2.168,-0.25731153018447234,-2.168,-0.016022868314927864
850,-2.1660000000000004,-0.2573117960678881,-2.1660000000000004,-0.01602316138590972
851,-2.164,-0.25731125458884535,-2.164,-0.016023482778123252
852,-2.162,-0.25730987022999596,-2.162,-0.016023832055247978
853,-2.16,-0.2573076069606966,-2.16,-0.016024208741145157
854,-2.1580000000000004,-0.25730442823700883,-2.1580000000000004,-0.01602461231985779
855,-2.156,-0.2573002970016991,-2.156,-0.016025042235610628
856,-2.154,-0.25729517568423865,-2.154,-0.01602549789281017
857,-2.152,-0.257289030094448,-2.152,-0.01602597865604466
858,-2.1500000000000004,-0.2572821492379277,-2.1500000000000004,-0.01602648385008408
859,-2.148,-0.25727475393724697,-2.148,-0.01602701275988018
860,-2.146,-0.2572668759082616,-2.146,-0.016027564630566433
861,-2.144,-0.2572585463339126,-2.144,-0.01602813866745808
862,-2.1420000000000003,-0.25724979586422664,-2.1420000000000003,-0.016028734036052084
863,-2.14,-0.2572406546163156,-2.14,-0.01602934986202718
864,-2.138,-0.25723115217437703,-2.138,-0.01602998523124383
865,-2.136,-0.2572213175896938,-2.136,-0.016030639189744258
866,-2.1340000000000003,-0.25721117938063415,-2.1340000000000003,-0.016031310743752417
867,-2.132,-0.25720076553265186,-2.132,-0.01603199885967403
868,-2.13,-0.2571901034982861,-2.13,-0.01603270246409654
869,-2.128,-0.25717922019716155,-2.128,-0.016033420443789154
870,-2.1260000000000003,-0.2571681420159882,-2.1260000000000003,-0.016034151645702825
871,-2.124,-0.2571568948085616,-2.124,-0.016034894876970244
872,-2.122,-0.2571455038957627,-2.122,-0.016035648904905858
873,-2.12,-0.25713399406555776,-2.12,-0.016036412457005853
874,-2.1180000000000003,-0.25712238957299866,-2.1180000000000003,-0.016037184220948165
875,-2.116,-0.25711071414022263,-2.116,-0.016037962844592475
876,-2.114,-0.2570989909564524,-2.114,-0.016038746935980217
877,-2.112,-0.25708724267799604,-2.112,-0.016039535063334557
878,-2.1100000000000003,-0.2570754914282471,-2.1100000000000003,-0.016040325755060425
879,-2.108,-0.25706375879768456,-2.108,-0.01604111749974449
880,-2.106,-0.25705206584387286,-2.106,-0.01604190874615516
881,-2.104,-0.25704043309146185,-2.104,-0.0160426979032426
882,-2.1020000000000003,-0.25702888053218687,-2.1020000000000003,-0.01604348334013872
883,-2.1,-0.2570174276248686,-2.1,-0.016044263386157172
884,-2.098,-0.2570060932954133,-2.098,-0.016045036330793357
885,-2.096,-0.25699489593681246,-2.096,-0.016045800423724426
886,-2.0940000000000003,-0.2569838534091432,-2.0940000000000003,-0.016046553874809272
887,-2.092,-0.256972983039568,-2.092,-0.016047294854088536
888,-2.09,-0.2569623016223348,-2.09,-0.016048021491784605
889,-2.088,-0.2569518254187769,-2.088,-0.016048731878301616
890,-2.0860000000000003,-0.25694157015731317,-2.0860000000000003,-0.016049424064225444
891,-2.084,-0.2569315510334477,-2.084,-0.016050096060323718
892,-2.082,-0.25692178270977034,-2.082,-0.01605074583754582
893,-2.08,-0.25691227931595606,-2.08,-0.01605137132702286
894,-2.0780000000000003,-0.25690305444876543,-2.0780000000000003,-0.016051970420067705
895,-2.076,-0.25689412117204447,-2.076,-0.016052540968174978
896,-2.074,-0.25688549201672456,-2.074,-0.01605308078302103
897,-2.072,-0.2568771789808226,-2.072,-0.016053587636463976
898,-2.0700000000000003,-0.2568691935294407,-2.0700000000000003,-0.016054059260543662
899,-2.068,-0.25686154659476684,-2.068,-0.016054493347481692
900,-2.066,-0.256854248576074,-2.066,-0.016054887549681412
901,-2.064,-0.25684730933972083,-2.064,-0.016055239479727913
902,-2.0620000000000003,-0.2568407382191514,-2.0620000000000003,-0.016055546710388034
903,-2.06,-0.2568345440148951,-2.06,-0.016055806774610364
904,-2.058,-0.25682873499456693,-2.058,-0.016056017165525235
905,-2.056,-0.25682331889286714,-2.056,-0.016056175336444725
906,-2.0540000000000003,-0.2568183029115816,-2.0540000000000003,-0.016056278700862663
907,-2.052,-0.25681369371958146,-2.052,-0.01605632463245462
908,-2.05,-0.25680949745282344,-2.05,-0.01605631046507791
909,-2.048,-0.25680571971434957,-2.048,-0.016056233492771608
910,-2.0460000000000003,-0.25680236557428743,-2.0460000000000003,-0.01605609096975652
911,-2.044,-0.2567994395698499,-2.044,-0.016055880110435204
912,-2.042,-0.25679694570533546,-2.042,-0.01605559808939197
913,-2.04,-0.2567948874521279,-2.04,-0.01605524204139287
914,-2.0380000000000003,-0.2567932677486966,-2.0380000000000003,-0.016054809061385695
915,-2.036,-0.25679208900059614,-2.036,-0.016054313724372844
916,-2.034,-0.2567913530804667,-2.034,-0.016053821997058466
917,-2.032,-0.2567910613280339,-2.032,-0.016053340480079
918,-2.0300000000000002,-0.2567912145501087,-2.0300000000000002,-0.016052869116469477
919,-2.028,-0.2567918130205877,-2.028,-0.016052407845489385
920,-2.026,-0.25679285648045264,-2.026,-0.01605195660262268
921,-2.024,-0.2567943441377709,-2.024,-0.016051515319577776
922,-2.0220000000000002,-0.2567962746676953,-2.0220000000000002,-0.016051083924287536
923,-2.02,-0.25679864621246395,-2.02,-0.016050662340909298
924,-2.018,-0.2568014563814006,-2.018,-0.016050250489824846
925,-2.016,-0.25680470225091423,-2.016,-0.016049848287640434
926,-2.0140000000000002,-0.25680838036449943,-2.0140000000000002,-0.016049455647186774
927,-2.012,-0.2568124867327361,-2.012,-0.01604907247751903
928,-2.01,-0.25681701683328967,-2.01,-0.016048698683916833
929,-2.008,-0.2568219656109109,-2.008,-0.016048334167884273
930,-2.0060000000000002,-0.2568273274774362,-2.0060000000000002,-0.016047978827149898
931,-2.004,-0.2568330963117871,-2.004,-0.016047632555666717
932,-2.002,-0.25683926545997077,-2.002,-0.016047295243612193
933,-2.0,-0.25684582773507986,-2.0,-0.01604696677738826
934,-1.998,-0.2568527754172923,-1.998,-0.016046647039621303
935,-1.996,-0.25686010025387157,-1.996,-0.016046335909162168
936,-1.994,-0.25686779345916655,-1.994,-0.01604603326108616
937,-1.992,-0.2568758457146116,-1.992,-0.01604573896669305
938,-1.99,-0.25688424716872643,-1.99,-0.016045452893507058
939,-1.988,-0.2568929874371162,-1.988,-0.016045174905276873
940,-1.986,-0.2569020556024716,-1.986,-0.016044904861975642
941,-1.984,-0.2569114402145687,-1.984,-0.016044642619800965
942,-1.982,-0.25692112929026895,-1.982,-0.016044388031174913
943,-1.98,-0.2569311103135193,-1.98,-0.016044140944744004
944,-1.978,-0.2569413702353522,-1.978,-0.016043901205379223
945,-1.976,-0.2569518954738853,-1.976,-0.01604366865417602
946,-1.974,-0.25696267191432204,-1.974,-0.01604344312845429
947,-1.972,-0.256973684908951,-1.972,-0.016043224461758404
948,-1.97,-0.25698491927714634,-1.97,-0.01604301248385718
949,-1.968,-0.2569963593053676,-1.968,-0.016042807020743895
950,-1.966,-0.2570079887471598,-1.966,-0.016042607894636303
951,-1.964,-0.25701979082315335,-1.964,-0.016042414923976598
952,-1.962,-0.25703174822106406,-1.962,-0.016042227923431445
953,-1.96,-0.2570438430956934,-1.96,-0.016042046703891963
954,-1.958,-0.2570560570689279,-1.958,-0.016041871072473735
955,-1.956,-0.25706837122973997,-1.956,-0.016041700832516798
956,-1.954,-0.25708076613418707,-1.954,-0.016041535783585654
957,-1.952,-0.2570932218054123,-1.952,-0.016041375721469263
958,-1.95,-0.2571057177336441,-1.95,-0.016041220438181042
959,-1.948,-0.25711823287619645,-1.948,-0.016041069721958876
960,-1.9460000000000002,-0.25713074565746874,-1.9460000000000002,-0.0160409233572651
961,-1.9440000000000002,-0.25714323396894573,-1.9440000000000002,-0.016040781124786515
962,-1.9420000000000002,-0.2571556751691977,-1.9420000000000002,-0.016040642801434378
963,-1.9400000000000002,-0.2571680460838802,-1.9400000000000002,-0.016040508160344403
964,-1.9380000000000002,-0.2571803230057345,-1.9380000000000002,-0.016040376970876773
965,-1.9360000000000002,-0.2571924816945871,-1.9360000000000002,-0.016040248998616127
966,-1.9340000000000002,-0.2572044973773499,-1.9340000000000002,-0.016040124005371553
967,-1.9320000000000002,-0.25721634474802035,-1.9320000000000002,-0.016040001749176618
968,-1.9300000000000002,-0.2572279979676814,-1.9300000000000002,-0.016039881984289333
969,-1.9280000000000002,-0.2572394306645013,-1.9280000000000002,-0.016039764461192173
970,-1.9260000000000002,-0.2572506159337337,-1.9260000000000002,-0.016039648926592077
971,-1.9240000000000002,-0.25726152633771787,-1.9240000000000002,-0.016039535123420438
972,-1.9220000000000002,-0.2572721339058784,-1.9220000000000002,-0.016039422790833115
973,-1.9200000000000002,-0.25728241013472525,-1.9200000000000002,-0.016039311664210416
974,-1.9180000000000001,-0.257292325987854,-1.9180000000000001,-0.01603920147515712
975,-1.9160000000000001,-0.2573018518959455,-1.9160000000000001,-0.016039091951502465
976,-1.9140000000000001,-0.2573109577567661,-1.9140000000000001,-0.016038982817300138
977,-1.9120000000000001,-0.25731961293516764,-1.9120000000000001,-0.01603887379334772
978,-1.9100000000000001,-0.2573277862630873,-1.9100000000000001,-0.016038766135706282
979,-1.9080000000000001,-0.2573354460395478,-1.9080000000000001,-0.016038661136309213
980,-1.9060000000000001,-0.2573425600306571,-1.9060000000000001,-0.016038558729744214
981,-1.9040000000000001,-0.2573490954696089,-1.9040000000000001,-0.01603845885205268
982,-1.9020000000000001,-0.25735501905668207,-1.9020000000000001,-0.0160383614407297
983,-1.9000000000000001,-0.25736029695924106,-1.9000000000000001,-0.016038266434724044
984,-1.8980000000000001,-0.2573648948117357,-1.8980000000000001,-0.016038173774438187
985,-1.8960000000000001,-0.25736877771570127,-1.8960000000000001,-0.016038083401728277
986,-1.8940000000000001,-0.2573719102397585,-1.8940000000000001,-0.01603799525990417
987,-1.8920000000000001,-0.2573742564196135,-1.8920000000000001,-0.016037909293697254
988,-1.8900000000000001,-0.2573757797580579,-1.8900000000000001,-0.016037825449250795
989,-1.8880000000000001,-0.2573764432249688,-1.8880000000000001,-0.016037743674381332
990,-1.8860000000000001,-0.25737620925730853,-1.8860000000000001,-0.016037663918109044
991,-1.8840000000000001,-0.25737503975912507,-1.8840000000000001,-0.016037586130598885
992,-1.8820000000000001,-0.2573728961015518,-1.8820000000000001,-0.016037510263160564
993,-1.8800000000000001,-0.25736973912280736,-1.8800000000000001,-0.016037436268248575
994,-1.8780000000000001,-0.25736552912819605,-1.8780000000000001,-0.016037364099462166
995,-1.8760000000000001,-0.25736022589010754,-1.8760000000000001,-0.01603729371154537
996,-1.874,-0.2573537886480169,-1.874,-0.016037225060386975
997,-1.872,-0.2573462103641529,-1.872,-0.016037158103103893
998,-1.87,-0.25733840242109046,-1.87,-0.016037092797926183
999,-1.868,-0.257330782690414,-1.868,-0.01603702910401008
1000,-1.866,-0.25732334663310724,-1.866,-0.016036966981523917
1001,-1.8639999999999999,-0.25731352177731687,-1.8639999999999999,-0.016035418106191728
1002,-1.862,-0.25761607345375825,-1.862,-0.016105165386810345
1003,-1.8599999999999999,-0.26241731487191533,-1.8599999999999999,-0.01783152417686564
1004,-1.858,-0.2893158603436941,-1.858,-0.028002225262592474
1005,-1.8559999999999999,-0.3581583206410666,-1.8559999999999999,-0.05512637441894255
1006,-1.854,-0.4755820808075695,-1.854,-0.10142306669205421
1007,-1.8519999999999999,-0.640845598228583,-1.8519999999999999,-0.16640209108511447
1008,-1.85,-0.8517032253200023,-1.85,-0.24915371664770372
1009,-1.8479999999999999,-1.1055995332930257,-1.8479999999999999,-0.34872421233525563
1010,-1.846,-1.3999245888349803,-1.846,-0.46414846470058635
1011,-1.8439999999999999,-1.7320774550584757,-1.8439999999999999,-0.5945066003739785
1012,-1.842,-2.0994706760230555,-1.842,-0.7389190107747676
1013,-1.8399999999999999,-2.499522311215562,-1.8399999999999999,-0.8965354465010934
1014,-1.838,-2.9295736850914142,-1.838,-1.0665350394310416
1015,-1.8359999999999999,-3.387308346405941,-1.8359999999999999,-1.2481263027229226
1016,-1.834,-3.8705025877340766,-1.834,-1.4405471308149724
1017,-1.8319999999999999,-4.376907157400804,-1.8319999999999999,-1.6430647994256713
1018,-1.83,-4.904247259480295,-1.83,-1.854975965553405
1019,-1.8279999999999998,-5.450222553796811,-1.8279999999999998,-2.0769221316451394
1020,-1.826,-6.012507155923766,-1.826,-2.3095791485052475
1021,-1.8239999999999998,-6.5887496371846925,-1.8239999999999998,-2.5493973520373525
1022,-1.822,-7.173719335360236,-1.822,-2.7924814698885143
1023,-1.8199999999999998,-7.75073528780815,-1.8199999999999998,-3.0347106060548548
1024,-1.818,-8.309144849286389,-1.818,-3.2717382408811293
1025,-1.8160000000000003,-8.841236555655213,-1.8160000000000003,-3.498992231061104
1026,-1.814,-9.34151387947979,-1.814,-3.711674809637384
1027,-1.8120000000000003,-9.80669523002987,-1.8120000000000003,-3.906667857384456
1028,-1.81,-10.235713953280564,-1.81,-4.087813077407077
1029,-1.8080000000000003,-10.629718331911501,-1.8080000000000003,-4.25604229260243
1030,-1.806,-10.992070844839143,-1.806,-4.4118697715840955
1031,-1.8040000000000003,-11.326487048646293,-1.8040000000000003,-4.555797976645747
1032,-1.802,-11.634328563974826,-1.802,-4.688317563761429
1033,-1.8000000000000003,-11.916905061831603,-1.8000000000000003,-4.809907382585304
1034,-1.798,-12.175472700613659,-1.798,-4.921036357654272
1035,-1.7960000000000003,-12.411234126107697,-1.7960000000000003,-5.022287187378111
1036,-1.794,-12.62533847149055,-1.794,-5.114124019040823
1037,-1.7920000000000003,-12.818881357328765,-1.7920000000000003,-5.196902963694092
1038,-1.79,-12.992904891578977,-1.79,-5.270973720725743
1039,-1.7880000000000003,-13.148397669587569,-1.7880000000000003,-5.336679577859586
1040,-1.786,-13.286305711335721,-1.786,-5.394357411155556
1041,-1.7840000000000003,-13.407936583722027,-1.7840000000000003,-5.444337685009589
1042,-1.782,-13.514204715771449,-1.782,-5.486944452153729
1043,-1.7800000000000002,-13.605735055634234,-1.7800000000000002,-5.52249535365604
1044,-1.778,-13.683141118610848,-1.778,-5.551301618920676
1045,-1.7760000000000002,-13.747024987151812,-1.7760000000000002,-5.573668065687826
1046,-1.774,-13.797977310857842,-1.774,-5.589893100033758
1047,-1.7720000000000002,-13.836577306479729,-1.7720000000000002,-5.600268716370783
1048,-1.77,-13.863392757918435,-1.77,-5.6050804974472825
1049,-1.7680000000000002,-13.878980016225025,-1.7680000000000002,-5.60460761434769
1050,-1.766,-13.883883999600709,-1.766,-5.5991228264925
1051,-1.7640000000000002,-13.87863819339682,-1.7640000000000002,-5.588892481638271
1052,-1.762,-13.863764650114826,-1.762,-5.574176515877612
1053,-1.7600000000000002,-13.839773989406323,-1.7600000000000002,-5.5552284536392005
1054,-1.758,-13.80716539807303,-1.758,-5.532295407687762
1055,-1.7560000000000002,-13.766426630066814,-1.7560000000000002,-5.505618079124098
1056,-1.754,-13.718034006489642,-1.754,-5.475430757385045
1057,-1.7520000000000002,-13.662452415593652,-1.7520000000000002,-5.441961320243525
1058,-1.75,-13.600135312781063,-1.75,-5.405431233808495
1059,-1.7480000000000002,-13.531524720604281,-1.7480000000000002,-5.366055552524997
1060,-1.746,-13.45705122876578,-1.746,-5.324042919174099
1061,-1.7440000000000002,-13.377133994118227,-1.7440000000000002,-5.279527859669496
1062,-1.742,-13.292180740664351,-1.742,-5.232556282322995
1063,-1.7400000000000002,-13.202587759557087,-1.7400000000000002,-5.183279841722371
1064,-1.738,-13.10873990909942,-1.738,-5.13184828586174
1065,-1.7360000000000002,-13.011010614744544,-1.7360000000000002,-5.078406409724122
1066,-1.734,-12.909761869095705,-1.734,-5.023094055281348
1067,-1.7320000000000002,-12.80534423190636,-1.7320000000000002,-4.966046111494154
1068,-1.73,-12.69787992074501,-1.73,-4.907392514312086
1069,-1.7280000000000002,-12.587246032891631,-1.7280000000000002,-4.847258246673601
1070,-1.726,-12.473651568628755,-1.726,-4.785763338505957
1071,-1.7240000000000002,-12.357306667809405,-1.7240000000000002,-4.723022866725328
1072,-1.722,-12.238414973421209,-1.722,-4.659146975603439
1073,-1.7200000000000002,-12.117173631586605,-1.7200000000000002,-4.594241135686508
1074,-1.718,-11.993773291562631,-1.718,-4.528403582444477
1075,-1.7160000000000002,-11.868398105741143,-1.7160000000000002,-4.461728069590049
1076,-1.714,-11.741225729648594,-1.714,-4.394305054974473
1077,-1.7120000000000002,-11.612427321946258,-1.7120000000000002,-4.326221700587659
1078,-1.71,-11.482167544429998,-1.71,-4.257561872558063
1079,-1.7080000000000002,-11.350604562030503,-1.7080000000000002,-4.188406141152804
1080,-1.706,-11.217890042813051,-1.706,-4.118831780777541
1081,-1.7040000000000002,-11.08416915797775,-1.7040000000000002,-4.048912769976605
1082,-1.702,-10.949580581859285,-1.702,-3.9787197914328623
1083,-1.7000000000000002,-10.814256491927182,-1.7000000000000002,-3.9083202319678483
1084,-1.698,-10.677506372453202,-1.698,-3.8373557358901933
1085,-1.6960000000000002,-10.537529798396811,-1.6960000000000002,-3.7647602117627956
1086,-1.694,-10.403162339875268,-1.694,-3.694721702843064
1087,-1.6920000000000002,-10.285726897198053,-1.6920000000000002,-3.632957394728345
1088,-1.69,-10.197628635083442,-1.69,-3.5860500807833358
1089,-1.6880000000000002,-10.151702050391124,-1.6880000000000002,-3.560142592995251
1090,-1.686,-10.147850255852797,-1.686,-3.5536281653272646
1091,-1.6840000000000002,-10.182266089217604,-1.6840000000000002,-3.565175481756198
1092,-1.682,-10.253019775411728,-1.682,-3.593889697536388
1093,-1.6800000000000002,-10.358067005392444,-1.6800000000000002,-3.6388507048974743
1094,-1.678,-10.495234007662992,-1.678,-3.699144475433726
1095,-1.6760000000000002,-10.662334593383008,-1.6760000000000002,-3.7739276988411032
1096,-1.674,-10.857498665744039,-1.674,-3.862382824879152
1097,-1.6720000000000002,-11.078888090854472,-1.6720000000000002,-3.9637198107534664
1098,-1.67,-11.324659477541488,-1.67,-4.0771761766370975
1099,-1.6680000000000001,-11.592964177350687,-1.6680000000000001,-4.202017005670377
1100,-1.666,-11.881948284546507,-1.666,-4.33753494396111
1101,-1.6640000000000001,-12.189752636111757,-1.6640000000000001,-4.483050200584366
1102,-1.662,-12.51451281174813,-1.662,-4.638404051612845
1103,-1.6600000000000001,-12.854359133875649,-1.6600000000000001,-4.805531562575164
1104,-1.658,-13.207416667633254,-1.658,-4.981692563781435
1105,-1.6560000000000001,-13.569730118629742,-1.6560000000000001,-5.1631177550283445
1106,-1.654,-13.927683610324475,-1.654,-5.345861276661009
1107,-1.6520000000000001,-14.27145948985972,-1.6520000000000001,-5.525800709572653
1108,-1.65,-14.593769595197385,-1.65,-5.698637075204935
1109,-1.6480000000000001,-14.889280933711092,-1.6480000000000001,-5.859894835547628
1110,-1.646,-15.154615682186737,-1.646,-6.004921893138923
1111,-1.6440000000000001,-15.388351186821968,-1.6440000000000001,-6.133511357931173
1112,-1.642,-15.591019963226659,-1.642,-6.249542481747312
1113,-1.6400000000000001,-15.765109696422492,-1.6400000000000001,-6.353561633297057
1114,-1.638,-15.915063240843324,-1.638,-6.4460953577616245
1115,-1.6360000000000001,-16.04727862033486,-1.6360000000000001,-6.527654958427336
1116,-1.634,-16.165918952522123,-1.634,-6.598736496685775
1117,-1.6320000000000001,-16.265947967535503,-1.6320000000000001,-6.659820792033645
1118,-1.63,-16.348006569124244,-1.63,-6.711377947420048
1119,-1.6280000000000001,-16.413066250421668,-1.6280000000000001,-6.754100388560063
1120,-1.626,-16.462057921843794,-1.626,-6.788485498293558
1121,-1.624,-16.495871911089218,-1.624,-6.8148561759587585
1122,-1.6219999999999999,-16.515357963139223,-1.6219999999999999,-6.833530636948465
1123,-1.62,-16.5213252402577,-1.62,-6.844822412710008
1124,-1.6179999999999999,-16.514542321991176,-1.6179999999999999,-6.849040350745281
1125,-1.616,-16.495737205168826,-1.616,-6.8464886146107204
1126,-1.6139999999999999,-16.46560213960669,-1.6139999999999999,-6.837466683917312
1127,-1.612,-16.425189248961708,-1.612,-6.8222693543306
1128,-1.6099999999999999,-16.37523849011778,-1.6099999999999999,-6.801186737570663
1129,-1.608,-16.316165324763066,-1.608,-6.774504261412149
1130,-1.6059999999999999,-16.248379562786937,-1.6059999999999999,-6.7425026696842325
1131,-1.604,-16.172285362280096,-1.604,-6.7054580222706655
1132,-1.6019999999999999,-16.08828122953445,-1.6019999999999999,-6.663641695109718
1133,-1.6,-15.996760019043236,-1.6,-6.617320380194244
1134,-1.5979999999999999,-15.898108933500898,-1.5979999999999999,-6.566756085571612
1135,-1.596,-15.792709523803218,-1.596,-6.512206135343777
1136,-1.5939999999999999,-15.680937689047159,-1.5939999999999999,-6.4539231696672035
1137,-1.592,-15.563163676531055,-1.592,-6.392155144752951
1138,-1.5899999999999999,-15.439752081754397,-1.5899999999999999,-6.3271453328665785
1139,-1.588,-15.311061848418056,-1.588,-6.25913232232825
1140,-1.5859999999999999,-15.177446268424061,-1.5859999999999999,-6.188350017512619
1141,-1.584,-15.039252981875823,-1.584,-6.115027638848954
1142,-1.5819999999999999,-14.8968239770779,-1.5819999999999999,-6.039389722821005
1143,-1.58,-14.750495590536245,-1.58,-5.96165612196714
1144,-1.5779999999999998,-14.60059850695795,-1.5779999999999998,-5.8820420048802085
1145,-1.576,-14.447457759251503,-1.576,-5.800757856207681
1146,-1.5739999999999998,-14.291392728526533,-1.5739999999999998,-5.718009476651504
1147,-1.572,-14.132717144094068,-1.572,-5.633997982968248
1148,-1.5699999999999998,-13.971739083466268,-1.5699999999999998,-5.548919807174171
1149,-1.568,-13.808760972356703,-1.568,-5.462772590914484
1150,-1.5659999999999998,-13.644079584680066,-1.5659999999999998,-5.375508062819228
1151,-1.564,-13.477986042552462,-1.564,-5.287245123721515
1152,-1.5619999999999998,-13.31076581629112,-1.5619999999999998,-5.1980988510447
1153,-1.56,-13.142698724414688,-1.56,-5.108180498802538
1154,-1.5580000000000003,-12.974058933642961,-1.5580000000000003,-5.017597497599044
1155,-1.556,-12.805018956427784,-1.556,-4.926453454628556
1156,-1.5540000000000003,-12.635248680185358,-1.5540000000000003,-4.834848153675793
1157,-1.552,-12.464813617308975,-1.552,-4.742877555115715
1158,-1.5500000000000003,-12.293856940294184,-1.5500000000000003,-4.6506337959136825
1159,-1.548,-12.122515635985394,-1.548,-4.558205189625296
1160,-1.5460000000000003,-11.950920505576176,-1.5460000000000003,-4.46567622639656
1161,-1.544,-11.779196164608967,-1.544,-4.373127572963719
1162,-1.5420000000000003,-11.607461042975363,-1.5420000000000003,-4.280636072653418
1163,-1.54,-11.435835773183802,-1.54,-4.188274745382543
1164,-1.5380000000000003,-11.264458417040741,-1.5380000000000003,-4.095129180637843
1165,-1.536,-11.093314000025732,-1.536,-3.99971845855022
1166,-1.5340000000000003,-10.922496408257842,-1.5340000000000003,-3.9043726624652186
1167,-1.532,-10.752263148048204,-1.532,-3.811829450404221
1168,-1.5300000000000002,-10.582615351720705,-1.5300000000000002,-3.7250529629947984
1169,-1.528,-10.418929493834172,-1.528,-3.6472338234705495
1170,-1.5260000000000002,-10.273836131903732,-1.5260000000000002,-3.581789137671253
1171,-1.524,-10.158404672160993,-1.524,-3.532362494042731
1172,-1.5220000000000002,-10.08174825825239,-1.5220000000000002,-3.5028239636369616
1173,-1.52,-10.046562066909841,-1.52,-3.493895521902265
1174,-1.5180000000000002,-10.048893688499358,-1.5180000000000002,-3.5026378004597913
1175,-1.516,-10.086852195174583,-1.516,-3.5281500159813044
1176,-1.5140000000000002,-10.15849298798305,-1.5140000000000002,-3.569557961046049
1177,-1.512,-10.261823839118971,-1.512,-3.626010904708419
1178,-1.5100000000000002,-10.394888449362488,-1.5100000000000002,-3.696681592497884
1179,-1.508,-10.555773956465123,-1.508,-3.78076624641909
1180,-1.5060000000000002,-10.742608261262387,-1.5060000000000002,-3.8774845649517338
1181,-1.504,-10.953563005238376,-1.504,-3.9859801078155668
1182,-1.5020000000000002,-11.186853570525436,-1.5020000000000002,-4.103528798799278
1183,-1.5,-11.440739079904539,-1.5,-4.230913939912744
1184,-1.4980000000000002,-11.713522396804866,-1.4980000000000002,-4.36964042067776
1185,-1.496,-12.003550125304262,-1.496,-4.520179838289326
1186,-1.4940000000000002,-12.309212610128748,-1.4940000000000002,-4.681970497615401
1187,-1.492,-12.630685167492208,-1.492,-4.853417411197173
1188,-1.4900000000000002,-12.964677686268486,-1.4900000000000002,-5.031892299248768
1189,-1.488,-13.301263917235074,-1.488,-5.213733589657556
1190,-1.4860000000000002,-13.63137528837207,-1.4860000000000002,-5.393215790536607
1191,-1.484,-13.94693308958664,-1.484,-5.562016541635606
1192,-1.4820000000000002,-14.240848472712457,-1.4820000000000002,-5.7183255419989
1193,-1.48,-14.507022451510233,-1.48,-5.861397906702619
1194,-1.4780000000000002,-14.742048699980591,-1.4780000000000002,-5.990875220418323
1195,-1.476,-14.950954885781789,-1.476,-6.106785537413251
1196,-1.4740000000000002,-15.135709557340634,-1.4740000000000002,-6.209543381550096
1197,-1.472,-15.297619482747288,-1.472,-6.299949746287206
1198,-1.4700000000000002,-15.437932944410676,-1.4700000000000002,-6.379192094678401
1199,-1.468,-15.557839739058775,-1.468,-6.448134834738085
1200,-1.4660000000000002,-15.658471177738365,-1.4660000000000002,-6.506848105462799
1201,-1.464,-15.74097430444214,-1.464,-6.555804390803337
1202,-1.4620000000000002,-15.80702450947146,-1.4620000000000002,-6.595463763021169
1203,-1.46,-15.85750974201524,-1.46,-6.626271714020319
1204,-1.4580000000000002,-15.893087285770878,-1.4580000000000002,-6.6486591553472945
1205,-1.456,-15.91440409065795,-1.456,-6.663042418191145
1206,-1.4540000000000002,-15.922096772818142,-1.4540000000000002,-6.669823253383417
1207,-1.452,-15.916791614615294,-1.452,-6.669388831398186
1208,-1.4500000000000002,-15.89910456463538,-1.4500000000000002,-6.662112177839274
1209,-1.448,-15.869641237686507,-1.448,-6.648487672331015
1210,-1.4460000000000002,-15.828996914798935,-1.4460000000000002,-6.628920086034634
1211,-1.444,-15.777756543225038,-1.444,-6.603677206284164
1212,-1.4420000000000002,-15.716494736439365,-1.4420000000000002,-6.5730221806462445
1213,-1.44,-15.645775774138551,-1.44,-6.537213516920076
1214,-1.4380000000000002,-15.566153602241434,-1.4380000000000002,-6.496505083137474
1215,-1.436,-15.478171832888918,-1.436,-6.451146107562807
1216,-1.4340000000000002,-15.382363744444124,-1.4340000000000002,-6.401381178693065
1217,-1.432,-15.279252281492228,-1.432,-6.347450245257786
1218,-1.4300000000000002,-15.169350054840631,-1.4300000000000002,-6.289588616219136
1219,-1.428,-15.05315934151878,-1.428,-6.228026960771819
1220,-1.4260000000000002,-14.931172084778359,-1.4260000000000002,-6.1629913083431775
1221,-1.424,-14.803869894093086,-1.424,-6.094703048593084
1222,-1.4220000000000002,-14.671724045158928,-1.4220000000000002,-6.023378931414057
1223,-1.42,-14.535195479893874,-1.42,-5.9492310669311355
1224,-1.4180000000000001,-14.39473480643817,-1.4180000000000001,-5.872466925502013
1225,-1.416,-14.25078229915408,-1.416,-5.7932893377168995
1226,-1.4140000000000001,-14.10376789862613,-1.4140000000000001,-5.711896494398662
1227,-1.412,-13.954111211660857,-1.412,-5.62848194660268
1228,-1.4100000000000001,-13.802221511287065,-1.4100000000000001,-5.543234605616994
1229,-1.408,-13.64834293630339,-1.408,-5.456338742962153
1230,-1.4060000000000001,-13.492047797292612,-1.4060000000000001,-5.367973990391371
1231,-1.404,-13.333470070277162,-1.404,-5.278315339890369
1232,-1.4020000000000001,-13.172831303713771,-1.4020000000000001,-5.187533143677532
1233,-1.4,-13.010344500209888,-1.4,-5.0957931142037545
1234,-1.3980000000000001,-12.846214116523958,-1.3980000000000001,-5.003256324152592
1235,-1.396,-12.68063606356514,-1.396,-4.910079206440109
1236,-1.3940000000000001,-12.513797706393602,-1.3940000000000001,-4.816395516840537
1237,-1.392,-12.345877864220213,-1.392,-4.7221679363980495
1238,-1.3900000000000001,-12.177046810406857,-1.3900000000000001,-4.627460880608147
1239,-1.388,-12.007466272466118,-1.388,-4.532375155578258
1240,-1.3860000000000001,-11.83731623800975,-1.3860000000000001,-4.437007349853379
1241,-1.384,-11.66679582636559,-1.384,-4.3414498344159105
1242,-1.3820000000000001,-11.495961272381654,-1.3820000000000001,-4.245790762685829
1243,-1.38,-11.324878459395896,-1.38,-4.150114070520508
1244,-1.3780000000000001,-11.153636089313693,-1.3780000000000001,-4.054499519742883
1245,-1.376,-10.982345682607548,-1.376,-3.959053270676799
1246,-1.374,-10.811141578317397,-1.374,-3.863816941702253
1247,-1.3719999999999999,-10.640180934050298,-1.3719999999999999,-3.76880976793643
1248,-1.37,-10.469643725980735,-1.37,-3.67409257914754
1249,-1.3679999999999999,-10.299732748850323,-1.3679999999999999,-3.5797677997546495
1250,-1.366,-10.130673615968103,-1.366,-3.485979448827849
1251,-1.3639999999999999,-9.963192608127084,-1.3639999999999999,-3.3930483805407676
1252,-1.362,-9.806537763863878,-1.362,-3.3046993433933216
1253,-1.3599999999999999,-9.674346467455711,-1.3599999999999999,-3.2272151514504888
1254,-1.358,-9.576515175762855,-1.358,-3.165267638342606
1255,-1.3559999999999999,-9.519005779953764,-1.3559999999999999,-3.121721698422058
1256,-1.354,-9.503845605505239,-1.354,-3.097635286763387
1257,-1.3519999999999999,-9.529127412202325,-1.3519999999999999,-3.0922594191632164
1258,-1.35,-9.589009394138346,-1.35,-3.1039445048959733
1259,-1.3479999999999999,-9.6741043009594,-1.3479999999999999,-3.1322742662579666
1260,-1.346,-9.78561691072747,-1.346,-3.1763879477573247
1261,-1.3439999999999999,-9.925656789037587,-1.3439999999999999,-3.2354312962193865
1262,-1.342,-10.092369659095855,-1.342,-3.308578486503313
1263,-1.3399999999999999,-10.283941675571642,-1.3399999999999999,-3.39503212150219
1264,-1.338,-10.49859942459729,-1.338,-3.4940232321429026
1265,-1.3359999999999999,-10.734609923768447,-1.3359999999999999,-3.6048112773862835
1266,-1.334,-10.9902806221437,-1.334,-3.7272553613140884
1267,-1.3319999999999999,-11.263959400244985,-1.3319999999999999,-3.8630664381916784
1268,-1.33,-11.556452083881393,-1.33,-4.009851634640661
1269,-1.3279999999999998,-11.869552326258773,-1.3279999999999998,-4.164485827924769
1270,-1.326,-12.196596995778048,-1.326,-4.323712893418251
1271,-1.3239999999999998,-12.53044375293067,-1.3239999999999998,-4.484145704606148
1272,-1.322,-12.863824328282108,-1.322,-4.642266133084011
1273,-1.3199999999999998,-13.189344522472423,-1.3199999999999998,-4.794425048558179
1274,-1.318,-13.499484206215687,-1.318,-4.936842318845509
1275,-1.3159999999999998,-13.786597320300558,-1.3159999999999998,-5.0656068098736355
1276,-1.314,-14.042911875589732,-1.314,-5.178979988190557
1277,-1.3119999999999998,-14.265180857592949,-1.3119999999999998,-5.280520369107115
1278,-1.31,-14.462215946944328,-1.31,-5.3708966809955285
1279,-1.3079999999999998,-14.635858344367312,-1.3079999999999998,-5.450600805655492
1280,-1.306,-14.787377059649598,-1.306,-5.520111902108996
1281,-1.3040000000000003,-14.917985211815006,-1.3040000000000003,-5.57989640660045
1282,-1.302,-15.028840029123343,-1.302,-5.630408032596627
1283,-1.3000000000000003,-15.121042849070344,-1.3000000000000003,-5.672087770786632
1284,-1.298,-15.195639118387843,-1.298,-5.705363889081985
1285,-1.2960000000000003,-15.253740320587065,-1.2960000000000003,-5.730652022346087
1286,-1.294,-15.297178140371086,-1.294,-5.748467573922045
1287,-1.2920000000000003,-15.326739796598673,-1.2920000000000003,-5.759248235689065
1288,-1.29,-15.34295646280923,-1.29,-5.7632985685419005
1289,-1.2880000000000003,-15.346354897773983,-1.2880000000000003,-5.760917565542948
1290,-1.286,-15.337457445495996,-1.286,-5.75239865192226
1291,-1.2840000000000003,-15.31678203521018,-1.2840000000000003,-5.738029685077547
1292,-1.282,-15.284842181383262,-1.282,-5.718092954574163
1293,-1.2800000000000002,-15.242146983713832,-1.2800000000000002,-5.692865182145132
1294,-1.278,-15.189201127132286,-1.278,-5.662617521691109
1295,-1.2760000000000002,-15.12650488180089,-1.2760000000000002,-5.62761555928043
1296,-1.274,-15.054554103113707,-1.274,-5.588119313149052
1297,-1.2720000000000002,-14.973840231696688,-1.2720000000000002,-5.544383233700624
1298,-1.27,-14.88485029340755,-1.27,-5.496656203506406
1299,-1.2680000000000002,-14.788066899335934,-1.2680000000000002,-5.445181537305356
1300,-1.266,-14.683968245803221,-1.266,-5.39019698200404
1301,-1.2640000000000002,-14.573028114362728,-1.2640000000000002,-5.3319347166767255
1302,-1.262,-14.455715871799507,-1.262,-5.270621352565283
1303,-1.2600000000000002,-14.332496470130549,-1.2600000000000002,-5.206477933079289
1304,-1.258,-14.203830446604574,-1.258,-5.139719933795919
1305,-1.2560000000000002,-14.070173923702253,-1.2560000000000002,-5.070557262460059
1306,-1.254,-13.931978609135975,-1.254,-4.999194258984191
1307,-1.2520000000000002,-13.789691795850086,-1.2520000000000002,-4.925829695448509
1308,-1.25,-13.643756362020643,-1.25,-4.8506567761007995
1309,-1.2480000000000002,-13.494610771055669,-1.2480000000000002,-4.773863137356566
1310,-1.246,-13.342689071594894,-1.246,-4.695630847798901
1311,-1.2440000000000002,-13.18842089751001,-1.2440000000000002,-4.616136408178617
1312,-1.242,-13.03223146790442,-1.242,-4.535527624442173
1313,-1.2400000000000002,-12.874541587113496,-1.2400000000000002,-4.453807537769148
1314,-1.238,-12.715767644704307,-1.238,-4.3710718486996365
1315,-1.2360000000000002,-12.556321615475897,-1.2360000000000002,-4.2874366088371545
1316,-1.234,-12.396159819963044,-1.234,-4.203014009369582
1317,-1.2320000000000002,-12.234546309138752,-1.2320000000000002,-4.1179123810693214
1318,-1.23,-12.071615240561146,-1.23,-4.032236194293141
1319,-1.2280000000000002,-11.907532570477311,-1.2280000000000002,-3.946086058982329
1320,-1.226,-11.742459102674859,-1.226,-3.85955872466254
1321,-1.2240000000000002,-11.576550488482212,-1.2240000000000002,-3.7727470804439487
1322,-1.222,-11.409957226768315,-1.222,-3.685740155021097
1323,-1.2200000000000002,-11.24282466394293,-1.2200000000000002,-3.5986231166730454
1324,-1.218,-11.075292993956335,-1.218,-3.511477273263223
1325,-1.2160000000000002,-10.907497258299626,-1.2160000000000002,-3.424380072239577
1326,-1.214,-10.739567346004419,-1.214,-3.3374051006344225
1327,-1.2120000000000002,-10.571627993643148,-1.2120000000000002,-3.2506211086895247
1328,-1.21,-10.403798785328762,-1.21,-3.164086450212383
1329,-1.2080000000000002,-10.23619415271503,-1.2080000000000002,-3.0778602846124663
1330,-1.206,-10.068923374996237,-1.206,-2.992000009223045
1331,-1.2040000000000002,-9.902090578907487,-1.2040000000000002,-2.906560095724058
1332,-1.202,-9.735794738724406,-1.202,-2.821592090141962
1333,-1.2000000000000002,-9.568337068200558,-1.2000000000000002,-2.73709165760398
1334,-1.198,-9.40003826786994,-1.198,-2.6525618513946303
1335,-1.1960000000000002,-9.239849413554643,-1.1960000000000002,-2.572013288532299
1336,-1.194,-9.098697232729846,-1.194,-2.5004273180402787
1337,-1.1920000000000002,-8.989285274925159,-1.1920000000000002,-2.442118418185014
1338,-1.19,-8.92214290521907,-1.19,-2.400734196475981
1339,-1.1880000000000002,-8.893633774007066,-1.1880000000000002,-2.379255389665786
1340,-1.186,-8.901787685624416,-1.186,-2.378097962665662
1341,-1.1840000000000002,-8.944845509696517,-1.1840000000000002,-2.3948169870310503
1342,-1.182,-9.020870753620434,-1.182,-2.428469529738007
1343,-1.1800000000000002,-9.127865999640548,-1.1800000000000002,-2.478153879168447
1344,-1.178,-9.263964637821555,-1.178,-2.542996267778389
1345,-1.1760000000000002,-9.4273014235175,-1.1760000000000002,-2.6221508325043006
1346,-1.174,-9.616051503962336,-1.174,-2.7148034005511423
1347,-1.1720000000000002,-9.828430634377286,-1.1720000000000002,-2.8201787681074526
1348,-1.17,-10.062695177971177,-1.17,-2.9375300910178943
1349,-1.1680000000000001,-10.31714210594006,-1.1680000000000001,-3.066136859211931
1350,-1.166,-10.590108997467626,-1.166,-3.205304896704039
1351,-1.1640000000000001,-10.88023931511528,-1.1640000000000001,-3.3543663615934767
1352,-1.162,-11.190966265210147,-1.162,-3.5126797460645327
1353,-1.1600000000000001,-11.518278201942971,-1.1600000000000001,-3.6800429217113453
1354,-1.158,-11.854760379349608,-1.158,-3.8549361566339546
1355,-1.1560000000000001,-12.192933313266995,-1.1560000000000001,-4.032040204715406
1356,-1.154,-12.525252781333743,-1.154,-4.206571074935723
1357,-1.1520000000000001,-12.844109822989541,-1.1520000000000001,-4.3745475131042415
1358,-1.15,-13.141830739475745,-1.15,-4.5327910018599145
1359,-1.1480000000000001,-13.410677093834813,-1.1480000000000001,-4.678925760671017
1360,-1.146,-13.64509782342434,-1.146,-4.811378976645807
1361,-1.1440000000000001,-13.853024084809944,-1.1440000000000001,-4.9305971560776465
1362,-1.142,-14.037276621909085,-1.142,-5.037969132832573
1363,-1.1400000000000001,-14.199136255252357,-1.1400000000000001,-5.13401853167719
1364,-1.138,-14.339827134196774,-1.138,-5.219253098508965
1365,-1.1360000000000001,-14.46051673692547,-1.1360000000000001,-5.294164700356061
1366,-1.134,-14.56231587044795,-1.134,-5.3592293253774885
1367,-1.1320000000000001,-14.646278670599886,-1.1320000000000001,-5.41490708286297
1368,-1.13,-14.713546077025159,-1.13,-5.461683559569869
1369,-1.1280000000000001,-14.765885989846199,-1.1280000000000001,-5.500173575362934
1370,-1.126,-14.80405299804213,-1.126,-5.530747188519435
1371,-1.124,-14.828603715127194,-1.124,-5.553733509264661
1372,-1.1219999999999999,-14.840089056104992,-1.1219999999999999,-5.56945591298972
1373,-1.12,-14.839054237468451,-1.12,-5.5782320402514864
1374,-1.1179999999999999,-14.826038777199837,-1.1179999999999999,-5.580373796772635
1375,-1.116,-14.801576494770767,-1.116,-5.576187353441626
1376,-1.1139999999999999,-14.766195511142168,-1.1139999999999999,-5.5659731463127065
1377,-1.112,-14.720418248764343,-1.112,-5.5500258766059165
1378,-1.1099999999999999,-14.664761431576888,-1.1099999999999999,-5.528634510707075
1379,-1.108,-14.599736085008788,-1.108,-5.502082280167807
1380,-1.1059999999999999,-14.525847535978308,-1.1059999999999999,-5.470646681705501
1381,-1.104,-14.443595412893115,-1.104,-5.434599477203364
1382,-1.1019999999999999,-14.353473645650142,-1.1019999999999999,-5.39420669371036
1383,-1.1,-14.255970465635741,-1.1,-5.349728623441274
1384,-1.0979999999999999,-14.151568405725513,-1.0979999999999999,-5.301419823776644
1385,-1.096,-14.04074430028449,-1.096,-5.249529117262837
1386,-1.0939999999999999,-13.923969285166946,-1.0939999999999999,-5.194299591611963
1387,-1.092,-13.80170879771659,-1.092,-5.135968599701969
1388,-1.0899999999999999,-13.67442257676637,-1.0899999999999999,-5.074767759576542
1389,-1.088,-13.542564662638675,-1.088,-5.010922954445206
1390,-1.0859999999999999,-13.406583397145123,-1.0859999999999999,-4.944654332683223
1391,-1.084,-13.266921423586785,-1.084,-4.876176307831699
1392,-1.0819999999999999,-13.124015686753948,-1.0819999999999999,-4.805697558597467
1393,-1.08,-12.978297432926363,-1.08,-4.733421028853215
1394,-1.0779999999999998,-12.83019220987299,-1.0779999999999998,-4.65954392763735
1395,-1.076,-12.68011986685226,-1.076,-4.58425689601849
1396,-1.0739999999999998,-12.528494554611806,-1.0739999999999998,-4.507594687929815
1397,-1.072,-12.37572472538873,-1.072,-4.4295945020337575
1398,-1.0699999999999998,-12.222033548288179,-1.0699999999999998,-4.350386558520715
1399,-1.068,-12.06672867775694,-1.068,-4.270096593093833
1400,-1.0659999999999998,-11.909841738177798,-1.0659999999999998,-4.18884585696886
1401,-1.064,-11.751547871315685,-1.064,-4.106751116874291
1402,-1.0619999999999998,-11.592016882432436,-1.0619999999999998,-4.0239246550512275
1403,-1.06,-11.431413240287055,-1.06,-3.940474269253518
1404,-1.0579999999999998,-11.26989607713544,-1.0579999999999998,-3.8565032727476143
1405,-1.056,-11.107619188730673,-1.056,-3.772110494312717
1406,-1.0539999999999998,-10.94473103432272,-1.0539999999999998,-3.68739027824063
1407,-1.052,-10.78137473665873,-1.052,-3.602432484335906
1408,-1.0500000000000003,-10.617688081982777,-1.0500000000000003,-3.5173221408060766
1409,-1.048,-10.453803520035972,-1.048,-3.432136433436638
1410,-1.0460000000000003,-10.289848164056568,-1.0460000000000003,-3.346950253263508
1411,-1.044,-10.12594379077971,-1.044,-3.261835765650448
1412,-1.0420000000000003,-9.962206840437718,-1.0420000000000003,-3.176861706016407
1413,-1.04,-9.798748416759809,-1.04,-3.092093379835369
1414,-1.0380000000000003,-9.635674286972375,-1.0380000000000003,-3.007634952073476
1415,-1.036,-9.472563490821498,-1.036,-2.9239131151996576
1416,-1.0340000000000003,-9.306482913788482,-1.0340000000000003,-2.8400281479429874
1417,-1.032,-9.14285399417188,-1.032,-2.756599929538277
1418,-1.0300000000000002,-8.99035349860649,-1.0300000000000002,-2.6765842162881817
1419,-1.028,-8.859325278147416,-1.028,-2.605532566696103
1420,-1.0260000000000002,-8.761780268270318,-1.0260000000000002,-2.5510011034495528
1421,-1.024,-8.706366787672277,-1.024,-2.5158007793100143
1422,-1.0220000000000002,-8.688825143433954,-1.0220000000000002,-2.500580140372088
1423,-1.02,-8.70739685529654,-1.02,-2.504449781821742
1424,-1.0180000000000002,-8.760343977399812,-1.0180000000000002,-2.525458301154256
1425,-1.016,-8.845762101660444,-1.016,-2.562974522915725
1426,-1.0140000000000002,-8.961634284556133,-1.0140000000000002,-2.616191566070704
1427,-1.012,-9.1061023753719,-1.012,-2.6842517290875767
1428,-1.0100000000000002,-9.27732019186896,-1.0100000000000002,-2.7663266277085103
1429,-1.008,-9.473474631890767,-1.008,-2.861617194949573
1430,-1.0060000000000002,-9.692794412304488,-1.0060000000000002,-2.9693397296999438
1431,-1.004,-9.933550069001349,-1.004,-3.0886158335097047
1432,-1.0020000000000002,-10.194053956896234,-1.0020000000000002,-3.218913084544812
1433,-1.0,-10.472660249928127,-1.0,-3.3597131404756886
1434,-0.9980000000000002,-10.768005149432385,-0.9980000000000002,-3.5103922609856557
1435,-0.996,-11.083454242344752,-0.996,-3.6702213077711834
1436,-0.9940000000000002,-11.415013259718604,-0.9940000000000002,-3.8383657445416235
1437,-0.992,-11.7551538935687,-0.992,-4.013885637019493
1438,-0.9900000000000002,-12.096231965805897,-0.9900000000000002,-4.192821870081367
1439,-0.988,-12.43048742823775,-0.988,-4.367063849307634
1440,-0.9860000000000002,-12.750044362567909,-0.9860000000000002,-4.53116637637029
1441,-0.984,-13.046910980396712,-0.984,-4.681619119227846
1442,-0.9820000000000002,-13.312979623220617,-0.9820000000000002,-4.816844747611938
1443,-0.98,-13.545509199644375,-0.98,-4.937198933027603
1444,-0.9780000000000002,-13.752808304301661,-0.9780000000000002,-5.044970348753034
1445,-0.976,-13.936498626364651,-0.976,-5.143130707758161
1446,-0.9740000000000002,-14.09785897109332,-0.9740000000000002,-5.2305857936876725
1447,-0.972,-14.238111385529624,-0.972,-5.30757785897836
1448,-0.9700000000000002,-14.358421158497226,-0.9700000000000002,-5.374585522628411
1449,-0.968,-14.459896820601744,-0.968,-5.432072171635943
1450,-0.9660000000000002,-14.543590144230524,-0.9660000000000002,-5.480485960998877
1451,-0.964,-14.610883013777526,-0.964,-5.5202598137150485
1452,-0.9620000000000002,-14.663062698359026,-0.9620000000000002,-5.551811420782112
1453,-0.96,-14.700768413562372,-0.96,-5.575569054558721
1454,-0.9580000000000002,-14.724626249944773,-0.9580000000000002,-5.592090523410923
1455,-0.956,-14.735252246599552,-0.956,-5.601723661786372
1456,-0.9540000000000002,-14.733252391156107,-0.9540000000000002,-5.6047662591141405
1457,-0.952,-14.719222619779925,-0.952,-5.60151080371675
1458,-0.9500000000000002,-14.693748817172594,-0.9500000000000002,-5.592244482810166
1459,-0.948,-14.657406816571768,-0.948,-5.577249182503786
1460,-0.9460000000000002,-14.610762399751218,-0.9460000000000002,-5.556801487800464
1461,-0.944,-14.554371297020769,-0.944,-5.5311726825964795
1462,-0.9420000000000002,-14.488779187226376,-0.9420000000000002,-5.500628749681571
1463,-0.94,-14.41452169775003,-0.94,-5.465430370738898
1464,-0.9380000000000002,-14.332124404509877,-0.9380000000000002,-5.425832926345088
1465,-0.9359999999999999,-14.242102831960072,-0.9359999999999999,-5.38208649597018
1466,-0.9340000000000002,-14.144962453090944,-0.9340000000000002,-5.334435857977689
1467,-0.9319999999999999,-14.041198689428825,-0.9319999999999999,-5.283120489624531
1468,-0.9300000000000002,-13.93129691103622,-0.9300000000000002,-5.228374567061111
1469,-0.9279999999999999,-13.815732436511633,-0.9279999999999999,-5.170426965331226
1470,-0.9260000000000002,-13.694970532989753,-0.9260000000000002,-5.109501258372164
1471,-0.9239999999999999,-13.569466416141257,-0.9239999999999999,-5.045815719014606
1472,-0.9220000000000002,-13.439665250173014,-0.9220000000000002,-4.979583318982727
1473,-0.9199999999999999,-13.306002147827874,-0.9199999999999999,-4.911011728894087
1474,-0.9180000000000001,-13.168902170384884,-0.9180000000000001,-4.840303318259745
1475,-0.9159999999999999,-13.028780327659067,-0.9159999999999999,-4.767655155484145
1476,-0.9140000000000001,-12.886041578001656,-0.9140000000000001,-4.693259007865233
1477,-0.9119999999999999,-12.741080828299841,-0.9119999999999999,-4.617301341594332
1478,-0.9100000000000001,-12.594209888665594,-0.9100000000000001,-4.539963321756274
1479,-0.9079999999999999,-12.445065495719922,-0.9079999999999999,-4.461420812329266
1480,-0.9060000000000001,-12.29370888024943,-0.9060000000000001,-4.381835052171646
1481,-0.9039999999999999,-12.140355764028358,-0.9039999999999999,-4.301202758697812
1482,-0.9020000000000001,-11.985213585134176,-0.9020000000000001,-4.2195912907559645
1483,-0.8999999999999999,-11.8284814979473,-0.8999999999999999,-4.137116764045467
1484,-0.8980000000000001,-11.670350373151376,-0.8980000000000001,-4.05389106797645
1485,-0.8959999999999999,-11.511002797733,-0.8959999999999999,-3.9700218656696675
1486,-0.8940000000000001,-11.350613074981991,-0.8940000000000001,-3.8856125939566404
1487,-0.8919999999999999,-11.189347224491122,-0.8919999999999999,-3.8007624633795096
1488,-0.8900000000000001,-11.027362982156392,-0.8900000000000001,-3.7155664581911876
1489,-0.8879999999999999,-10.864832590218604,-0.8879999999999999,-3.630115336355205
1490,-0.8860000000000001,-10.701986644002071,-0.8860000000000001,-3.5444956295458634
1491,-0.8839999999999999,-10.538862224153544,-0.8839999999999999,-3.458789643148083
1492,-0.8820000000000001,-10.375496145631825,-0.8820000000000001,-3.373075068384706
1493,-0.8799999999999999,-10.2119576966799,-0.8799999999999999,-3.287423140450632
1494,-0.8780000000000001,-10.048348638825232,-0.8780000000000001,-3.201902820202545
1495,-0.8759999999999999,-9.884803206879472,-0.8759999999999999,-3.1165801265234396
1496,-0.8740000000000001,-9.721488108938749,-0.8740000000000001,-3.031517807249273
1497,-0.8719999999999999,-9.558602526383378,-0.8719999999999999,-2.9467753391688154
1498,-0.8700000000000001,-9.39637811387815,-0.8700000000000001,-2.8616770793925768
1499,-0.8679999999999999,-9.235078999372046,-0.8679999999999999,-2.7757913893309585
1500,-0.8660000000000001,-9.075376720097678,-0.8660000000000001,-2.692104331942463
1501,-0.8639999999999999,-8.925998320015436,-0.8639999999999999,-2.614582642239175
1502,-0.8620000000000001,-8.800934345811264,-0.8620000000000001,-2.548076712959361
1503,-0.8599999999999999,-8.710403261913761,-0.8599999999999999,-2.4983204561365557
1504,-0.8580000000000001,-8.660509430501621,-0.8580000000000001,-2.46884158333162
1505,-0.8559999999999999,-8.65324311150348,-0.8559999999999999,-2.458409137548144
1506,-0.8540000000000001,-8.68648046259801,-0.8540000000000001,-2.4661737280138247
1507,-0.8519999999999999,-8.753983539213884,-0.8519999999999999,-2.491263523251278
1508,-0.8500000000000001,-8.846090828771004,-0.8500000000000001,-2.5327842510780223
1509,-0.8479999999999999,-8.96490721251817,-0.8479999999999999,-2.589819198606526
1510,-0.8460000000000001,-9.112047028121042,-0.8460000000000001,-2.6614757158709152
1511,-0.8439999999999999,-9.285668539915195,-0.8439999999999999,-2.746956623812022
1512,-0.8420000000000001,-9.483969689242105,-0.8420000000000001,-2.8454806942554165
1513,-0.8399999999999999,-9.705188094449461,-0.8399999999999999,-2.9562922442254007
1514,-0.8380000000000001,-9.947601050890807,-0.8380000000000001,-3.078661252800623
1515,-0.8359999999999999,-10.209525530925943,-0.8359999999999999,-3.2118833611142756
1516,-0.8340000000000001,-10.48931818392048,-0.8340000000000001,-3.3552798723538775
1517,-0.8319999999999999,-10.789459195310219,-0.8319999999999999,-3.5081977517615086
1518,-0.8300000000000001,-11.109473969680957,-0.8300000000000001,-3.6700096266335587
1519,-0.8279999999999998,-11.442624875895394,-0.8279999999999998,-3.840094570653694
1520,-0.8260000000000001,-11.782103518808183,-0.8260000000000001,-4.015325449193867
1521,-0.8239999999999998,-12.121033050713512,-0.8239999999999998,-4.189442565484196
1522,-0.8220000000000001,-12.452468171344504,-0.8220000000000001,-4.357294125859436
1523,-0.8199999999999998,-12.769395127873818,-0.8199999999999998,-4.514962542461992
1524,-0.8180000000000001,-13.064731714913064,-0.8180000000000001,-4.659764433241616
1525,-0.8159999999999998,-13.331327274513356,-0.8159999999999998,-4.790250621955691
1526,-0.8140000000000001,-13.563139851581314,-0.8140000000000001,-4.906206138168971
1527,-0.8119999999999998,-13.767595805216084,-0.8119999999999998,-5.008650217253819
1528,-0.81,-13.948582717222013,-0.81,-5.099836300389991
1529,-0.8079999999999998,-14.107369108500045,-0.8079999999999998,-5.182893526623057
1530,-0.806,-14.245168189669322,-0.806,-5.256683588191879
1531,-0.8039999999999998,-14.363137861067488,-0.8039999999999998,-5.320694774863402
1532,-0.802,-14.462380712750429,-0.802,-5.375378778338054
1533,-0.7999999999999998,-14.543944024492493,-0.7999999999999998,-5.4211733698924105
1534,-0.798,-14.608819765786304,-0.798,-5.458502400379104
1535,-0.7959999999999998,-14.65818402854524,-0.7959999999999998,-5.487775800226905
1536,-0.794,-14.693541523985063,-0.794,-5.5093895794406516
1537,-0.7920000000000003,-14.715513726456894,-0.7920000000000003,-5.523725827601302
1538,-0.79,-14.724653026569134,-0.79,-5.531152713865908
1539,-0.7880000000000003,-14.721504893116665,-0.7880000000000003,-5.53203509969858
1540,-0.786,-14.706607873080847,-0.786,-5.526859774735427
1541,-0.7840000000000003,-14.680493591629533,-0.7840000000000003,-5.515953305403839
1542,-0.782,-14.643686752117041,-0.782,-5.499575369452983
1543,-0.7800000000000002,-14.596705136084196,-0.7800000000000002,-5.477980955540062
1544,-0.778,-14.540059603258266,-0.778,-5.4514203632302936
1545,-0.7760000000000002,-14.474254091553044,-0.7760000000000002,-5.420139202996943
1546,-0.774,-14.399785617068757,-0.774,-5.384378396221275
1547,-0.7720000000000002,-14.31714427409217,-0.7720000000000002,-5.344374175192619
1548,-0.77,-14.22681323509646,-0.77,-5.30035808310829
1549,-0.7680000000000002,-14.12926875074136,-0.7680000000000002,-5.252556974073675
1550,-0.766,-14.02498014987301,-0.766,-5.201193013102145
1551,-0.7640000000000002,-13.914409839524108,-0.7640000000000002,-5.1464836761151425
1552,-0.762,-13.798013304913747,-0.762,-5.088641749942092
1553,-0.7600000000000002,-13.676239109447597,-0.7600000000000002,-5.027875332320495
1554,-0.758,-13.549528894717707,-0.758,-4.96438783189583
1555,-0.7560000000000002,-13.418317380502714,-0.7560000000000002,-4.898377968221655
1556,-0.754,-13.283032364767625,-0.754,-4.830039771759501
1557,-0.7520000000000002,-13.144094723664043,-0.7520000000000002,-4.759562583878987
1558,-0.75,-13.001918411529935,-0.75,-4.6871310568576945
1559,-0.7480000000000002,-12.85691046088987,-0.7480000000000002,-4.612925153881302
1560,-0.746,-12.709470982454771,-0.746,-4.537120149043446
1561,-0.7440000000000002,-12.559993165122174,-0.7440000000000002,-4.459886627345858
1562,-0.742,-12.408863275975964,-0.742,-4.381390484698232
1563,-0.7400000000000002,-12.256460660286638,-0.7400000000000002,-4.301792927918357
1564,-0.738,-12.10287850358141,-0.738,-4.22125047473198
1565,-0.7360000000000002,-11.947615385031956,-0.7360000000000002,-4.139914953772948
1566,-0.734,-11.79080713256887,-0.734,-4.057924310416799
1567,-0.7320000000000002,-11.632627798634912,-0.7320000000000002,-3.9752689174957725
1568,-0.73,-11.473246105118204,-0.73,-3.8920072760979174
1569,-0.7280000000000002,-11.312825443352516,-0.7280000000000002,-3.808239791043614
1570,-0.726,-11.151523874116982,-0.726,-3.724062774516084
1571,-0.7240000000000002,-10.98949412763639,-0.7240000000000002,-3.639568446061539
1572,-0.722,-10.826883603580889,-0.722,-3.554844932589029
1573,-0.7200000000000002,-10.663834371066278,-0.7200000000000002,-3.4699762683705955
1574,-0.718,-10.500483168653716,-0.718,-3.385042395041119
1575,-0.7160000000000002,-10.336961404350017,-0.7160000000000002,-3.3001191367379756
1576,-0.714,-10.17339515560736,-0.714,-3.2152778612124444
1577,-0.7120000000000002,-10.009905169323565,-0.7120000000000002,-3.1305861072990706
1578,-0.71,-9.846606861841824,-0.71,-3.0461082843264173
1579,-0.7080000000000002,-9.683610318950977,-0.7080000000000002,-2.9619056947060645
1580,-0.706,-9.521020295885226,-0.706,-2.8780365339324585
1581,-0.7040000000000002,-9.357709548347154,-0.7040000000000002,-2.794555890583061
1582,-0.702,-9.191090585183543,-0.702,-2.7109904373017213
1583,-0.7000000000000002,-9.02744188994278,-0.7000000000000002,-2.626377437853494
1584,-0.698,-8.874898430425661,-0.698,-2.5449600244095008
1585,-0.6960000000000002,-8.742655198065856,-0.6960000000000002,-2.4721432332370084
1586,-0.694,-8.640967207929648,-0.694,-2.4139491987852
1587,-0.6920000000000002,-8.580315339191792,-0.6920000000000002,-2.3766874299069793
1588,-0.69,-8.559270619264588,-0.69,-2.3600501966427223
1589,-0.6880000000000002,-8.574508298938822,-0.6880000000000002,-2.362027384142312
1590,-0.6859999999999999,-8.624258613137291,-0.6859999999999999,-2.38170557331855
1591,-0.6840000000000002,-8.706687232688267,-0.6840000000000002,-2.4181670028677678
1592,-0.6819999999999999,-8.819895264325584,-0.6819999999999999,-2.4704915692547083
1593,-0.6800000000000002,-8.962024769674882,-0.6800000000000002,-2.537802936530298
1594,-0.6779999999999999,-9.136808026907419,-0.6779999999999999,-2.6192773304119648
1595,-0.6760000000000002,-9.343164121600436,-0.6760000000000002,-2.71411709661292
1596,-0.6739999999999999,-9.575905273570426,-0.6739999999999999,-2.8215511671402154
1597,-0.6720000000000002,-9.829984089777787,-0.6720000000000002,-2.9408350602945768
1598,-0.6699999999999999,-10.100493564327241,-0.6699999999999999,-3.0712508806705925
1599,-0.6680000000000001,-10.382667078467383,-0.6680000000000001,-3.2121073191565044
1600,-0.6659999999999999,-10.671878400591153,-0.6659999999999999,-3.3627396529344367
1601,-0.6640000000000001,-10.963641686235347,-0.6640000000000001,-3.522509745480148
1602,-0.6619999999999999,-11.25361147808112,-0.6619999999999999,-3.6915247160270193
1603,-0.6600000000000001,-11.537582705953477,-0.6600000000000001,-3.867665817594691
1604,-0.6579999999999999,-11.811490686821779,-0.6579999999999999,-4.045847838071308
1605,-0.6560000000000001,-12.071411124799248,-0.6560000000000001,-4.221616686049981
1606,-0.6539999999999999,-12.313560111143438,-0.6539999999999999,-4.39119852259861
1607,-0.6520000000000001,-12.534294124255801,-0.6520000000000001,-4.5514997612595725
1608,-0.6499999999999999,-12.730110029682084,-0.6499999999999999,-4.700107068050023
1609,-0.6480000000000001,-12.897769811527889,-0.6480000000000001,-4.835287361461614
1610,-0.6459999999999999,-13.04194865168329,-0.6459999999999999,-4.9565908969915204
1611,-0.6440000000000001,-13.16717226416267,-0.6440000000000001,-5.065791552720278
1612,-0.6419999999999999,-13.274418100812248,-0.6419999999999999,-5.163531067264997
1613,-0.6400000000000001,-13.364628996109502,-0.6400000000000001,-5.250322668606066
1614,-0.6379999999999999,-13.438713167163364,-0.6379999999999999,-5.32666357127382
1615,-0.6360000000000001,-13.497544213714047,-0.6360000000000001,-5.39303497634838
1616,-0.6339999999999999,-13.541961118133196,-0.6339999999999999,-5.4499020714597926
1617,-0.6320000000000001,-13.572768245423763,-0.6320000000000001,-5.497714030787913
1618,-0.6299999999999999,-13.590735343220105,-0.6299999999999999,-5.537015139806434
1619,-0.6280000000000001,-13.596597541787911,-0.6280000000000001,-5.5683379886925435
1620,-0.6259999999999999,-13.591055354024252,-0.6259999999999999,-5.592013546721824
1621,-0.6240000000000001,-13.574774675457553,-0.6240000000000001,-5.6083654909836715
1622,-0.6219999999999999,-13.548386784247596,-0.6219999999999999,-5.6177117741600044
1623,-0.6200000000000001,-13.512488341185549,-0.6200000000000001,-5.6203646245252346
1624,-0.6179999999999999,-13.46772812823812,-0.6179999999999999,-5.616630545946287
1625,-0.6160000000000001,-13.41498969135539,-0.6160000000000001,-5.60681031788259
1626,-0.6139999999999999,-13.35468239391598,-0.6139999999999999,-5.5911989953860735
1627,-0.6120000000000001,-13.287149429582032,-0.6120000000000001,-5.570085909101184
1628,-0.6099999999999999,-13.212729484083285,-0.6099999999999999,-5.543754665264858
1629,-0.6080000000000001,-13.1317567352172,-0.6080000000000001,-5.5124831457065575
1630,-0.6059999999999999,-13.044560852848823,-0.6059999999999999,-5.476543507848225
1631,-0.6040000000000001,-12.951466998910933,-0.6040000000000001,-5.43620218470434
1632,-0.6019999999999999,-12.852795827403883,-0.6019999999999999,-5.39171988488185
1633,-0.6000000000000001,-12.748863484395768,-0.6000000000000001,-5.34335159258025
1634,-0.5979999999999999,-12.639981608022254,-0.5979999999999999,-5.291346567591498
1635,-0.5960000000000001,-12.526457328486753,-0.5960000000000001,-5.235948345300101
1636,-0.5939999999999999,-12.408593268060237,-0.5939999999999999,-5.177394736683027
1637,-0.5920000000000001,-12.286687541081436,-0.5920000000000001,-5.115917828309796
1638,-0.5899999999999999,-12.16103375395663,-0.5899999999999999,-5.051743982342385
1639,-0.5880000000000001,-12.031921005159866,-0.5880000000000001,-4.985093836535329
1640,-0.5859999999999999,-11.899633885232737,-0.5859999999999999,-4.916182304235613
1641,-0.5840000000000001,-11.764452476784601,-0.5840000000000001,-4.845218574382785
1642,-0.5819999999999999,-11.626652354492364,-0.5819999999999999,-4.772406111508839
1643,-0.5800000000000001,-11.4865045851007,-0.5800000000000001,-4.697942655738338
1644,-0.5779999999999998,-11.344275727421824,-0.5779999999999998,-4.622020222788286
1645,-0.5760000000000001,-11.200227832335727,-0.5760000000000001,-4.544783358366799
1646,-0.5739999999999998,-11.05461844278993,-0.5739999999999998,-4.4662075916123625
1647,-0.5720000000000001,-10.907700593799746,-0.5720000000000001,-4.386404410933652
1648,-0.5699999999999998,-10.759722812448004,-0.5699999999999998,-4.305501911650204
1649,-0.5680000000000001,-10.610929117885327,-0.5680000000000001,-4.223623418749666
1650,-0.5659999999999998,-10.461559021329863,-0.5659999999999998,-4.1408874868876575
1651,-0.5640000000000001,-10.311847526067547,-0.5640000000000001,-4.057407900387915
1652,-0.5619999999999998,-10.162001830830203,-0.5619999999999998,-3.9732936732421438
1653,-0.56,-10.011790613173511,-0.56,-3.8886490491101644
1654,-0.5579999999999998,-9.861186920095175,-0.5579999999999998,-3.803573501319767
1655,-0.556,-9.710312728014644,-0.556,-3.718161732890056
1656,-0.5539999999999998,-9.55928462084577,-0.5539999999999998,-3.63254021209276
1657,-0.552,-9.408213789997067,-0.552,-3.546788693594169
1658,-0.5499999999999998,-9.257206034371453,-0.5499999999999998,-3.460939244992723
1659,-0.548,-9.106361760366507,-0.548,-3.375038349310413
1660,-0.5459999999999998,-8.955775828679357,-0.5459999999999998,-3.289146904992627
1661,-0.544,-8.805537349922163,-0.544,-3.2033402259083052
1662,-0.5419999999999998,-8.655731066448942,-0.5419999999999998,-3.1177080413497853
1663,-0.54,-8.506437500501544,-0.54,-3.032354496032956
1664,-0.5379999999999998,-8.357732939559758,-0.5379999999999998,-2.947398150097105
1665,-0.536,-8.209676085311589,-0.536,-2.8629719791050694
1666,-0.5340000000000003,-8.06250048476374,-0.5340000000000003,-2.7795439168165874
1667,-0.532,-7.921399992325949,-0.532,-2.7022001171838954
1668,-0.5300000000000002,-7.7988699043855485,-0.5300000000000002,-2.6372669113151894
1669,-0.528,-7.709794427558596,-0.528,-2.5892428228631097
1670,-0.5260000000000002,-7.6603751610581705,-0.5260000000000002,-2.560964518338681
1671,-0.524,-7.650576747999198,-0.524,-2.5536068071112337
1672,-0.5220000000000002,-7.678052479910495,-0.5220000000000002,-2.5666826414084483
1673,-0.52,-7.741081954057969,-0.52,-2.598043116316344
1674,-0.5180000000000002,-7.837723095726614,-0.5180000000000002,-2.6439177125848095
1675,-0.516,-7.9660269191121245,-0.516,-2.7034753614851756
1676,-0.5140000000000002,-8.124037527320725,-0.5140000000000002,-2.7774486135233887
1677,-0.512,-8.312812892970836,-0.512,-2.865031397182278
1678,-0.5100000000000002,-8.53381889051758,-0.5100000000000002,-2.9654448716275987
1679,-0.508,-8.78209616004201,-0.508,-3.0779374267081865
1680,-0.5060000000000002,-9.052667141614497,-0.5060000000000002,-3.20178468295578
1681,-0.504,-9.34064098359599,-0.504,-3.3362894915852186
1682,-0.5020000000000002,-9.64121354263753,-0.5020000000000002,-3.4807819344942246
1683,-0.5,-9.949667383680778,-0.5,-3.6360880113149596
1684,-0.4980000000000002,-10.26137177995747,-0.4980000000000002,-3.8029244966019347
1685,-0.496,-10.571782712989963,-0.496,-3.977790622859782
1686,-0.4940000000000002,-10.87644287259069,-0.4940000000000002,-4.156908411127452
1687,-0.492,-11.170981656862702,-0.492,-4.336317143026861
1688,-0.4900000000000002,-11.451115172199136,-0.4900000000000002,-4.511873360762585
1689,-0.488,-11.712646233283731,-0.488,-4.679250867122164
1690,-0.4860000000000002,-11.951464363090333,-0.4860000000000002,-4.833940725475803
1691,-0.484,-12.163549967424697,-0.484,-4.971510414777533
1692,-0.4820000000000002,-12.350540439998143,-0.4820000000000002,-5.094404887992744
1693,-0.48,-12.516890673617718,-0.48,-5.205097913530631
1694,-0.4780000000000002,-12.663640716593726,-0.4780000000000002,-5.304122690415891
1695,-0.476,-12.791794333994025,-0.476,-5.3919979793451995
1696,-0.4740000000000002,-12.902319007643765,-0.4740000000000002,-5.469228102687032
1697,-0.472,-12.996145936125611,-0.472,-5.536302944481827
1698,-0.4700000000000002,-13.074170034779556,-0.4700000000000002,-5.593697950441838
1699,-0.46799999999999997,-13.137249935703071,-0.46799999999999997,-5.641890939189796
1700,-0.4660000000000002,-13.186207987750986,-0.4660000000000002,-5.681486737178431
1701,-0.46399999999999997,-13.221830256535592,-0.46399999999999997,-5.712894737851301
1702,-0.4620000000000002,-13.244866524426548,-0.4620000000000002,-5.7364615580487515
1703,-0.45999999999999996,-13.25603029055096,-0.45999999999999996,-5.7525273618536685
1704,-0.4580000000000002,-13.255998770793326,-0.4580000000000002,-5.761425860591442
1705,-0.45599999999999996,-13.245412897795564,-0.45599999999999996,-5.763484312829991
1706,-0.4540000000000002,-13.22489270297295,-0.4540000000000002,-5.759023524379751
1707,-0.45199999999999996,-13.19542254595175,-0.45199999999999996,-5.748357848293673
1708,-0.4500000000000002,-13.157595354159286,-0.4500000000000002,-5.731795184867235
1709,-0.44799999999999995,-13.111762971402875,-0.44799999999999995,-5.709636981638424
1710,-0.4460000000000002,-13.058273275808856,-0.4460000000000002,-5.682178233387759
1711,-0.44399999999999995,-12.9974701798225,-0.44399999999999995,-5.649707482138261
1712,-0.44200000000000017,-12.929693630208108,-0.44200000000000017,-5.612506817155494
1713,-0.43999999999999995,-12.8552796080489,-0.43999999999999995,-5.570851874947512
1714,-0.43800000000000017,-12.774560128747142,-0.43800000000000017,-5.525011839264921
1715,-0.43599999999999994,-12.687863242024008,-0.43599999999999994,-5.475249441100808
1716,-0.43400000000000016,-12.595513031919724,-0.43400000000000016,-5.421820958690825
1717,-0.43199999999999994,-12.497829616793416,-0.43199999999999994,-5.364976217513092
1718,-0.43000000000000016,-12.395129149323274,-0.43000000000000016,-5.304958590288302
1719,-0.42799999999999994,-12.287723816506377,-0.42799999999999994,-5.242004996979613
1720,-0.42600000000000016,-12.175921839658875,-0.42600000000000016,-5.176345904792757
1721,-0.42399999999999993,-12.0600274744158,-0.42399999999999993,-5.108205328175927
1722,-0.42200000000000015,-11.940341010731268,-0.42200000000000015,-5.037800828819898
1723,-0.41999999999999993,-11.817158772878262,-0.41999999999999993,-4.965343515657899
1724,-0.41800000000000015,-11.690773119448856,-0.41800000000000015,-4.891038044865744
1725,-0.4159999999999999,-11.56147244335399,-0.4159999999999999,-4.815078940347721
1726,-0.41400000000000015,-11.429541171823697,-0.41400000000000015,-4.737511696670058
1727,-0.4119999999999999,-11.295259766406874,-0.4119999999999999,-4.658417971375825
1728,-0.41000000000000014,-11.158904722971513,-0.41000000000000014,-4.577939462864911
1729,-0.4079999999999999,-11.020748571704466,-0.4079999999999999,-4.4962128288934435
1730,-0.40600000000000014,-10.881059877111683,-0.40600000000000014,-4.41336968657394
1731,-0.4039999999999999,-10.740103238017975,-0.4039999999999999,-4.329536612375156
1732,-0.40200000000000014,-10.598139287567246,-0.40200000000000014,-4.2448351421222315
1733,-0.3999999999999999,-10.455424693222266,-0.3999999999999999,-4.159381770996548
1734,-0.39800000000000013,-10.312212156764904,-0.39800000000000013,-4.073287953535877
1735,-0.3959999999999999,-10.168750414295875,-0.3959999999999999,-3.9866601036342213
1736,-0.39400000000000013,-10.025001662540344,-0.39400000000000013,-3.89959959454198
1737,-0.3919999999999999,-9.880669392166379,-0.3919999999999999,-3.8122030890625473
1738,-0.3900000000000001,-9.735872883719198,-0.3900000000000001,-3.7245604882696655
1739,-0.3879999999999999,-9.590733159175079,-0.3879999999999999,-3.636756277033002
1740,-0.3860000000000001,-9.445365837407838,-0.3860000000000001,-3.548871604373339
1741,-0.3839999999999999,-9.299881134188578,-0.3839999999999999,-3.4609842899494954
1742,-0.3820000000000001,-9.154383862185943,-0.3820000000000001,-3.373168824058483
1743,-0.3799999999999999,-9.00916205366739,-0.3799999999999999,-3.285496367635351
1744,-0.3780000000000001,-8.867439432280909,-0.3780000000000001,-3.1980347522533425
1745,-0.3759999999999999,-8.726362123388332,-0.3759999999999999,-3.1108484801237375
1746,-0.3740000000000001,-8.582450238450406,-0.3740000000000001,-3.0239987240960087
1747,-0.3719999999999999,-8.434458373374076,-0.3719999999999999,-2.937543327657666
1748,-0.3700000000000001,-8.283375608512753,-0.3700000000000001,-2.850772192959883
1749,-0.3679999999999999,-8.132425508666042,-0.3679999999999999,-2.7630797300103582
1750,-0.3660000000000001,-7.9870661230800195,-0.3660000000000001,-2.678872182050003
1751,-0.3639999999999999,-7.857741878637708,-0.3639999999999999,-2.6035372589542978
1752,-0.3620000000000001,-7.76175719129303,-0.3620000000000001,-2.543152720768124
1753,-0.3599999999999999,-7.70204315480385,-0.3599999999999999,-2.5039391195895786
1754,-0.3580000000000001,-7.679489981751032,-0.3580000000000001,-2.4850955881313146
1755,-0.35599999999999987,-7.694356374223642,-0.35599999999999987,-2.484843985343209
1756,-0.3540000000000001,-7.746269523818995,-0.3540000000000001,-2.5022779477270682
1757,-0.35199999999999987,-7.8342251116426755,-0.35199999999999987,-2.536484684464369
1758,-0.3500000000000001,-7.956587308308451,-0.3500000000000001,-2.586545961554619
1759,-0.34799999999999986,-8.110802390156055,-0.34799999999999986,-2.6515845176435273
1760,-0.3460000000000001,-8.293583432672824,-0.3460000000000001,-2.7307792661729753
1761,-0.34399999999999986,-8.502926685010198,-0.34399999999999986,-2.8233335434397056
1762,-0.3420000000000001,-8.736966199939054,-0.3420000000000001,-2.9284775760685795
1763,-0.33999999999999986,-8.993880860889986,-0.33999999999999986,-3.045468481012742
1764,-0.3380000000000001,-9.271894381952904,-0.3380000000000001,-3.173590265553435
1765,-0.33599999999999985,-9.569275307877486,-0.33599999999999985,-3.312153827300203
1766,-0.3340000000000001,-9.884337014072683,-0.3340000000000001,-3.4604969541906683
1767,-0.33199999999999985,-10.21634042944675,-0.33199999999999985,-3.618359846128895
1768,-0.33000000000000007,-10.567717410580372,-0.33000000000000007,-3.7869212199770907
1769,-0.32799999999999985,-10.931420752337552,-0.32799999999999985,-3.9628453597310362
1770,-0.32600000000000007,-11.298636227161527,-0.32600000000000007,-4.142095452337092
1771,-0.32399999999999984,-11.660419690898827,-0.32399999999999984,-4.320804793651919
1772,-0.32200000000000006,-12.007697082798629,-0.32200000000000006,-4.495276788442169
1773,-0.31999999999999984,-12.33126442551339,-0.31999999999999984,-4.661984950384796
1774,-0.31800000000000006,-12.62188511625917,-0.31800000000000006,-4.817572902066747
1775,-0.31599999999999984,-12.881185085757181,-0.31599999999999984,-4.95885437498526
1776,-0.31400000000000006,-13.114871462368503,-0.31400000000000006,-5.0840599288209125
1777,-0.31199999999999983,-13.324291851919792,-0.31199999999999983,-5.196562504946785
1778,-0.31000000000000005,-13.510738228480944,-0.31000000000000005,-5.297289873614201
1779,-0.30799999999999983,-13.675446934365468,-0.30799999999999983,-5.3867687923707575
1780,-0.30600000000000005,-13.819598680130158,-0.30600000000000005,-5.465509646634491
1781,-0.3039999999999998,-13.94432267656415,-0.3039999999999998,-5.534006449694033
1782,-0.30200000000000005,-14.051198951669898,-0.30200000000000005,-5.592736842708472
1783,-0.2999999999999998,-14.141391641492115,-0.2999999999999998,-5.642162094707478
1784,-0.29800000000000004,-14.215601562979483,-0.29800000000000004,-5.682764685338239
1785,-0.2959999999999998,-14.274517505043777,-0.2959999999999998,-5.715157506419483
1786,-0.29400000000000004,-14.318816228559722,-0.29400000000000004,-5.739714310006412
1787,-0.2919999999999998,-14.349162466365106,-0.2919999999999998,-5.756765309482794
1788,-0.29000000000000004,-14.3662089232607,-0.29000000000000004,-5.766634889608323
1789,-0.2879999999999998,-14.370596276010303,-0.2879999999999998,-5.769641606518651
1790,-0.28600000000000003,-14.362953173340728,-0.28600000000000003,-5.766098187725368
1791,-0.2839999999999998,-14.343896235941795,-0.2839999999999998,-5.756311532116011
1792,-0.28200000000000003,-14.314030056466349,-0.28200000000000003,-5.740582709954066
1793,-0.28000000000000025,-14.273947199530241,-0.28000000000000025,-5.719206962878959
1794,-0.278,-14.224228201712327,-0.278,-5.692473703906056
1795,-0.27600000000000025,-14.16544157155451,-0.27600000000000025,-5.660666517426688
1796,-0.274,-14.09814378956166,-0.274,-5.624063159208105
1797,-0.27200000000000024,-14.022879308201716,-0.27200000000000024,-5.582935556393531
1798,-0.27,-13.94018055190557,-0.27,-5.537549807502101
1799,-0.26800000000000024,-13.850567917067194,-0.26800000000000024,-5.4881661824289365
1800,-0.266,-13.754549772043504,-0.266,-5.435039122445057
1801,-0.26400000000000023,-13.652622457154509,-0.26400000000000023,-5.378417240197479
1802,-0.262,-13.545270284683143,-0.262,-5.318543319709109
1803,-0.26000000000000023,-13.43296553887545,-0.26000000000000023,-5.255654316378855
1804,-0.258,-13.31616847594039,-0.258,-5.189981356981515
1805,-0.2560000000000002,-13.195327324050039,-0.2560000000000002,-5.121749739667887
1806,-0.254,-13.070878283339379,-0.254,-5.051178933964659
1807,-0.2520000000000002,-12.943245525906518,-0.2520000000000002,-4.978482580774521
1808,-0.25,-12.812841195812467,-0.25,-4.9038684923760485
1809,-0.24800000000000022,-12.679662551486285,-0.24800000000000022,-4.827538652423824
1810,-0.246,-12.543497432548897,-0.246,-4.749689215948312
1811,-0.24400000000000022,-12.404586301969633,-0.24400000000000022,-4.6705019293182
1812,-0.242,-12.263162698731044,-0.242,-4.589977509201
1813,-0.2400000000000002,-12.119451439863507,-0.2400000000000002,-4.508188578164924
1814,-0.238,-11.97366862044498,-0.238,-4.425266510893031
1815,-0.2360000000000002,-11.82602161360126,-0.2360000000000002,-4.341337816555232
1816,-0.23399999999999999,-11.676709070505709,-0.23399999999999999,-4.256524138808147
1817,-0.2320000000000002,-11.525920920379537,-0.2320000000000002,-4.170942255795252
1818,-0.22999999999999998,-11.373838370491518,-0.22999999999999998,-4.084704080146725
1819,-0.2280000000000002,-11.220633906158271,-0.2280000000000002,-3.997916658979607
1820,-0.22599999999999998,-11.066471327512797,-0.22599999999999998,-3.910682173897639
1821,-0.2240000000000002,-10.911694982035847,-0.2240000000000002,-3.8230979409914214
1822,-0.22199999999999998,-10.756443979837881,-0.22199999999999998,-3.7352839470813746
1823,-0.2200000000000002,-10.600632904622868,-0.2200000000000002,-3.6473406389246565
1824,-0.21799999999999997,-10.444239931580778,-0.21799999999999997,-3.5592986104476267
1825,-0.2160000000000002,-10.287306827387857,-0.2160000000000002,-3.4712024750774098
1826,-0.21399999999999997,-10.129938950206345,-0.21399999999999997,-3.3831123061670123
1827,-0.2120000000000002,-9.972305249684762,-0.2120000000000002,-3.2951036369954805
1828,-0.20999999999999996,-9.814638266957626,-0.20999999999999996,-3.2072674607677447
1829,-0.20800000000000018,-9.657234134645728,-0.20800000000000018,-3.119710230614773
1830,-0.20599999999999996,-9.50045257685586,-0.20599999999999996,-3.0325538595934183
1831,-0.20400000000000018,-9.344716909181091,-0.20400000000000018,-2.9459357206865713
1832,-0.20199999999999996,-9.190529952901722,-0.20199999999999996,-2.860302963913587
1833,-0.20000000000000018,-9.04393682654389,-0.20000000000000018,-2.7806847915744126
1834,-0.19799999999999995,-8.919426754715797,-0.19799999999999995,-2.7134139075211614
1835,-0.19600000000000017,-8.828069129226204,-0.19600000000000017,-2.6629901539188556
1836,-0.19399999999999995,-8.776667013463017,-0.19399999999999995,-2.632267672225586
1837,-0.19200000000000017,-8.767757142393437,-0.19200000000000017,-2.622454903192601
1838,-0.18999999999999995,-8.799609922563869,-0.18999999999999995,-2.633114586864252
1839,-0.18800000000000017,-8.866229432099942,-0.18800000000000017,-2.6621637625780115
1840,-0.18599999999999994,-8.959650717066502,-0.18599999999999994,-2.7058919541128352
1841,-0.18400000000000016,-9.082489358002045,-0.18400000000000016,-2.7632315021394276
1842,-0.18199999999999994,-9.23393864288557,-0.18199999999999994,-2.835015911505571
1843,-0.18000000000000016,-9.412133015124052,-0.18000000000000016,-2.9204395967645316
1844,-0.17799999999999994,-9.615245054880955,-0.17799999999999994,-3.0187241370524727
1845,-0.17600000000000016,-9.84148547907592,-0.17600000000000016,-3.1291182760883016
1846,-0.17399999999999993,-10.089103141385124,-0.17399999999999993,-3.250897922173845
1847,-0.17200000000000015,-10.356386063229252,-0.17200000000000015,-3.383366148193653
1848,-0.16999999999999993,-10.645731650881121,-0.16999999999999993,-3.525853191615215
1849,-0.16800000000000015,-10.956102296725499,-0.16800000000000015,-3.6790101743043815
1850,-0.16599999999999993,-11.280990180889308,-0.16599999999999993,-3.8438643113163042
1851,-0.16400000000000015,-11.613773661440796,-0.16400000000000015,-4.017028914390615
1852,-0.16199999999999992,-11.947717274390108,-0.16199999999999992,-4.19478358169116
1853,-0.16000000000000014,-12.275971733688705,-0.16000000000000014,-4.373236292231945
1854,-0.15799999999999992,-12.591573931229942,-0.15799999999999992,-4.548323405877435
1855,-0.15600000000000014,-12.887446936848507,-0.15600000000000014,-4.715809663342249
1856,-0.15399999999999991,-13.156399998320959,-0.15399999999999991,-4.871288186191465
1857,-0.15200000000000014,-13.39253918692211,-0.15200000000000014,-5.010196747250656
1858,-0.1499999999999999,-13.60228534978832,-0.1499999999999999,-5.13342144953807
1859,-0.14800000000000013,-13.788714633292141,-0.14800000000000013,-5.244358462572144
1860,-0.1459999999999999,-13.953054467161767,-0.1459999999999999,-5.343546668439711
1861,-0.14400000000000013,-14.096483834505099,-0.14400000000000013,-5.431509796625937
1862,-0.1419999999999999,-14.220133271810035,-0.1419999999999999,-5.508756424014505
1863,-0.14000000000000012,-14.325084868944224,-0.14000000000000012,-5.575779974887452
1864,-0.1379999999999999,-14.412372269155279,-0.1379999999999999,-5.63305872092531
1865,-0.13600000000000012,-14.482980669070592,-0.13600000000000012,-5.681056340148145
1866,-0.1339999999999999,-14.537853001605523,-0.1339999999999999,-5.720354863755366
1867,-0.13200000000000012,-14.578365359017427,-0.13200000000000012,-5.751436323993894
1868,-0.1299999999999999,-14.605482686759014,-0.1299999999999999,-5.774646851007399
1869,-0.1280000000000001,-14.61976979464104,-0.1280000000000001,-5.790326213135992
1870,-0.1259999999999999,-14.62178295783194,-0.1259999999999999,-5.798807816916259
1871,-0.12400000000000011,-14.612069916857791,-0.12400000000000011,-5.800418707081242
1872,-0.12199999999999989,-14.591169877602331,-0.12199999999999989,-5.795479566560445
1873,-0.1200000000000001,-14.559613511306962,-0.1200000000000001,-5.784304716479838
1874,-0.11799999999999988,-14.51792295457072,-0.11799999999999988,-5.767202116161846
1875,-0.1160000000000001,-14.466611809350335,-0.1160000000000001,-5.7444733631253655
1876,-0.11399999999999988,-14.406185142960142,-0.11399999999999988,-5.71641369308574
1877,-0.1120000000000001,-14.337139488072193,-0.1120000000000001,-5.683311979954797
1878,-0.10999999999999988,-14.25996284271613,-0.10999999999999988,-5.645450735840799
1879,-0.1080000000000001,-14.17513467027932,-0.1080000000000001,-5.6031061110485
1880,-0.10599999999999987,-14.083125899506717,-0.10599999999999987,-5.556547894079081
1881,-0.10400000000000009,-13.984398924501004,-0.10400000000000009,-5.5060395116302265
1882,-0.10199999999999987,-13.87940760472244,-0.10199999999999987,-5.451838028596037
1883,-0.10000000000000009,-13.76859726498903,-0.10000000000000009,-5.394194148067123
1884,-0.09799999999999986,-13.652404695476337,-0.09799999999999986,-5.333352211330506
1885,-0.09600000000000009,-13.531258151717681,-0.09600000000000009,-5.269550197869723
1886,-0.09399999999999986,-13.40557735460394,-0.09399999999999986,-5.203019725364718
1887,-0.09200000000000008,-13.275773490383749,-0.09200000000000008,-5.133986049691954
1888,-0.08999999999999986,-13.14224921066329,-0.08999999999999986,-5.062668064924295
1889,-0.08800000000000008,-13.00539863240652,-0.08800000000000008,-4.98927830333113
1890,-0.08599999999999985,-12.865607337934927,-0.08599999999999985,-4.914022935378245
1891,-0.08400000000000007,-12.723252374927782,-0.08400000000000007,-4.837101769727957
1892,-0.08199999999999985,-12.578702256421888,-0.08199999999999985,-4.758649314194867
1893,-0.08000000000000007,-12.432316960811827,-0.08000000000000007,-4.678677124706525
1894,-0.07799999999999985,-12.284419887384068,-0.07799999999999985,-4.597319487752273
1895,-0.07600000000000007,-12.134718735592735,-0.07600000000000007,-4.514713525236759
1896,-0.07399999999999984,-11.983184266069209,-0.07399999999999984,-4.430991358648708
1897,-0.07200000000000006,-11.830009749753328,-0.07200000000000006,-4.346280109061067
1898,-0.06999999999999984,-11.675381247292156,-0.06999999999999984,-4.260701897130858
1899,-0.06800000000000006,-11.51947760904025,-0.06800000000000006,-4.174373843099327
1900,-0.06599999999999984,-11.362470475059382,-0.06599999999999984,-4.087408066791797
1901,-0.06400000000000006,-11.204524275118823,-0.06400000000000006,-3.9999116876178116
1902,-0.06199999999999983,-11.045796228695062,-0.06199999999999983,-3.9119868245709903
1903,-0.06000000000000005,-10.886436344972084,-0.06000000000000005,-3.823730745447153
1904,-0.05799999999999983,-10.726587422841092,-0.05799999999999983,-3.7352353233191504
1905,-0.05600000000000005,-10.566385050900784,-0.05600000000000005,-3.646585539764242
1906,-0.053999999999999826,-10.405956588802525,-0.053999999999999826,-3.5578627111309813
1907,-0.052000000000000046,-10.245418508320217,-0.052000000000000046,-3.469144852309171
1908,-0.04999999999999982,-10.084883290738139,-0.04999999999999982,-3.3805066767297047
1909,-0.04800000000000004,-9.924458712950072,-0.04800000000000004,-3.292019596364725
1910,-0.04599999999999982,-9.764247622308433,-0.04599999999999982,-3.2037517217274663
1911,-0.04400000000000004,-9.604347936624565,-0.04400000000000004,-3.115767861872411
1912,-0.041999999999999815,-9.444852644168451,-0.041999999999999815,-3.0281295243951343
1913,-0.040000000000000036,-9.285849803668997,-0.040000000000000036,-2.940894915432459
1914,-0.03799999999999981,-9.125042864334624,-0.03799999999999981,-2.8540356943392644
1915,-0.03600000000000003,-8.962899961478586,-0.03600000000000003,-2.766982332168635
1916,-0.03399999999999981,-8.80821210883275,-0.03399999999999981,-2.683823283213402
1917,-0.03200000000000003,-8.670989707424576,-0.03200000000000003,-2.6095371513732597
1918,-0.029999999999999805,-8.562353496372507,-0.029999999999999805,-2.548498219499703
1919,-0.028000000000000025,-8.494380062353988,-0.028000000000000025,-2.5044764493961527
1920,-0.026000000000000245,-8.46842780040805,-0.026000000000000245,-2.480636988948961
1921,-0.02400000000000002,-8.479698614353053,-0.02400000000000002,-2.4769622272225114
1922,-0.02200000000000024,-8.526361581217602,-0.02200000000000024,-2.4911196020616067
1923,-0.020000000000000018,-8.606519680627109,-0.020000000000000018,-2.522183677928445
1924,-0.018000000000000238,-8.718209794803723,-0.018000000000000238,-2.5692565247538752
1925,-0.016000000000000014,-8.863462584882694,-0.016000000000000014,-2.6314677179374493
1926,-0.014000000000000234,-9.042820639039942,-0.014000000000000234,-2.7079743704975177
1927,-0.01200000000000001,-9.251356838378685,-0.01200000000000001,-2.7979670395646568
1928,-0.010000000000000231,-9.484256173249369,-0.010000000000000231,-2.900673742319627
1929,-0.008000000000000007,-9.73681934118609,-0.008000000000000007,-3.015349940931405
1930,-0.006000000000000227,-10.004462746906189,-0.006000000000000227,-3.141277529971407
1931,-0.0040000000000000036,-10.28271850231069,-0.0040000000000000036,-3.2777648364136924
1932,-0.002000000000000224,-10.567234426483836,-0.002000000000000224,-3.4241466196347403
1933,0.0,-10.853774045693573,0.0,-3.579784071413693
1934,0.0019999999999997797,-11.138216593391048,0.0019999999999997797,-3.745312709159023
1935,0.0040000000000000036,-11.416557010211125,0.0040000000000000036,-3.918930787947523
1936,0.005999999999999783,-11.684905943971867,0.005999999999999783,-4.095873770618267
1937,0.008000000000000007,-11.939489749675039,0.008000000000000007,-4.271644315005695
1938,0.009999999999999787,-12.176650489505633,0.009999999999999787,-4.442019059870106
1939,0.01200000000000001,-12.392845932832314,0.01200000000000001,-4.60304862489797
1940,0.01399999999999979,-12.584649556207001,0.01399999999999979,-4.751057610701624
1941,0.016000000000000014,-12.751141025944921,0.016000000000000014,-4.883350351427814
1942,0.017999999999999794,-12.897601173115818,0.017999999999999794,-5.002515019911248
1943,0.020000000000000018,-13.02531689783411,0.020000000000000018,-5.109701364478254
1944,0.021999999999999797,-13.1352432294674,0.021999999999999797,-5.205440030096534
1945,0.02400000000000002,-13.228302296948831,0.02400000000000002,-5.290245832643559
1946,0.0259999999999998,-13.305383328776873,0.0259999999999998,-5.364617758906398
1947,0.028000000000000025,-13.367342653015502,0.028000000000000025,-5.429038966581869
1948,0.029999999999999805,-13.415003697294058,0.029999999999999805,-5.483991890881018
1949,0.03200000000000003,-13.44915698880735,0.03200000000000003,-5.530159157146449
1950,0.03399999999999981,-13.470560154315585,0.03399999999999981,-5.567983254334338
1951,0.03600000000000003,-13.479937920144417,0.03600000000000003,-5.59779913616106
1952,0.03799999999999981,-13.47798211218491,0.03799999999999981,-5.619936400328578
1953,0.040000000000000036,-13.465351655893558,0.040000000000000036,-5.634719288524495
1954,0.041999999999999815,-13.44267257629229,0.041999999999999815,-5.642466686422018
1955,0.04400000000000004,-13.410537997968444,0.04400000000000004,-5.643492123679978
1956,0.04599999999999982,-13.369508145074805,0.04599999999999982,-5.638103773942826
1957,0.04800000000000004,-13.320265574402521,0.04800000000000004,-5.626604454840624
1958,0.04999999999999982,-13.263594409050004,0.04999999999999982,-5.609291627989062
1959,0.052000000000000046,-13.199835481763806,0.052000000000000046,-5.586457398989436
1960,0.053999999999999826,-13.129308112151804,0.053999999999999826,-5.558388517428676
1961,0.05600000000000005,-13.052327745664364,0.05600000000000005,-5.525366376879307
1962,0.05799999999999983,-12.969205953594471,0.05799999999999983,-5.487667014899502
1963,0.06000000000000005,-12.880250433077588,0.06000000000000005,-5.44556111303302
1964,0.06199999999999983,-12.785765007091806,0.06199999999999983,-5.399313996809272
1965,0.06400000000000006,-12.686049624457683,0.06400000000000006,-5.349185635743248
1966,0.06599999999999984,-12.581400359838417,0.06599999999999984,-5.2954306433355995
1967,0.06800000000000006,-12.472109413739666,0.06800000000000006,-5.238298277072552
1968,0.06999999999999984,-12.358465112509734,0.06999999999999984,-5.178032438425994
1969,0.07200000000000006,-12.240751908339375,0.07200000000000006,-5.114871672853383
1970,0.07399999999999984,-12.119250379261997,0.07399999999999984,-5.04904916979785
1971,0.07600000000000007,-11.994237229153454,0.07600000000000007,-4.980792762688084
1972,0.07799999999999985,-11.86598528773226,0.07799999999999985,-4.910324928938454
1973,0.08000000000000007,-11.734763510559365,0.08000000000000007,-4.837862789948884
1974,0.08199999999999985,-11.600836979038391,0.08199999999999985,-4.763618111104981
1975,0.08400000000000007,-11.464466900415385,0.08400000000000007,-4.687797301777905
1976,0.08599999999999985,-11.325910607779072,0.08599999999999985,-4.610601415324497
1977,0.08800000000000008,-11.185421560060604,0.08800000000000008,-4.532196291712742
1978,0.08999999999999986,-11.043249342033803,0.08999999999999986,-4.452575385628069
1979,0.09200000000000008,-10.899639664314924,0.09200000000000008,-4.371822177831048
1980,0.09399999999999986,-10.754834363362892,0.09399999999999986,-4.290040349615991
1981,0.09600000000000009,-10.609071401479063,0.09600000000000009,-4.2073314308516245
1982,0.09799999999999986,-10.462584866807466,0.09799999999999986,-4.123794799981243
1983,0.10000000000000009,-10.315604973334555,0.10000000000000009,-4.039527684022556
1984,0.10199999999999987,-10.168358060889462,0.10199999999999987,-3.9546251585678367
1985,0.10400000000000009,-10.021066595143743,0.10400000000000009,-3.869180147783775
1986,0.10599999999999987,-9.87375662026959,0.10599999999999987,-3.7832834244116267
1987,0.1080000000000001,-9.726313169375567,0.1080000000000001,-3.697023609767061
1988,0.10999999999999988,-9.578799332156615,0.10999999999999988,-3.610487173740315
1989,0.1120000000000001,-9.431278531410843,0.1120000000000001,-3.5237584347960382
1990,0.11399999999999988,-9.283814025916778,0.11399999999999988,-3.4369195599734486
1991,0.1160000000000001,-9.136468910433086,0.1160000000000001,-3.3500505648861774
1992,0.11799999999999988,-8.98930611569885,0.11799999999999988,-3.2632293137224213
1993,0.1200000000000001,-8.8423884084333,0.1200000000000001,-3.1765315192447936
1994,0.12199999999999989,-8.695778391336074,0.12199999999999989,-3.090030742790473
1995,0.12400000000000011,-8.549538503086955,0.12400000000000011,-3.003798394271051
1996,0.1259999999999999,-8.403731018346143,0.1259999999999999,-2.9179037321726877
1997,0.1280000000000001,-8.258418047753983,0.1280000000000001,-2.8324138635559573
1998,0.1299999999999999,-8.113661537931229,0.1299999999999999,-2.747393744055999
1999,0.13200000000000012,-7.969523271478783,0.13200000000000012,-2.662906177882366
2000,0.1339999999999999,-7.826064866977957,0.1339999999999999,-2.5790118178191808
2001,0.13599999999999968,-7.683347778990246,0.13599999999999968,-2.4957691652249974
2002,0.13800000000000034,-7.541433298057393,0.13800000000000034,-2.4132345700328415
2003,0.14000000000000012,-7.400382550701606,0.14000000000000012,-2.331461123879275
2004,0.1419999999999999,-7.260256499425186,0.1419999999999999,-2.2504784558530693
2005,0.14399999999999968,-7.121115942710775,0.14399999999999968,-2.1703009634569836
2006,0.14600000000000035,-6.983021515021235,0.14600000000000035,-2.0909432924567946
2007,0.14800000000000013,-6.8460336867998866,0.14800000000000013,-2.012419857637271
2008,0.1499999999999999,-6.710212764470149,0.1499999999999999,-1.9347448428019622
2009,0.1519999999999997,-6.575618890435779,0.1519999999999997,-1.8579322007733396
2010,0.15400000000000036,-6.442312043080756,0.15400000000000036,-1.7819956533927277
2011,0.15600000000000014,-6.3103520367695145,0.15600000000000014,-1.7069486915204386
2012,0.15799999999999992,-6.179798521846592,0.15799999999999992,-1.6328045750355686
2013,0.1599999999999997,-6.05071098463686,0.1599999999999997,-1.5595763328361358
2014,0.16200000000000037,-5.923148747445417,0.16200000000000037,-1.4872767628390122
2015,0.16400000000000015,-5.797168605564224,0.16400000000000015,-1.4159184319800524
2016,0.16599999999999993,-5.6727329909024835,0.16599999999999993,-1.3455136762139013
2017,0.1679999999999997,-5.549799849756235,0.1679999999999997,-1.276074600514122
2018,0.17000000000000037,-5.428359428247281,0.17000000000000037,-1.207613078873135
2019,0.17200000000000015,-5.308402675572571,0.17200000000000015,-1.1401407543023374
2020,0.17399999999999993,-5.189921244003878,0.17399999999999993,-1.0736690388319217
2021,0.1759999999999997,-5.072907488888016,0.1759999999999997,-1.0082091135109978
2022,0.17800000000000038,-4.9573544686467335,0.17800000000000038,-0.9437719284075332
2023,0.18000000000000016,-4.843255944776917,0.18000000000000016,-0.8803682026084683
2024,0.18199999999999994,-4.730606381850286,0.18199999999999994,-0.8180084242195429
2025,0.18399999999999972,-4.619400947513599,0.18399999999999972,-0.7567028503654132
2026,0.1860000000000004,-4.509635512488547,0.1860000000000004,-0.6964615071895948
2027,0.18800000000000017,-4.401306650571959,0.18800000000000017,-0.6372941898545701
2028,0.18999999999999995,-4.294411638635498,0.18999999999999995,-0.5792104625416274
2029,0.19199999999999973,-4.188948456625864,0.19199999999999973,-0.5222196584509684
2030,0.1940000000000004,-4.084915787564697,0.1940000000000004,-0.4663308798016572
2031,0.19600000000000017,-3.9823130175487624,0.19600000000000017,-0.4115529978317176
2032,0.19799999999999995,-3.88114023574967,0.19799999999999995,-0.35789465279798716
2033,0.19999999999999973,-3.781398234414063,0.19999999999999973,-0.305361156488803
2034,0.2020000000000004,-3.6830885088635275,0.2020000000000004,-0.253919812177708
2035,0.20400000000000018,-3.586213257494765,0.20400000000000018,-0.20355030389579623
2036,0.20599999999999996,-3.490775381779333,0.20599999999999996,-0.1542407848627146
2037,0.20799999999999974,-3.3967784862638175,0.20799999999999974,-0.10597959875922533
2038,0.2100000000000004,-3.30422687856975,0.2100000000000004,-0.05875527972716166
2039,0.2120000000000002,-3.213125569393772,0.2120000000000002,-0.012556552369511587
2040,0.21399999999999997,-3.123480272507386,0.21399999999999997,0.03262766824970814
2041,0.21599999999999975,-3.035297404757119,0.21599999999999975,0.07680827660536749
2042,0.21800000000000042,-2.948584086064452,0.21800000000000042,0.11999597671126316
2043,0.2200000000000002,-2.8633481394259612,0.2200000000000002,0.16220128212004314
2044,0.22199999999999998,-2.779598090913096,0.22199999999999998,0.20343451592332062
2045,0.22399999999999975,-2.697343169672329,0.22399999999999975,0.24370581075159758
2046,0.22600000000000042,-2.6165933079250845,0.22600000000000042,0.28302510877430154
2047,0.2280000000000002,-2.5373591409678773,0.2280000000000002,0.32140216169971536
2048,0.22999999999999998,-2.459651654647797,0.22999999999999998,0.3588465307750828
2049,0.23199999999999976,-2.3834185259822243,0.23199999999999976,0.39536758678653805
2050,0.23399999999999954,-2.3086005171371604,0.23399999999999954,0.4309745100591228
2051,0.2360000000000002,-2.235175843069981,0.2360000000000002,0.4656762904568026
2052,0.238,-2.1631232593570577,0.238,0.4994817273824049
2053,0.23999999999999977,-2.0924220621935685,0.23999999999999977,0.5323994297777112
2054,0.24199999999999955,-2.023052088393623,0.24199999999999955,0.5644378161233954
2055,0.24400000000000022,-1.9549937153902044,0.24400000000000022,0.5956051144390533
2056,0.246,-1.8882278612352859,0.246,0.6259093622831475
2057,0.24799999999999978,-1.822735984599653,0.24799999999999978,0.6553584067530903
2058,0.24999999999999956,-1.7585000847730217,0.24999999999999956,0.6839599044851874
2059,0.2520000000000002,-1.6955027016639819,0.2520000000000002,0.7117213216546652
2060,0.254,-1.6337269158001089,0.254,0.7386499339756214
2061,0.2559999999999998,-1.573156348327795,0.2559999999999998,0.7647528267010988
2062,0.25799999999999956,-1.5137751610123624,0.25799999999999956,0.7900368946230352
2063,0.26000000000000023,-1.4555680562380091,0.26000000000000023,0.8145088420722872
2064,0.262,-1.3985202770079115,0.262,0.8381808220179602
2065,0.2639999999999998,-1.3426176069440698,0.2639999999999998,0.8610814310376956
2066,0.26599999999999957,-1.2878463702874114,0.26599999999999957,0.8832260188848282
2067,0.26800000000000024,-1.234193431897742,0.26800000000000024,0.904628398833232
2068,0.27,-1.1816461972538397,0.27,0.9253021678378006
2069,0.2719999999999998,-1.130192612453312,0.2719999999999998,0.9452607065345038
2070,0.2739999999999996,-1.0798211642126925,0.2739999999999996,0.9645171792403495
2071,0.27600000000000025,-1.030520879867394,0.27600000000000025,0.9830845339534012
2072,0.278,-0.9822813273717959,0.278,1.0009755023527458
2073,0.2799999999999998,-0.9350926152991141,0.2799999999999998,1.018202599798542
2074,0.2819999999999996,-0.8889453928414874,0.2819999999999996,1.034778125331989
2075,0.28400000000000025,-0.8438308498099365,0.28400000000000025,1.0507141616753393
2076,0.28600000000000003,-0.7997407166344426,0.28600000000000003,1.0660225752318726
2077,0.2879999999999998,-0.7566672643638281,0.2879999999999998,1.0807150160859376
2078,0.2899999999999996,-0.7146033046658389,0.2899999999999996,1.0948029180029235
2079,0.29200000000000026,-0.6735421898271012,0.29200000000000026,1.108297498429273
2080,0.29400000000000004,-0.6334778127531997,0.29400000000000004,1.121209758492458
2081,0.2959999999999998,-0.5944046069685649,0.2959999999999998,1.1335504830010175
2082,0.2979999999999996,-0.5563175466165455,0.2979999999999996,1.1453302404445305
2083,0.30000000000000027,-0.5192095019791892,0.30000000000000027,1.1565593829936294
2084,0.30200000000000005,-0.48303561405374446,0.30200000000000005,1.1672480464999793
2085,0.3039999999999998,-0.44776770072641936,0.3039999999999998,1.1774061504963083
2086,0.3059999999999996,-0.4133886843142254,0.3059999999999996,1.1870433981963862
2087,0.3080000000000003,-0.3798818106230476,0.3080000000000003,1.1961692764950351
2088,0.31000000000000005,-0.34723064894770383,0.31000000000000005,1.2047930559681128
2089,0.31199999999999983,-0.3154190920718559,0.31199999999999983,1.2129237908725363
2090,0.3139999999999996,-0.28443135626806887,0.3139999999999996,1.2205703191462673
2091,0.3160000000000003,-0.2542519812977832,0.3160000000000003,1.2277412624083168
2092,0.31800000000000006,-0.2248658304113676,0.31800000000000006,1.2344450259587347
2093,0.31999999999999984,-0.19625809034803926,0.31999999999999984,1.240689798778629
2094,0.3219999999999996,-0.1684142713359169,0.3219999999999996,1.2464837200193755
2095,0.3240000000000003,-0.14132020709199644,0.3240000000000003,1.2518391395330857
2096,0.32600000000000007,-0.11496205482219762,0.32600000000000007,1.2567680886331336
2097,0.32799999999999985,-0.08932629522129265,0.32799999999999985,1.2612811600312641
2098,0.3299999999999996,-0.0643997324729545,0.3299999999999996,1.2653887588671027
2099,0.3320000000000003,-0.04016949424973376,0.3320000000000003,1.2691011027081598
2100,0.3340000000000001,-0.016623031713101644,0.3340000000000001,1.2724282215498246
2101,0.33599999999999985,0.006251880486614403,0.33599999999999985,1.2753799578153746
2102,0.33799999999999963,0.02846714421018781,0.33799999999999963,1.2779659663559682
2103,0.3400000000000003,0.05003433782951283,0.3400000000000003,1.2801957144506486
2104,0.3420000000000001,0.07096471622756684,0.3420000000000001,1.2820784818063393
2105,0.34399999999999986,0.09126921079846706,0.34399999999999986,1.2836233605578502
2106,0.34599999999999964,0.1109584294474334,0.34599999999999964,1.2848392552678731
2107,0.3480000000000003,0.13004265659080527,0.3480000000000003,1.2857348829269835
2108,0.3500000000000001,0.14853185315600792,0.3500000000000001,1.2863187729536394
2109,0.35199999999999987,0.1664356565816043,0.35199999999999987,1.286599267194183
2110,0.35399999999999965,0.18376338081725996,0.35399999999999965,1.2865845199228396
2111,0.3560000000000003,0.20052401632375938,0.3560000000000003,1.2862824978417173
2112,0.3580000000000001,0.21672623007297642,0.3580000000000001,1.285700980080808
2113,0.3599999999999999,0.23237836554791902,0.3599999999999999,1.2848475581979868
2114,0.36199999999999966,0.24748844274269866,0.36199999999999966,1.2837296361790118
2115,0.3640000000000003,0.26206415816254547,0.3640000000000003,1.2823544304375243
2116,0.3660000000000001,0.27611288482378094,0.3660000000000001,1.28072896981505
2117,0.3679999999999999,0.2896416722538584,0.3679999999999999,1.2788600955809966
2118,0.36999999999999966,0.30265724649133585,0.36999999999999966,1.2767544614326556
2119,0.37200000000000033,0.31517285064300465,0.37200000000000033,1.2744185334952005
2120,0.3740000000000001,0.32721235646179025,0.3740000000000001,1.2718585903216915
2121,0.3759999999999999,0.33878666172054445,0.3759999999999999,1.269080722893069
2122,0.37799999999999967,0.3499059460593557,0.37799999999999967,1.2660908346181574
2123,0.38000000000000034,0.36058021928370343,0.38000000000000034,1.2628946413336635
2124,0.3820000000000001,0.3708193213644387,0.3820000000000001,1.2594976713041808
2125,0.3839999999999999,0.38063292243781327,0.3839999999999999,1.2559052652221827
2126,0.3859999999999997,0.3900305228054601,0.3859999999999997,1.2521225762080268
2127,0.38800000000000034,0.39902145293440217,0.38800000000000034,1.2481545698099523
2128,0.3900000000000001,0.4076148734570366,0.3900000000000001,1.2440060240040873
2129,0.3919999999999999,0.41581977517115887,0.3919999999999999,1.2396815291944374
2130,0.3939999999999997,0.4236449790399463,0.3939999999999997,1.2351854882128936
2131,0.39600000000000035,0.43109913619196566,0.39600000000000035,1.2305221163192281
2132,0.39800000000000013,0.43819072792115993,0.39800000000000013,1.2256954412011023
2133,0.3999999999999999,0.44492806568686827,0.3999999999999999,1.2207132331164448
2134,0.4019999999999997,0.4513192911138125,0.4019999999999997,1.2155875050838056
2135,0.40400000000000036,0.45737237599210323,0.40400000000000036,1.2103234747986493
2136,0.40600000000000014,0.46309512227722915,0.40600000000000014,1.2049260970616913
2137,0.4079999999999999,0.46849516209007325,0.4079999999999999,1.1994002411100135
2138,0.4099999999999997,0.4735799577169017,0.4099999999999997,1.193750690617076
2139,0.41200000000000037,0.4783568016093691,0.41200000000000037,1.1879821436927105
2140,0.41400000000000015,0.48283281638450964,0.41400000000000015,1.1820992128831316
2141,0.4159999999999999,0.4870149548247502,0.4159999999999999,1.1761064251709203
2142,0.4179999999999997,0.4909099998779015,0.4179999999999997,1.1700082219750356
2143,0.4200000000000004,0.4945245646571619,0.4200000000000004,1.163808959150808
2144,0.42200000000000015,0.49786509244111127,0.42200000000000015,1.1575129069899512
2145,0.42399999999999993,0.5009378566737203,0.42399999999999993,1.1511242502205457
2146,0.4259999999999997,0.5037489609643441,0.4259999999999997,1.1446470880070485
2147,0.4280000000000004,0.5063043390877251,0.4280000000000004,1.13808543395029
2148,0.43000000000000016,0.5086097549839885,0.43000000000000016,1.1314432160874823
2149,0.43199999999999994,0.5106708027586491,0.43199999999999994,1.124724276892205
2150,0.4339999999999997,0.5124929066826064,0.4339999999999997,1.1179323732744146
2151,0.4360000000000004,0.5140813211921468,0.4360000000000004,1.1110711765804397
2152,0.43800000000000017,0.5154411308889408,0.43800000000000017,1.1041442725929922
2153,0.43999999999999995,0.5165797637062488,0.43999999999999995,1.0971551615311501
2154,0.4419999999999997,0.5175057407954615,0.4419999999999997,1.0901072580503692
2155,0.4440000000000004,0.5182247834703753,0.4440000000000004,1.0830038912424769
2156,0.4460000000000002,0.5187425119404655,0.4460000000000002,1.0758483046356841
2157,0.44799999999999995,0.5190644529150894,0.44799999999999995,1.0686436561945682
2158,0.44999999999999973,0.5191960396034844,0.44999999999999973,1.0613930183200835
2159,0.4520000000000004,0.5191426117147683,0.4520000000000004,1.0540993778495562
2160,0.4540000000000002,0.5189094154579398,0.4540000000000002,1.046765636056697
2161,0.45599999999999996,0.5185016035418782,0.45599999999999996,1.0393946086515815
2162,0.45799999999999974,0.5179242351753435,0.45799999999999974,1.0319890257806636
2163,0.4600000000000004,0.5171822760669758,0.4600000000000004,1.0245515320267682
2164,0.4620000000000002,0.5162805984252967,0.4620000000000002,1.017084686409105
2165,0.46399999999999997,0.5152239809587079,0.46399999999999997,1.0095909623832486
2166,0.46599999999999975,0.5140171088754918,0.46599999999999975,1.002072747841152
2167,0.4680000000000004,0.5126645738838107,0.4680000000000004,0.9945323451111389
2168,0.4700000000000002,0.5111708741917095,0.4700000000000002,0.9869719709579182
2169,0.472,0.5095404145071117,0.472,0.9793937565825634
2170,0.47399999999999975,0.5077775060378226,0.47399999999999975,0.9717997476225265
2171,0.4760000000000004,0.5058863664915265,0.4760000000000004,0.96419190415163
2172,0.4780000000000002,0.5038711200757914,0.4780000000000002,0.9565721006800822
2173,0.48,0.5017357974980632,0.48,0.9489427310362359
2174,0.48199999999999976,0.49948433596566927,0.48199999999999976,0.9413083410272102
2175,0.48400000000000043,0.4971205791858167,0.48400000000000043,0.933670997722296
2176,0.4860000000000002,0.49464827736559613,0.4860000000000002,0.9260323834349892
2177,0.488,0.49207108721197584,0.488,0.9183941501630036
2178,0.48999999999999977,0.48939257193180574,0.48999999999999977,0.9107579195882844
2179,0.49199999999999955,0.48661620123181637,0.49199999999999955,0.9031252830770052
2180,0.4940000000000002,0.4837453513186176,0.4940000000000002,0.8954978016795637
2181,0.496,0.4807833048987038,0.496,0.8878770061305965
2182,0.4979999999999998,0.47773325117844606,0.4979999999999998,0.8802643968489577
2183,0.49999999999999956,0.4745982858640974,0.49999999999999956,0.8726614439377329
2184,0.5020000000000002,0.4713814111617901,0.5020000000000002,0.8650695871842327
2185,0.504,0.4680855357775413,0.504,0.8574902360600056
2186,0.5059999999999998,0.4647134749172445,0.5059999999999998,0.8499247697208182
2187,0.5079999999999996,0.4612679502866753,0.5079999999999996,0.8423745370066685
2188,0.5100000000000002,0.45775159009148814,0.5100000000000002,0.8348408564417794
2189,0.512,0.45416692903722305,0.512,0.8273250162346117
2190,0.5139999999999998,0.45051640832929585,0.5139999999999998,0.8198282742778444
2191,0.5159999999999996,0.4468023756730046,0.5159999999999996,0.8123518581483881
2192,0.5180000000000002,0.4430270852735264,0.5180000000000002,0.8048969651073774
2193,0.52,0.43919276825916254,0.52,0.797464762100186
2194,0.5219999999999998,0.4353045207581585,0.5219999999999998,0.7900563857564051
2195,0.5239999999999996,0.4313661184937178,0.5239999999999996,0.7826729423898573
2196,0.5260000000000002,0.42737975156521285,0.5260000000000002,0.7753155079985903
2197,0.528,0.4233475751281779,0.528,0.7679851282648895
2198,0.5299999999999998,0.4192717093942985,0.5299999999999998,0.7606828185552585
2199,0.5319999999999996,0.41515423963141834,0.5319999999999996,0.7534095639204326
2200,0.5340000000000003,0.410997216163536,0.5340000000000003,0.7461663190953716
2201,0.536,0.406802654370812,0.536,0.7389540084992732
2202,0.5379999999999998,0.4025725346895578,0.5379999999999998,0.7317735262355536
2203,0.5399999999999996,0.39830880261224344,0.5399999999999996,0.7246257360918601
2204,0.5420000000000003,0.3940133686874935,0.5420000000000003,0.7175114715400651
2205,0.544,0.38968810852009467,0.544,0.7104315357362785
2206,0.5459999999999998,0.38533486277098467,0.5459999999999998,0.7033867015208288
2207,0.5479999999999996,0.3809554371572595,0.5479999999999996,0.6963777114182759
2208,0.5500000000000003,0.3765516024521698,0.5500000000000003,0.6894052776374044
2209,0.552,0.3721250944851287,0.552,0.6824700820712364
2210,0.5539999999999998,0.3676776141416998,0.5539999999999998,0.6755727762970131
2211,0.5559999999999996,0.3632108273636054,0.5559999999999996,0.6687139815762064
2212,0.5580000000000003,0.35872636514872214,0.5580000000000003,0.6618942888545134
2213,0.56,0.35422582355108934,0.56,0.6551142587618686
2214,0.5619999999999998,0.3497107636808968,0.5619999999999998,0.6483744216124252
2215,0.5639999999999996,0.34518271170449283,0.5639999999999996,0.6416755678597346
2216,0.5660000000000003,0.34064315884438034,0.5660000000000003,0.6350184868380047
2217,0.5680000000000001,0.33609356137922464,0.5680000000000001,0.628403389135927
2218,0.5699999999999998,0.33153534064384177,0.5699999999999998,0.6218304723177994
2219,0.5719999999999996,0.32696988302920615,0.5719999999999996,0.6152999278910105
2220,0.5740000000000003,0.3223985399824468,0.5740000000000003,0.6088119413060336
2221,0.5760000000000001,0.31782262800685523,0.5760000000000001,0.6023666919564385
2222,0.5779999999999998,0.31324342866187355,0.5779999999999998,0.5959643531788742
2223,0.5799999999999996,0.30866218856310235,0.5799999999999996,0.5896050922530802
2224,0.5820000000000003,0.3040801193822967,0.5820000000000003,0.5832890704018812
2225,0.5840000000000001,0.2994983978473743,0.5840000000000001,0.5770164427911979
2226,0.5859999999999999,0.2949181657424035,0.5859999999999999,0.5707873585300304
2227,0.5879999999999996,0.29034052990761094,0.5879999999999996,0.5646019606704693
2228,0.5900000000000003,0.2857665622393778,0.5900000000000003,0.5584603862076906
2229,0.5920000000000001,0.28119729969024804,0.5920000000000001,0.5523627660799658
2230,0.5939999999999999,0.27663374426891585,0.5939999999999999,0.5463092251686462
2231,0.5959999999999996,0.27207686304023426,0.5959999999999996,0.5402998822981737
2232,0.5980000000000003,0.2675275881252106,0.5980000000000003,0.5343348502360753
2233,0.6000000000000001,0.2629868167010148,0.6000000000000001,0.5284142356929735
2234,0.6019999999999999,0.25845541100096736,0.6019999999999999,0.5225381393225708
2235,0.6039999999999996,0.25393419831454733,0.6039999999999996,0.5167066557216601
2236,0.6060000000000003,0.24942397098738822,0.6060000000000003,0.5109198734301196
2237,0.6080000000000001,0.24492584504009446,0.6080000000000001,0.5051778749309227
2238,0.6099999999999999,0.24044138523630512,0.6099999999999999,0.49948073665012327
2239,0.6119999999999997,0.23597114466802202,0.6119999999999997,0.49382852895686524
2240,0.6140000000000003,0.23151561564917217,0.6140000000000003,0.4882213161633778
2241,0.6160000000000001,0.22707528227535995,0.6160000000000001,0.4826591565249857
2242,0.6179999999999999,0.22265062042385542,0.6179999999999999,0.47714210224009357
2243,0.6199999999999997,0.2182420977536022,0.6199999999999997,0.4716701994501967
2244,0.6220000000000003,0.21385017370521342,0.6220000000000003,0.4662434882398754
2245,0.6240000000000001,0.20947529950097968,0.6240000000000001,0.4608620026368052
2246,0.6259999999999999,0.20511791814485725,0.6259999999999999,0.4555257706117421
2247,0.6279999999999997,0.20077846442247588,0.6279999999999997,0.4502348140785324
2248,0.6300000000000003,0.196457364901135,0.6300000000000003,0.4449891488941076
2249,0.6320000000000001,0.19215503792981128,0.6320000000000001,0.43978878485849426
2250,0.6339999999999999,0.18787189363914722,0.6339999999999999,0.4346337257147995
2251,0.6359999999999997,0.18360833394145876,0.6359999999999997,0.42952396914922075
2252,0.6380000000000003,0.17936475253073159,0.6380000000000003,0.4244595067910407
2253,0.6400000000000001,0.17514153488262846,0.6400000000000001,0.4194403242126367
2254,0.6419999999999999,0.17093905825447808,0.6419999999999999,0.4144664009294673
2255,0.6439999999999997,0.1667576916852827,0.6439999999999997,0.4095377104000808
2256,0.6460000000000004,0.16259779599571406,0.6460000000000004,0.4046542200261112
2257,0.6480000000000001,0.15845972378812115,0.6480000000000001,0.3998158911522868
2258,0.6499999999999999,0.1543438194465189,0.6499999999999999,0.39502267906641714
2259,0.6519999999999997,0.15025041913659562,0.6519999999999997,0.3902745297525682
2260,0.6540000000000004,0.1461798508057095,0.6540000000000004,0.38557127279208114
2261,0.6560000000000001,0.14213243418289545,0.6560000000000001,0.38091261110102836
2262,0.6579999999999999,0.1381084807788547,0.6579999999999999,0.3762982443402674
2263,0.6599999999999997,0.1341082938859618,0.6599999999999997,0.3717278746639196
2264,0.6620000000000004,0.13013216857826104,0.6620000000000004,0.36720120671936685
2265,0.6640000000000001,0.12618039171147363,0.6640000000000001,0.3627179476472587
2266,0.6659999999999999,0.12225324192298687,0.6659999999999999,0.358277807081501
2267,0.6679999999999997,0.11835098963186155,0.6679999999999997,0.3538804971492635
2268,0.6700000000000004,0.11447389703882818,0.6700000000000004,0.3495257324709763
2269,0.6720000000000002,0.11062221812629405,0.6720000000000002,0.34521323016033717
2270,0.6739999999999999,0.10679619865833284,0.6739999999999999,0.3409427098243003
2271,0.6759999999999997,0.10299607618069137,0.6759999999999997,0.33671389356308373
2272,0.6780000000000004,0.09922208002078647,0.6780000000000004,0.33252650597016586
2273,0.6800000000000002,0.09547443128771149,0.6800000000000002,0.3283802741322926
2274,0.6819999999999999,0.0917533428722263,0.6819999999999999,0.32427492762946647
2275,0.6839999999999997,0.08805901944676403,0.6839999999999997,0.32021019853495386
2276,0.6860000000000004,0.08439165746542765,0.6860000000000004,0.3161858214152815
2277,0.6880000000000002,0.08075144516399663,0.6880000000000002,0.3122015333302435
2278,0.69,0.0771385625599171,0.69,0.3082570738328905
2279,0.6919999999999997,0.07355318145230838,0.6919999999999997,0.3043521849695374
2280,0.6940000000000004,0.06999546542195961,0.6940000000000004,0.3004866112797592
2281,0.6960000000000002,0.06646556983133647,0.6960000000000002,0.296660099796398
2282,0.698,0.06296364182457126,0.698,0.29287240004555315
2283,0.6999999999999997,0.05948982032746944,0.6999999999999997,0.2891232640465875
2284,0.7020000000000004,0.05604423765201065,0.7020000000000004,0.2854124463121245
2285,0.7040000000000002,0.05262694985263667,0.7040000000000002,0.28173970384805447
2286,0.706,0.049237851242345906,0.706,0.27810479615352496
2287,0.7079999999999997,0.04587681985225599,0.7079999999999997,0.2745074852209472
2288,0.7100000000000004,0.04254373480956958,0.7100000000000004,0.27094753553599293
2289,0.7120000000000002,0.03923847633758033,0.7120000000000002,0.2674247140776007
2290,0.714,0.03596092575566398,0.714,0.2639387903179663
2291,0.7159999999999997,0.03271096547928429,0.7159999999999997,0.26048953622254933
2292,0.7180000000000004,0.029488479019990108,0.7180000000000004,0.25707672625006983
2293,0.7200000000000002,0.02629335098542114,0.7200000000000002,0.2537001373525144
2294,0.722,0.023125467079299293,0.722,0.2503595489751274
2295,0.7239999999999998,0.019984714101434486,0.7239999999999998,0.2470547430564165
2296,0.7260000000000004,0.01687097994772175,0.7260000000000004,0.24378550402815014
2297,0.7280000000000002,0.013784153610146822,0.7280000000000002,0.24055161881536316
2298,0.73,0.010724125176777836,0.73,0.23735287683634815
2299,0.7319999999999998,0.007690785831770797,0.7319999999999998,0.23418907000266112
2300,0.7340000000000004,0.004684027855366979,0.7340000000000004,0.2310599927191188
2301,0.7360000000000002,0.0017037446238981277,0.7360000000000002,0.22796544188380424
2302,0.738,-0.0012501693902214409,0.738,0.22490521688805837
2303,0.7399999999999998,-0.004177818618489516,0.7399999999999998,0.22187911961648538
2304,0.7420000000000004,-0.007079306396318749,0.7420000000000004,0.2188869544469505
2305,0.7440000000000002,-0.009954734963031231,0.7440000000000002,0.21592852825058478
2306,0.746,-0.01280420546186653,0.746,0.21300365039177752
2307,0.7479999999999998,-0.01562781793997628,0.7479999999999998,0.21011213272818133
2308,0.7499999999999996,-0.018425671348425696,0.7499999999999996,0.2072537896107109
2309,0.7520000000000002,-0.021197863542194523,0.7520000000000002,0.2044283505335114
2310,0.754,-0.023944491280172467,0.754,0.20163525837979523
2311,0.7559999999999998,-0.02666565022516626,0.7559999999999998,0.19887414931470077
2312,0.7579999999999996,-0.0293614349438949,0.7579999999999996,0.19614468535850982
2313,0.7600000000000002,-0.032031938906992075,0.7600000000000002,0.1934465321732621
2314,0.762,-0.03467725448900133,0.762,0.19077935906275997
2315,0.7639999999999998,-0.03729747296838325,0.7639999999999998,0.18814283897256123
2316,0.7659999999999996,-0.0398926845275107,0.7659999999999996,0.1855366484899839
2317,0.7680000000000002,-0.042462978252671174,0.7680000000000002,0.18296046784410402
2318,0.77,-0.045008442134062146,0.77,0.18041398090575997
2319,0.7719999999999998,-0.04752916306579806,0.7719999999999998,0.1778968751875458
2320,0.7739999999999996,-0.050025226845905615,0.7739999999999996,0.17540884184381578
2321,0.7760000000000002,-0.05249671817632613,0.7760000000000002,0.17294957567068214
2322,0.778,-0.05494372066291103,0.778,0.1705187751060194
2323,0.7799999999999998,-0.057366316815428545,0.7799999999999998,0.16811614222945787
2324,0.7819999999999996,-0.05976458804755927,0.7819999999999996,0.165741382762388
2325,0.7840000000000003,-0.06213861467689828,0.7840000000000003,0.1633942060679583
2326,0.786,-0.06448847592495102,0.786,0.16107432515107933
2327,0.7879999999999998,-0.06681424991713951,0.7879999999999998,0.15878145665841775
2328,0.7899999999999996,-0.06911601368279821,0.7899999999999996,0.15651532087840014
2329,0.7920000000000003,-0.07139384315517597,0.7920000000000003,0.15427564174121128
2330,0.794,-0.07364781317143226,0.794,0.15206214681879787
2331,0.7959999999999998,-0.07587799747264282,0.7959999999999998,0.14987456732486276
2332,0.7979999999999996,-0.07808446870379601,0.7979999999999996,0.14771263811486873
2333,0.8000000000000003,-0.08026729841379457,0.8000000000000003,0.14557609768603683
2334,0.802,-0.08242655705545177,0.802,0.14346468817734992
2335,0.8039999999999998,-0.0845623139854973,0.8039999999999998,0.141378155369547
2336,0.8059999999999996,-0.08667466184545958,0.8059999999999996,0.13931624868512715
2337,0.8080000000000003,-0.08876414836233135,0.8080000000000003,0.1372787211883476
2338,0.81,-0.09083113639812837,0.81,0.13526532958522736
2339,0.8119999999999998,-0.09287583577105693,0.8119999999999998,0.13327583422354164
2340,0.8139999999999996,-0.09489845418419386,0.8139999999999996,0.13130999909282579
2341,0.8160000000000003,-0.0968991972254884,0.8160000000000003,0.12936759182437324
2342,0.8180000000000001,-0.09887826836775866,0.8180000000000001,0.12744838369123904
2343,0.8199999999999998,-0.10083586896869695,0.8199999999999998,0.1255521496082348
2344,0.8219999999999996,-0.10277219827086624,0.8219999999999996,0.12367866813193192
2345,0.8240000000000003,-0.1046874534017018,0.8240000000000003,0.12182772146066016
2346,0.8260000000000001,-0.10658182937350795,0.8260000000000001,0.1199990954345107
2347,0.8279999999999998,-0.10845551908346304,0.8279999999999998,0.11819257953533135
2348,0.8299999999999996,-0.11030871331361615,0.8299999999999996,0.11640796688672977
2349,0.8320000000000003,-0.11214160073088862,0.8320000000000003,0.1146450542540719
2350,0.8340000000000001,-0.11395436788707093,0.8340000000000001,0.11290364204448507
2351,0.8359999999999999,-0.11574719921882753,0.8359999999999999,0.11118353430685332
2352,0.8379999999999996,-0.11752027704769355,0.8379999999999996,0.10948453873182051
2353,0.8400000000000003,-0.11927378158007645,0.8400000000000003,0.10780646665178883
2354,0.8420000000000001,-0.12100789090725285,0.8420000000000001,0.10614913304092173
2355,0.8439999999999999,-0.12272278100537326,0.8439999999999999,0.1045123565151395
2356,0.8459999999999996,-0.12441862573545895,0.8459999999999996,0.1028959593321222
2357,0.8480000000000003,-0.1260955968434034,0.8480000000000003,0.10129976739130822
2358,0.8500000000000001,-0.12775386395996943,0.8500000000000001,0.09972361023389723
2359,0.8519999999999999,-0.12939359460079364,0.8519999999999999,0.09816732104284567
2360,0.8539999999999996,-0.13101495416638334,0.8539999999999996,0.09663073664286985
2361,0.8560000000000003,-0.1326181059421181,0.8560000000000003,0.09511369750044443
2362,0.8580000000000001,-0.13420321109824696,0.8580000000000001,0.09361604772380508
2363,0.8599999999999999,-0.13577042868989253,0.8599999999999999,0.0921376350629446
2364,0.8619999999999997,-0.1373199156570482,0.8619999999999997,0.09067831090961546
2365,0.8640000000000003,-0.13885182682457975,0.8640000000000003,0.08923793029732853
2366,0.8660000000000001,-0.1403663149022222,0.8660000000000001,0.08781632735554523
2367,0.8679999999999999,-0.14186353048458433,0.8679999999999999,0.08641295470511581
2368,0.8699999999999997,-0.14334362205114567,0.8699999999999997,0.08502746808168954
2369,0.8720000000000003,-0.14480673596625795,0.8720000000000003,0.08365965174070907
2370,0.8740000000000001,-0.14625301647914246,0.8740000000000001,0.08230929212826399
2371,0.8759999999999999,-0.14768260572389405,0.8759999999999999,0.08097617788108724
2372,0.8779999999999997,-0.14909564371947825,0.8779999999999997,0.07966009982655747
2373,0.8800000000000003,-0.15049226836973298,0.8800000000000003,0.07836085098269792
2374,0.8820000000000001,-0.15187261546336564,0.8820000000000001,0.07707822655817866
2375,0.8839999999999999,-0.1532368186739571,0.8839999999999999,0.07581202395231318
2376,0.8859999999999997,-0.1545850095599591,0.8859999999999997,0.07456204275506069
2377,0.8880000000000003,-0.1559173175646955,0.8880000000000003,0.07332808474702499
2378,0.8900000000000001,-0.15723387001636002,0.8900000000000001,0.07210995389945662
2379,0.8919999999999999,-0.15853479212801946,0.8919999999999999,0.07090745637424968
2380,0.8939999999999997,-0.15982020699761176,0.8939999999999997,0.0697204005239439
2381,0.8960000000000004,-0.16109023560794683,0.8960000000000004,0.06854859689172363
2382,0.8980000000000001,-0.16234499682670445,0.8980000000000001,0.06739185821141995
2383,0.8999999999999999,-0.16358460740643765,0.8999999999999999,0.06624999940750746
2384,0.9019999999999997,-0.1648091819845704,0.9019999999999997,0.06512283759510647
2385,0.9040000000000004,-0.16601883308339865,0.9040000000000004,0.06401019207998189
2386,0.9060000000000001,-0.16721367111008842,0.9060000000000001,0.06291188435854528
2387,0.9079999999999999,-0.16839380435667872,0.9079999999999999,0.06182773811785183
2388,0.9099999999999997,-0.16955933900007963,0.9099999999999997,0.06075757923560236
2389,0.9120000000000004,-0.1707104064886611,0.9120000000000004,0.059701235780142387
2390,0.9140000000000001,-0.17184723003371877,0.9140000000000001,0.05865853801046392
2391,0.9159999999999999,-0.17296998903285468,0.9159999999999999,0.05762931837620275
2392,0.9179999999999997,-0.1740788558947788,0.9179999999999997,0.05661341151764021
2393,0.9200000000000004,-0.17517400107506634,0.9200000000000004,0.05561065426570239
2394,0.9220000000000002,-0.17625559307615565,0.9220000000000002,0.054620885641961804
2395,0.9239999999999999,-0.17732379844735133,0.9239999999999999,0.05364394685863479
2396,0.9259999999999997,-0.17837878178482203,0.9259999999999997,0.05267968131858324
2397,0.9280000000000004,-0.1794207057316017,0.9280000000000004,0.051727934615313796
2398,0.9300000000000002,-0.1804497309775875,0.9300000000000002,0.05078855453297947
2399,0.9319999999999999,-0.1814660162595427,0.9319999999999999,0.04986139104637717
2400,0.9339999999999997,-0.18246971836109474,0.9339999999999997,0.048946296320949316
2401,0.9360000000000004,-0.18346099211273625,0.9360000000000004,0.04804312471278312
2402,0.9380000000000002,-0.18443999039182316,0.9380000000000002,0.047151732768612106
2403,0.94,-0.18540686412257745,0.94,0.04627197922581371
2404,0.9419999999999997,-0.18636176227608536,0.9419999999999997,0.045403725012410946
2405,0.9440000000000004,-0.18730483187029817,0.9440000000000004,0.04454683324707154
2406,0.9460000000000002,-0.18823621797003065,0.9460000000000002,0.0437011692391095
2407,0.948,-0.18915606368696347,0.948,0.0428666004884829
2408,0.9499999999999997,-0.19006451017964157,0.9499999999999997,0.04204299668579522
2409,0.9520000000000004,-0.19096169665347498,0.9520000000000004,0.041230229712294786
2410,0.9540000000000002,-0.19184776036073725,0.9540000000000002,0.04042817363987613
2411,0.956,-0.19272283660056774,0.956,0.03963670473107781
2412,0.9579999999999997,-0.1935870587189702,0.9579999999999997,0.03885570143908391
2413,0.9600000000000004,-0.1944405581088133,0.9600000000000004,0.038085044407723305
2414,0.9620000000000002,-0.1952834642098294,0.9620000000000002,0.037324616471471
2415,0.964,-0.19611590450861657,0.964,0.03657430265544615
2416,0.9659999999999997,-0.1969380045386373,0.9659999999999997,0.035833990175413395
2417,0.9680000000000004,-0.197749887880219,0.9680000000000004,0.035103568437782104
2418,0.9700000000000002,-0.19855167616055275,0.9700000000000002,0.034382929039607865
2419,0.972,-0.1993434890536954,0.972,0.03367196576859032
2420,0.9739999999999998,-0.2001254442805681,0.9739999999999998,0.032970574603074676
2421,0.9760000000000004,-0.2008976576089571,0.9760000000000004,0.032278653712050874
2422,0.9780000000000002,-0.20166024285351214,0.9780000000000002,0.03159610345515499
2423,0.98,-0.20241331187574885,0.98,0.030922826382667253
2424,0.9819999999999998,-0.2031569745840471,0.9819999999999998,0.03025872723551338
2425,0.9840000000000004,-0.20389133893365186,0.9840000000000004,0.029603712945263885
2426,0.9860000000000002,-0.20461651092667166,0.9860000000000002,0.02895769263413535
2427,0.988,-0.2053325946120808,0.988,0.028320577614988567
2428,0.9899999999999998,-0.20603969208571796,0.9899999999999998,0.027692281391329752
2429,0.9920000000000004,-0.20673790349028673,0.9920000000000004,0.02707271965731007
2430,0.9940000000000002,-0.20742732701535452,0.9940000000000002,0.026461810297726512
2431,0.996,-0.20810805889735431,0.996,0.02585947338802047
2432,0.9979999999999998,-0.20878019341958348,0.9979999999999998,0.02526563119427873
2433,0.9999999999999996,-0.20944382291220412,0.9999999999999996,0.02468010891982843
2434,1.0020000000000002,-0.2100990377522432,1.0020000000000002,0.0241025121440389
2435,1.004,-0.21074592636359163,1.004,0.02353272382022329
2436,1.0059999999999998,-0.2113845752170058,1.0059999999999998,0.0229706496982807
2437,1.0079999999999996,-0.21201506883010646,1.0079999999999996,0.022416196311821318
2438,1.0100000000000002,-0.2126374897673794,1.0100000000000002,0.02186927097816595
2439,1.012,-0.21325191864017423,1.012,0.021329781798346967
2440,1.0139999999999998,-0.21385843410670607,1.0139999999999998,0.02079763765710687
2441,1.0159999999999996,-0.2144571128720545,1.0159999999999996,0.020272748222899244
2442,1.0180000000000002,-0.21504802968816392,1.0180000000000002,0.019755023947888292
2443,1.02,-0.21563125735384275,1.02,0.01924437606794976
2444,1.0219999999999998,-0.21620686671476488,1.0219999999999998,0.01874071660266955
2445,1.0239999999999996,-0.21677492666346848,1.0239999999999996,0.01824395835534464
2446,1.0260000000000002,-0.21733550413935687,1.0260000000000002,0.017754014912982636
2447,1.028,-0.2178886641286971,1.028,0.017270800646302653
2448,1.0299999999999998,-0.2184344696646218,1.0299999999999998,0.016794230709733998
2449,1.0319999999999996,-0.21897298182712793,1.0319999999999996,0.01632422104141704
2450,1.0340000000000003,-0.21950425974307747,1.0340000000000003,0.015860688363202792
2451,1.036,-0.2200283605861963,1.036,0.015403550180653739
2452,1.0379999999999998,-0.22054533957707573,1.0379999999999998,0.014952724783042583
2453,1.0399999999999996,-0.2210552499831715,1.0399999999999996,0.014508131243353092
2454,1.0420000000000003,-0.22155814311880423,1.0420000000000003,0.014069689418279688
2455,1.044,-0.22205406834515862,1.044,0.013637319948228211
2456,1.0459999999999998,-0.22254307307028473,1.0459999999999998,0.013210944257314783
2457,1.0479999999999996,-0.22302520274909698,1.0479999999999996,0.012790484553366555
2458,1.0500000000000003,-0.2235005008833748,1.0500000000000003,0.01237586382792135
2459,1.052,-0.22396900902176156,1.052,0.011967005856228386
2460,1.0539999999999998,-0.22443084509721384,1.0539999999999998,0.01156383519724718
2461,1.0559999999999996,-0.22488646928811057,1.0559999999999996,0.01116627719364828
2462,1.0580000000000003,-0.22533601396043387,1.0580000000000003,0.01077425797181291
2463,1.06,-0.22577955381451464,1.06,0.010387704441833666
2464,1.0619999999999998,-0.2262171628787437,1.0619999999999998,0.010006544297513463
2465,1.0639999999999996,-0.22664891450957086,1.0639999999999996,0.00963070601636624
2466,1.0660000000000003,-0.22707488139150553,1.0660000000000003,0.009260118859616622
2467,1.068,-0.22749513553711573,1.068,0.008894712872200582
2468,1.0699999999999998,-0.2279097482870293,1.0699999999999998,0.00853441888276443
2469,1.0719999999999996,-0.22831879030993335,1.0719999999999996,0.008179168503665506
2470,1.0740000000000003,-0.2287223316025742,1.0740000000000003,0.007828894130971834
2471,1.076,-0.22912044148975716,1.076,0.007483528944462751
2472,1.0779999999999998,-0.22951318862434714,1.0779999999999998,0.0071430069076279905
2473,1.0799999999999996,-0.22990064098726828,1.0799999999999996,0.00680726276766826
2474,1.0820000000000003,-0.23028286588750413,1.0820000000000003,0.006476232055495003
2475,1.084,-0.23065992996209703,1.084,0.006149851085730924
2476,1.0859999999999999,-0.23103189917614908,1.0859999999999999,0.005828056956709144
2477,1.0879999999999996,-0.2313988388228215,1.0879999999999996,0.005510787550473795
2478,1.0900000000000003,-0.231760813523335,1.0900000000000003,0.005197981532779686
2479,1.092,-0.23211788722696897,1.092,0.004889578353092925
2480,1.0939999999999999,-0.2324701232110627,1.0939999999999999,0.004585518244590029
2481,1.0959999999999996,-0.2328175840810145,1.0959999999999996,0.004285742224158506
2482,1.0980000000000003,-0.23316033177028214,1.0980000000000003,0.003990192092396573
2483,1.1,-0.23349842754038225,1.1,0.003698810433613718
2484,1.1019999999999999,-0.23383193198089114,1.1019999999999999,0.003411540615829857
2485,1.1039999999999996,-0.23416090500944425,1.1039999999999996,0.003128326790775883
2486,1.1060000000000003,-0.2344854058717365,1.1060000000000003,0.0028491138938934388
2487,1.108,-0.23480549314152163,1.108,0.00257384764433536
2488,1.1099999999999999,-0.23512122472061303,1.1099999999999999,0.002302474544964968
2489,1.1119999999999997,-0.23543265783888334,1.1119999999999997,0.0020349418823565543
2490,1.1140000000000003,-0.23573984905426454,1.1140000000000003,0.0017711977267951644
2491,1.116,-0.23604285425274749,1.116,0.0015111909322770012
2492,1.1179999999999999,-0.2363417286483827,1.1179999999999999,0.001254871136508802
2493,1.1199999999999997,-0.23663652678327995,1.1199999999999997,0.0010021887609082403
2494,1.1220000000000003,-0.2369273025276083,1.1220000000000003,0.0007530950106037528
2495,1.124,-0.23721410907959575,1.124,0.000507541874434924
2496,1.126,-0.23749699896552998,1.126,0.00026548212495190737
2497,1.1279999999999997,-0.23777602403975778,1.1279999999999997,2.686931841575091e-05
2498,1.1300000000000003,-0.2380512354846854,1.1300000000000003,-0.0002083422052017031
2499,1.1320000000000001,-0.23832268381077795,1.1320000000000001,-0.0004401973222174817
2500,1.134,-0.23859041885656024,1.134,-0.0006687401252380674
2501,1.1359999999999997,-0.23885448978861615,1.1359999999999997,-0.0008940139231589685
2502,1.1380000000000003,-0.23911494510158907,1.1380000000000003,-0.0011160612411649819
2503,1.1400000000000001,-0.2393718326181812,1.1400000000000001,-0.0013349238207297429
2504,1.142,-0.23962519948915448,1.142,-0.0015506426196163423
2505,1.1439999999999997,-0.23987509219332995,1.1439999999999997,-0.001763257811876879
2506,1.1460000000000004,-0.24012155653758804,1.1460000000000004,-0.001972808787852779
2507,1.1480000000000001,-0.24036463765686816,1.1480000000000001,-0.0021793341541742686
2508,1.15,-0.24060438001416928,1.15,-0.0023828717337610467
2509,1.1519999999999997,-0.24084082740054963,1.1519999999999997,-0.002583458565821848
2510,1.1540000000000004,-0.2410740229351267,1.1540000000000004,-0.0027811309058546584
2511,1.1560000000000001,-0.24130400906507704,1.1560000000000001,-0.0029759242256463467
2512,1.158,-0.24153082756563676,1.158,-0.0031679089183577033
2513,1.1599999999999997,-0.2417545195401012,1.1599999999999997,-0.0033572280865777184
2514,1.1620000000000004,-0.24197512541982494,1.1620000000000004,-0.003543919197518561
2515,1.1640000000000001,-0.2421926849642217,1.1640000000000001,-0.003728011521139584
2516,1.166,-0.24240723726076466,1.166,-0.003909534166004203
2517,1.1679999999999997,-0.24261882072498625,1.1679999999999997,-0.004088516079279562
2518,1.1700000000000004,-0.24282747310047825,1.1700000000000004,-0.004264986046736696
2519,1.1720000000000002,-0.24303323145889147,1.1720000000000002,-0.004438972692750222
2520,1.174,-0.2432361321999362,1.174,-0.004610504480298801
2521,1.1759999999999997,-0.243436211051382,1.1759999999999997,-0.004779609710964831
2522,1.1780000000000004,-0.24363350306905773,1.1780000000000004,-0.004946316524934594
2523,1.1800000000000002,-0.24382804263685134,1.1800000000000002,-0.0051106529009979675
2524,1.182,-0.24401986346671029,1.182,-0.005272646656548859
2525,1.1839999999999997,-0.24420899859864115,1.1839999999999997,-0.0054323254475849205
2526,1.1860000000000004,-0.24439548040071002,1.1860000000000004,-0.005589716768707682
2527,1.1880000000000002,-0.24457934056904188,1.1880000000000002,-0.005744847953122282
2528,1.19,-0.2447606101278213,1.19,-0.005897746172637875
2529,1.1919999999999997,-0.24493931942929206,1.1919999999999997,-0.006048438437667366
2530,1.1940000000000004,-0.2451154981537573,1.1940000000000004,-0.006196951597227531
2531,1.1960000000000002,-0.24528917530957914,1.1960000000000002,-0.00634331233893877
2532,1.198,-0.2454603792331793,1.198,-0.006487547189025488
2533,1.1999999999999997,-0.24562913758903862,1.1999999999999997,-0.006629682512315839
2534,1.2020000000000004,-0.24579547736969737,1.2020000000000004,-0.006769744512241848
2535,1.2040000000000002,-0.24595942489575484,1.2040000000000002,-0.006907759230839175
2536,1.206,-0.24612100581586982,1.206,-0.007043752548747475
2537,1.2079999999999997,-0.2462802451067603,1.2079999999999997,-0.007177750185210151
2538,1.2100000000000004,-0.24643716707320362,1.2100000000000004,-0.007309777698074482
2539,1.2120000000000002,-0.24659179534803624,1.2120000000000002,-0.0074398604837913815
2540,1.214,-0.24674415289215404,1.214,-0.007568023777415753
2541,1.2159999999999997,-0.24689426199451212,1.2159999999999997,-0.007694292652606258
2542,1.2180000000000004,-0.24704214427212498,1.2180000000000004,-0.007818692021625419
2543,1.2200000000000002,-0.24718782067006617,1.2200000000000002,-0.007941246635339409
2544,1.222,-0.24733131146146867,1.222,-0.008061981083218383
2545,1.2239999999999998,-0.24747263624752475,1.2239999999999998,-0.008180919793336253
2546,1.2260000000000004,-0.24761186788414083,1.2260000000000004,-0.008298087032370786
2547,1.2280000000000002,-0.24774924882453297,1.2280000000000002,-0.008413506905603423
2548,1.23,-0.24788482044436047,1.23,-0.00852720335691956
2549,1.2319999999999998,-0.2480185992916022,1.2319999999999998,-0.008639200168808363
2550,1.2340000000000004,-0.24815060186963975,1.2340000000000004,-0.008749520962362853
2551,1.2360000000000002,-0.2482808446372573,1.2360000000000002,-0.008858189197279723
2552,1.238,-0.24840934400864192,1.238,-0.008965228171859622
2553,1.2399999999999998,-0.24853611635338338,1.2399999999999998,-0.009070661023006965
2554,1.2420000000000004,-0.2486611779964741,1.2420000000000004,-0.009174510726230024
2555,1.2440000000000002,-0.24878454521830917,1.2440000000000002,-0.009276800095640752
2556,1.246,-0.2489062342546865,1.246,-0.009377551783955045
2557,1.2479999999999998,-0.24902626129680672,1.2479999999999998,-0.009476788282492571
2558,1.2500000000000004,-0.2491446424912731,1.2500000000000004,-0.009574531921176847
2559,1.2520000000000002,-0.24926139394009164,1.2520000000000002,-0.00967080486853509
2560,1.254,-0.2493765317006711,1.254,-0.009765629131698443
2561,1.2559999999999998,-0.2494900717858229,1.2559999999999998,-0.009859026556401826
2562,1.2579999999999996,-0.24960203016376123,1.2579999999999996,-0.009951018826983968
2563,1.2600000000000002,-0.24971242275810304,1.2600000000000002,-0.01004162746638746
2564,1.262,-0.2498212654478678,1.262,-0.010130873836158575
2565,1.2639999999999998,-0.24992857406747793,1.2639999999999998,-0.010218779136447526
2566,1.2659999999999996,-0.2500343644067584,1.2659999999999996,-0.010305364406008297
2567,1.2680000000000002,-0.250138652210937,1.2680000000000002,-0.01039065052219872
2568,1.27,-0.25024145318064417,1.27,-0.010474658200980338
2569,1.2719999999999998,-0.2503427829719131,1.2719999999999998,-0.010557407996918601
2570,1.2739999999999996,-0.2504426571961797,1.2739999999999996,-0.010638920303182751
2571,1.2760000000000002,-0.2505410914202826,1.2760000000000002,-0.010719215351545873
2572,1.278,-0.250638101166463,1.278,-0.01079831321238476
2573,1.2799999999999998,-0.2507337019123651,1.2799999999999998,-0.01087623379468012
2574,1.2819999999999996,-0.2508279090910356,1.2819999999999996,-0.01095299684601644
2575,1.2840000000000003,-0.25092073809092397,1.2840000000000003,-0.011028621952582064
2576,1.286,-0.2510122042558824,1.286,-0.011103128539169022
2577,1.2879999999999998,-0.2511023228851658,1.2879999999999998,-0.011176535869173297
2578,1.2899999999999996,-0.25119110923343185,1.2899999999999996,-0.01124886304459461
2579,1.2920000000000003,-0.2512785785107408,1.2920000000000003,-0.01132012900603656
2580,1.294,-0.2513647458825558,1.294,-0.011390352532706443
2581,1.2959999999999998,-0.25144962646974256,1.2959999999999998,-0.011459552242415473
2582,1.2979999999999996,-0.25153323534856953,1.2979999999999996,-0.011527746591578644
2583,1.3000000000000003,-0.25161558755070806,1.3000000000000003,-0.011594953875214788
2584,1.302,-0.2516966980632319,1.302,-0.011661192226946468
2585,1.3039999999999998,-0.25177658182861784,1.3039999999999998,-0.011726479619000143
2586,1.3059999999999996,-0.2518552537447451,1.3059999999999996,-0.01179083386220606
2587,1.3080000000000003,-0.25193272866489586,1.3080000000000003,-0.011854272605998308
2588,1.31,-0.25200902139775483,1.31,-0.011916813338414694
2589,1.3119999999999998,-0.25208414670740953,1.3119999999999998,-0.011978473386096939
2590,1.3139999999999996,-0.25215811931335025,1.3139999999999996,-0.012039269914290534
2591,1.3160000000000003,-0.2522309538904698,1.3160000000000003,-0.012099219926844818
2592,1.318,-0.2523026650690639,1.318,-0.012158340266212861
2593,1.3199999999999998,-0.2523732674348309,1.3199999999999998,-0.012216647613451625
2594,1.3219999999999996,-0.25244277552887195,1.3219999999999996,-0.012274158006859775
2595,1.3240000000000003,-0.25251120384769077,1.3240000000000003,-0.012330862832849105
2596,1.326,-0.25257856684319385,1.326,-0.0123867590715559
2597,1.3279999999999998,-0.25264487892269044,1.3279999999999998,-0.012441855712826006
2598,1.3299999999999996,-0.25271015444889255,1.3299999999999996,-0.012496161705887564
2599,1.3320000000000003,-0.25277440773991483,1.3320000000000003,-0.012549685959351065
2600,1.334,-0.2528376530692746,1.334,-0.01260243734120925
2601,1.3359999999999999,-0.25289990466589196,1.3359999999999999,-0.012654424678837248
2602,1.3379999999999996,-0.2529611767140898,1.3379999999999996,-0.012705656758992497
2603,1.3400000000000003,-0.2530214833535936,1.3400000000000003,-0.01275614232781477
2604,1.342,-0.2530808386795315,1.342,-0.012805890090826099
2605,1.3439999999999999,-0.2531392567424346,1.3439999999999999,-0.012854908712930907
2606,1.3459999999999996,-0.25319675154823656,1.3459999999999996,-0.012903206818415914
2607,1.3480000000000003,-0.25325333705827374,1.3480000000000003,-0.012950792990950184
2608,1.35,-0.2533090271892852,1.35,-0.012997675773585043
2609,1.3519999999999999,-0.2533638358134128,1.3519999999999999,-0.013043863668754199
2610,1.3539999999999996,-0.25341777675820115,1.3539999999999996,-0.013089365138273662
2611,1.3560000000000003,-0.2534708638065974,1.3560000000000003,-0.013134188603341783
2612,1.358,-0.2535231106969516,1.358,-0.01317834244453918
2613,1.3599999999999999,-0.25357453112301637,1.3599999999999999,-0.013221835001828849
2614,1.3619999999999997,-0.25362513873394715,1.3619999999999997,-0.013264674574556089
2615,1.3640000000000003,-0.25367494713430205,1.3640000000000003,-0.013306869421448542
2616,1.366,-0.25372396988404194,1.366,-0.013348427760616111
2617,1.3679999999999999,-0.2537722204985303,1.3679999999999999,-0.013389357769551087
2618,1.3699999999999997,-0.25381971244853346,1.3699999999999997,-0.013429667585128053
2619,1.3720000000000003,-0.25386645916022044,1.3720000000000003,-0.01346936530360394
2620,1.374,-0.2539124740151628,1.374,-0.013508458980617945
2621,1.376,-0.25395777035033507,1.376,-0.013546956631191641
2622,1.3779999999999997,-0.2540023614581144,1.3779999999999997,-0.013584866229728907
2623,1.3800000000000003,-0.25404626058628055,1.3800000000000003,-0.01362219571001596
2624,1.3820000000000001,-0.2540894809380161,1.3820000000000001,-0.013658952965221287
2625,1.384,-0.25413203567190634,1.384,-0.013695145847895749
2626,1.3859999999999997,-0.2541739379019393,1.3859999999999997,-0.013730782169972516
2627,1.3880000000000003,-0.25421520069750575,1.3880000000000003,-0.013765869702767091
2628,1.3900000000000001,-0.25425583708339894,1.3900000000000001,-0.013800416176977252
2629,1.392,-0.2542958600398152,1.392,-0.013834429282683152
2630,1.3939999999999997,-0.2543352825023532,1.3939999999999997,-0.013867916669347245
2631,1.3960000000000004,-0.2543741173620147,1.3960000000000004,-0.013900885945814324
2632,1.3980000000000001,-0.25441237746520395,1.3980000000000001,-0.01393334468031146
2633,1.4,-0.25445007561372784,1.4,-0.013965300400448091
2634,1.4019999999999997,-0.2544872245647962,1.4019999999999997,-0.013996760593215963
2635,1.4040000000000004,-0.2545238370310215,1.4040000000000004,-0.014027732704989155
2636,1.4060000000000001,-0.2545599256804188,1.4060000000000001,-0.014058224141524031
2637,1.408,-0.25459550313640605,1.408,-0.014088242267959315
2638,1.4099999999999997,-0.25463058197780375,1.4099999999999997,-0.014117794408816043
2639,1.4120000000000004,-0.2546651747388353,1.4120000000000004,-0.014146887847997584
2640,1.4140000000000001,-0.2546992939091267,1.4140000000000001,-0.01417552982878959
2641,1.416,-0.2547329519337067,1.416,-0.014203727553860075
2642,1.4179999999999997,-0.25476616121300666,1.4179999999999997,-0.014231488185259364
2643,1.4200000000000004,-0.25479893410286086,1.4200000000000004,-0.014258818844420115
2644,1.4220000000000002,-0.25483128291450613,1.4220000000000002,-0.014285726612157268
2645,1.424,-0.2548632199145821,1.424,-0.014312218528668128
2646,1.4259999999999997,-0.25489475732513106,1.4259999999999997,-0.014338301593532308
2647,1.4280000000000004,-0.25492590732359804,1.4280000000000004,-0.014363982765711754
2648,1.4300000000000002,-0.25495668204283084,1.4300000000000002,-0.014389268963550698
2649,1.432,-0.25498709357107985,1.432,-0.014414167064775732
2650,1.4339999999999997,-0.2550171539519983,1.4339999999999997,-0.014438683906495761
2651,1.4360000000000004,-0.2550468751846421,1.4360000000000004,-0.014462826285202013
2652,1.4380000000000002,-0.2550762692234698,1.4380000000000002,-0.014486600956768018
2653,1.44,-0.2551053563256629,1.44,-0.014510014636449653
2654,1.4419999999999997,-0.2551341524846658,1.4419999999999997,-0.014533073998885109
2655,1.4440000000000004,-0.2551626564625143,1.4440000000000004,-0.014555785678094908
2656,1.4460000000000002,-0.25519086696709375,1.4460000000000002,-0.014578156267481868
2657,1.448,-0.25521878277456117,1.448,-0.014600192319831156
2658,1.4499999999999997,-0.25524640272934523,1.4499999999999997,-0.014621900347310248
2659,1.4520000000000004,-0.25527372574414625,1.4520000000000004,-0.01464328682146896
2660,1.4540000000000002,-0.2553007507999362,1.4540000000000002,-0.014664358173239396
2661,1.456,-0.2553274769459587,1.456,-0.014685120792936011
2662,1.4579999999999997,-0.255353903299729,1.4579999999999997,-0.014705581030255576
2663,1.4600000000000004,-0.2553800290470342,1.4600000000000004,-0.01472574519427719
2664,1.4620000000000002,-0.2554058534419328,1.4620000000000002,-0.01474561955346225
2665,1.464,-0.255431375806755,1.464,-0.014765210335654498
2666,1.4659999999999997,-0.25545659553210287,1.4659999999999997,-0.014784523728079995
2667,1.4680000000000004,-0.25548151207684994,1.4680000000000004,-0.014803565877347127
2668,1.4700000000000002,-0.25550612496814146,1.4700000000000002,-0.014822342889446581
2669,1.472,-0.25553043380139434,1.472,-0.014840860829751393
2670,1.4739999999999998,-0.25555443824029705,1.4739999999999998,-0.014859125723016908
2671,1.4760000000000004,-0.25557813801681,1.4760000000000004,-0.014877143412028048
2672,1.4780000000000002,-0.2556015329311649,1.4780000000000002,-0.014894917099665997
2673,1.48,-0.2556246228518653,1.48,-0.014912448519153335
2674,1.4819999999999998,-0.2556474077156865,1.4819999999999998,-0.014929739528888254
2675,1.4840000000000004,-0.2556698875276753,1.4840000000000004,-0.014946791995421125
2676,1.4860000000000002,-0.25569206236115016,1.4860000000000002,-0.01496360779345447
2677,1.488,-0.2557139323577013,1.488,-0.014980188805843012
2678,1.4899999999999998,-0.25573549772719056,1.4899999999999998,-0.01499653692359363
2679,1.4920000000000004,-0.2557567587477514,1.4920000000000004,-0.015012654045865392
2680,1.4940000000000002,-0.25577771576578895,1.4940000000000002,-0.01502854207996951
2681,1.496,-0.25579836919598004,1.496,-0.015044202941369399
2682,1.4979999999999998,-0.25581871952127316,1.4979999999999998,-0.015059638553680631
2683,1.5000000000000004,-0.25583876729288835,1.5000000000000004,-0.015074850848670964
2684,1.5020000000000002,-0.2558585131303175,1.5020000000000002,-0.015089841766260307
2685,1.504,-0.25587795772132393,1.504,-0.015104613254520761
2686,1.5059999999999998,-0.2558971018219428,1.5059999999999998,-0.015119167269676595
2687,1.5080000000000005,-0.25591594625648084,1.5080000000000005,-0.015133505776104256
2688,1.5100000000000002,-0.2559344919175165,1.5100000000000002,-0.015147630746332347
2689,1.512,-0.25595273976589983,1.512,-0.01516154416104166
2690,1.5139999999999998,-0.2559706908307525,1.5139999999999998,-0.015175248009065157
2691,1.5159999999999996,-0.25598834620946803,1.5159999999999996,-0.01518874428738797
2692,1.5180000000000002,-0.25600570706771136,1.5180000000000002,-0.015202035001147415
2693,1.52,-0.25602277463941925,1.52,-0.015215122163632954
2694,1.5219999999999998,-0.2560395502268,1.5219999999999998,-0.01522800779628625
2695,1.5239999999999996,-0.25605603520033365,1.5239999999999996,-0.01524069392870113
2696,1.5260000000000002,-0.2560722309987719,1.5260000000000002,-0.015253182598623592
2697,1.528,-0.25608813912913814,1.528,-0.015265475851951801
2698,1.5299999999999998,-0.2561037611667273,1.5299999999999998,-0.015277575742736109
2699,1.5319999999999996,-0.25611909875510597,1.5319999999999996,-0.01528948433317903
2700,1.5340000000000003,-0.2561341536061126,1.5340000000000003,-0.015301203693635261
2701,1.536,-0.25614892749985707,1.536,-0.015312735902611656
2702,1.5379999999999998,-0.25616342228472105,1.5379999999999998,-0.015324083046767259
2703,1.5399999999999996,-0.2561776398773578,1.5399999999999996,-0.015335247220913275
2704,1.5420000000000003,-0.2561915822626923,1.5420000000000003,-0.015346230528013097
2705,1.544,-0.25620525149392115,1.544,-0.01535703507918227
2706,1.5459999999999998,-0.25621864969251257,1.5459999999999998,-0.015367662993688526
2707,1.5479999999999996,-0.25623177904820654,1.5479999999999996,-0.015378116398951768
2708,1.5500000000000003,-0.25624464181901463,1.5500000000000003,-0.015388397430544078
2709,1.552,-0.25625724033122,1.552,-0.015398508232189691
2710,1.5539999999999998,-0.25626957697937763,1.5539999999999998,-0.015408450955765035
2711,1.5559999999999996,-0.2562816542263141,1.5559999999999996,-0.015418227761298706
2712,1.5580000000000003,-0.2562934746031275,1.5580000000000003,-0.015427840816971471
2713,1.56,-0.25630504070918786,1.56,-0.015437292299116267
2714,1.5619999999999998,-0.2563163552121366,1.5619999999999998,-0.015446584392218209
2715,1.5639999999999996,-0.2563274208478869,1.5639999999999996,-0.015455719288914583
2716,1.5660000000000003,-0.2563382404206237,1.5660000000000003,-0.015464699189994852
2717,1.568,-0.2563488168028034,1.568,-0.015473526304400641
2718,1.5699999999999998,-0.25635915293515427,1.5699999999999998,-0.015482202849225763
2719,1.5719999999999996,-0.256369251826676,1.5719999999999996,-0.015490731049716192
2720,1.5740000000000003,-0.25637911655464024,1.5740000000000003,-0.015499113139270085
2721,1.576,-0.25638875026458996,1.576,-0.015507351359437758
2722,1.5779999999999998,-0.25639815617034006,1.5779999999999998,-0.015515447959921715
2723,1.5799999999999996,-0.256407337553977,1.5799999999999996,-0.015523405198576624
2724,1.5820000000000003,-0.25641629776585884,1.5820000000000003,-0.015531225341409334
2725,1.584,-0.2564250402246154,1.584,-0.015538910662578854
2726,1.5859999999999999,-0.25643356841714804,1.5859999999999999,-0.015546463444396377
2727,1.5879999999999996,-0.25644188589862993,1.5879999999999996,-0.015553885977325268
2728,1.5900000000000003,-0.2564499962925058,1.5900000000000003,-0.015561180559981062
2729,1.592,-0.256457903290492,1.592,-0.015568349499131467
2730,1.5939999999999999,-0.25646561065257667,1.5939999999999999,-0.015575395109696364
2731,1.5959999999999996,-0.2564731222070195,1.5959999999999996,-0.015582319714747809
2732,1.5980000000000003,-0.25648044185035185,1.5980000000000003,-0.015589125645510033
2733,1.6,-0.25648757354737683,1.6,-0.015595815241359431
2734,1.6019999999999999,-0.256494521331169,1.6019999999999999,-0.01560239084982458
2735,1.6039999999999996,-0.2565012893030749,1.6039999999999996,-0.015608854826586228
2736,1.6060000000000003,-0.25650788163271243,1.6060000000000003,-0.015615209535477298
2737,1.608,-0.25651430255797125,1.608,-0.015621457348482876
2738,1.6099999999999999,-0.25652055638501275,1.6099999999999999,-0.015627600645740234
2739,1.6119999999999997,-0.25652664748826987,1.6119999999999997,-0.015633641815538807
2740,1.6140000000000003,-0.25653258031044734,1.6140000000000003,-0.015639583254320216
2741,1.616,-0.25653835936252134,1.616,-0.015645427366678236
2742,1.6179999999999999,-0.25654398922373994,1.6179999999999999,-0.01565117656535883
2743,1.6199999999999997,-0.25654947454162275,1.6199999999999997,-0.015656833271260127
2744,1.6220000000000003,-0.256554820031961,1.6220000000000003,-0.015662399913432438
2745,1.624,-0.2565600304788177,1.624,-0.01566787892907823
2746,1.626,-0.2565651107345274,1.626,-0.015673272763552164
2747,1.6279999999999997,-0.25657006571969637,1.6279999999999997,-0.015678583870361057
2748,1.6300000000000003,-0.2565749004232025,1.6300000000000003,-0.015683814711163913
2749,1.6320000000000001,-0.25657961990219547,1.6320000000000001,-0.01568896775577189
2750,1.634,-0.25658422928209634,1.634,-0.015694045482148342
2751,1.6359999999999997,-0.25658873375659813,1.6359999999999997,-0.015699050376408778
2752,1.6380000000000003,-0.25659313858766536,1.6380000000000003,-0.01570398493282089
2753,1.6400000000000001,-0.2565974491055342,1.6400000000000001,-0.015708851653804534
2754,1.642,-0.2566016707087126,1.642,-0.015713653049931754
2755,1.6439999999999997,-0.25660580886398,1.6439999999999997,-0.015718391639926752
2756,1.6460000000000004,-0.2566098691063876,1.6460000000000004,-0.015723069950665913
2757,1.6480000000000001,-0.25661385703925826,1.6480000000000001,-0.015727690517177786
2758,1.65,-0.2566177783341865,1.65,-0.015732255882643098
2759,1.6519999999999997,-0.2566216387310384,1.6519999999999997,-0.015736768598394752
2760,1.6540000000000004,-0.25662544403795184,1.6540000000000004,-0.015741231223917823
2761,1.6560000000000001,-0.25662920013133633,1.6560000000000001,-0.015745646326849553
2762,1.658,-0.2566329129558729,1.658,-0.015750016482979363
2763,1.6599999999999997,-0.25663658852451443,1.6599999999999997,-0.015754344276248843
2764,1.6620000000000004,-0.25664023291848537,1.6620000000000004,-0.01575863229875176
2765,1.6640000000000001,-0.25664385228728176,1.6640000000000001,-0.015762883150734056
2766,1.666,-0.25664745284867135,1.666,-0.015767098116147897
2767,1.6679999999999997,-0.25665104088869367,1.6679999999999997,-0.015771267089432522
2768,1.6700000000000004,-0.2566546227616598,1.6700000000000004,-0.015775387380645222
2769,1.6720000000000002,-0.25665820489015234,1.6720000000000002,-0.015779458959777243
2770,1.674,-0.25666179376502585,1.674,-0.015783481806507366
2771,1.6759999999999997,-0.2566653959454063,1.6759999999999997,-0.015787455910201892
2772,1.6780000000000004,-0.2566690180586914,1.6780000000000004,-0.01579138126991466
2773,1.6800000000000002,-0.2566726668005506,1.6800000000000002,-0.015795257894387023
2774,1.682,-0.25667634893492486,1.682,-0.015799085802047863
2775,1.6839999999999997,-0.2566800712940269,1.6839999999999997,-0.015802865021013596
2776,1.6860000000000004,-0.2566838407783411,1.6860000000000004,-0.01580659558908816
2777,1.6880000000000002,-0.25668766435662344,1.6880000000000002,-0.015810277553763016
2778,1.69,-0.2566915490659016,1.69,-0.015813910972217158
2779,1.6919999999999997,-0.25669550201147484,1.6919999999999997,-0.015817495911317103
2780,1.6940000000000004,-0.25669953036691423,1.6940000000000004,-0.015821032447616894
2781,1.6960000000000002,-0.2567036413740624,1.6960000000000002,-0.015824520667358098
2782,1.698,-0.25670784234303357,1.698,-0.01582796066646982
2783,1.6999999999999997,-0.2567121406522138,1.6999999999999997,-0.01583135255056868
2784,1.7020000000000004,-0.25671654374826064,1.7020000000000004,-0.01583469643495883
2785,1.7040000000000002,-0.2567210586503212,1.7040000000000002,-0.015837992444631944
2786,1.706,-0.25672567549465336,1.706,-0.01584124071426723
2787,1.7079999999999997,-0.25673038329592734,1.7079999999999997,-0.015844441388231417
2788,1.7100000000000004,-0.2567351762095486,1.7100000000000004,-0.015847594620578758
2789,1.7120000000000002,-0.25674004847360826,1.7120000000000002,-0.01585070057505104
2790,1.714,-0.2567449944088833,1.714,-0.015853759425077572
2791,1.7159999999999997,-0.2567500084188366,1.7159999999999997,-0.015856771353775192
2792,1.7180000000000004,-0.25675508498961686,1.7180000000000004,-0.015859736553948265
2793,1.7200000000000002,-0.2567602186900585,1.7200000000000002,-0.015862655228088676
2794,1.722,-0.256765404171682,1.722,-0.015865527588375842
2795,1.7239999999999998,-0.2567706361686934,1.7239999999999998,-0.01586835385667671
2796,1.7260000000000004,-0.25677590949798484,1.7260000000000004,-0.01587113426454575
2797,1.7280000000000002,-0.25678121905913415,1.7280000000000002,-0.01587386905322495
2798,1.73,-0.25678655983440507,1.73,-0.015876558473643842
2799,1.7319999999999998,-0.2567919268887471,1.7319999999999998,-0.01587920278641947
2800,1.7340000000000004,-0.2567973153697956,1.7340000000000004,-0.015881802261856412
2801,1.7360000000000002,-0.25680272050787184,1.7360000000000002,-0.01588435717994677
2802,1.738,-0.25680813761598287,1.738,-0.015886867830370174
2803,1.7399999999999998,-0.25681356208982153,1.7399999999999998,-0.01588933451249378
2804,1.7420000000000004,-0.2568189894077666,1.7420000000000004,-0.01589175753537227
2805,1.7440000000000002,-0.2568244151308826,1.7440000000000002,-0.015894137217747854
2806,1.746,-0.25682983490291994,1.746,-0.01589647388805026
2807,1.7479999999999998,-0.2568352444503149,1.7479999999999998,-0.015898767884396762
2808,1.7500000000000004,-0.25684063958218956,1.7500000000000004,-0.01590101955459214
2809,1.7520000000000002,-0.25684601619035174,1.7520000000000002,-0.015903229256128713
2810,1.754,-0.2568513702492953,1.754,-0.01590539735618632
2811,1.7559999999999998,-0.25685669781619974,1.7559999999999998,-0.015907524231632334
2812,1.7580000000000005,-0.2568619950309306,1.7580000000000005,-0.015909610269021646
2813,1.7600000000000002,-0.256867258116039,1.7600000000000002,-0.015911655864596683
2814,1.762,-0.25687248337676216,1.762,-0.015913661424287386
2815,1.7639999999999998,-0.25687766720102295,1.7639999999999998,-0.015915627363711233
2816,1.7659999999999996,-0.2568828060594302,1.7659999999999996,-0.015917554108173224
2817,1.7680000000000002,-0.25688789650527843,1.7680000000000002,-0.015919442092665895
2818,1.77,-0.2568929351745482,1.77,-0.01592129176186929
2819,1.7719999999999998,-0.25689791878590573,1.7719999999999998,-0.015923103570150993
2820,1.7739999999999996,-0.2569028441407032,1.7739999999999996,-0.015924877981566117
2821,1.7760000000000002,-0.2569077081229785,1.7760000000000002,-0.015926615469857294
2822,1.778,-0.25691250769945545,1.778,-0.01592831651845468
2823,1.7799999999999998,-0.2569172399195437,1.7799999999999998,-0.01592998162047597
2824,1.7819999999999996,-0.2569219019153387,1.7819999999999996,-0.01593161127872637
2825,1.7840000000000003,-0.25692649090162184,1.7840000000000003,-0.015933206005698627
2826,1.786,-0.2569310041758602,1.786,-0.015934766323573008
2827,1.7879999999999998,-0.25693543911820677,1.7879999999999998,-0.015936292764217305
2828,1.7899999999999996,-0.25693979319150034,1.7899999999999996,-0.015937785869186837
2829,1.7920000000000003,-0.2569440639412657,1.7920000000000003,-0.015939246189724456
2830,1.794,-0.25694824899571317,1.794,-0.015940674286760534
2831,1.7959999999999998,-0.25695234606573925,1.7959999999999998,-0.015942070730912965
2832,1.7979999999999996,-0.256956352944926,1.7979999999999996,-0.015943436102487184
2833,1.8000000000000003,-0.2569602675095415,1.8000000000000003,-0.015944770991476145
2834,1.802,-0.2569640877185395,1.802,-0.01594607599756032
2835,1.8039999999999998,-0.2569678116135598,1.8039999999999998,-0.015947351730107723
2836,1.8059999999999996,-0.25697143731892785,1.8059999999999996,-0.01594859880817388
2837,1.8080000000000003,-0.25697496304165507,1.8080000000000003,-0.01594981786050186
2838,1.81,-0.2569783870714386,1.81,-0.015951009525522242
2839,1.8119999999999998,-0.2569817077806615,1.8119999999999998,-0.015952174451353145
2840,1.8139999999999996,-0.25698492362439257,1.8139999999999996,-0.015953313295800204
2841,1.8160000000000003,-0.25698803314038665,1.8160000000000003,-0.015954426726356587
2842,1.818,-0.2569910349490842,1.818,-0.015955515420202983
2843,1.8199999999999998,-0.25699392775361163,1.8199999999999998,-0.01595658006420762
2844,1.8219999999999996,-0.2569967103397811,1.8219999999999996,-0.015957621354926236
2845,1.8240000000000003,-0.25699938157609076,1.8240000000000003,-0.015958639998602107
2846,1.826,-0.25700194041372443,1.826,-0.01595963671116603
2847,1.8279999999999998,-0.25700438588655194,1.8279999999999998,-0.015960612218236334
2848,1.8299999999999996,-0.2570067171111287,1.8299999999999996,-0.01596156725511887
2849,1.8320000000000003,-0.2570089332866963,1.8320000000000003,-0.015962502566807014
2850,1.834,-0.25701103369518186,1.834,-0.015963418907981676
2851,1.8359999999999999,-0.2570130177011985,1.8359999999999999,-0.015964317043011288
2852,1.8379999999999996,-0.25701488475204515,1.8379999999999996,-0.015965197745951804
2853,1.8400000000000003,-0.2570166343777065,1.8400000000000003,-0.015966061800546712
2854,1.842,-0.2570182661908533,1.842,-0.015966910000227028
2855,1.8439999999999999,-0.25701977988684177,1.8439999999999999,-0.015967743148111283
2856,1.8459999999999996,-0.2570211752437143,1.8459999999999996,-0.015968562057005548
2857,1.8480000000000003,-0.25702245212219904,1.8480000000000003,-0.01596936754940341
2858,1.85,-0.2570236104657098,1.85,-0.01597016045748599
2859,1.8519999999999999,-0.25702465030034655,1.8519999999999999,-0.01597094162312193
2860,1.8539999999999996,-0.2570255717348947,1.8539999999999996,-0.01597171189786741
2861,1.8560000000000003,-0.2570263749608258,1.8560000000000003,-0.01597247214296612
2862,1.858,-0.25702706025229716,1.858,-0.015973223229349284
2863,1.8599999999999999,-0.2570276279661519,1.8599999999999999,-0.015973966037635658
2864,1.8619999999999997,-0.257028078541919,1.8619999999999997,-0.015974701458131516
2865,1.8640000000000003,-0.2570284125018132,1.8640000000000003,-0.015975430390830662
2866,1.866,-0.25702863045073515,1.866,-0.01597615374541443
2867,1.8679999999999999,-0.25702873307627144,1.8679999999999999,-0.01597687244125168
2868,1.8699999999999997,-0.25702872114869424,1.8699999999999997,-0.01597758740739879
2869,1.8720000000000003,-0.2570285955209618,1.8720000000000003,-0.01597829958259967
2870,1.874,-0.2570283571287181,1.874,-0.015979009915285766
2871,1.876,-0.25702800699029293,1.876,-0.015979719363576034
2872,1.8779999999999997,-0.257027546206702,1.8779999999999997,-0.01598042889527697
2873,1.8800000000000003,-0.25702697596164675,1.8800000000000003,-0.015981139487882583
2874,1.8820000000000001,-0.25702629752151457,1.8820000000000001,-0.015981852128574427
2875,1.884,-0.2570255122353786,1.884,-0.015982567814221565
2876,1.8859999999999997,-0.25702462153499794,1.8859999999999997,-0.015983287551380596
2877,1.8880000000000003,-0.25702362693481734,1.8880000000000003,-0.015984012356295645
2878,1.8900000000000001,-0.2570225300319675,1.8900000000000001,-0.01598474325489836
2879,1.892,-0.2570213325062651,1.892,-0.015985481282807915
2880,1.8939999999999997,-0.25702003612021224,1.8939999999999997,-0.01598622748533102
2881,1.8960000000000004,-0.2570186427189973,1.8960000000000004,-0.015986979230675016
2882,1.8980000000000001,-0.25701715423049437,1.8980000000000001,-0.0159877236529796
2883,1.9,-0.25701557266526315,1.9,-0.015988459524410623
2884,1.9019999999999997,-0.2570139001165495,1.9019999999999997,-0.015989186827335675
2885,1.9040000000000004,-0.2570121387602849,1.9040000000000004,-0.015989905546124027
2886,1.9060000000000001,-0.2570102908550867,1.9060000000000001,-0.0159906156671466
2887,1.908,-0.25700835874225825,1.908,-0.015991317178776006
2888,1.9099999999999997,-0.2570063448457885,1.9099999999999997,-0.015992010071386523
2889,1.9120000000000004,-0.2570042516723524,1.9120000000000004,-0.01599269433735409
2890,1.9140000000000001,-0.2570020818113107,1.9140000000000001,-0.015993369971056336
2891,1.916,-0.2569998379347099,1.916,-0.015994036968872548
2892,1.9179999999999997,-0.2569975227972825,1.9179999999999997,-0.015994695329183687
2893,1.9200000000000004,-0.2569951392364467,1.9200000000000004,-0.015995345052372392
2894,1.9220000000000002,-0.2569926901723066,1.9220000000000002,-0.01599598614082296
2895,1.924,-0.2569901786076521,1.924,-0.01599661859892138
2896,1.9259999999999997,-0.256987607627959,1.9259999999999997,-0.01599724243305529
2897,1.9280000000000004,-0.2569849804013889,1.9280000000000004,-0.01599785765161402
2898,1.9300000000000002,-0.2569823001787892,1.9300000000000002,-0.015998464264988556
2899,1.932,-0.2569795702936932,1.932,-0.015999062285571564
2900,1.9339999999999997,-0.25697679416232,1.9339999999999997,-0.015999651727757375
2901,1.9360000000000004,-0.2569739752835746,1.9360000000000004,-0.016000232607942005
2902,1.9380000000000002,-0.25697111723904764,1.9380000000000002,-0.016000804944523123
2903,1.94,-0.2569682236930159,1.94,-0.016001368757900085
2904,1.9419999999999997,-0.25696529839244175,1.9419999999999997,-0.01600192407047391
2905,1.9440000000000004,-0.2569623451669736,1.9440000000000004,-0.016002470906647293
2906,1.9460000000000002,-0.2569593679289454,1.9460000000000002,-0.016003009292824596
2907,1.948,-0.2569563706733773,1.948,-0.016003539257411856
2908,1.9499999999999997,-0.25695335747797493,1.9499999999999997,-0.016004060830816787
2909,1.9520000000000004,-0.25695033250313015,1.9520000000000004,-0.01600457404544876
2910,1.9540000000000002,-0.25694729999192023,1.9540000000000002,-0.01600507893571883
2911,1.956,-0.2569442642701087,1.956,-0.016005575538039718
2912,1.9579999999999997,-0.25694122974614453,1.9579999999999997,-0.016006063890825824
2913,1.9600000000000004,-0.2569382009111628,1.9600000000000004,-0.016006544034493204
2914,1.9620000000000002,-0.2569351823389844,1.9620000000000002,-0.016007016011459606
2915,1.964,-0.2569321786861159,1.964,-0.016007479866144432
2916,1.9659999999999997,-0.25692919469174985,1.9659999999999997,-0.016007935644968767
2917,1.9680000000000004,-0.2569262351777646,1.9680000000000004,-0.016008383396355356
2918,1.9700000000000002,-0.2569233050487243,1.9700000000000002,-0.01600882317072863
2919,1.972,-0.25692040929187904,1.972,-0.016009255020514684
2920,1.9739999999999998,-0.2569175529771646,1.9739999999999998,-0.01600967900014128
2921,1.9760000000000004,-0.25691474125720276,1.9760000000000004,-0.016010095166037866
2922,1.9780000000000002,-0.2569119793673009,1.9780000000000002,-0.01601050357663554
2923,1.98,-0.2569092726254526,1.98,-0.016010904292367092
2924,1.9819999999999998,-0.2569066264323369,1.9819999999999998,-0.016011297375666974
2925,1.9840000000000004,-0.2569040462713189,1.9840000000000004,-0.016011682890971306
2926,1.9860000000000002,-0.2569015377084495,1.9860000000000002,-0.016012060904717892
2927,1.988,-0.2568991063924654,1.988,-0.016012431485346194
2928,1.9899999999999998,-0.2568967580547891,1.9899999999999998,-0.016012794703297355
2929,1.9920000000000004,-0.25689449850952906,1.9920000000000004,-0.016013150631014182
2930,1.9940000000000002,-0.2568923336534795,1.9940000000000002,-0.016013499342941166
2931,1.996,-0.25689026946612054,1.996,-0.016013840915524453
2932,1.9979999999999998,-0.256888312009618,1.9979999999999998,-0.016014175427211872
2933,2.0000000000000004,-0.25688646742882365,2.0000000000000004,-0.016014502958452925
2934,2.0020000000000002,-0.25688474195127503,2.0020000000000002,-0.016014823591698774
2935,2.004,-0.25688314188719563,2.004,-0.01601513741140226
2936,2.006,-0.2568816736294947,2.006,-0.016015444504017904
2937,2.0080000000000005,-0.2568803436537673,2.0080000000000005,-0.01601574495800188
2938,2.0100000000000002,-0.25687915851829435,2.0100000000000002,-0.01601603886381205
2939,2.012,-0.2568781248640426,2.012,-0.016016326313907935
2940,2.014,-0.2568772494146647,2.014,-0.01601660740275074
2941,2.0160000000000005,-0.2568765389764991,2.0160000000000005,-0.016016882226803333
2942,2.0180000000000002,-0.25687600043857006,2.0180000000000002,-0.016017150884530252
2943,2.02,-0.2568756407725876,2.02,-0.016017413476397718
2944,2.022,-0.25687546703294784,2.022,-0.016017670104873608
2945,2.0239999999999996,-0.2568754863567325,2.0239999999999996,-0.016017920874427483
2946,2.0260000000000002,-0.2568757059637092,2.0260000000000002,-0.01601816589153057
2947,2.028,-0.25687613315633134,2.028,-0.01601840526465577
2948,2.03,-0.25687677531973835,2.03,-0.016018639104277654
2949,2.0319999999999996,-0.2568776399217553,2.0319999999999996,-0.016018867522872463
2950,2.0340000000000003,-0.2568787345128931,2.0340000000000003,-0.01601909063491811
2951,2.036,-0.25688006672634867,2.036,-0.01601930855689419
2952,2.038,-0.25688164427800464,2.038,-0.01601952140728195
2953,2.0399999999999996,-0.2568834749664295,2.0399999999999996,-0.016019729306564326
2954,2.0420000000000003,-0.25688556667287754,2.0420000000000003,-0.016019932377225914
2955,2.044,-0.25688792736128896,2.044,-0.01602013074375299
2956,2.046,-0.2568905650782898,2.046,-0.0160203245326335
2957,2.0479999999999996,-0.25689334571966665,2.0479999999999996,-0.01602051387235705
2958,2.0500000000000003,-0.25689606607059673,2.0500000000000003,-0.01602069889341494
2959,2.052,-0.25689872557885746,2.052,-0.01602087972830012
2960,2.054,-0.2569013254260702,2.054,-0.016021056511507224
2961,2.0559999999999996,-0.2569038667840372,2.0559999999999996,-0.01602122937953255
2962,2.0580000000000003,-0.2569063508147414,2.0580000000000003,-0.016021398470874075
2963,2.06,-0.2569087786703466,2.06,-0.016021563926031445
2964,2.062,-0.2569111514931973,2.062,-0.016021725887505972
2965,2.0639999999999996,-0.2569134704158189,2.0639999999999996,-0.01602188449980065
2966,2.0660000000000003,-0.25691573656091754,2.0660000000000003,-0.016022039909420135
2967,2.068,-0.2569179510413801,2.068,-0.01602219226487076
2968,2.07,-0.25692011496027434,2.07,-0.01602234171666052
2969,2.0719999999999996,-0.25692222941084875,2.0719999999999996,-0.016022488417299106
2970,2.0740000000000003,-0.25692429547653256,2.0740000000000003,-0.01602263252129785
2971,2.076,-0.2569263142309359,2.076,-0.01602277418516978
2972,2.078,-0.2569282867378497,2.078,-0.016022913567429575
2973,2.0799999999999996,-0.2569302140512455,2.0799999999999996,-0.016023050828593604
2974,2.0820000000000003,-0.2569320972152759,2.0820000000000003,-0.016023186131179895
2975,2.084,-0.25693393726427394,2.084,-0.016023319639708156
2976,2.086,-0.2569357352227538,2.086,-0.016023451520699755
2977,2.0879999999999996,-0.2569374921054103,2.0879999999999996,-0.01602358194267775
2978,2.0900000000000003,-0.25693920891711897,2.0900000000000003,-0.016023711076166854
2979,2.092,-0.2569408866529362,2.092,-0.016023839093693454
2980,2.094,-0.2569425262980992,2.094,-0.016023966169785617
2981,2.0959999999999996,-0.25694412882802603,2.0959999999999996,-0.016024092480973078
2982,2.0980000000000003,-0.2569456952083153,2.0980000000000003,-0.016024218205787238
2983,2.1,-0.25694722639474665,2.1,-0.016024343524761175
2984,2.102,-0.25694872333328045,2.102,-0.01602446862042964
2985,2.1039999999999996,-0.2569501869600577,2.1039999999999996,-0.016024593677329044
2986,2.1060000000000003,-0.2569516182014005,2.1060000000000003,-0.01602471888199749
2987,2.108,-0.2569530179738114,2.108,-0.016024844422974735
2988,2.11,-0.256954387183974,2.11,-0.016024970490802218
2989,2.1119999999999997,-0.25695572672875255,2.1119999999999997,-0.016025097278023037
2990,2.1140000000000003,-0.25695703749519205,2.1140000000000003,-0.01602522497918198
2991,2.116,-0.2569583203605185,2.116,-0.016025353790825488
2992,2.118,-0.2569595761921385,2.118,-0.016025483911501683
2993,2.1199999999999997,-0.2569608058476395,2.1199999999999997,-0.016025615541760366
2994,2.1220000000000003,-0.25696201017478965,2.1220000000000003,-0.01602574888415299
2995,2.124,-0.25696319001153806,2.124,-0.016025884143232697
