,$E^{ON}$_x,$E^{ON}$_y,$I_{}^{ON}$_x,$I_{}^{ON}$_y,$I_{gly}^{OFF}$_x,$I_{gly}^{OFF}$_y
0,-3.866,0.0,-3.866,0.014779855826979937,-3.866,-0.044753397543647315
1,-3.8640000000000003,-0.0004498787200653742,-3.8640000000000003,0.014478688787503427,-3.8640000000000003,-0.04360339262649388
2,-3.862,-0.0008886505748082623,-3.862,0.014182499515959531,-3.862,-0.04248012943887716
3,-3.8600000000000003,-0.0013165892314016719,-3.8600000000000003,0.013891205809954552,-3.8600000000000003,-0.041382987232276354
4,-3.858,-0.001733961580734549,-3.858,0.013604726825570512,-3.858,-0.040311359724984064
5,-3.8560000000000003,-0.002141028379934449,-3.8560000000000003,0.013322982995588229,-3.8560000000000003,-0.039264653822025083
6,-3.854,-0.0025380442523675346,-3.854,0.013045896029487303,-3.854,-0.03824228961515635
7,-3.8520000000000003,-0.0029252576876385786,-3.8520000000000003,0.012773388913446123,-3.8520000000000003,-0.03724370038286699
8,-3.85,-0.0033029110415909615,-3.85,0.012505385910341858,-3.85,-0.036268332590378316
9,-3.8480000000000003,-0.003671242067686404,-3.8480000000000003,0.012241812361675035,-3.8480000000000003,-0.0353156428296572
10,-3.846,-0.004030489581418458,-3.846,0.011982593952987002,-3.846,-0.0343850864942476
11,-3.8440000000000003,-0.004380874375120483,-3.8440000000000003,0.011727659170851007,-3.8440000000000003,-0.033476155884058376
12,-3.842,-0.004722610499964208,-3.842,0.011476937836950942,-3.842,-0.032588357647125574
13,-3.8400000000000003,-0.005055907852052458,-3.8400000000000003,0.011230360773349508,-3.8400000000000003,-0.03172120761173134
14,-3.838,-0.005380972172419155,-3.838,0.010987859802488207,-3.838,-0.03087423078640389
15,-3.8360000000000003,-0.00569800504702932,-3.8360000000000003,0.01074936774718734,-3.8360000000000003,-0.030046961359917496
16,-3.834,-0.006007203906779071,-3.834,0.010514818430646021,-3.834,-0.029238942701292507
17,-3.8320000000000003,-0.006308762027495629,-3.8320000000000003,0.010284146676442158,-3.8320000000000003,-0.028449727359795344
18,-3.83,-0.006602868529937308,-3.83,0.01005728830853247,-3.83,-0.027678877064938497
19,-3.8280000000000003,-0.006889708379793521,-3.8280000000000003,0.009834180151252472,-3.8280000000000003,-0.026925962726480526
20,-3.826,-0.0071694623876847816,-3.826,0.00961476002931649,-3.826,-0.02619056443442606
21,-3.8240000000000003,-0.0074423072091627,-3.8240000000000003,0.009398966767817646,-3.8240000000000003,-0.025472271459025794
22,-3.822,-0.007708415344709981,-3.822,0.009186740192227873,-3.822,-0.024770682250776506
23,-3.8200000000000003,-0.007967955139740435,-3.8200000000000003,0.008978021128397901,-3.8200000000000003,-0.024085404440421024
24,-3.818,-0.008221090784598966,-3.818,0.008772751402557266,-3.818,-0.02341605483894827
25,-3.8160000000000003,-0.008467982314561575,-3.8160000000000003,0.00857087384131431,-3.8160000000000003,-0.02276225943759321
26,-3.814,-0.008708788626603408,-3.814,0.008372331796735662,-3.814,-0.022123647156098596
27,-3.8120000000000003,-0.00894367738562951,-3.8120000000000003,0.008177067476165865,-3.8120000000000003,-0.021499829019139015
28,-3.81,-0.009172789403654116,-3.81,0.007985027471014917,-3.81,-0.020890471769945025
29,-3.8080000000000003,-0.009396258928822409,-3.8080000000000003,0.007796159722828227,-3.8080000000000003,-0.020295256256026364
30,-3.806,-0.009614218038209985,-3.806,0.007610412845639005,-3.806,-0.019713868363088295
31,-3.8040000000000003,-0.009826796637822858,-3.8040000000000003,0.007427736125968266,-3.8040000000000003,-0.01914599901503158
32,-3.802,-0.010034122462597453,-3.802,0.007248079522824834,-3.802,-0.01859134417395251
33,-3.8000000000000003,-0.010236321076400613,-3.8000000000000003,0.007071393667705336,-3.8000000000000003,-0.01804960484014289
34,-3.798,-0.010433515872029593,-3.798,0.006897629864594208,-3.798,-0.017520487052090025
35,-3.7960000000000003,-0.010625828071212068,-3.7960000000000003,0.006726740089963688,-3.7960000000000003,-0.01700370188647675
36,-3.794,-0.010813376724606123,-3.794,0.006558676992773819,-3.794,-0.016498965458181407
37,-3.7920000000000003,-0.010996278711800261,-3.7920000000000003,0.006393393894472459,-3.7920000000000003,-0.016005998920277865
38,-3.79,-0.0111746487413134,-3.79,0.0062308447889952556,-3.79,-0.015524528464035483
39,-3.7880000000000003,-0.011348599350594873,-3.7880000000000003,0.0060709843427656784,-3.7880000000000003,-0.015054285318919156
40,-3.786,-0.011518240906024425,-3.786,0.005913767894694992,-3.786,-0.014595005752589287
41,-3.7840000000000003,-0.01168368160291222,-3.7840000000000003,0.00575915145618227,-3.7840000000000003,-0.014146431070901792
42,-3.782,-0.011845027465498835,-3.782,0.005607091711114395,-3.782,-0.01370830761790811
43,-3.7800000000000002,-0.012002382346955262,-3.7800000000000002,0.005457546015866049,-3.7800000000000002,-0.013280386775855184
44,-3.778,-0.01215584792938291,-3.778,0.005310472399299725,-3.778,-0.01286242496518547
45,-3.7760000000000002,-0.012305523723813603,-3.7760000000000002,0.00516582956276572,-3.7760000000000002,-0.012454183644536952
46,-3.774,-0.012451507070209577,-3.774,0.005023576880102135,-3.774,-0.012055429310743118
47,-3.7720000000000002,-0.012593893137463483,-3.7720000000000002,0.0048836743976348775,-3.7720000000000002,-0.011665933498832971
48,-3.77,-0.012732774923398393,-3.77,0.004746082834177661,-3.77,-0.011285472782031049
49,-3.7680000000000002,-0.012868243254767788,-3.7680000000000002,0.004610763581032009,-3.7680000000000002,-0.01091382877175736
50,-3.766,-0.013000386787255562,-3.766,0.004477678701987243,-3.766,-0.010550788117627469
51,-3.7640000000000002,-0.013129298673361895,-3.7640000000000002,0.004346789315298227,-3.7640000000000002,-0.01019612736629294
52,-3.762,-0.013255070539029511,-3.762,0.004218056277321363,-3.762,-0.009849624789355214
53,-3.7600000000000002,-0.013377770922899762,-3.7600000000000002,0.0040914455179890934,-3.7600000000000002,-0.009511109598338598
54,-3.758,-0.013497466788956688,-3.758,0.003966923520358939,-3.758,-0.00918041476373517
55,-3.7560000000000002,-0.013614224262825388,-3.7560000000000002,0.003844457155277703,-3.7560000000000002,-0.008857375374815846
56,-3.754,-0.013728108631772021,-3.754,0.0037240136813814755,-3.754,-0.008541828639630378
57,-3.7520000000000002,-0.013839184344703805,-3.7520000000000002,0.003605560745095625,-3.7520000000000002,-0.00823361388500736
58,-3.75,-0.013947515012169016,-3.75,0.003489066380634811,-3.75,-0.007932572556554197
59,-3.748,-0.014053163406356997,-3.748,0.0033744990100029702,-3.748,-0.00763854821865715
60,-3.746,-0.01415619146109814,-3.746,0.003261827442993328,-3.746,-0.0073513865544813095
61,-3.744,-0.014256660271863907,-3.744,0.0031510208771883905,-3.744,-0.0070709353659705945
62,-3.742,-0.014354630095766813,-3.742,0.0030420488979599498,-3.742,-0.00679704457384777
63,-3.74,-0.014450160351560434,-3.74,0.0029348814784690806,-3.74,-0.006529566217614413
64,-3.738,-0.014543309619639408,-3.738,0.002829488979666145,-3.738,-0.006268354455550955
65,-3.736,-0.014634135642039428,-3.736,0.0027258421502907824,-3.736,-0.006013265564716666
66,-3.734,-0.014722695322437251,-3.734,0.00262391212687192,-3.734,-0.00576415794094963
67,-3.732,-0.014809044726150696,-3.732,0.002523670433727771,-3.732,-0.005520892098866775
68,-3.73,-0.014893239080138633,-3.73,0.002425088982965829,-3.73,-0.005283330671863873
69,-3.728,-0.014975332773000997,-3.728,0.002328140074482874,-3.728,-0.005051338412115511
70,-3.726,-0.015055379354978787,-3.726,0.002232796395964966,-3.726,-0.004824782190575125
71,-3.724,-0.015133431537954052,-3.724,0.0021390310228874554,-3.724,-0.00460353099697499
72,-3.722,-0.01520954119544991,-3.722,0.002046817418514967,-3.722,-0.0043874559398261945
73,-3.72,-0.015283759362630532,-3.72,0.0019561294339014226,-3.72,-0.004176430246418679
74,-3.718,-0.015356136236301153,-3.718,0.0018669413078900125,-3.718,-0.003970329262821211
75,-3.716,-0.015426721174908065,-3.716,0.0017792276671132253,-3.716,-0.0037690304538813973
76,-3.714,-0.01549556269853862,-3.714,0.0016929635259928244,-3.714,-0.0035724134032256716
77,-3.712,-0.015562708488921233,-3.712,0.0016081242867398583,-3.712,-0.0033803598132593066
78,-3.71,-0.015628205389425373,-3.71,0.0015246857393546621,-3.71,-0.003192753505166415
79,-3.708,-0.015692099405061572,-3.708,0.0014426240616268564,-3.708,-0.0030094804189099295
80,-3.706,-0.015754435702481424,-3.706,0.0013619158191353377,-3.706,-0.002830428613231628
81,-3.704,-0.015815258609977578,-3.704,0.0012825379652482965,-3.704,-0.0026554882656521298
82,-3.702,-0.01587461161748374,-3.702,0.0012044678411231996,-3.702,-0.0024845516724708652
83,-3.7,-0.015932537788916477,-3.7,0.0011276829014478136,-3.7,-0.002317511970302749
84,-3.698,-0.01598908051048591,-3.698,0.0010521580762060598,-3.698,-0.0021542564779381823
85,-3.696,-0.01604426912416748,-3.696,0.0009778728737407597,-3.696,-0.0019947062759263223
86,-3.694,-0.016098129656751854,-3.694,0.0009048084810710615,-3.694,-0.0018387915344093564
87,-3.692,-0.01615068794612068,-3.692,0.000832946271458565,-3.692,-0.0016864430101745168
88,-3.69,-0.01620196964124655,-3.69,0.0007622678044073329,-3.69,-0.0015375920466540946
89,-3.688,-0.016252000202193032,-3.688,0.0006927548256638744,-3.688,-0.001392170573925447
90,-3.686,-0.016300804900114645,-3.686,0.0006243892672171611,-3.686,-0.0012501111087110037
91,-3.684,-0.01634840881725687,-3.684,0.0005571532472986168,-3.684,-0.0011113467543782396
92,-3.682,-0.01639483684695616,-3.682,0.0004910290703821225,-3.682,-0.0009758112009397094
93,-3.68,-0.016440113693639916,-3.68,0.0004259992271840145,-3.68,-0.0008434387250530265
94,-3.678,-0.016484263872826505,-3.678,0.00036204639466308475,-3.678,-0.0007141641900208495
95,-3.676,-0.016527311711125255,-3.676,0.00029915343602058067,-3.676,-0.0005879230457909168
96,-3.674,-0.01656928134623646,-3.674,0.00023730340070020513,-3.674,-0.00046465132895602557
97,-3.672,-0.016610196726951368,-3.672,0.00017647952438811822,-3.672,-0.0003442856627540389
98,-3.67,-0.016650081613152193,-3.67,0.00011666522901293205,-3.67,-0.00022676325706787182
99,-3.668,-0.016688959575812106,-3.668,5.784412274571771e-05,-3.668,-0.00011202190842551224
100,-3.666,-0.016726853996995243,-3.666,0.0,-3.666,0.0
101,-3.664,-0.016763788069856702,-3.664,-5.688315856823903e-05,-3.664,0.0001093634983905592
102,-3.662,-0.016799784798642536,-3.662,-0.00011282118606056185,-3.662,0.00021612903028297992
103,-3.66,-0.01683486699868977,-3.66,-0.0001678297293360772,-3.66,0.0003203564525690386
104,-3.658,-0.01686905729642638,-3.658,-0.00022192424901143655,-3.658,0.00042210503549544587
105,-3.656,-0.016902378129371304,-3.656,-0.00027512001946083595,-3.656,0.0005214334626638326
106,-3.654,-0.01693485174613445,-3.654,-0.00032743212881601765,-3.654,0.0006183998310307845
107,-3.652,-0.01696650020641668,-3.652,-0.0003788754789662667,-3.652,0.0007130616509078147
108,-3.65,-0.016997345381009818,-3.65,-0.0004294647855584092,-3.65,0.0008054758459613842
109,-3.648,-0.017027408951796653,-3.648,-0.00047921457799682265,-3.648,0.0008956987532128813
110,-3.646,-0.017056712411750927,-3.646,-0.000528139199443424,-3.646,0.0009837861230386352
111,-3.644,-0.017085277064937354,-3.644,-0.0005762528068176762,-3.644,0.0010697931191699164
112,-3.642,-0.0171131240265116,-3.642,-0.0006235693707965853,-3.642,0.0011537743186929295
113,-3.64,-0.017140274222720294,-3.64,-0.0006701026758147034,-3.64,0.00123578371204882
114,-3.638,-0.017166748390901033,-3.638,-0.000715866320064127,-3.638,0.0013158747030336607
115,-3.636,-0.01719256707948237,-3.636,-0.000760873715494494,-3.636,0.0013941001087984795
116,-3.634,-0.01721775064798382,-3.634,-0.0008051380878129899,-3.634,0.0014705121598492243
117,-3.632,-0.017242319267015856,-3.632,-0.0008486724764843467,-3.632,0.0015451625000467914
118,-3.63,-0.01726629291827992,-3.63,-0.0008914897347308305,-3.63,0.0016181021866070039
119,-3.628,-0.017289691394568405,-3.628,-0.0009336025295322674,-3.628,0.001689381690100647
120,-3.6260000000000003,-0.017312534299764676,-3.6260000000000003,-0.0009750233416260107,-3.6260000000000003,0.0017590508944534122
121,-3.624,-0.01733484104884305,-3.624,-0.0010157644655069756,-3.624,0.001827159096945953
122,-3.622,-0.017356630867868813,-3.622,-0.001055838009427608,-3.622,0.0018937550082138363
123,-3.62,-0.017377922793998204,-3.62,-0.0010952558953979015,-3.62,0.0019588867522475975
124,-3.6180000000000003,-0.01739873486601355,-3.6180000000000003,-0.00113403020970557,-3.6180000000000003,0.002022600957142427
125,-3.616,-0.017419075074130926,-3.616,-0.00117217451801728,-3.616,0.002084928317542499
126,-3.614,-0.017438949327697174,-3.614,-0.001209698460988961,-3.614,0.0021458893333320198
127,-3.612,-0.017458364382122005,-3.612,-0.0012466108284997501,-3.612,0.0022055047147144166
128,-3.6100000000000003,-0.017477327019896637,-3.6100000000000003,-0.0012829203432158064,-3.6100000000000003,0.0022637951656286
129,-3.608,-0.017495844050593796,-3.608,-0.0013186356605903171,-3.608,0.0023207813837489225
130,-3.606,-0.01751392231086772,-3.606,-0.0013537653688634813,-3.606,0.002376484060485219
131,-3.604,-0.017531568664454152,-3.604,-0.0013883179890625368,-3.604,0.002430923880982795
132,-3.6020000000000003,-0.017548790002170342,-3.6020000000000003,-0.0014223019750017295,-3.6020000000000003,0.002484121524122397
133,-3.6,-0.017565593241915048,-3.6,-0.0014557257132823374,-3.6,0.002536097662520262
134,-3.598,-0.017581985328668538,-3.598,-0.001488597523292664,-3.598,0.002586872962528089
135,-3.596,-0.017597973234492588,-3.596,-0.0015209256572080235,-3.596,0.002636468084233033
136,-3.5940000000000003,-0.01761356395853048,-3.5940000000000003,-0.0015527182999907664,-3.5940000000000003,0.002684903681457719
137,-3.592,-0.017628764527007013,-3.592,-0.0015839835693902578,-3.592,0.002732200401760247
138,-3.59,-0.017643581993228477,-3.59,-0.0016147295159428914,-3.59,0.002778378886434174
139,-3.588,-0.017658023437582687,-3.588,-0.0016449641229720792,-3.588,0.0028234597705085185
140,-3.5860000000000003,-0.017672095967538957,-3.5860000000000003,-0.001674695306588262,-3.5860000000000003,0.0028674636827477756
141,-3.584,-0.017685806717648113,-3.584,-0.0017039309156888956,-3.584,0.0029104112456519032
142,-3.582,-0.017699162849542482,-3.582,-0.001732678731958471,-3.582,0.0029523230754563284
143,-3.58,-0.017712171551935912,-3.58,-0.0017609464698684872,-3.58,0.002993219782131934
144,-3.5780000000000003,-0.01772484004062375,-3.5780000000000003,-0.0017887417766774757,-3.5780000000000003,0.003033121969385079
145,-3.576,-0.01773717555848285,-3.576,-0.001816072232430993,-3.576,0.003072050234657578
146,-3.5740000000000003,-0.017749185375471578,-3.5740000000000003,-0.0018429453499616139,-3.5740000000000003,0.003110025169126722
147,-3.572,-0.017760876788629813,-3.572,-0.0018693685748889383,-3.572,0.0031470673577052716
148,-3.5700000000000003,-0.017772257122078926,-3.5700000000000003,-0.0018953492856195846,-3.5700000000000003,0.003183197379041436
149,-3.568,-0.017783333727021813,-3.568,-0.0019208947933472033,-3.568,0.003218435805518907
150,-3.5660000000000003,-0.017794113981742868,-3.5660000000000003,-0.0019460123420524597,-3.5660000000000003,0.0032528032032568266
151,-3.564,-0.017804605291608003,-3.564,-0.001970709108503048,-3.564,0.0032863201321098254
152,-3.5620000000000003,-0.017814815089064625,-3.5620000000000003,-0.00199499220225368,-3.5620000000000003,0.0033190071456679834
153,-3.56,-0.01782475083364166,-3.56,-0.0020188686656460973,-3.56,0.0033508847912568362
154,-3.5580000000000003,-0.01783442001194954,-3.5580000000000003,-0.002042345473809059,-3.5580000000000003,0.0033819736099374165
155,-3.556,-0.017843830137680195,-3.556,-0.002065429534658346,-3.556,0.0034122941365062054
156,-3.5540000000000003,-0.01785298875160708,-3.5540000000000003,-0.0020881276888967716,-3.5540000000000003,0.003441866899495133
157,-3.552,-0.017861903421585144,-3.552,-0.0021104467100141605,-3.552,0.003470712421171633
158,-3.5500000000000003,-0.017870581742550854,-3.5500000000000003,-0.0021323933042873694,-3.5500000000000003,0.0034988512175385747
159,-3.548,-0.017879031336522175,-3.548,-0.002153974110780277,-3.548,0.003526303798334303
160,-3.5460000000000003,-0.01788725985259859,-3.5460000000000003,-0.002175195701343776,-3.5460000000000003,0.0035530906670326393
161,-3.544,-0.01789527496696109,-3.544,-0.002196064580615796,-3.544,0.003579232320842847
162,-3.5420000000000003,-0.017903084382872164,-3.5420000000000003,-0.0022165871860212773,-3.5420000000000003,0.0036047492507096796
163,-3.54,-0.017910695830675814,-3.54,-0.0022367698877721956,-3.54,0.003629661941313346
164,-3.5380000000000003,-0.017918117067797557,-3.5380000000000003,-0.002256618988867535,-3.5380000000000003,0.003653990871069525
165,-3.536,-0.017925355878744408,-3.536,-0.002276140725093318,-3.536,0.00367775651212935
166,-3.5340000000000003,-0.0179324200751049,-3.5340000000000003,-0.002295341265022576,-3.5340000000000003,0.0037009793303794322
167,-3.532,-0.01793931749554906,-3.532,-0.0023142267100153754,-3.532,0.003723679785441844
168,-3.5300000000000002,-0.01794605600582844,-3.5300000000000002,-0.0023328030942188008,-3.5300000000000002,0.003745878330674135
169,-3.528,-0.01795264349877609,-3.528,-0.0023510763845669587,-3.528,0.003767595413169303
170,-3.5260000000000002,-0.01795908789430657,-3.5260000000000002,-0.002369052480780981,-3.5260000000000002,0.003788851473755822
171,-3.524,-0.017965397139415945,-3.524,-0.002386737215369014,-3.524,0.0038096669469976294
172,-3.5220000000000002,-0.0179715792081818,-3.5220000000000002,-0.0024041363536262475,-3.5220000000000002,0.003830062261194131
173,-3.52,-0.017977642101763208,-3.52,-0.002421255593634871,-3.52,0.0038500578383801956
174,-3.5180000000000002,-0.017983593848400772,-3.5180000000000002,-0.0024381005662641106,-3.5180000000000002,0.0038696740943261546
175,-3.516,-0.017989442115216928,-3.516,-0.0024546768784967712,-3.516,0.003888930738544738
176,-3.5140000000000002,-0.0179951811180557,-3.5140000000000002,-0.002470990794208549,-3.5140000000000002,0.003907822196439668
177,-3.512,-0.01800080625729112,-3.512,-0.0024870463122158223,-3.512,0.003926342389278144
178,-3.5100000000000002,-0.0180063177955047,-3.5100000000000002,-0.002502846545425621,-3.5100000000000002,0.003944493596374443
179,-3.508,-0.01801171604824733,-3.508,-0.002518394596268677,-3.508,0.0039622782056407055
180,-3.5060000000000002,-0.018017001384039284,-3.5060000000000002,-0.0025336935566994227,-3.5060000000000002,0.0039796987135869225
181,-3.504,-0.01802217422437021,-3.504,-0.0025487465081959794,-3.504,0.00399675772532096
182,-3.5020000000000002,-0.018027235043699144,-3.5020000000000002,-0.0025635565217601783,-3.5020000000000002,0.004013457954548515
183,-3.5,-0.0180321843694545,-3.5,-0.0025781266579175295,-3.5,0.004029802223573166
184,-3.498,-0.018037022782034076,-3.498,-0.0025924599667172567,-3.498,0.004045793463296338
185,-3.496,-0.018041750914805046,-3.496,-0.002606559487732276,-3.496,0.004061434713217321
186,-3.494,-0.018046369454103966,-3.494,-0.002620428250059193,-3.494,0.0040767291214332535
187,-3.492,-0.018050879139236774,-3.492,-0.00263406927231832,-3.492,0.0040916799446391455
188,-3.49,-0.018055280762478792,-3.49,-0.0026474855626536613,-3.49,0.00410629054812784
189,-3.488,-0.018059575169074714,-3.488,-0.0026606801187329214,-3.488,0.004120564405790068
190,-3.486,-0.01806376325723862,-3.486,-0.0026736559277474974,-3.486,0.0041345051001143995
191,-3.484,-0.018067845978153977,-3.484,-0.002686415966412486,-3.484,0.004148116322187263
192,-3.482,-0.01807182433597362,-3.482,-0.002698963200966683,-3.482,0.004161401871692956
193,-3.48,-0.018075699387819777,-3.48,-0.002711300587172581,-3.48,0.00417436565691362
194,-3.478,-0.018079472243784048,-3.478,-0.0027234310703163622,-3.478,0.004187011694729265
195,-3.476,-0.018083144066927414,-3.476,-0.0027353575852079176,-3.476,0.004199344110617752
196,-3.474,-0.01808671607328025,-3.474,-0.002747083056180828,-3.474,0.0042113671386548035
197,-3.472,-0.01809018953184229,-3.472,-0.002758610397092371,-3.472,0.004223085121514002
198,-3.47,-0.018093565764582667,-3.47,-0.0027699425113235226,-3.47,0.004234502510466781
199,-3.468,-0.018096846146439888,-3.468,-0.0027810822917789593,-3.468,0.004245623865382429
200,-3.466,-0.01810003210532184,-3.466,-0.0027920326208870465,-3.466,0.004256453854728108
201,-3.464,-0.018103125122105792,-3.464,-0.002802796370599856,-3.464,0.0042669972555688315
202,-3.462,-0.018106126730638394,-3.462,-0.002813376402393153,-3.462,0.004277258953567453
203,-3.46,-0.018109038517735678,-3.46,-0.0028237755672663976,-3.46,0.004287243942984714
204,-3.458,-0.018111862123183053,-3.458,-0.002833996705742744,-3.458,0.004296957326679188
205,-3.456,-0.01811459923973531,-3.456,-0.002844042647869055,-3.456,0.004306404316107321
206,-3.454,-0.018117251613116628,-3.454,-0.002853916213215884,-3.454,0.004315590231323413
207,-3.452,-0.01811982104202055,-3.452,-0.0028636202108774725,-3.452,0.004324520500979617
208,-3.45,-0.018122309378110026,-3.45,-0.002873157439471776,-3.45,0.004333200662325946
209,-3.448,-0.018124718526017356,-3.448,-0.0028825306871404326,-3.448,0.004341636361210287
210,-3.446,-0.018127050443344245,-3.446,-0.0028917427315487895,-3.446,0.004349833352078357
211,-3.444,-0.018129307140661768,-3.444,-0.002900796339885877,-3.444,0.004357797497973749
212,-3.442,-0.018131490681510383,-3.442,-0.0029096942688644385,-3.442,0.0043655347705379086
213,-3.44,-0.018133603182399927,-3.44,-0.0029184392647209033,-3.44,0.00437305125001014
214,-3.438,-0.018135646812809623,-3.438,-0.0029270340632154,-3.438,0.004380353125227603
215,-3.436,-0.018137623795188067,-3.436,-0.002935481389631754,-3.436,0.004387446693625327
216,-3.434,-0.018139536404953242,-3.434,-0.0029437839587774933,-3.434,0.0043943383612361775
217,-3.432,-0.01814138697049251,-3.432,-0.002951944474983835,-3.432,0.004401034642690892
218,-3.43,-0.018143177873162615,-3.43,-0.002959965632105696,-3.43,0.004407542161218067
219,-3.428,-0.018144911547289675,-3.428,-0.002967850113521693,-3.428,0.004413867648644147
220,-3.426,-0.0181465904801692,-3.426,-0.0029756005921341387,-3.426,0.004420017945393449
221,-3.424,-0.018148217212066074,-3.424,-0.002983219730369042,-3.424,0.004426000000488137
222,-3.422,-0.018149794336214563,-3.422,-0.002990710180176104,-3.422,0.004431820871548239
223,-3.42,-0.01815132449881831,-3.42,-0.0029980745830287363,-3.42,0.004437487724791626
224,-3.418,-0.018152810399050347,-3.418,-0.0030053155699240296,-3.418,0.004443007835034041
225,-3.416,-0.01815425478905308,-3.416,-0.003012435761382791,-3.416,0.004448388585689092
226,-3.414,-0.0181556604739383,-3.414,-0.0030194377674495065,-3.414,0.004453637468768222
227,-3.412,-0.018157030311787174,-3.412,-0.0030263241876923724,-3.412,0.004458762084880753
228,-3.41,-0.018158367213650252,-3.41,-0.003033097611203274,-3.41,0.004463770143233847
229,-3.408,-0.01815967414354747,-3.408,-0.0030397606165977996,-3.408,0.004468669461632546
230,-3.406,-0.018160954118468135,-3.406,-0.0030463157720152303,-3.406,0.0044734679664797244
231,-3.404,-0.018162210208370947,-3.404,-0.003052765635118547,-3.404,0.00447817369277613
232,-3.402,-0.018163445536183973,-3.402,-0.003059112753094423,-3.402,0.004482794784120371
233,-3.4,-0.018164663277804673,-3.4,-0.003065359662653238,-3.4,0.004487339492708894
234,-3.398,-0.018165866662099878,-3.398,-0.0030715088900290545,-3.398,0.004491816179336035
235,-3.396,-0.018167058970905807,-3.396,-0.003077562950979648,-3.396,0.004496233313393952
236,-3.394,-0.01816824353902806,-3.394,-0.003083524350786484,-3.394,0.004500599472872693
237,-3.392,-0.018169423754241607,-3.392,-0.0030893955842547158,-3.392,0.004504923344360139
238,-3.39,-0.01817060305729081,-3.39,-0.0030951791357132115,-3.39,0.004509213723042048
239,-3.388,-0.018171784941889417,-3.388,-0.0031008774790145244,-3.388,0.0045134795127020205
240,-3.386,-0.018172972954720534,-3.386,-0.003106493077534904,-3.386,0.004517729725721516
241,-3.3840000000000003,-0.01817416412574177,-3.3840000000000003,-0.0031120280722066913,-3.3840000000000003,0.004521959425796869
242,-3.382,-0.018175344964511238,-3.382,-0.0031174831932443,-3.382,0.004526140407814308
243,-3.38,-0.018176514111559246,-3.38,-0.0031228589480564797,-3.38,0.004530269758165596
244,-3.378,-0.01817767075381641,-3.378,-0.0031281558617158,-3.378,0.004534345729440718
245,-3.3760000000000003,-0.018178814107774083,-3.3760000000000003,-0.003133374466959264,-3.3760000000000003,0.00453836664672793
246,-3.374,-0.01817994341948436,-3.374,-0.003138515304188308,-3.374,0.004542330907613773
247,-3.372,-0.018181057964560085,-3.372,-0.003143578921468805,-3.372,0.004546236982183066
248,-3.37,-0.018182157048174823,-3.37,-0.0031485658745310716,-3.37,0.004550083413018914
249,-3.3680000000000003,-0.018183240005062898,-3.3680000000000003,-0.0031534767267698514,-3.3680000000000003,0.0045538688152027
250,-3.366,-0.01818430619951936,-3.366,-0.003158312049244324,-3.366,0.0045575918763140835
251,-3.364,-0.018185355025400002,-3.364,-0.003163072420678103,-3.364,0.004561251356431005
252,-3.362,-0.01818638590612137,-3.362,-0.0031677584274592482,-3.362,0.0045648460881296885
253,-3.3600000000000003,-0.018187398294660723,-3.3600000000000003,-0.003172370663640244,-3.3600000000000003,0.00456837497648465
254,-3.358,-0.018188391673556084,-3.358,-0.003176909730938017,-3.358,0.004571836999068657
255,-3.356,-0.01818936555490621,-3.356,-0.003181376238733921,-3.356,0.004575231205952782
256,-3.354,-0.01819031948037059,-3.354,-0.003185770804073753,-3.354,0.004578556719706375
257,-3.3520000000000003,-0.01819125302116946,-3.3520000000000003,-0.0031900940516677474,-3.3520000000000003,0.00458181273539706
258,-3.35,-0.01819216577808379,-3.35,-0.0031943466138905675,-3.35,0.004584998520590744
259,-3.348,-0.0181930573814553,-3.348,-0.0031985291307813114,-3.348,0.004588113415351612
260,-3.346,-0.018193927491186437,-3.346,-0.003202642250043526,-3.346,0.004591156832242128
261,-3.3440000000000003,-0.018194775796740396,-3.3440000000000003,-0.003206686627045173,-3.3440000000000003,0.004594128256323049
262,-3.342,-0.018195602017141113,-3.342,-0.003210662924818669,-3.342,0.004597027245153408
263,-3.34,-0.018196405900973257,-3.34,-0.003214571814060853,-3.34,0.004599853428790497
264,-3.338,-0.018197187226382243,-3.338,-0.003218413973133008,-3.338,0.004602606509789921
265,-3.3360000000000003,-0.01819794580107422,-3.3360000000000003,-0.00322219008806085,-3.3360000000000003,0.004605286263205548
266,-3.334,-0.018198681462316086,-3.334,-0.003225900852534526,-3.334,0.004607892536589525
267,-3.332,-0.018199394076935466,-3.332,-0.0032295469679086246,-3.332,0.004610425249992292
268,-3.33,-0.018200083541320737,-3.33,-0.0032331291432021667,-3.33,0.004612884395962552
269,-3.3280000000000003,-0.018200749781421006,-3.3280000000000003,-0.0032366480950986147,-3.3280000000000003,0.004615270039547301
270,-3.326,-0.01820139275274613,-3.326,-0.003240104547945856,-3.326,0.004617582318291812
271,-3.324,-0.018202012440366695,-3.324,-0.0032434992337562196,-3.324,0.004619821442239644
272,-3.322,-0.018202608858914032,-3.322,-0.0032468328922064735,-3.322,0.004621987693932628
273,-3.3200000000000003,-0.01820318205258022,-3.3200000000000003,-0.003250106270637817,-3.3200000000000003,0.004624081428410878
274,-3.318,-0.01820373209511806,-3.318,-0.0032533201240558807,-3.318,0.0046261030732127895
275,-3.316,-0.018204259089841104,-3.316,-0.003256475215130745,-3.316,0.00462805312837504
276,-3.314,-0.018204763169623647,-3.314,-0.0032595723141969103,-3.314,0.004629932166432586
277,-3.3120000000000003,-0.018205244496900717,-3.3120000000000003,-0.0032626121992533168,-3.3120000000000003,0.004631740832418671
278,-3.31,-0.01820570326366808,-3.31,-0.0032655956559633492,-3.31,0.0046334798438648
279,-3.308,-0.018206139691482253,-3.308,-0.0032685234776548173,-3.308,0.00463514999080078
280,-3.306,-0.01820655403146048,-3.306,-0.003271396465319973,-3.306,0.004636752135754686
281,-3.3040000000000003,-0.018206946564280752,-3.3040000000000003,-0.0032742154276154956,-3.3040000000000003,0.004638287213752881
282,-3.302,-0.018207317600181797,-3.302,-0.0032769811808625107,-3.302,0.004639756232320005
283,-3.3,-0.018207667478963085,-3.3,-0.0032796945490465683,-3.3,0.0046411602714789765
284,-3.298,-0.018207996569984827,-3.298,-0.003282356363817667,-3.298,0.004642500483750998
285,-3.2960000000000003,-0.018208305272167966,-3.2960000000000003,-0.0032849674644902307,-3.2960000000000003,0.004643778094155553
286,-3.294,-0.018208594013994196,-3.294,-0.0032875286980431247,-3.294,0.004644994400210399
287,-3.292,-0.01820886325350594,-3.292,-0.0032900409191196425,-3.292,0.004646150771931576
288,-3.29,-0.01820911347830637,-3.29,-0.00329250499002752,-3.29,0.00464724865183342
289,-3.2880000000000003,-0.018209345205559394,-3.2880000000000003,-0.0032949217807389276,-3.2880000000000003,0.00464828955492852
290,-3.286,-0.018209558981989657,-3.286,-0.003297292168890468,-3.286,0.004649275068727775
291,-3.2840000000000003,-0.018209755383882545,-3.2840000000000003,-0.0032996170397831884,-3.2840000000000003,0.0046502068532403365
292,-3.282,-0.01820993501708419,-3.282,-0.0033018972863825546,-3.282,0.004651086640973655
293,-3.2800000000000002,-0.01821009851700146,-3.2800000000000002,-0.003304133809318488,-3.2800000000000002,0.004651916236933465
294,-3.278,-0.018210246548601955,-3.278,-0.0033063275168853344,-3.278,0.004652697518623759
295,-3.2760000000000002,-0.018210379806414025,-3.2760000000000002,-0.0033084793250418715,-3.2760000000000002,0.00465343243604683
296,-3.274,-0.01821049901452676,-3.274,-0.0033105901574113222,-3.274,0.0046541230117032525
297,-3.2720000000000002,-0.01821060492658998,-3.2720000000000002,-0.0033126609452813413,-3.2720000000000002,0.004654771340591862
298,-3.27,-0.018210698325814255,-3.27,-0.003314692627604015,-3.27,0.004655379590209799
299,-3.2680000000000002,-0.01821078002497089,-3.2680000000000002,-0.0033166861509958713,-3.2680000000000002,0.004655950000552467
300,-3.266,-0.01821085086639193,-3.266,-0.0033186424697378737,-3.266,0.004656484884113556
301,-3.2640000000000002,-0.018210911721970167,-3.2640000000000002,-0.0033205625457754136,-3.2640000000000002,0.00465698662588504
302,-3.262,-0.018210963493159114,-3.262,-0.0033224473487183243,-3.262,0.004657457683357159
303,-3.2600000000000002,-0.018211007110973048,-3.2600000000000002,-0.0033242978558408777,-3.2600000000000002,0.004657900586518458
304,-3.258,-0.018211043535986966,-3.258,-0.003326115052081774,-3.258,0.0046583179378557465
305,-3.2560000000000002,-0.018211073758336617,-3.2560000000000002,-0.0033278999300441515,-3.2560000000000002,0.0046587124123541115
306,-3.254,-0.018211098797718483,-3.254,-0.0033296534899955876,-3.254,0.004659086757496926
307,-3.2520000000000002,-0.018211119703389792,-3.2520000000000002,-0.003331376739868091,-3.2520000000000002,0.004659443793265848
308,-3.25,-0.018211137554168505,-3.25,-0.0033330706952581085,-3.25,0.004659786412140814
309,-3.248,-0.01821115345843333,-3.248,-0.003334736379426516,-3.248,0.00466011757910003
310,-3.246,-0.018211168554123705,-3.246,-0.0033363748232986407,-3.246,0.004660440331620004
311,-3.244,-0.018211184008739816,-3.244,-0.003337987065464225,-3.244,0.004660757779675499
312,-3.242,-0.018211201019342586,-3.242,-0.003339574152177463,-3.242,0.0046610731057395785
313,-3.24,-0.018211220812553684,-3.24,-0.003341137137356974,-3.24,0.004661389564783576
314,-3.238,-0.018211244644555504,-3.238,-0.0033426770825858224,-3.238,0.004661710484277111
315,-3.236,-0.018211273801091197,-3.236,-0.0033441950571115008,-3.236,0.004662039264188081
316,-3.234,-0.01821130959746464,-3.234,-0.0033456921378459403,-3.234,0.004662379376982662
317,-3.232,-0.018211353378540455,-3.232,-0.0033471694093655073,-3.232,0.004662734367625321
318,-3.23,-0.018211406518744012,-3.23,-0.003348627963911003,-3.23,0.004663107853578791
319,-3.228,-0.018211470422061404,-3.228,-0.00335006890138766,-3.228,0.004663503524804095
320,-3.226,-0.01821154652203948,-3.226,-0.0033514933293651607,-3.226,0.0046639251437605375
321,-3.224,-0.018211636281785817,-3.224,-0.0033529023630776075,-3.224,0.004664376545405691
322,-3.222,-0.01821174119396874,-3.222,-0.0033542971254235422,-3.222,0.004664861637195421
323,-3.22,-0.018211862780817305,-3.22,-0.0033556787469659517,-3.22,0.004665384399083872
324,-3.218,-0.018212002594121323,-3.218,-0.003357048365932244,-3.218,0.004665948883523466
325,-3.216,-0.018212162215231326,-3.216,-0.0033584071282142768,-3.216,0.0046665592154649035
326,-3.214,-0.018212343255058598,-3.214,-0.003359756187368331,-3.214,0.0046672195923571705
327,-3.212,-0.018212547157765564,-3.212,-0.0033610966394464863,-3.212,0.004667933787322054
328,-3.21,-0.018212763075287432,-3.21,-0.0033624253679945017,-3.21,0.004668674453713877
329,-3.208,-0.018212983638339494,-3.208,-0.003363740017533527,-3.208,0.004669423023108604
330,-3.206,-0.01821320832964504,-3.206,-0.003365040436392644,-3.206,0.0046701782627443025
331,-3.204,-0.018213436643157454,-3.204,-0.003366326479155593,-3.204,0.004670938967265267
332,-3.202,-0.01821366808406026,-3.202,-0.0033675980066607825,-3.202,0.0046717039587220455
333,-3.2,-0.018213902168767077,-3.2,-0.003368854886001263,-3.2,0.0046724720865714275
334,-3.198,-0.018214138424921648,-3.198,-0.0033700969905247555,-3.198,0.004673242227676441
335,-3.196,-0.018214376391397828,-3.196,-0.0033713241998336307,-3.196,0.004674013286306358
336,-3.194,-0.01821461561829959,-3.194,-0.003372536399784916,-3.194,0.00467478419413668
337,-3.192,-0.01821485566696101,-3.192,-0.003373733482490305,-3.192,0.004675553910249167
338,-3.19,-0.01821509610994629,-3.19,-0.003374915346316138,-3.19,0.004676321421131807
339,-3.188,-0.01821533653104975,-3.188,-0.0033760818958834225,-3.188,0.004677085740678842
340,-3.186,-0.01821557652529581,-3.186,-0.0033772330420678183,-3.186,0.004677845910190742
341,-3.184,-0.018215815698939018,-3.184,-0.0033783687019996456,-3.184,0.0046786009983742355
342,-3.182,-0.01821605366946403,-3.182,-0.003379488799063874,-3.182,0.004679350101342267
343,-3.18,-0.018216290065585613,-3.18,-0.003380593262900144,-3.18,0.004680092342614045
344,-3.178,-0.018216524527248656,-3.178,-0.0033816820294027446,-3.178,0.00468082687311501
345,-3.176,-0.01821675670562816,-3.176,-0.0033827550407206225,-3.176,0.0046815528711768445
346,-3.174,-0.01821698626312924,-3.174,-0.0033838122452573872,-3.174,0.004682269542537483
347,-3.172,-0.01821721287338713,-3.172,-0.003384853597671298,-3.172,0.004682976120341076
348,-3.17,-0.018217436221267168,-3.17,-0.003385879058875281,-3.17,0.004683671865138045
349,-3.168,-0.018217656002864815,-3.168,-0.003386888596036912,-3.168,0.0046843560648850355
350,-3.166,-0.01821787192550564,-3.166,-0.00338788218257843,-3.166,0.00468502803494493
351,-3.164,-0.01821808370774534,-3.164,-0.0033888597981767236,-3.164,0.0046856871180868745
352,-3.162,-0.018218291079369713,-3.162,-0.0033898214287633524,-3.162,0.004686332684486226
353,-3.16,-0.018218493781394677,-3.16,-0.0033907670665245214,-3.16,0.004686964131724619
354,-3.1580000000000004,-0.01821869156606626,-3.1580000000000004,-0.003391696709901096,-3.1580000000000004,0.004687580884789891
355,-3.156,-0.018218884196860612,-3.156,-0.003392610363588601,-3.156,0.00468818239607615
356,-3.154,-0.018219071448483993,-3.154,-0.0033935080385372185,-3.154,0.004688768145383736
357,-3.152,-0.018219253106872776,-3.152,-0.0033943897519517936,-3.152,0.0046893376399192235
358,-3.1500000000000004,-0.01821942896919345,-3.1500000000000004,-0.003395255527291814,-3.1500000000000004,0.004689890414295433
359,-3.148,-0.018219598843842628,-3.148,-0.0033961053942714384,-3.148,0.004690426030531443
360,-3.146,-0.01821976255044702,-3.146,-0.003396939388859481,-3.146,0.004690944078052539
361,-3.144,-0.01821991991986346,-3.144,-0.0033977575532794096,-3.144,0.00469144417369028
362,-3.1420000000000003,-0.0182200707941789,-3.1420000000000003,-0.0033985599360093523,-3.1420000000000003,0.0046919259616824485
363,-3.14,-0.0182202150267104,-3.14,-0.0033993465917820896,-3.14,0.004692389113673069
364,-3.138,-0.01822035248200514,-3.138,-0.0034001175815850694,-3.138,0.004692833328712426
365,-3.136,-0.018220483035840406,-3.136,-0.003400872972660389,-3.136,0.004693258333257018
366,-3.1340000000000003,-0.01822060657522361,-3.1340000000000003,-0.0034016128385048056,-3.1340000000000003,0.004693663881169603
367,-3.132,-0.018220722998392266,-3.132,-0.0034023372588697365,-3.132,0.004694049753719176
368,-3.13,-0.018220832214814017,-3.13,-0.003403046319761252,-3.13,0.004694415759580975
369,-3.128,-0.018220934145186607,-3.128,-0.003403740113440086,-3.128,0.004694761734836475
370,-3.1260000000000003,-0.018221028721437906,-3.1260000000000003,-0.003404418738421622,-3.1260000000000003,0.004695087542973389
371,-3.124,-0.018221115886725887,-3.124,-0.0034050822994759027,-3.124,0.004695393074885694
372,-3.122,-0.018221195595438645,-3.122,-0.003405730907627639,-3.122,0.004695678248873576
373,-3.12,-0.01822126781319439,-3.12,-0.003406364680156187,-3.12,0.00469594301064348
374,-3.1180000000000003,-0.018221332516841444,-3.1180000000000003,-0.003406983740595563,-3.1180000000000003,0.004696187333308101
375,-3.116,-0.018221389694458245,-3.116,-0.003407588218734447,-3.116,0.0046964112173863495
376,-3.114,-0.018221439345353342,-3.114,-0.003408178250616168,-3.114,0.004696614690803409
377,-3.112,-0.018221481480065402,-3.112,-0.0034087539785387193,-3.112,0.004696797808890679
378,-3.1100000000000003,-0.018221516120363206,-3.1100000000000003,-0.00340931555105475,-3.1100000000000003,0.0046969606543858095
379,-3.108,-0.01822154329924565,-3.108,-0.0034098631229715626,-3.108,0.004697103337432694
380,-3.106,-0.01822156306094174,-3.106,-0.0034103968553511194,-3.106,0.004697225995581471
381,-3.104,-0.01822157546091061,-3.104,-0.003410916915510046,-3.104,0.004697328793788508
382,-3.1020000000000003,-0.018221580565841486,-3.1020000000000003,-0.0034114234770196185,-3.1020000000000003,0.004697411924416417
383,-3.1,-0.01822157845365373,-3.1,-0.003411916719705775,-3.1,0.004697475607234068
384,-3.098,-0.01822156921349681,-3.098,-0.003412396829649108,-3.098,0.004697520089416547
385,-3.096,-0.018221552945750306,-3.096,-0.0034128639991848654,-3.096,0.004697545645545205
386,-3.0940000000000003,-0.018221529762023916,-3.0940000000000003,-0.0034133184269029594,-3.0940000000000003,0.004697552577607615
387,-3.092,-0.01822149978515745,-3.092,-0.0034137603176479583,-3.092,0.0046975412149976095
388,-3.09,-0.018221463149220837,-3.09,-0.00341418988251908,-3.09,0.004697511914515243
389,-3.088,-0.018221419999514116,-3.088,-0.0034146073388702097,-3.088,0.0046974650603668205
390,-3.0860000000000003,-0.018221370492567442,-3.0860000000000003,-0.0034150129103098885,-3.0860000000000003,0.0046974010641648994
391,-3.084,-0.018221314796141086,-3.084,-0.0034154068267013074,-3.084,0.004697320364928266
392,-3.082,-0.018221253089225432,-3.082,-0.0034157893241623244,-3.082,0.004697223429081937
393,-3.08,-0.01822118556204098,-3.08,-0.003416160645065454,-3.08,0.004697110750457201
394,-3.0780000000000003,-0.01822111241603834,-3.0780000000000003,-0.0034165210380378563,-3.0780000000000003,0.004696982850291569
395,-3.076,-0.018221033863898246,-3.076,-0.0034168707579613697,-3.076,0.004696840277228782
396,-3.074,-0.018220950129531534,-3.074,-0.0034172100659724675,-3.074,0.004696683607318848
397,-3.072,-0.018220861448079165,-3.072,-0.0034175392294623005,-3.072,0.004696513444017995
398,-3.0700000000000003,-0.018220768065912208,-3.0700000000000003,-0.0034178585220766625,-3.0700000000000003,0.004696330418188711
399,-3.068,-0.018220670240631853,-3.068,-0.00341816822371601,-3.068,0.0046961351880997135
400,-3.066,-0.0182205682410694,-3.066,-0.003418468620535464,-3.066,0.004695928439425963
401,-3.064,-0.018220462347286262,-3.064,-0.003418760004944791,-3.064,0.004695710885248658
402,-3.0620000000000003,-0.018220352850573968,-3.0620000000000003,-0.003419042675608424,-3.0620000000000003,0.004695483266055248
403,-3.06,-0.018220240053454167,-3.06,-0.0034193169374454498,-3.06,0.004695246349739418
404,-3.058,-0.018220124269678614,-3.058,-0.0034195831016296113,-3.058,0.004695000931601093
405,-3.056,-0.018220005824229186,-3.056,-0.0034198414855893117,-3.056,0.004694747834346438
406,-3.0540000000000003,-0.018219885053317866,-3.0540000000000003,-0.0034200924130076103,-3.0540000000000003,0.004694487908087873
407,-3.052,-0.01821976230438676,-3.052,-0.0034203362138222303,-3.052,0.004694222030344038
408,-3.05,-0.018219637936108087,-3.05,-0.003420573224225537,-3.05,0.0046939511060398315
409,-3.048,-0.018219512318384177,-3.048,-0.003420803786664574,-3.048,0.00469367606750639
410,-3.0460000000000003,-0.018219385832347473,-3.0460000000000003,-0.0034210282498410224,-3.0460000000000003,0.004693397874481087
411,-3.044,-0.01821925887036054,-3.044,-0.003421246968711232,-3.044,0.004693117514107538
412,-3.042,-0.01821913183601605,-3.042,-0.003421460304486215,-3.042,0.004692836000935605
413,-3.04,-0.018219005144136796,-3.04,-0.003421668624631627,-3.04,0.004692554376921378
414,-3.0380000000000003,-0.018218879220775683,-3.0380000000000003,-0.0034218723028677893,-3.0380000000000003,0.0046922737114272126
415,-3.036,-0.018218754503215726,-3.036,-0.0034220717191696844,-3.036,0.004691995101221674
416,-3.034,-0.018218631439970063,-3.034,-0.0034222672597669437,-3.034,0.004691719670479606
417,-3.032,-0.01821851049078194,-3.032,-0.0034224593171438625,-3.032,0.004691448570782061
418,-3.0300000000000002,-0.018218392126624718,-3.0300000000000002,-0.0034226482900393887,-3.0300000000000002,0.00469118298111635
419,-3.028,-0.018218276829701875,-3.028,-0.003422834583447134,-3.028,0.00469092410787602
420,-3.0260000000000002,-0.018218165093447005,-3.0260000000000002,-0.0034230186086153663,-3.0260000000000002,0.004690673184860855
421,-3.024,-0.01821805742252381,-3.024,-0.0034232007830470035,-3.024,0.004690431473276899
422,-3.0220000000000002,-0.018217954332826115,-3.0220000000000002,-0.0034233815304996265,-3.0220000000000002,0.004690200261736416
423,-3.02,-0.018217856351477855,-3.02,-0.00342356128098548,-3.02,0.004689980866257923
424,-3.0180000000000002,-0.018217764016833077,-3.0180000000000002,-0.0034237404707714546,-3.0180000000000002,0.004689774630266166
425,-3.016,-0.01821767787847595,-3.016,-0.003423919542379108,-3.016,0.0046895829245921575
426,-3.0140000000000002,-0.01821759849722075,-3.0140000000000002,-0.003424098944584647,-3.0140000000000002,0.004689407147473124
427,-3.012,-0.01821752644511187,-3.012,-0.003424279132418946,-3.012,0.00468924872455255
428,-3.0100000000000002,-0.01821746230542382,-3.0100000000000002,-0.0034244605671675254,-3.0100000000000002,0.004689109108880159
429,-3.008,-0.018217406672661217,-3.008,-0.0034246437163705755,-3.008,0.004688989780911909
430,-3.0060000000000002,-0.018217360152558808,-3.0060000000000002,-0.003424829053822933,-3.0060000000000002,0.004688892248509997
431,-3.004,-0.018217323362081435,-3.004,-0.003425017059574098,-3.004,0.0046888180469428845
432,-3.0020000000000002,-0.018217296929424073,-3.0020000000000002,-0.0034252082199282274,-3.0020000000000002,0.0046887687388852475
433,-3.0,-0.0182172814940118,-3.0,-0.0034254030274441377,-3.0,0.004688745914418015
434,-2.998,-0.018217277706499804,-2.998,-0.003425601980935295,-2.998,0.004688751191028358
435,-2.996,-0.018217286228773406,-2.996,-0.0034258055854698363,-2.996,0.004688786213609686
436,-2.994,-0.018217307733948022,-2.994,-0.003426014352370544,-2.994,0.004688852654461652
437,-2.992,-0.018217342906369196,-2.992,-0.003426228799214861,-2.992,0.004688952213290153
438,-2.99,-0.018217392441612582,-2.99,-0.003426449449834893,-2.99,0.004689086617207322
439,-2.988,-0.018217457046483945,-2.988,-0.0034266768343173964,-2.988,0.004689257620731531
440,-2.986,-0.018217537427295507,-2.986,-0.0034269114698909295,-2.986,0.004689466955799915
441,-2.984,-0.01821763156336944,-2.984,-0.0034271497101293416,-2.984,0.004689705254269566
442,-2.982,-0.018217737139445758,-2.982,-0.003427388434824853,-2.982,0.0046899637677995515
443,-2.98,-0.018217853535082484,-2.98,-0.0034276274931022074,-2.98,0.004690241359718739
444,-2.978,-0.018217980139528453,-2.978,-0.0034278667366993455,-2.978,0.004690536911172272
445,-2.976,-0.018218116351723306,-2.976,-0.0034281060199673995,-2.976,0.004690849321121578
446,-2.974,-0.018218261580297507,-2.974,-0.003428345199870713,-2.974,0.004691177506344339
447,-2.972,-0.018218415243572334,-2.972,-0.003428584135986814,-2.972,0.004691520401434536
448,-2.97,-0.018218576769559878,-2.97,-0.003428822690506445,-2.97,0.004691876958802403
449,-2.968,-0.01821874559596304,-2.968,-0.0034290607282335336,-2.968,0.004692246148674459
450,-2.966,-0.018218921170175546,-2.966,-0.0034292981165852145,-2.966,0.0046926269590934835
451,-2.964,-0.01821910294928192,-2.964,-0.0034295347255918103,-2.964,0.004693018395918541
452,-2.962,-0.018219290400057524,-2.962,-0.003429770427896859,-2.962,0.004693419482824972
453,-2.96,-0.018219482998968507,-2.96,-0.0034300050987570788,-2.96,0.0046938292613043844
454,-2.958,-0.018219680232171857,-2.958,-0.0034302386160423963,-2.958,0.004694246790664665
455,-2.956,-0.01821988159551536,-2.956,-0.0034304708602359395,-2.956,0.004694671148029961
456,-2.954,-0.018220086594537624,-2.954,-0.003430701714434027,-2.954,0.00469510142834071
457,-2.952,-0.018220294744468072,-2.952,-0.003430931064346183,-2.952,0.004695536744353614
458,-2.95,-0.018220505570226937,-2.95,-0.003431158798295121,-2.95,0.004695976226641647
459,-2.948,-0.018220718606425265,-2.948,-0.0034313848072167648,-2.948,0.004696419023594071
460,-2.946,-0.018220933397364927,-2.946,-0.0034316089846602275,-2.946,0.004696864301416401
461,-2.944,-0.0182211494970386,-2.944,-0.0034318312267878244,-2.944,0.004697311244130441
462,-2.942,-0.018221366469129776,-2.942,-0.0034320514323750682,-2.942,0.004697759053574266
463,-2.94,-0.018221583887012758,-2.94,-0.0034322695028106733,-2.94,0.00469820694940222
464,-2.938,-0.018221801333752678,-2.938,-0.003432485342096548,-2.938,0.004698654169084916
465,-2.936,-0.018222018402105463,-2.936,-0.0034326988568478024,-2.936,0.004699099967909258
466,-2.934,-0.01822223469451787,-2.934,-0.0034329099562927443,-2.934,0.004699543618978411
467,-2.932,-0.018222449823127464,-2.932,-0.003433118552272879,-2.932,0.004699984413211816
468,-2.93,-0.018222663409762623,-2.93,-0.003433324559242914,-2.93,0.004700421659345186
469,-2.928,-0.01822287508594254,-2.928,-0.0034335278942707465,-2.928,0.004700854683930514
470,-2.926,-0.018223084492877226,-2.926,-0.003433728477037483,-2.926,0.004701282831336057
471,-2.924,-0.018223291281467505,-2.924,-0.0034339262298374203,-2.924,0.004701705463746347
472,-2.922,-0.018223495112305015,-2.922,-0.0034341210775780603,-2.922,0.004702121961162209
473,-2.92,-0.018223695655672206,-2.92,-0.0034343129477800993,-2.92,0.004702531721400713
474,-2.918,-0.018223892591542345,-2.918,-0.0034345017705774347,-2.918,0.004702934160095221
475,-2.916,-0.018224085609579516,-2.916,-0.003434687478717155,-2.916,0.004703328710695356
476,-2.914,-0.01822427440913861,-2.914,-0.00343487000755956,-2.914,0.004703714824467041
477,-2.912,-0.018224458699265342,-2.912,-0.0034350492950781346,-2.912,0.004704091970492437
478,-2.91,-0.018224638198696234,-2.91,-0.003435225281859574,-2.91,0.004704459635670004
479,-2.908,-0.018224812635858623,-2.908,-0.003435397911103765,-2.908,0.004704817324714464
480,-2.906,-0.018224981748870668,-2.906,-0.003435567128623796,-2.906,0.0047051645601568215
481,-2.904,-0.018225145285541332,-2.904,-0.0034357328828459495,-2.904,0.004705500882344345
482,-2.902,-0.0182253030033704,-2.902,-0.003435895124809709,-2.902,0.004705825849440577
483,-2.9000000000000004,-0.018225454669548467,-2.9000000000000004,-0.00343605380816776,-2.9000000000000004,0.004706139037425346
484,-2.898,-0.018225600060956946,-2.898,-0.003436208889185985,-2.898,0.004706440040094746
485,-2.896,-0.018225738964168063,-2.896,-0.003436360326743458,-2.896,0.0047067284690611375
486,-2.894,-0.018225871175444858,-2.894,-0.0034365080823324616,-2.894,0.004707003953753168
487,-2.8920000000000003,-0.018225996500741186,-2.8920000000000003,-0.0034366521200584685,-2.8920000000000003,0.004707266141415756
488,-2.89,-0.01822611475570171,-2.89,-0.00343679240664016,-2.89,0.004707514697110081
489,-2.888,-0.018226225765661925,-2.888,-0.003436928911409405,-2.888,0.004707749303713614
490,-2.886,-0.018226329365648122,-2.886,-0.003437061606311277,-2.886,0.0047079696619200875
491,-2.8840000000000003,-0.018226425400377416,-2.8840000000000003,-0.0034371904659040477,-2.8840000000000003,0.004708175490239511
492,-2.882,-0.018226513724257733,-2.882,-0.003437315467359186,-2.882,0.0047083665249981685
493,-2.88,-0.018226594201387815,-2.88,-0.0034374365904613555,-2.88,0.0047085425203386155
494,-2.878,-0.018226666705557216,-2.878,-0.003437553817608432,-2.878,0.0047087032482196894
495,-2.8760000000000003,-0.01822673112024631,-2.8760000000000003,-0.0034376671338114707,-2.8760000000000003,0.00470884849841649
496,-2.874,-0.018226787338626278,-2.874,-0.00343777652669474,-2.874,0.004708978078520401
497,-2.872,-0.018226835263559123,-2.872,-0.0034378819864957014,-2.872,0.0047090918139390675
498,-2.87,-0.01822687480759766,-2.87,-0.003437983506065015,-2.87,0.004709189547896418
499,-2.8680000000000003,-0.01822690589298551,-2.8680000000000003,-0.0034380810808665417,-2.8680000000000003,0.004709271141432651
500,-2.866,-0.01822692845165712,-2.866,-0.003438174708977334,-2.866,0.004709336473404248
501,-2.864,-0.018226942425237754,-2.864,-0.0034382643910876518,-2.864,0.004709385440483944
502,-2.862,-0.018226947765043473,-2.862,-0.00343835013050095,-2.862,0.004709417957160768
503,-2.8600000000000003,-0.01822694443208117,-2.8600000000000003,-0.0034384319331338814,-2.8600000000000003,0.004709433955740014
504,-2.858,-0.018226932397048545,-2.858,-0.0034385098075162997,-2.858,0.004709433386343248
505,-2.856,-0.018226911640334107,-2.856,-0.0034385837647912497,-2.856,0.004709416216908305
506,-2.854,-0.018226882152017194,-2.854,-0.003438653818714981,-2.854,0.004709382433189316
507,-2.8520000000000003,-0.018226843931867943,-2.8520000000000003,-0.0034387199856569448,-2.8520000000000003,0.004709332038756661
508,-2.85,-0.01822679698934732,-2.85,-0.003438782284599786,-2.85,0.004709265054996997
509,-2.848,-0.01822674134360709,-2.848,-0.003438840737139348,-2.848,0.004709181521113277
510,-2.846,-0.018226677023489846,-2.846,-0.003438895367484672,-2.846,0.004709081494124696
511,-2.8440000000000003,-0.018226604067528986,-2.8440000000000003,-0.003438946202458,-2.8440000000000003,0.0047089650488667464
512,-2.842,-0.018226522523948734,-2.842,-0.003438993271494776,-2.842,0.004708832277991182
513,-2.84,-0.01822643245066411,-2.84,-0.003439036606643634,-2.84,0.004708683291966033
514,-2.838,-0.018226333915280966,-2.838,-0.0034390762425664106,-2.838,0.004708518219075614
515,-2.8360000000000003,-0.018226226995095962,-2.8360000000000003,-0.003439112216538146,-2.8360000000000003,0.004708337205420493
516,-2.834,-0.01822611177709657,-2.834,-0.003439144568447069,-2.834,0.0047081404149175235
517,-2.832,-0.01822598835796108,-2.832,-0.003439173340794615,-2.832,0.0047079280292998404
518,-2.83,-0.018225856844058596,-2.83,-0.0034391985786954155,-2.83,0.004707700248116835
519,-2.8280000000000003,-0.018225717351449032,-2.8280000000000003,-0.003439220329877299,-2.8280000000000003,0.004707457288734181
520,-2.826,-0.018225570005883124,-2.826,-0.0034392386446812917,-2.826,0.004707199386333835
521,-2.824,-0.018225414942802415,-2.824,-0.0034392535760616252,-2.824,0.004706926793914011
522,-2.822,-0.01822525230733927,-2.822,-0.003439265179585718,-2.822,0.004706639782289204
523,-2.8200000000000003,-0.018225082254316863,-2.8200000000000003,-0.003439273513434201,-2.8200000000000003,0.00470633864009018
524,-2.818,-0.01822490494824918,-2.818,-0.0034392786384008917,-2.818,0.004706023673763986
525,-2.816,-0.018224720563341033,-2.816,-0.003439280617892816,-2.816,0.00470569520757394
526,-2.814,-0.018224529283488035,-2.814,-0.003439279517930185,-2.814,0.004705353583599622
527,-2.8120000000000003,-0.018224331302276624,-2.8120000000000003,-0.003439275407146423,-2.8120000000000003,0.00470499916173691
528,-2.81,-0.018224126822984042,-2.81,-0.003439268356788143,-2.81,0.004704632319697921
529,-2.808,-0.018223916058578354,-2.808,-0.003439258440715163,-2.808,0.0047042534530110855
530,-2.806,-0.01822369923171844,-2.806,-0.0034392457354004945,-2.806,0.004703862975021074
531,-2.8040000000000003,-0.018223476574753986,-2.8040000000000003,-0.003439230319930351,-2.8040000000000003,0.0047034613168888476
532,-2.802,-0.0182232483297255,-2.802,-0.00343921227600414,-2.802,0.004703048927591644
533,-2.8,-0.018223014748364304,-2.8,-0.0034391916879344744,-2.8,0.004702626273922969
534,-2.798,-0.01822277609209253,-2.798,-0.0034391686426471606,-2.798,0.0047021938404925925
535,-2.7960000000000003,-0.018222532632023128,-2.7960000000000003,-0.0034391432296812033,-2.7960000000000003,0.004701752129726566
536,-2.794,-0.018222284648959863,-2.794,-0.003439115541188805,-2.794,0.004701301661867233
537,-2.792,-0.01822203243339731,-2.792,-0.0034390856719353734,-2.792,0.004700842974973175
538,-2.79,-0.018221776285520862,-2.79,-0.00343905371929951,-2.79,0.004700376624919282
539,-2.7880000000000003,-0.018221516515206728,-2.7880000000000003,-0.0034390197832730104,-2.7880000000000003,0.004699903185396689
540,-2.786,-0.01822125344202193,-2.786,-0.0034389839664608797,-2.786,0.004699423247912823
541,-2.784,-0.018220987395224302,-2.784,-0.0034389463740813093,-2.784,0.004698937421791373
542,-2.782,-0.01822071871376249,-2.782,-0.0034389071139656995,-2.782,0.004698446334172324
543,-2.7800000000000002,-0.01822044774627597,-2.7800000000000002,-0.003438866296558641,-2.7800000000000002,0.004697950630011896
544,-2.778,-0.01822017485109501,-2.778,-0.0034388240349179297,-2.778,0.004697450972082622
545,-2.776,-0.01821990039624071,-2.776,-0.0034387804447145523,-2.776,0.004696948040973287
546,-2.774,-0.018219624759424978,-2.774,-0.003438735644232707,-2.774,0.004696442535088954
547,-2.7720000000000002,-0.018219348328050534,-2.7720000000000002,-0.0034386897543697732,-2.7720000000000002,0.004695935170650964
548,-2.77,-0.018219071499210916,-2.77,-0.0034386428986363446,-2.77,0.004695426681696917
549,-2.768,-0.018218794679690477,-2.768,-0.003438595203156203,-2.768,0.0046949178200807115
550,-2.766,-0.01821851828596438,-2.766,-0.0034385467966663343,-2.766,0.004694409355472495
551,-2.7640000000000002,-0.01821824274419861,-2.7640000000000002,-0.003438497810516923,-2.7640000000000002,0.004693902075358705
552,-2.762,-0.01821796849024996,-2.762,-0.0034384483786713445,-2.762,0.004693396785042048
553,-2.76,-0.018217695969666037,-2.76,-0.0034383986377061818,-2.76,0.004692894307641499
554,-2.758,-0.018217425637685268,-2.758,-0.0034383487268112127,-2.758,0.004692395484092317
555,-2.7560000000000002,-0.018217157959236892,-2.7560000000000002,-0.003438298787789413,-2.7560000000000002,0.004691901173146024
556,-2.754,-0.01821689340894096,-2.754,-0.0034382489650569593,-2.754,0.0046914122513704165
557,-2.752,-0.018216632471108336,-2.752,-0.0034381994056432268,-2.752,0.004690929613149583
558,-2.75,-0.01821637563974071,-2.75,-0.0034381502591907843,-2.75,0.0046904541706838596
559,-2.748,-0.018216123418530572,-2.748,-0.003438101677955406,-2.748,0.004689986853989872
560,-2.746,-0.018215876320861236,-2.746,-0.0034380538168060568,-2.746,0.004689528610900516
561,-2.7439999999999998,-0.01821563486980682,-2.7439999999999998,-0.0034380068332249096,-2.7439999999999998,0.004689080407064956
562,-2.742,-0.018215399598132277,-2.742,-0.0034379608873073286,-2.742,0.004688643225948641
563,-2.74,-0.018215171048293347,-2.74,-0.0034379161417618757,-2.74,0.004688218068833287
564,-2.738,-0.01821494977243661,-2.738,-0.003437872761910321,-2.738,0.0046878059548168816
565,-2.7359999999999998,-0.01821473633239944,-2.7359999999999998,-0.003437830915687619,-2.7359999999999998,0.004687407920813687
566,-2.734,-0.01821453129971004,-2.734,-0.0034377907736419383,-2.734,0.004687025021554242
567,-2.732,-0.01821433525558742,-2.732,-0.0034377525089346293,-2.732,0.004686658329585362
568,-2.73,-0.018214148790941406,-2.73,-0.003437716297340257,-2.73,0.004686308935270125
569,-2.7279999999999998,-0.01821397250637264,-2.7279999999999998,-0.0034376823172465737,-2.7279999999999998,0.004685977946787899
570,-2.726,-0.01821380701217258,-2.726,-0.0034376507496545333,-2.726,0.004685666490134306
571,-2.724,-0.01821365292832349,-2.724,-0.003437621778178291,-2.724,0.00468537570912126
572,-2.722,-0.01821351088449846,-2.722,-0.0034375955890451997,-2.722,0.004685106765376937
573,-2.7199999999999998,-0.018213381520061384,-2.7199999999999998,-0.0034375723710958067,-2.7199999999999998,0.004684860838345795
574,-2.718,-0.01821326548406698,-2.718,-0.003437552315783861,-2.718,0.004684639125288548
575,-2.716,-0.01821316343526077,-2.716,-0.003437535617176312,-2.716,0.0046844428412822145
576,-2.714,-0.0182130760420791,-2.714,-0.0034375224719533047,-2.714,0.0046842732192200615
577,-2.712,-0.018213003982649127,-2.712,-0.003437513079408181,-2.712,0.0046841315098116315
578,-2.71,-0.01821294794478882,-2.71,-0.0034375076414474882,-2.71,0.004684018981582751
579,-2.708,-0.018212908626006965,-2.708,-0.003437506362590964,-2.708,0.004683936920875521
580,-2.7060000000000004,-0.018212886733503162,-2.7060000000000004,-0.0034375094499715514,-2.7060000000000004,0.004683886631848308
581,-2.704,-0.018212882984167827,-2.704,-0.003437517113335384,-2.704,0.004683869436475745
582,-2.702,-0.01821289810458219,-2.702,-0.003437529565041803,-2.702,0.004683886674548762
583,-2.7,-0.018212932831018287,-2.7,-0.003437547020063346,-2.7,0.004683939703674547
584,-2.6980000000000004,-0.018212987909438986,-2.6980000000000004,-0.0034375696959857392,-2.6980000000000004,0.004684029899276562
585,-2.696,-0.018213064095497954,-2.696,-0.003437597813007922,-2.696,0.004684158654594539
586,-2.694,-0.018213162154539678,-2.694,-0.003437631593942024,-2.694,0.0046843273806845
587,-2.692,-0.018213282861599456,-2.692,-0.0034376712642133767,-2.692,0.004684537506418729
588,-2.6900000000000004,-0.018213427001403413,-2.6900000000000004,-0.003437717051860502,-2.6900000000000004,0.004684790478485773
589,-2.688,-0.01821359536836847,-2.688,-0.00343776918753513,-2.688,0.004685087761390476
590,-2.686,-0.01821378482099665,-2.686,-0.0034378255011449366,-2.686,0.004685420362934338
591,-2.684,-0.018213987942238382,-2.684,-0.003437881651419672,-2.684,0.004685769003077572
592,-2.6820000000000004,-0.0182142037040408,-2.6820000000000004,-0.0034379375213325,-2.6820000000000004,0.004686132178834505
593,-2.68,-0.01821443124513756,-2.68,-0.0034379930901950913,-2.68,0.0046865088174588634
594,-2.678,-0.018214669719629175,-2.678,-0.003438048337771959,-2.678,0.004686897865506995
595,-2.676,-0.01821491829698303,-2.676,-0.0034381032442804653,-2.676,0.004687298288837842
596,-2.6740000000000004,-0.01821517616203337,-2.6740000000000004,-0.0034381577903908195,-2.6740000000000004,0.004687709072612976
597,-2.672,-0.0182154425149813,-2.672,-0.0034382119572260762,-2.672,0.0046881292212965844
598,-2.67,-0.018215716571394792,-2.67,-0.003438265726362133,-2.67,0.004688557758655461
599,-2.668,-0.018215997562208694,-2.668,-0.0034383190798277403,-2.668,0.004688993727759015
600,-2.6660000000000004,-0.018216284733724695,-2.6660000000000004,-0.0034383720001044914,-2.6660000000000004,0.004689436190979272
601,-2.664,-0.018216577347611368,-2.664,-0.0034384244701268253,-2.664,0.004689884229990879
602,-2.662,-0.01821687468090414,-2.662,-0.0034384764732820275,-2.662,0.00469033694577109
603,-2.66,-0.018217176026005304,-2.66,-0.003438527993410233,-2.66,0.004690793458599775
604,-2.6580000000000004,-0.018217480690684015,-2.6580000000000004,-0.0034385790148044187,-2.6580000000000004,0.004691252908059426
605,-2.656,-0.0182177879980763,-2.656,-0.003438629522210409,-2.656,0.004691714453035137
606,-2.654,-0.018218097286685043,-2.654,-0.00343867950082688,-2.654,0.004692177271714629
607,-2.652,-0.01821840791037999,-2.652,-0.0034387289363053478,-2.652,0.004692640561588225
608,-2.6500000000000004,-0.018218719238397758,-2.6500000000000004,-0.003438777814750174,-2.6500000000000004,0.0046931035394488785
609,-2.648,-0.018219030655341827,-2.648,-0.003438826122718574,-2.648,0.004693565441392142
610,-2.646,-0.01821934156118253,-2.646,-0.0034388738472206012,-2.646,0.0046940255228161976
611,-2.644,-0.018219651371257084,-2.644,-0.0034389209757191633,-2.644,0.004694483058421829
612,-2.6420000000000003,-0.01821995951626955,-2.6420000000000003,-0.0034389674961300097,-2.6420000000000003,0.004694937342212442
613,-2.64,-0.018220265442290867,-2.64,-0.0034390133968217294,-2.64,0.004695387687494057
614,-2.638,-0.018220568610758832,-2.638,-0.0034390586666157748,-2.638,0.004695833426875309
615,-2.636,-0.018220868498478104,-2.636,-0.0034391032947864338,-2.636,0.004696273912267443
616,-2.6340000000000003,-0.018221164597620212,-2.6340000000000003,-0.0034391472710608335,-2.6340000000000003,0.0046967085148843235
617,-2.632,-0.018221456415723546,-2.632,-0.0034391905856189647,-2.632,0.004697136625242432
618,-2.63,-0.018221743475693362,-2.63,-0.0034392332290936536,-2.63,0.004697557653160857
619,-2.628,-0.018222025315801776,-2.628,-0.0034392751925705727,-2.628,0.004697971027761309
620,-2.6260000000000003,-0.01822230148968777,-2.6260000000000003,-0.0034393164675882437,-2.6260000000000003,0.0046983761974681085
621,-2.624,-0.018222571566357187,-2.624,-0.003439357046138035,-2.624,0.004698772630008202
622,-2.622,-0.018222835130182743,-2.622,-0.003439396920664157,-2.622,0.004699159812411126
623,-2.62,-0.018223091780904012,-2.62,-0.0034394360840636767,-2.62,0.0046995372510090574
624,-2.6180000000000003,-0.01822334113362743,-2.6180000000000003,-0.003439474529686494,-2.6180000000000003,0.004699904471436776
625,-2.616,-0.0182235828188263,-2.616,-0.0034395122513353645,-2.616,0.004700261018631677
626,-2.614,-0.018223816482340793,-2.614,-0.0034395492432658867,-2.614,0.004700606456833775
627,-2.612,-0.018224041785377933,-2.612,-0.0034395855001865053,-2.612,0.004700940369585696
628,-2.6100000000000003,-0.018224258404511615,-2.6100000000000003,-0.003439621017258518,-2.6100000000000003,0.004701262359732679
629,-2.608,-0.018224466031682603,-2.608,-0.0034396557900960543,-2.608,0.004701572049422578
630,-2.606,-0.018224664374198517,-2.606,-0.0034396898147661045,-2.606,0.004701869080105864
631,-2.604,-0.018224853154733843,-2.604,-0.003439723087788501,-2.604,0.00470215311253562
632,-2.6020000000000003,-0.018225032111329934,-2.6020000000000003,-0.003439755606135915,-2.6020000000000003,0.0047024238267675544
633,-2.6,-0.018225200997395004,-2.6,-0.003439787367233875,-2.6,0.004702680922159974
634,-2.598,-0.01822535958170413,-2.598,-0.0034398183689607516,-2.598,0.004702924117373816
635,-2.596,-0.018225507648399256,-2.596,-0.0034398486096477617,-2.596,0.004703153150372619
636,-2.5940000000000003,-0.018225644996989192,-2.5940000000000003,-0.0034398780880789646,-2.5940000000000003,0.004703367778422542
637,-2.592,-0.018225771442349607,-2.592,-0.0034399068034912696,-2.592,0.00470356777809236
638,-2.59,-0.018225886814723036,-2.59,-0.0034399347555744385,-2.59,0.004703752945253457
639,-2.588,-0.018225990959718878,-2.588,-0.0034399619444710657,-2.588,0.0047039230950798455
640,-2.5860000000000003,-0.018226083738313397,-2.5860000000000003,-0.0034399883707766053,-2.5860000000000003,0.004704078062048145
641,-2.584,-0.01822616502684972,-2.584,-0.003440014035539351,-2.584,0.004704217699937577
642,-2.582,-0.018226234717037836,-2.582,-0.003440038940260442,-2.582,0.004704341881829999
643,-2.58,-0.018226292715954606,-2.58,-0.0034400630868938673,-2.58,0.004704450500109862
644,-2.5780000000000003,-0.018226338946043745,-2.5780000000000003,-0.0034400864778464588,-2.5780000000000003,0.004704543466464262
645,-2.576,-0.01822637334511584,-2.576,-0.003440109115977901,-2.576,0.004704620711882879
646,-2.574,-0.018226395866348336,-2.574,-0.003440131004600718,-2.574,0.004704682186658017
647,-2.572,-0.018226406478285544,-2.572,-0.0034401521474802833,-2.572,0.004704727860384603
648,-2.5700000000000003,-0.01822640516483864,-2.5700000000000003,-0.0034401725488348127,-2.5700000000000003,0.004704757721960176
649,-2.568,-0.018226391925285666,-2.568,-0.0034401922133353788,-2.568,0.004704771779584886
650,-2.566,-0.018226366774271526,-2.566,-0.00344021114610589,-2.566,0.004704770060761497
651,-2.564,-0.018226329741807983,-2.564,-0.0034402293527231037,-2.564,0.0047047526122953875
652,-2.5620000000000003,-0.018226280873273673,-2.5620000000000003,-0.0034402468392166277,-2.5620000000000003,0.004704719500294559
653,-2.56,-0.018226220229414093,-2.56,-0.003440263612068912,-2.56,0.004704670810169613
654,-2.558,-0.0182261478863416,-2.558,-0.0034402796782152523,-2.558,0.004704606646633788
655,-2.556,-0.01822606393553542,-2.556,-0.0034402950450437945,-2.556,0.004704527133702917
656,-2.5540000000000003,-0.01822596848384164,-2.5540000000000003,-0.0034403097203955305,-2.5540000000000003,0.004704432414695453
657,-2.552,-0.018225861653473212,-2.552,-0.0034403237125642944,-2.552,0.004704322652232466
658,-2.55,-0.018225743582009953,-2.55,-0.00344033703029677,-2.55,0.004704198028237648
659,-2.548,-0.018225614422398544,-2.548,-0.003440349682792488,-2.548,0.004704058743937291
660,-2.5460000000000003,-0.018225474342952526,-2.5460000000000003,-0.003440361679703824,-2.5460000000000003,0.004703905019860302
661,-2.544,-0.01822532352735231,-2.544,-0.003440373031136,-2.544,0.004703737095838226
662,-2.542,-0.01822516217464517,-2.542,-0.003440383747647085,-2.542,0.004703555231005199
663,-2.54,-0.01822499049924524,-2.54,-0.0034403938402479926,-2.54,0.0047033597037979755
664,-2.5380000000000003,-0.018224808730933517,-2.5380000000000003,-0.003440403320402484,-2.5380000000000003,0.004703150811955929
665,-2.536,-0.018224617114857875,-2.536,-0.0034404122000271688,-2.536,0.0047029288725210575
666,-2.534,-0.018224415911533034,-2.534,-0.0034404204914915,-2.534,0.004702694221837951
667,-2.532,-0.018224205396840592,-2.532,-0.0034404282076177795,-2.532,0.004702447215553837
668,-2.5300000000000002,-0.018223985862029002,-2.5300000000000002,-0.0034404353616811524,-2.5300000000000002,0.004702188228618544
669,-2.528,-0.018223757613713584,-2.528,-0.003440441967409613,-2.528,0.004701917655284514
670,-2.526,-0.018223520973876528,-2.526,-0.0034404480389840023,-2.526,0.004701635909106813
671,-2.524,-0.01822327627986688,-2.524,-0.003440453591038003,-2.524,0.004701343422943122
672,-2.5220000000000002,-0.01822302388440055,-2.5220000000000002,-0.003440458638658151,-2.5220000000000002,0.004701040648953728
673,-2.52,-0.01822276415556032,-2.52,-0.003440463197383819,-2.52,0.004700728058601535
674,-2.518,-0.01822249747679583,-2.518,-0.0034404672832072415,-2.518,0.004700406142652068
675,-2.516,-0.01822222424692358,-2.516,-0.0034404709125734796,-2.516,0.004700075411173461
676,-2.5140000000000002,-0.018221944880126947,-2.5140000000000002,-0.0034404741023804607,-2.5140000000000002,0.004699736393536463
677,-2.512,-0.018221659805956157,-2.512,-0.003440476869978941,-2.512,0.004699389638414438
678,-2.51,-0.018221369469328313,-2.51,-0.0034404792331725366,-2.51,0.004699035713783377
679,-2.508,-0.018221074330527373,-2.508,-0.003440481210217703,-2.508,0.004698675206921861
680,-2.5060000000000002,-0.01822077486520416,-2.5060000000000002,-0.003440482819823742,-2.5060000000000002,0.004698308724411113
681,-2.504,-0.01822047156437637,-2.504,-0.0034404840811528073,-2.504,0.004697936892134942
682,-2.502,-0.01822016493442855,-2.502,-0.0034404850138198897,-2.502,0.004697560355279795
683,-2.5,-0.018219855497112122,-2.5,-0.0034404856378928324,-2.5,0.004697179778334733
684,-2.498,-0.018219543789545364,-2.498,-0.003440485973892328,-2.498,0.004696795845091417
685,-2.496,-0.018219230364213423,-2.496,-0.003440486042791912,-2.496,0.0046964092586441325
686,-2.4939999999999998,-0.01821891578896831,-2.4939999999999998,-0.0034404858660179623,-2.4939999999999998,0.004696020741389771
687,-2.492,-0.018218600647028897,-2.492,-0.0034404854654497066,-2.492,0.004695631035027861
688,-2.49,-0.018218285536980922,-2.49,-0.003440484863419222,-2.49,0.004695240900560511
689,-2.488,-0.01821797107277699,-2.488,-0.003440484082711425,-2.488,0.00469485111829248
690,-2.4859999999999998,-0.018217657883736558,-2.4859999999999998,-0.0034404831465640884,-2.4859999999999998,0.004694462487831119
691,-2.484,-0.018217346614545965,-2.484,-0.003440482078667824,-2.484,0.004694075828086404
692,-2.482,-0.018217037925258403,-2.482,-0.0034404809031660898,-2.482,0.004693691977270917
693,-2.48,-0.018216732491293925,-2.48,-0.0034404796446551936,-2.48,0.0046933117928998624
694,-2.4779999999999998,-0.01821643100343946,-2.4779999999999998,-0.0034404783281842856,-2.4779999999999998,0.004692936151791054
695,-2.476,-0.01821613416784879,-2.476,-0.0034404769792553656,-2.476,0.004692565950064932
696,-2.474,-0.018215842706042564,-2.474,-0.0034404756238232796,-2.474,0.004692202103144527
697,-2.472,-0.018215557354908297,-2.472,-0.003440474288295723,-2.472,0.004691845545755517
698,-2.4699999999999998,-0.01821527886670037,-2.4699999999999998,-0.003440472999533227,-2.4699999999999998,0.004691497231926169
699,-2.468,-0.018215008009040023,-2.468,-0.003440471784849179,-2.468,0.004691158134987376
700,-2.466,-0.018214745564915362,-2.466,-0.00344047067200981,-2.466,0.0046908292475726365
701,-2.464,-0.018214492332681357,-2.464,-0.003440469689234199,-2.464,0.0046905115816180815
702,-2.4619999999999997,-0.018214249126059845,-2.4619999999999997,-0.0034404688651942655,-2.4619999999999997,0.004690206168362437
703,-2.46,-0.018214016774139523,-2.46,-0.0034404682290147814,-2.46,0.00468991405834706
704,-2.458,-0.018213796121375955,-2.458,-0.003440467810273365,-2.458,0.004689636321415912
705,-2.4560000000000004,-0.018213588027591564,-2.4560000000000004,-0.0034404676390004767,-2.4560000000000004,0.004689374046715565
706,-2.454,-0.018213393367975644,-2.454,-0.0034404677456794236,-2.454,0.004689128342695227
707,-2.452,-0.018213213033084347,-2.452,-0.0034404681612463656,-2.452,0.0046889003371066995
708,-2.45,-0.01821304792884069,-2.45,-0.0034404689170903016,-2.45,0.004688691177004399
709,-2.4480000000000004,-0.018212898976534567,-2.4480000000000004,-0.0034404700450530804,-2.4480000000000004,0.004688502028745378
710,-2.446,-0.01821276711282271,-2.446,-0.0034404715774294,-2.446,0.004688334077989284
711,-2.444,-0.01821265328972874,-2.444,-0.0034404735469667942,-2.444,0.004688188529698385
712,-2.442,-0.018212558474643124,-2.442,-0.0034404759868656536,-2.442,0.004688066608137559
713,-2.4400000000000004,-0.01821248365032321,-2.4400000000000004,-0.0034404789307792144,-2.4400000000000004,0.004687969556874304
714,-2.438,-0.018212429814893193,-2.438,-0.0034404824128135524,-2.438,0.004687898638778741
715,-2.436,-0.018212397981844146,-2.436,-0.003440486467527596,-2.436,0.004687855136023593
716,-2.434,-0.018212389180033997,-2.434,-0.00344049112993312,-2.434,0.004687840350084203
717,-2.4320000000000004,-0.01821240445368754,-2.4320000000000004,-0.0034404964354947387,-2.4320000000000004,0.004687855601738518
718,-2.43,-0.018212444862396437,-2.43,-0.0034405024201299254,-2.43,0.0046879022310671245
719,-2.428,-0.01821251148111921,-2.428,-0.003440509120208983,-2.428,0.004687981597453199
720,-2.426,-0.01821260540018125,-2.426,-0.003440516572555074,-2.426,0.004688095079582545
721,-2.4240000000000004,-0.0182127277252748,-2.4240000000000004,-0.0034405248144442034,-2.4240000000000004,0.004688244075443576
722,-2.422,-0.018212879577458985,-2.422,-0.0034405338836052193,-2.422,0.004688430002327326
723,-2.42,-0.018213062093159777,-2.42,-0.0034405438182198225,-2.42,0.004688654296827438
724,-2.418,-0.018213268202584964,-2.418,-0.003440554196349508,-2.418,0.004688904915152822
725,-2.4160000000000004,-0.018213488717556937,-2.4160000000000004,-0.003440564526418763,-2.4160000000000004,0.004689167100192244
726,-2.414,-0.018213722693503034,-2.414,-0.0034405748043148665,-2.414,0.004689440031158641
727,-2.412,-0.018213969206422657,-2.412,-0.0034405850262411823,-2.412,0.004689722908426411
728,-2.41,-0.018214227348844213,-2.41,-0.003440595188484448,-2.41,0.004690014946795801
729,-2.4080000000000004,-0.018214496229825114,-2.4080000000000004,-0.003440605287414758,-2.4080000000000004,0.004690315375492943
730,-2.406,-0.018214774974951775,-2.406,-0.003440615319485585,-2.406,0.004690623438169839
731,-2.404,-0.01821506272633961,-2.404,-0.003440625281233768,-2.404,0.004690938392904347
732,-2.402,-0.01821535864263304,-2.402,-0.0034406351692795184,-2.402,0.004691259512200209
733,-2.4000000000000004,-0.018215661899005486,-2.4000000000000004,-0.0034406449803264204,-2.4000000000000004,0.0046915860829870384
734,-2.398,-0.018215971687159375,-2.398,-0.0034406547111614123,-2.398,0.004691917406620318
735,-2.396,-0.01821628721532613,-2.396,-0.0034406643586548206,-2.396,0.0046922527988813925
736,-2.394,-0.018216607708266185,-2.394,-0.003440673919760332,-2.394,0.0046925915899774795
737,-2.3920000000000003,-0.01821693240726897,-2.3920000000000003,-0.003440683391515001,-2.3920000000000003,0.004692933124541686
738,-2.39,-0.01821726057015292,-2.39,-0.0034406927710392554,-2.39,0.004693276761632961
739,-2.388,-0.018217591471265473,-2.388,-0.003440702055536888,-2.388,0.00469362187473614
740,-2.386,-0.018217924401483072,-2.386,-0.003440711242295072,-2.386,0.004693967851761932
741,-2.3840000000000003,-0.018218258668211158,-2.3840000000000003,-0.003440720328684338,-2.3840000000000003,0.004694314095046906
742,-2.382,-0.018218593595384178,-2.382,-0.0034407293121585907,-2.382,0.004694660021353506
743,-2.38,-0.018218928523465582,-2.38,-0.0034407381902551055,-2.38,0.004695005061870053
744,-2.378,-0.018219262809447818,-2.378,-0.0034407469605945255,-2.378,0.004695348662210726
745,-2.3760000000000003,-0.01821959582685234,-2.3760000000000003,-0.0034407556208808643,-2.3760000000000003,0.004695690282415579
746,-2.374,-0.01821992696572961,-2.374,-0.0034407641689015063,-2.374,0.004696029396950546
747,-2.372,-0.018220255632659086,-2.372,-0.0034407726025272,-2.372,0.004696365494707429
748,-2.37,-0.018220581250749227,-2.37,-0.003440780919712068,-2.37,0.004696698079003879
749,-2.3680000000000003,-0.0182209032596375,-2.3680000000000003,-0.0034407891184936,-2.3680000000000003,0.004697026667583447
750,-2.366,-0.01822122111549037,-2.366,-0.0034407971969926607,-2.366,0.0046973507926155456
751,-2.364,-0.018221534291003313,-2.364,-0.0034408051534134815,-2.364,0.004697670000695438
752,-2.362,-0.018221842275400794,-2.362,-0.0034408129860436544,-2.362,0.004697983852844291
753,-2.3600000000000003,-0.018222144574436296,-2.3600000000000003,-0.003440820693254156,-2.3600000000000003,0.004698291924509115
754,-2.358,-0.018222440710392293,-2.358,-0.0034408282734993204,-2.358,0.004698593805562805
755,-2.356,-0.018222730222080267,-2.356,-0.003440835725316855,-2.356,0.004698889100304117
756,-2.354,-0.018223012664840704,-2.354,-0.003440843047327842,-2.354,0.004699177427457693
757,-2.3520000000000003,-0.018223287610543086,-2.3520000000000003,-0.0034408502382367277,-2.3520000000000003,0.004699458420174031
758,-2.35,-0.018223554647585904,-2.35,-0.0034408572968313254,-2.35,0.004699731726029506
759,-2.348,-0.018223813380896653,-2.348,-0.003440864221982823,-2.348,0.004699997007026356
760,-2.346,-0.018224063431931822,-2.346,-0.003440871012645775,-2.346,0.004700253939592697
761,-2.3440000000000003,-0.018224304438676914,-2.3440000000000003,-0.0034408776678581075,-2.3440000000000003,0.004700502214582521
762,-2.342,-0.018224536055646424,-2.342,-0.0034408841867411173,-2.342,0.004700741537275677
763,-2.34,-0.01822475795388386,-2.34,-0.0034408905684994613,-2.34,0.004700971627377891
764,-2.338,-0.01822496982096172,-2.338,-0.0034408968124211813,-2.338,0.004701192219020767
765,-2.3360000000000003,-0.018225171360981517,-2.3360000000000003,-0.003440902917877676,-2.3360000000000003,0.004701403060761757
766,-2.334,-0.01822536229457376,-2.334,-0.0034409088843237214,-2.334,0.004701603915584218
767,-2.332,-0.01822554235889796,-2.332,-0.0034409147112974547,-2.332,0.004701794560897338
768,-2.33,-0.01822571130764264,-2.33,-0.003440920398420387,-2.33,0.004701974788536213
769,-2.3280000000000003,-0.01822586891102531,-2.3280000000000003,-0.003440925945397407,-2.3280000000000003,0.004702144404761785
770,-2.326,-0.0182260149557925,-2.326,-0.0034409313520167573,-2.326,0.004702303230260871
771,-2.324,-0.018226149245219727,-2.324,-0.003440936618150061,-2.324,0.0047024511001461655
772,-2.322,-0.018226271599111523,-2.322,-0.0034409417437523057,-2.322,0.004702587863956227
773,-2.3200000000000003,-0.01822638185380141,-2.3200000000000003,-0.003440946728861853,-2.3200000000000003,0.004702713385655491
774,-2.318,-0.01822647986215193,-2.318,-0.003440951573600432,-2.318,0.004702827543634255
775,-2.316,-0.018226565493554614,-2.316,-0.003440956278173136,-2.316,0.004702930230708696
776,-2.314,-0.018226638633929995,-2.314,-0.003440960842868438,-2.314,0.004703021354120852
777,-2.3120000000000003,-0.01822669918572762,-2.3120000000000003,-0.00344096526805817,-2.3120000000000003,0.00470310083553864
778,-2.31,-0.018226747067926027,-2.31,-0.003440969554197544,-2.31,0.0047031686110558385
779,-2.308,-0.018226782216032765,-2.308,-0.003440973701825129,-2.308,0.004703224631192111
780,-2.306,-0.01822680458208438,-2.306,-0.003440977711562876,-2.306,0.0047032688608929785
781,-2.3040000000000003,-0.018226814134646423,-2.3040000000000003,-0.0034409815841160984,-2.3040000000000003,0.004703301279529837
782,-2.302,-0.01822681085881345,-2.302,-0.0034409853202734784,-2.302,0.004703321880899954
783,-2.3,-0.018226794756209017,-2.3,-0.003440988920907072,-2.3,0.004703330673226459
784,-2.298,-0.01822676584498568,-2.298,-0.0034409923869723053,-2.298,0.004703327679158369
785,-2.2960000000000003,-0.018226724159825004,-2.2960000000000003,-0.003440995719507966,-2.2960000000000003,0.004703312935770559
786,-2.294,-0.01822666975193755,-2.294,-0.0034409989196362185,-2.294,0.00470328649456378
787,-2.292,-0.018226602689062888,-2.292,-0.0034410019885625955,-2.292,0.004703248421464648
788,-2.29,-0.01822652305546959,-2.29,-0.003441004927575996,-2.29,0.004703198796825653
789,-2.2880000000000003,-0.018226430951955225,-2.2880000000000003,-0.0034410077380486945,-2.2880000000000003,0.004703137715425153
790,-2.286,-0.01822632649584637,-2.286,-0.003441010421436328,-2.286,0.004703065286467377
791,-2.284,-0.0182262098209986,-2.284,-0.0034410129792779055,-2.284,0.004702981633582438
792,-2.282,-0.018226081077796497,-2.282,-0.003441015413195813,-2.282,0.004702886894826293
793,-2.2800000000000002,-0.018225940433153644,-2.2800000000000002,-0.0034410177248957903,-2.2800000000000002,0.004702781222680794
794,-2.278,-0.01822578807051263,-2.278,-0.0034410199161669652,-2.278,0.004702664784053651
795,-2.276,-0.018225624189845042,-2.276,-0.0034410219888818157,-2.276,0.004702537760278451
796,-2.274,-0.01822544900765147,-2.274,-0.0034410239449962077,-2.274,0.004702400347114638
797,-2.2720000000000002,-0.01822526275696151,-2.2720000000000002,-0.0034410257865493607,-2.2720000000000002,0.004702252754747546
798,-2.27,-0.018225065687333758,-2.27,-0.003441027515663879,-2.27,0.004702095207788366
799,-2.268,-0.018224858064855815,-2.268,-0.00344102913454572,-2.268,0.004701927945274166
800,-2.266,-0.01822464017214428,-2.266,-0.003441030645484223,-2.266,0.004701751220667884
801,-2.2640000000000002,-0.01822441230834476,-2.2640000000000002,-0.0034410320508520935,-2.2640000000000002,0.004701565301858314
802,-2.262,-0.018224174789131856,-2.262,-0.0034410333531054056,-2.262,0.004701370471160149
803,-2.26,-0.01822392794670919,-2.26,-0.0034410345547836035,-2.26,0.004701167025313931
804,-2.258,-0.018223672129809368,-2.258,-0.0034410356585094955,-2.258,0.004700955275486078
805,-2.2560000000000002,-0.018223407703694006,-2.2560000000000002,-0.003441036666989271,-2.2560000000000002,0.0047007355472688805
806,-2.254,-0.018223135050153726,-2.254,-0.003441037583012476,-2.254,0.0047005081806804905
807,-2.252,-0.01822285456750814,-2.252,-0.0034410384094520387,-2.252,0.0047002735301649515
808,-2.25,-0.018222566670605882,-2.25,-0.0034410391492642467,-2.25,0.0047000319645921496
809,-2.248,-0.018222271790824574,-2.248,-0.003441039805488759,-2.248,0.004699783867257862
810,-2.246,-0.018221970376070845,-2.246,-0.0034410403812486084,-2.246,0.0046995296358837355
811,-2.2439999999999998,-0.018221662890780328,-2.2439999999999998,-0.0034410408797501957,-2.2439999999999998,0.004699269682617274
812,-2.242,-0.01822134981591765,-2.242,-0.003441041304283285,-2.242,0.004699004434031866
813,-2.24,-0.01822103164897646,-2.24,-0.0034410416582210217,-2.24,0.004698734331126761
814,-2.238,-0.018220708903979393,-2.238,-0.0034410419450199084,-2.238,0.004698459829327081
815,-2.2359999999999998,-0.018220382111478087,-2.2359999999999998,-0.0034410421682198253,-2.2359999999999998,0.004698181398483825
816,-2.234,-0.018220051818553195,-2.234,-0.00344104233144402,-2.234,0.004697899522873861
817,-2.232,-0.018219718588814358,-2.232,-0.003441042438399107,-2.232,0.004697614701199913
818,-2.23,-0.01821938300240023,-2.23,-0.003441042492875076,-2.23,0.004697327446590599
819,-2.2279999999999998,-0.018219045655978466,-2.2279999999999998,-0.003441042498745276,-2.2279999999999998,0.00469703828660039
820,-2.226,-0.018218707162745717,-2.226,-0.0034410424599664417,-2.226,0.0046967477632096286
821,-2.224,-0.018218368152427646,-2.224,-0.003441042380578657,-2.224,0.004696456432824542
822,-2.222,-0.018218029271278913,-2.222,-0.003441042264705395,-2.222,0.004696164866277212
823,-2.2199999999999998,-0.01821769118208318,-2.2199999999999998,-0.0034410421165534874,-2.2199999999999998,0.004695873648825601
824,-2.218,-0.018217354564153118,-2.218,-0.0034410419404131316,-2.218,0.00469558338015353
825,-2.216,-0.018217020113330394,-2.216,-0.0034410417406579054,-2.216,0.004695294674370708
826,-2.214,-0.018216688541985677,-2.214,-0.0034410415217447504,-2.214,0.004695008160012705
827,-2.2119999999999997,-0.01821636057901865,-2.2119999999999997,-0.003441041288213976,-2.2119999999999997,0.004694724480040956
828,-2.21,-0.01821603696985798,-2.21,-0.003441041044689265,-2.21,0.004694444291842771
829,-2.208,-0.01821571847646136,-2.208,-0.0034410407958776687,-2.208,0.00469416826723134
830,-2.206,-0.01821540587731546,-2.206,-0.003441040546569605,-2.206,0.004693897092445713
831,-2.2039999999999997,-0.018215099967435974,-2.2039999999999997,-0.003441040301638866,-2.2039999999999997,0.0046936314681508134
832,-2.202,-0.018214801558367584,-2.202,-0.0034410400660426083,-2.202,0.004693372109437426
833,-2.2,-0.018214511478183988,-2.2,-0.003441039844821362,-2.2,0.004693119745822226
834,-2.1980000000000004,-0.018214230571487876,-2.1980000000000004,-0.003441039643099022,-2.1980000000000004,0.004692875121247747
835,-2.196,-0.018213959699410944,-2.196,-0.0034410394660828597,-2.196,0.004692638994082385
836,-2.194,-0.01821369973961389,-2.194,-0.0034410393190635116,-2.194,0.004692412137120426
837,-2.192,-0.01821345158628642,-2.192,-0.003441039207414981,-2.192,0.004692195337582014
838,-2.1900000000000004,-0.018213216150147236,-2.1900000000000004,-0.0034410391365946452,-2.1900000000000004,0.004691989397113162
839,-2.188,-0.018212994358444045,-2.188,-0.003441039112143253,-2.188,0.0046917951317857545
840,-2.186,-0.018212787154953555,-2.186,-0.0034410391396849163,-2.186,0.004691613372097558
841,-2.184,-0.01821259549998148,-2.184,-0.0034410392249271185,-2.184,0.004691444962972205
842,-2.1820000000000004,-0.018212420370362536,-2.1820000000000004,-0.003441039373660717,-2.1820000000000004,0.004691290763759182
843,-2.18,-0.018212262759460442,-2.18,-0.0034410395917599326,-2.18,0.00469115164823386
844,-2.178,-0.018212123677167916,-2.178,-0.003441039885182358,-2.178,0.004691028504597482
845,-2.176,-0.01821200414990668,-2.176,-0.0034410402599689555,-2.176,0.004690922235477166
846,-2.1740000000000004,-0.018211905220627468,-2.1740000000000004,-0.0034410407222440625,-2.1740000000000004,0.00469083375792588
847,-2.172,-0.01821182794881,-2.172,-0.003441041278215373,-2.172,0.0046907640034224846
848,-2.17,-0.018211773410463008,-2.17,-0.0034410419341739593,-2.17,0.004690713917871701
849,-2.168,-0.018211742698124228,-2.168,-0.003441042696494267,-2.168,0.0046906844616041166
850,-2.1660000000000004,-0.0182117369208604,-2.1660000000000004,-0.003441043571634099,-2.1660000000000004,0.004690676609376207
851,-2.164,-0.018211757204267258,-2.164,-0.00344104456613464,-2.164,0.004690691350370292
852,-2.162,-0.018211804690469548,-2.162,-0.003441045686620438,-2.162,0.004690729688194582
853,-2.16,-0.018211880538121013,-2.16,-0.003441046939799408,-2.16,0.004690792640883158
854,-2.1580000000000004,-0.018211985922404403,-2.1580000000000004,-0.0034410483324628406,-2.1580000000000004,0.00469088124089595
855,-2.156,-0.018212122035031465,-2.156,-0.0034410498714853924,-2.156,0.004690996535118792
856,-2.154,-0.018212290084242952,-2.154,-0.0034410515638250913,-2.154,0.004691139584863356
857,-2.152,-0.018212491194462773,-2.152,-0.003441053415233087,-2.152,0.0046913113311888854
858,-2.1500000000000004,-0.018212718031168106,-2.1500000000000004,-0.003441055327544535,-2.1500000000000004,0.004691501665841147
859,-2.148,-0.01821296460302129,-2.148,-0.0034410572353624144,-2.148,0.004691703253512862
860,-2.146,-0.01821322971730335,-2.146,-0.003441059137792815,-2.146,0.004691915375017973
861,-2.144,-0.01821351220129366,-2.144,-0.00344106103395932,-2.144,0.004692137323302502
862,-2.1420000000000003,-0.01821381090226995,-2.1420000000000003,-0.003441062923002988,-2.1420000000000003,0.004692368403444537
863,-2.14,-0.018214124687508312,-2.14,-0.0034410648040823534,-2.14,0.004692607932654247
864,-2.138,-0.018214452444283196,-2.138,-0.003441066676373436,-2.138,0.004692855240273894
865,-2.136,-0.01821479307986741,-2.136,-0.003441068539069732,-2.136,0.004693109667777806
866,-2.1340000000000003,-0.018215145521532115,-2.1340000000000003,-0.0034410703913822227,-2.1340000000000003,0.004693370568772386
867,-2.132,-0.018215508716546834,-2.132,-0.0034410722325393626,-2.132,0.004693637308996128
868,-2.13,-0.018215881632179444,-2.13,-0.003441074061787088,-2.13,0.004693909266319601
869,-2.128,-0.018216263255696186,-2.128,-0.0034410758783888253,-2.128,0.004694185830745441
870,-2.1260000000000003,-0.01821665259436165,-2.1260000000000003,-0.003441077681625465,-2.1260000000000003,0.004694466404408376
871,-2.124,-0.01821704867543879,-2.124,-0.0034410794707953885,-2.124,0.004694750401575215
872,-2.122,-0.01821745054618892,-2.122,-0.0034410812452144515,-2.122,0.004695037248644833
873,-2.12,-0.0182178572738717,-2.12,-0.0034410830042159966,-2.12,0.004695326384148185
874,-2.1180000000000003,-0.018218267945745163,-2.1180000000000003,-0.0034410847471508417,-2.1180000000000003,0.004695617258748314
875,-2.116,-0.018218681669065682,-2.116,-0.00344108647338728,-2.116,0.0046959093352403405
876,-2.114,-0.018219097571088003,-2.114,-0.003441088182311095,-2.114,0.004696202088551454
877,-2.112,-0.018219514799065226,-2.112,-0.003441089873325545,-2.112,0.004696495005740937
878,-2.1100000000000003,-0.018219932520248804,-2.1100000000000003,-0.0034410915458513644,-2.1100000000000003,0.004696787586000131
879,-2.108,-0.01822034992188855,-2.108,-0.0034410931993267765,-2.108,0.004697079340652471
880,-2.106,-0.018220766211232635,-2.106,-0.003441094833207481,-2.106,0.004697369793153473
881,-2.104,-0.018221180615527587,-2.104,-0.003441096446966649,-2.104,0.004697658479090726
882,-2.1020000000000003,-0.018221592382018294,-2.1020000000000003,-0.0034410980400949483,-2.1020000000000003,0.004697944946183884
883,-2.1,-0.018222000777947996,-2.1,-0.003441099612100512,-2.1,0.004698228754284703
884,-2.098,-0.018222405090558298,-2.098,-0.003441101162508963,-2.098,0.004698509475377005
885,-2.096,-0.01822280462708916,-2.096,-0.0034411026908633957,-2.096,0.0046987866935766995
886,-2.0940000000000003,-0.018223198714778895,-2.0940000000000003,-0.003441104196724394,-2.0940000000000003,0.004699060005131754
887,-2.092,-0.018223586700864183,-2.092,-0.0034411056796700146,-2.092,0.004699329018422245
888,-2.09,-0.018223967952580047,-2.09,-0.003441107139295796,-2.09,0.0046995933539602935
889,-2.088,-0.018224341857159886,-2.088,-0.0034411085752147595,-2.088,0.004699852644390136
890,-2.0860000000000003,-0.01822470782183544,-2.0860000000000003,-0.003441109987057399,-2.0860000000000003,0.0047001065344880605
891,-2.084,-0.01822506527383682,-2.084,-0.0034411113744717003,-2.084,0.004700354681162436
892,-2.082,-0.018225413660392483,-2.082,-0.0034411127371231226,-2.082,0.004700596753453717
893,-2.08,-0.018225752448729253,-2.08,-0.0034411140746946,-2.08,0.004700832432534448
894,-2.0780000000000003,-0.018226081126072304,-2.0780000000000003,-0.0034411153868865556,-2.0780000000000003,0.004701061411709229
895,-2.076,-0.018226399199645176,-2.076,-0.0034411166734168892,-2.076,0.004701283396414749
896,-2.074,-0.01822670619666976,-2.074,-0.0034411179340209756,-2.074,0.004701498104219777
897,-2.072,-0.018227001664366308,-2.072,-0.0034411191684516826,-2.072,0.004701705264825162
898,-2.0700000000000003,-0.018227285169953426,-2.0700000000000003,-0.003441120376479343,-2.0700000000000003,0.0047019046200638265
899,-2.068,-0.01822755630064808,-2.068,-0.0034411215578917798,-2.068,0.004702095923900772
900,-2.066,-0.018227814663665593,-2.066,-0.003441122712494294,-2.066,0.004702278942433087
901,-2.064,-0.01822805988621965,-2.064,-0.0034411238401096597,-2.064,0.004702453453889935
902,-2.0620000000000003,-0.01822829161552229,-2.0620000000000003,-0.0034411249405781434,-2.0620000000000003,0.004702619248632543
903,-2.06,-0.018228509518783905,-2.06,-0.0034411260137574805,-2.06,0.004702776129154235
904,-2.058,-0.018228713283213252,-2.058,-0.0034411270595228957,-2.058,0.0047029239100804116
905,-2.056,-0.01822890261601744,-2.056,-0.0034411280777670826,-2.056,0.004703062418168542
906,-2.0540000000000003,-0.018229077244401943,-2.0540000000000003,-0.003441129068400224,-2.0540000000000003,0.00470319149230819
907,-2.052,-0.018229236915570587,-2.052,-0.0034411300313499857,-2.052,0.004703310983520975
908,-2.05,-0.018229381396725555,-2.05,-0.003441130966561498,-2.05,0.004703420754960622
909,-2.048,-0.01822951047506739,-2.048,-0.0034411318739973884,-2.048,0.004703520681912911
910,-2.0460000000000003,-0.018229623957794993,-2.0460000000000003,-0.003441132753637756,-2.0460000000000003,0.004703610651795712
911,-2.044,-0.01822972167210562,-2.044,-0.0034411336054801754,-2.044,0.004703690564158973
912,-2.042,-0.018229803465194885,-2.042,-0.0034411344295397148,-2.042,0.004703760330684717
913,-2.04,-0.018229869204256764,-2.04,-0.003441135225848914,-2.04,0.00470381987518706
914,-2.0380000000000003,-0.018229918776483587,-2.0380000000000003,-0.0034411359944577884,-2.0380000000000003,0.004703869133612169
915,-2.036,-0.018229952089066043,-2.036,-0.0034411367354338397,-2.036,0.004703908054038315
916,-2.034,-0.018229969069193174,-2.034,-0.003441137448862052,-2.034,0.0047039365966758395
917,-2.032,-0.018229969664052388,-2.032,-0.003441138134844885,-2.032,0.004703954733867158
918,-2.0300000000000002,-0.018229953840829444,-2.0300000000000002,-0.0034411387935022776,-2.0300000000000002,0.0047039624500867586
919,-2.028,-0.01822992158670846,-2.028,-0.003441139424971651,-2.028,0.004703959741941238
920,-2.026,-0.018229872908871913,-2.026,-0.003441140029407909,-2.026,0.004703946618169232
921,-2.024,-0.018229807834500636,-2.024,-0.0034411406069834276,-2.024,0.004703923099641481
922,-2.0220000000000002,-0.018229726410773823,-2.0220000000000002,-0.003441141157888069,-2.0220000000000002,0.004703889219360803
923,-2.02,-0.018229628704869025,-2.02,-0.0034411416823291775,-2.02,0.004703845022462079
924,-2.018,-0.018229514803962142,-2.018,-0.00344114218053157,-2.018,0.004703790566212285
925,-2.016,-0.018229384815227446,-2.016,-0.0034411426527375527,-2.016,0.0047037259200104625
926,-2.0140000000000002,-0.018229238865837556,-2.0140000000000002,-0.0034411430992069003,-2.0140000000000002,0.004703651165387741
927,-2.012,-0.01822907710296345,-2.012,-0.0034411435202168807,-2.012,0.0047035663960073235
928,-2.01,-0.018228899693774468,-2.01,-0.0034411439160622267,-2.01,0.004703471717664498
929,-2.008,-0.018228706825438302,-2.008,-0.003441144287055168,-2.008,0.00470336724828662
930,-2.0060000000000002,-0.01822849870512101,-2.0060000000000002,-0.003441144633525406,-2.0060000000000002,0.00470325311793314
931,-2.004,-0.018228275559987,-2.004,-0.003441144955820114,-2.004,0.004703129468795572
932,-2.002,-0.01822803763719904,-2.002,-0.0034411452543039595,-2.002,0.004702996455197513
933,-2.0,-0.018227785203918254,-2.0,-0.003441145529359084,-2.0,0.004702854243594637
934,-1.998,-0.018227518547304124,-1.998,-0.0034411457813851055,-1.998,0.004702703012574701
935,-1.996,-0.018227237974514497,-1.996,-0.003441146010799128,-1.996,0.004702542952857547
936,-1.994,-0.01822694381270557,-1.994,-0.0034411462180357344,-1.994,0.004702374267295077
937,-1.992,-0.018226636409031893,-1.992,-0.0034411464035469866,-1.992,0.004702197170871288
938,-1.99,-0.018226316130646385,-1.99,-0.0034411465678024257,-1.99,0.004702011890702254
939,-1.988,-0.01822598336470032,-1.988,-0.0034411467112890684,-1.988,0.004701818666036112
940,-1.986,-0.018225638518343322,-1.986,-0.0034411468345114243,-1.986,0.00470161774825309
941,-1.984,-0.01822528201872338,-1.984,-0.0034411469379914718,-1.984,0.004701409400865504
942,-1.982,-0.018224914312986836,-1.982,-0.0034411470222686716,-1.982,0.0047011938995177305
943,-1.98,-0.018224535868278397,-1.98,-0.0034411470878999706,-1.98,0.004700971531986238
944,-1.978,-0.018224147171741117,-1.978,-0.0034411471354597843,-1.978,0.004700742598179562
945,-1.976,-0.01822374873051642,-1.976,-0.0034411471655400178,-1.976,0.004700507410138319
946,-1.974,-0.018223341071744073,-1.974,-0.0034411471787500585,-1.974,0.004700266292035224
947,-1.972,-0.018222924742562218,-1.972,-0.003441147175716759,-1.972,0.004700019580175033
948,-1.97,-0.018222500310107335,-1.97,-0.003441147157084469,-1.97,0.004699767622994622
949,-1.968,-0.01822206836151428,-1.968,-0.003441147123515006,-1.968,0.004699510781062913
950,-1.966,-0.018221629503916256,-1.966,-0.003441147075687677,-1.966,0.004699249427080922
951,-1.964,-0.018221184364444823,-1.964,-0.0034411470142992617,-1.964,0.004698983945881738
952,-1.962,-0.018220733590229906,-1.962,-0.0034411469400640222,-1.962,0.004698714734430537
953,-1.96,-0.01822027784839978,-1.96,-0.003441146853713703,-1.96,0.004698442201824568
954,-1.958,-0.018219817826081085,-1.958,-0.003441146755997524,-1.958,0.004698166769293154
955,-1.956,-0.01821935423039881,-1.956,-0.0034411466476821917,-1.956,0.004697888870197703
956,-1.954,-0.018218887788476315,-1.954,-0.0034411465295518875,-1.954,0.004697608950031698
957,-1.952,-0.018218419247435298,-1.952,-0.0034411464024082725,-1.952,0.004697327466420709
958,-1.95,-0.01821794937439583,-1.95,-0.00344114626707049,-1.95,0.004697044889122377
959,-1.948,-0.01821747895647634,-1.948,-0.0034411461243751655,-1.948,0.0046967617000264125
960,-1.9460000000000002,-0.018217008800793605,-1.9460000000000002,-0.0034411459751763976,-1.9460000000000002,0.004696478393154624
961,-1.9440000000000002,-0.018216539734462762,-1.9440000000000002,-0.0034411458203457736,-1.9440000000000002,0.004696195474660894
962,-1.9420000000000002,-0.018216072604597313,-1.9420000000000002,-0.003441145660772353,-1.9420000000000002,0.004695913462831165
963,-1.9400000000000002,-0.018215608278309113,-1.9400000000000002,-0.0034411454973626784,-1.9400000000000002,0.00469563288808348
964,-1.9380000000000002,-0.01821514764270837,-1.9380000000000002,-0.0034411453310407777,-1.9380000000000002,0.004695354292967954
965,-1.9360000000000002,-0.01821469160490366,-1.9360000000000002,-0.0034411451627481514,-1.9360000000000002,0.004695078232166784
966,-1.9340000000000002,-0.018214241092001905,-1.9340000000000002,-0.0034411449934437822,-1.9340000000000002,0.004694805272494225
967,-1.9320000000000002,-0.018213797051108392,-1.9320000000000002,-0.0034411448241041358,-1.9320000000000002,0.0046945359928966465
968,-1.9300000000000002,-0.018213360449326768,-1.9300000000000002,-0.0034411446557231495,-1.9300000000000002,0.0046942709844524574
969,-1.9280000000000002,-0.01821293227375903,-1.9280000000000002,-0.003441144489312254,-1.9280000000000002,0.004694010850372181
970,-1.9260000000000002,-0.018212513531505537,-1.9260000000000002,-0.003441144325900352,-1.9260000000000002,0.004693756205998392
971,-1.9240000000000002,-0.018212105249665003,-1.9240000000000002,-0.0034411441665338216,-1.9240000000000002,0.004693507678805761
972,-1.9220000000000002,-0.018211708475334504,-1.9220000000000002,-0.0034411440122765306,-1.9220000000000002,0.00469326590840103
973,-1.9200000000000002,-0.01821132427560947,-1.9200000000000002,-0.0034411438642098224,-1.9200000000000002,0.004693031546523015
974,-1.9180000000000001,-0.018210953737583694,-1.9180000000000001,-0.003441143723432516,-1.9180000000000001,0.004692805257042618
975,-1.9160000000000001,-0.018210597968349316,-1.9160000000000001,-0.003441143591060923,-1.9160000000000001,0.004692587715962822
976,-1.9140000000000001,-0.01821025809499684,-1.9140000000000001,-0.003441143468228821,-1.9140000000000001,0.004692379611418683
977,-1.9120000000000001,-0.018209935264615135,-1.9120000000000001,-0.0034411433560874796,-1.9120000000000001,0.00469218164367733
978,-1.9100000000000001,-0.018209630644291416,-1.9100000000000001,-0.0034411432558056378,-1.9100000000000001,0.004691994525137987
979,-1.9080000000000001,-0.01820934542111126,-1.9080000000000001,-0.00344114316856952,-1.9080000000000001,0.004691818980331941
980,-1.9060000000000001,-0.0182090808021586,-1.9060000000000001,-0.0034411430955828305,-1.9060000000000001,0.00469165574592257
981,-1.9040000000000001,-0.01820883801451573,-1.9040000000000001,-0.0034411430380667553,-1.9040000000000001,0.004691505570705315
982,-1.9020000000000001,-0.0182086183052633,-1.9020000000000001,-0.0034411429972599564,-1.9020000000000001,0.004691369215607713
983,-1.9000000000000001,-0.01820842294148032,-1.9000000000000001,-0.0034411429744185783,-1.9000000000000001,0.004691247453689366
984,-1.8980000000000001,-0.01820825321024415,-1.8980000000000001,-0.003441142970816248,-1.8980000000000001,0.0046911410701419645
985,-1.8960000000000001,-0.018208110418630515,-1.8960000000000001,-0.003441142987744065,-1.8960000000000001,0.004691050862289263
986,-1.8940000000000001,-0.0182079958937135,-1.8940000000000001,-0.0034411430265106173,-1.8940000000000001,0.004690977639587125
987,-1.8920000000000001,-0.018207910982565537,-1.8920000000000001,-0.0034411430884419697,-1.8920000000000001,0.004690922223623453
988,-1.8900000000000001,-0.01820785705225742,-1.8900000000000001,-0.003441143174881662,-1.8900000000000001,0.004690885448118257
989,-1.8880000000000001,-0.018207835489858312,-1.8880000000000001,-0.0034411432871907233,-1.8880000000000001,0.004690868158923611
990,-1.8860000000000001,-0.018207847702435716,-1.8860000000000001,-0.0034411434267476552,-1.8860000000000001,0.00469087121402368
991,-1.8840000000000001,-0.018207895117055506,-1.8840000000000001,-0.0034411435949484454,-1.8840000000000001,0.004690895483534699
992,-1.8820000000000001,-0.018207979180781902,-1.8820000000000001,-0.0034411437932065567,-1.8820000000000001,0.004690941849704977
993,-1.8800000000000001,-0.018208101360677492,-1.8800000000000001,-0.0034411440229529314,-1.8800000000000001,0.004691011206914911
994,-1.8780000000000001,-0.018208263143803218,-1.8780000000000001,-0.003441144285636001,-1.8780000000000001,0.004691104461676976
995,-1.8760000000000001,-0.018208466037218377,-1.8760000000000001,-0.0034411445827216627,-1.8760000000000001,0.004691222532635722
996,-1.874,-0.01820871156798063,-1.874,-0.003441144915693306,-1.874,0.0046913663505677786
997,-1.872,-0.018208999988944867,-1.872,-0.003441145284953675,-1.872,0.00469153608553647
998,-1.87,-0.018209296860088018,-1.87,-0.0034411456614091424,-1.87,0.004691711182293029
999,-1.868,-0.018209586401432058,-1.868,-0.003441146031642344,-1.868,0.004691882207206399
1000,-1.866,-0.01820986879396948,-1.866,-0.0034411463957561284,-1.866,0.004692049254975149
1001,-1.8639999999999999,-0.018330965125922246,-1.8639999999999999,-0.0035216130954883428,-1.8639999999999999,0.004879932268697526
1002,-1.862,-0.02222356573690302,-1.862,-0.006125464324330598,-1.862,0.011829086274222501
1003,-1.8599999999999999,-0.1177767996532462,-1.8599999999999999,-0.07003029884377936,-1.8599999999999999,0.10860691361164368
1004,-1.858,-0.42324065539631583,-1.858,-0.2749552112034496,-1.858,0.3919472059168994
1005,-1.8559999999999999,-0.8711418459670905,-1.8559999999999999,-0.5769806218229795,-1.8559999999999999,0.8021931895190565
1006,-1.854,-1.3362115052518666,-1.854,-0.892931468432499,-1.854,1.2354255852208782
1007,-1.8519999999999999,-1.7941523851743015,-1.8519999999999999,-1.2065771647120398,-1.8519999999999999,1.6651875837876928
1008,-1.85,-2.2419806561348934,-1.85,-1.515838821704976,-1.85,2.087001878199346
1009,-1.8479999999999999,-2.679247722034209,-1.8479999999999999,-1.8203206993780077,-1.8479999999999999,2.4999079046090222
1010,-1.846,-3.1059654317416268,-1.846,-2.1199351191566036,-1.846,2.903675312336071
1011,-1.8439999999999999,-3.522244913605171,-1.8439999999999999,-2.4146627453193616,-1.8439999999999999,3.29824541853097
1012,-1.842,-3.928269521299765,-1.842,-2.704534671364798,-1.842,3.6836939586371966
1013,-1.8399999999999999,-4.324294613472132,-1.8399999999999999,-2.9896319386893992,-1.8399999999999999,4.06022998978227
1014,-1.838,-4.710645797257411,-1.838,-3.2700802359651324,-1.838,4.428167287188772
1015,-1.8359999999999999,-5.0876459109178205,-1.8359999999999999,-3.5460170191490956,-1.8359999999999999,4.787822665778112
1016,-1.834,-5.455497753986629,-1.834,-3.817503352361866,-1.834,5.13934894536895
1017,-1.8319999999999999,-5.814270732315385,-1.8319999999999999,-4.084510207110425,-1.8319999999999999,5.482709822572666
1018,-1.83,-6.163900858073267,-1.83,-4.3469184622876735,-1.83,5.81767987079273
1019,-1.8279999999999998,-6.504190749747718,-1.8279999999999998,-4.604518904172913,-1.8279999999999998,6.143844540225326
1020,-1.826,-6.834809632143827,-1.826,-4.8570122264313715,-1.826,6.460600157858743
1021,-1.8239999999999998,-7.155293336384929,-1.8239999999999998,-5.104009030114666,-1.8239999999999998,6.767153927473964
1022,-1.822,-7.413660452099421,-1.822,-5.310662915237837,-1.822,7.017059714239816
1023,-1.8199999999999998,-7.4641609231483885,-1.8199999999999998,-5.378965189668513,-1.8199999999999998,7.0804047251598545
1024,-1.818,-7.370902945565912,-1.818,-5.350864242962063,-1.818,7.012719207749255
1025,-1.8160000000000003,-7.2004190328231354,-1.8160000000000003,-5.270133829080903,-1.8160000000000003,6.872177256878331
1026,-1.814,-7.002351979773586,-1.814,-5.169480183492368,-1.814,6.702535954988774
1027,-1.8120000000000003,-6.809454862653379,-1.8120000000000003,-5.070542023168844,-1.8120000000000003,6.533135372093849
1028,-1.81,-6.637591039080912,-1.81,-4.983890546587605,-1.81,6.378898565778121
1029,-1.8080000000000003,-6.485734148057192,-1.8080000000000003,-4.909029433730976,-1.8080000000000003,6.240331581197743
1030,-1.806,-6.335984323666748,-1.806,-4.834405340832713,-1.806,6.1035366404961335
1031,-1.8040000000000003,-6.1800692094833,-1.8040000000000003,-4.754604327681237,-1.8040000000000003,5.961863683255571
1032,-1.802,-6.027973633690172,-1.802,-4.676102421352406,-1.802,5.823421264264295
1033,-1.8000000000000003,-5.8796129256840715,-1.8000000000000003,-4.598884343463638,-1.8000000000000003,5.688154219876163
1034,-1.798,-5.734902751202772,-1.798,-4.522934005283098,-1.798,5.5560052484620766
1035,-1.7960000000000003,-5.593759112325376,-1.7960000000000003,-4.4482345077298335,-1.7960000000000003,5.426914910410206
1036,-1.794,-5.456098347472056,-1.794,-4.374768141373641,-1.794,5.300821628125768
1037,-1.7920000000000003,-5.321837131404312,-1.7920000000000003,-4.3025163864351965,-1.7920000000000003,5.177661686031253
1038,-1.79,-5.190892475224716,-1.79,-4.231459912785926,-1.79,5.057369230566193
1039,-1.7880000000000003,-5.063181726377164,-1.7880000000000003,-4.161578579948134,-1.7880000000000003,4.9398762701873915
1040,-1.786,-4.9386222446444386,-1.786,-4.0928514450321,-1.786,4.82511254529625
1041,-1.7840000000000003,-4.817120922356297,-1.7840000000000003,-4.025258038710513,-1.7840000000000003,4.7130039172365015
1042,-1.782,-4.69860008185787,-1.782,-3.9587800460244775,-1.782,4.603488670950764
1043,-1.7800000000000002,-4.582991927268873,-1.7800000000000002,-3.8933996042778527,-1.7800000000000002,4.496510618137442
1044,-1.778,-4.470229673867075,-1.778,-3.8290990722331624,-1.778,4.392014395959906
1045,-1.7760000000000002,-4.360247548088498,-1.7760000000000002,-3.765861030111711,-1.7760000000000002,4.289945467046686
1046,-1.774,-4.252980787527221,-1.774,-3.7036682795934692,-1.774,4.190250119491282
1047,-1.7720000000000002,-4.148365640935575,-1.7720000000000002,-3.642503843817186,-1.7720000000000002,4.092875466852346
1048,-1.77,-4.046339368223946,-1.77,-3.582350967380277,-1.77,3.9977694481535075
1049,-1.7680000000000002,-3.946840240460972,-1.7680000000000002,-3.5231931163389376,-1.7680000000000002,3.9048808278835443
1050,-1.766,-3.8498075398733516,-1.766,-3.46501397820803,-1.766,3.8141591959962136
1051,-1.7640000000000002,-3.755181559846026,-1.7640000000000002,-3.4077974619611924,-1.7640000000000002,3.725554967910417
1052,-1.762,-3.6629036049220067,-1.762,-3.3515276980307345,-1.762,3.6390193845100414
1053,-1.7600000000000002,-3.5729159908025396,-1.7600000000000002,-3.2961890383077397,-1.7600000000000002,3.5545045121441126
1054,-1.758,-3.4851620443469478,-1.758,-3.2417660561419632,-1.758,3.471963242626645
1055,-1.7560000000000002,-3.399586103572784,-1.7560000000000002,-3.1882435463419334,-1.7560000000000002,3.39134929323679
1056,-1.754,-3.31613351765568,-1.754,-3.1356065251748526,-1.754,3.3126172067186905
1057,-1.7520000000000002,-3.234750646929496,-1.7520000000000002,-3.083840230366693,-1.7520000000000002,3.235722351281621
1058,-1.75,-3.1553848628861743,-1.75,-3.0329301211021025,-1.75,3.1606209205998548
1059,-1.7480000000000002,-3.0779845481758814,-1.7480000000000002,-2.982861878024499,-1.7480000000000002,3.087269933812791
1060,-1.746,-3.0024990966068694,-1.746,-2.9336214032359784,-1.746,3.015627235524829
1061,-1.7440000000000002,-2.9288789131456117,-1.7440000000000002,-2.885194820297401,-1.7440000000000002,2.9456514958054947
1062,-1.742,-2.85707541391667,-1.742,-2.8375684742283083,-1.742,2.8773022101893146
1063,-1.7400000000000002,-2.7870410262028256,-1.7400000000000002,-2.790728931507008,-1.7400000000000002,2.8105396996759406
1064,-1.738,-2.7187291884449496,-1.738,-2.744662980070487,-1.738,2.7453251107300267
1065,-1.7360000000000002,-2.6520943502421304,-1.7360000000000002,-2.6993576293144965,-1.7360000000000002,2.681620415281349
1066,-1.734,-2.5870919723515486,-1.734,-2.654800110093471,-1.734,2.619388410724691
1067,-1.7320000000000002,-2.5236785266885993,-1.7320000000000002,-2.6109778747206063,-1.7320000000000002,2.558592719919953
1068,-1.73,-2.461818064227038,-1.73,-2.5678790083444345,-1.73,2.4992021687116144
1069,-1.7280000000000002,-2.401483148979499,-1.7280000000000002,-2.5254922966634905,-1.7280000000000002,2.4411914217361717
1070,-1.726,-2.3426371890261333,-1.726,-2.4838060923236442,-1.726,2.3845291741994767
1071,-1.7240000000000002,-2.285244080157158,-1.7240000000000002,-2.442808899877746,-1.7240000000000002,2.3291845552872426
1072,-1.722,-2.2292684334746165,-1.722,-2.4024893898890882,-1.722,2.2751272796652744
1073,-1.7200000000000002,-2.174675575392477,-1.7200000000000002,-2.362836398931478,-1.7200000000000002,2.2223276474795672
1074,-1.718,-2.1214315476365346,-1.718,-2.323838929589166,-1.718,2.170756544356211
1075,-1.7160000000000002,-2.069503107244509,-1.7160000000000002,-2.2854861504569155,-1.7160000000000002,2.120385441401482
1076,-1.714,-2.0188577265659475,-1.714,-2.247767396139935,-1.714,2.0711863952017553
1077,-1.7120000000000002,-1.9694635932623201,-1.7120000000000002,-2.2106721672539447,-1.7120000000000002,2.0231320478235886
1078,-1.71,-1.921289610306927,-1.71,-2.174190130425111,-1.71,1.9761956268136407
1079,-1.7080000000000002,-1.8743053959849885,-1.7080000000000002,-2.1383111182901104,-1.7080000000000002,1.9303509451987528
1080,-1.706,-1.8284812838935576,-1.706,-2.1030251294960673,-1.706,1.885572401485867
1081,-1.7040000000000002,-1.783788322941605,-1.7040000000000002,-2.0683223287006154,-1.7040000000000002,1.8418349796621065
1082,-1.702,-1.7401982773499365,-1.702,-2.034193046571836,-1.702,1.7991142491946979
1083,-1.7000000000000002,-1.6976836266512734,-1.7000000000000002,-2.00062777978832,-1.7000000000000002,1.757386365031047
1084,-1.698,-1.6431053373583795,-1.698,-1.9588242712199344,-1.698,1.7059495863587204
1085,-1.6960000000000002,-1.570806895454307,-1.6960000000000002,-1.9048854545913798,-1.6960000000000002,1.6439896199459718
1086,-1.694,-1.625316261338098,-1.694,-1.9356922597403816,-1.694,1.6968755757929783
1087,-1.6920000000000002,-1.876109508607365,-1.6920000000000002,-2.0982583239311303,-1.6920000000000002,1.9249263080239132
1088,-1.69,-2.2890862582583282,-1.69,-2.370627035130526,-1.69,2.299598401569193
1089,-1.6880000000000002,-2.7334066610788748,-1.6880000000000002,-2.666387041410684,-1.6880000000000002,2.709071301525063
1090,-1.686,-3.156411172274269,-1.686,-2.9504261153241234,-1.686,3.1039948240068154
1091,-1.6840000000000002,-3.5708333130068692,-1.6840000000000002,-3.2310160810728403,-1.6840000000000002,3.492672200806356
1092,-1.682,-3.975519653185617,-1.682,-3.5073009866858627,-1.682,3.873204135436874
1093,-1.6800000000000002,-4.370148345036487,-1.6800000000000002,-3.778976883186211,-1.6800000000000002,4.244903587397456
1094,-1.678,-4.755150820305036,-1.678,-4.046238791218351,-1.678,4.608182736627406
1095,-1.6760000000000002,-5.130830450451901,-1.6760000000000002,-4.30919707934989,-1.6760000000000002,4.963297560846048
1096,-1.674,-5.497417856436638,-1.674,-4.567929106237855,-1.674,5.310433836551294
1097,-1.6720000000000002,-5.855120920095083,-1.6720000000000002,-4.822498806994305,-1.6720000000000002,5.649750542013972
1098,-1.67,-6.204079295897954,-1.67,-5.0729245247296895,-1.67,5.98131195361288
1099,-1.6680000000000001,-6.544364410950207,-1.6680000000000001,-5.319179010552399,-1.6680000000000001,6.3050876458341785
1100,-1.666,-6.875979464991662,-1.666,-5.561189423569209,-1.666,6.620952491271983
1101,-1.6640000000000001,-7.198859430396396,-1.6640000000000001,-5.798837330884842,-1.6640000000000001,6.92868666062779
1102,-1.662,-7.512871052173333,-1.662,-6.0319587076023975,-1.662,7.227975622711031
1103,-1.6600000000000001,-7.8178128479656674,-1.6600000000000001,-6.260343936822929,-1.6600000000000001,7.518410144438534
1104,-1.658,-8.113415108051425,-1.658,-6.483737809645863,-1.658,7.799486290835052
1105,-1.6560000000000001,-8.356560209072207,-1.6560000000000001,-6.673183291931828,-1.6560000000000001,8.031989865422933
1106,-1.654,-8.411095099687774,-1.654,-6.737050141566178,-1.654,8.09264126160109
1107,-1.6520000000000001,-8.322116425925316,-1.6520000000000001,-6.704765684115199,-1.6520000000000001,8.021766500523169
1108,-1.65,-8.143127309933861,-1.65,-6.611514485767057,-1.65,7.867412125045356
1109,-1.6480000000000001,-7.9175909917153575,-1.6480000000000001,-6.485903684377441,-1.6480000000000001,7.66869946556335
1110,-1.646,-7.678930829124415,-1.646,-6.3499629894694305,-1.646,7.4558246400121355
1111,-1.6440000000000001,-7.450530297868658,-1.6440000000000001,-6.219144682233692,-1.6440000000000001,7.2500585538663005
1112,-1.642,-7.245732991508337,-1.642,-6.102323615528255,-1.642,7.063746900139685
1113,-1.6400000000000001,-7.067842621456714,-1.6400000000000001,-6.001797213878738,-1.6400000000000001,6.900310159385728
1114,-1.638,-6.910123016979699,-1.638,-5.913285473478135,-1.638,6.754243599697141
1115,-1.6360000000000001,-6.755798125196185,-1.6360000000000001,-5.825930962187009,-1.6360000000000001,6.611117276706208
1116,-1.634,-6.590448229721222,-1.634,-5.730348799632719,-1.634,6.4583871386565495
1117,-1.6320000000000001,-6.428190960649211,-1.6320000000000001,-5.635699754420358,-1.6320000000000001,6.30833520790661
1118,-1.63,-6.2699340357679665,-1.63,-5.542611281950255,-1.63,6.1617601678206855
1119,-1.6280000000000001,-6.115581019583092,-1.6280000000000001,-5.451058894770957,-1.6280000000000001,6.018585570291117
1120,-1.626,-5.9650372808865395,-1.626,-5.361018260316737,-1.626,5.878735857128011
1121,-1.624,-5.818209992756883,-1.624,-5.2724652009077655,-1.624,5.7421363600594875
1122,-1.6219999999999999,-5.675008132559053,-1.6219999999999999,-5.1853756937499496,-1.6219999999999999,5.608713300731438
1123,-1.62,-5.535342481944594,-1.62,-5.099725870935082,-1.62,5.478393790707762
1124,-1.6179999999999999,-5.399125626851415,-1.6179999999999999,-5.015492019440696,-1.6179999999999999,5.351105831470137
1125,-1.616,-5.266271957504032,-1.616,-4.932650581130213,-1.616,5.226778314418241
1126,-1.6139999999999999,-5.13669746542825,-1.6139999999999999,-4.8511781351085554,-1.6139999999999999,5.1053408862130905
1127,-1.612,-5.0103034599360665,-1.612,-4.771050161680458,-1.612,4.986713619029865
1128,-1.6099999999999999,-4.887005734884215,-1.6099999999999999,-4.6922440365241584,-1.6099999999999999,4.870827577896722
1129,-1.608,-4.766734626523071,-1.608,-4.614738671545956,-1.608,4.757623915266008
1130,-1.6059999999999999,-4.649421468462983,-1.6059999999999999,-4.538513235359744,-1.6059999999999999,4.6470446182922815
1131,-1.604,-4.534998591674478,-1.604,-4.463547153287149,-1.604,4.53903250883252
1132,-1.6019999999999999,-4.4233993244880585,-1.6019999999999999,-4.38982010735739,-1.6019999999999999,4.433531243445918
1133,-1.6,-4.314557992594406,-1.6,-4.317312036307413,-1.6,4.330485313394081
1134,-1.5979999999999999,-4.208409919044181,-1.5979999999999999,-4.246003135581766,-1.5979999999999999,4.229840044640841
1135,-1.596,-4.1048914242482155,-1.596,-4.1758738573327205,-1.596,4.131541597852432
1136,-1.5939999999999999,-4.003939825977326,-1.5939999999999999,-4.106904910420147,-1.5939999999999999,4.035536968397321
1137,-1.592,-3.905493439362496,-1.592,-4.039077260411641,-1.592,3.941773986346373
1138,-1.5899999999999999,-3.8094915768947013,-1.5899999999999999,-3.972372129582401,-1.5899999999999999,3.8502013164726905
1139,-1.588,-3.7158745484250764,-1.588,-3.9067709969153444,-1.588,3.76076845825177
1140,-1.5859999999999999,-3.624583661164753,-1.5859999999999999,-3.8422555981009943,-1.5859999999999999,3.6734257458613455
1141,-1.584,-3.53556121968502,-1.584,-3.7788079255375946,-1.584,3.588124348181547
1142,-1.5819999999999999,-3.4487505259171627,-1.5819999999999999,-3.716410228330994,-1.5819999999999999,3.504816268794741
1143,-1.58,-3.3640958791526234,-1.58,-3.6550450122947575,-1.58,3.4234543459856894
1144,-1.5779999999999998,-3.2815425760428454,-1.5779999999999998,-3.594695039950061,-1.5779999999999998,3.3439922527413937
1145,-1.576,-3.201036910599422,-1.576,-3.5353433305257953,-1.576,3.2663844967512468
1146,-1.5739999999999998,-3.1225261741939523,-1.5739999999999998,-3.476973159958459,-1.5739999999999998,3.190586420406884
1147,-1.572,-3.0459586555581826,-1.572,-3.419568060892267,-1.572,3.116554200802328
1148,-1.5699999999999998,-2.971283640783869,-1.5699999999999998,-3.363111822679045,-1.5699999999999998,3.04424484973385
1149,-1.568,-2.8984514133229107,-1.568,-3.3075884913783318,-1.568,2.973616213700104
1150,-1.5659999999999998,-2.8274132539872188,-1.5659999999999998,-3.2529823697572775,-1.5659999999999998,2.904626973901996
1151,-1.564,-2.758121440948846,-1.564,-3.199278017290745,-1.564,2.8372366462428085
1152,-1.5619999999999998,-2.6905292497398587,-1.5619999999999998,-3.1464602501612102,-1.5619999999999998,2.7714055813280822
1153,-1.56,-2.6245909532524614,-1.56,-3.09451414125886,-1.56,2.707094964465734
1154,-1.5580000000000003,-2.5602618217388926,-1.5580000000000003,-3.043425020181508,-1.5580000000000003,2.644266815665951
1155,-1.556,-2.4975014507368143,-1.556,-2.993178732463898,-1.556,2.582886267678662
1156,-1.5540000000000003,-2.4362876546351346,-1.5540000000000003,-2.9437626955855616,-1.5540000000000003,2.522931050128356
1157,-1.552,-2.3765852414436384,-1.552,-2.8951634357938207,-1.552,2.464370083588741
1158,-1.5500000000000003,-2.3183569707831526,-1.5500000000000003,-2.847367464077948,-1.5500000000000003,2.4071710025167095
1159,-1.548,-2.26156645783832,-1.548,-2.8003615044743024,-1.548,2.3513021451563447
1160,-1.5460000000000003,-2.206178173357702,-1.5460000000000003,-2.754132494066419,-1.5460000000000003,2.296732553539026
1161,-1.544,-2.15215744365368,-1.544,-2.708667582984922,-1.544,2.243431973483328
1162,-1.5420000000000003,-2.099470450602551,-1.5420000000000003,-2.6639541344076068,-1.5420000000000003,2.191370854595115
1163,-1.54,-2.0480805353794493,-1.54,-2.6199775969477024,-1.54,2.1405147432003546
1164,-1.5380000000000003,-1.9978434828601048,-1.5380000000000003,-2.5766523112532393,-1.5380000000000003,2.0906617923700614
1165,-1.536,-1.9487294523501866,-1.536,-2.533962626912236,-1.536,2.041784884972689
1166,-1.5340000000000003,-1.9011709237758616,-1.5340000000000003,-2.4922053592225306,-1.5340000000000003,1.9945766775148797
1167,-1.532,-1.856082275788709,-1.532,-2.4520050366292256,-1.532,1.950480923843923
1168,-1.5300000000000002,-1.8214874431671682,-1.5300000000000002,-2.418704029682688,-1.5300000000000002,1.9198440528387613
1169,-1.528,-1.8784302834228488,-1.528,-2.4466532998418833,-1.528,1.9788324432121618
1170,-1.5260000000000002,-2.102303095790534,-1.5260000000000002,-2.58690901389967,-1.5260000000000002,2.1888940839758306
1171,-1.524,-2.484407672933216,-1.524,-2.8343923565448708,-1.524,2.540062801145456
1172,-1.5220000000000002,-2.9304856187812245,-1.5220000000000002,-3.126884697071634,-1.5220000000000002,2.950493829829352
1173,-1.52,-3.3490647561252276,-1.52,-3.4036073846540225,-1.52,3.340357243919138
1174,-1.5180000000000002,-3.758550349508861,-1.5180000000000002,-3.6765872459242575,-1.5180000000000002,3.7232841781950747
1175,-1.516,-4.158437308085157,-1.516,-3.9453977789309422,-1.516,4.098228521588185
1176,-1.5140000000000002,-4.548584498257071,-1.5140000000000002,-4.20985528374403,-1.5140000000000002,4.464742993479758
1177,-1.512,-4.929204743188972,-1.512,-4.470012236048821,-1.512,4.822942101704935
1178,-1.5100000000000002,-5.300489369825118,-1.5100000000000002,-4.725909827883047,-1.5100000000000002,5.172927291418635
1179,-1.508,-5.662638626858531,-1.508,-4.977598888201238,-1.508,5.514836905903937
1180,-1.5060000000000002,-6.015866461426752,-1.5060000000000002,-5.225141656889668,-1.5060000000000002,5.848836625074781
1181,-1.504,-6.3603840582349305,-1.504,-5.468600782621989,-1.504,6.175092665317668
1182,-1.5020000000000002,-6.696399839555196,-1.5020000000000002,-5.70803932285879,-1.5020000000000002,6.49377177949107
1183,-1.5,-7.024119465227271,-1.5,-5.943520743848035,-1.5,6.805041256926006
1184,-1.4980000000000002,-7.343745832657872,-1.4980000000000002,-6.175108920624632,-1.4980000000000002,7.109068923425482
1185,-1.496,-7.655479076821296,-1.496,-6.402868137010851,-1.496,7.406023141265034
1186,-1.4940000000000002,-7.959516570258847,-1.4940000000000002,-6.626863085615918,-1.4940000000000002,7.696072809192199
1187,-1.492,-8.263794186379673,-1.492,-6.852429638149781,-1.492,7.984665366111844
1188,-1.4900000000000002,-8.534698988860459,-1.4900000000000002,-7.0569903880418465,-1.4900000000000002,8.238884230669056
1189,-1.488,-8.70686369451244,-1.488,-7.196363697788951,-1.488,8.400730087589968
1190,-1.4860000000000002,-8.746282103571026,-1.4860000000000002,-7.2472999138328715,-1.4860000000000002,8.440355910741847
1191,-1.484,-8.651217180613996,-1.484,-7.208094972649459,-1.484,8.356799601567939
1192,-1.4820000000000002,-8.452201054561424,-1.4820000000000002,-7.0985904007485425,-1.4820000000000002,8.17798398908742
1193,-1.48,-8.21203501867555,-1.48,-6.960173314673887,-1.48,7.960716829895259
1194,-1.4780000000000002,-8.004261277964767,-1.4780000000000002,-6.841557055858615,-1.4780000000000002,7.771447642698436
1195,-1.476,-7.8073766009873395,-1.476,-6.728728108247106,-1.476,7.591437474633108
1196,-1.4740000000000002,-7.615193919738806,-1.4740000000000002,-6.617657612533971,-1.4740000000000002,7.415292656936429
1197,-1.472,-7.427672170396569,-1.472,-6.508366671318231,-1.472,7.24307137577175
1198,-1.4700000000000002,-7.2447489632567885,-1.4700000000000002,-6.4008610283706044,-1.4700000000000002,7.074787024692769
1199,-1.468,-7.066340582734051,-1.468,-6.295131068633307,-1.468,6.910408204643223
1200,-1.4660000000000002,-6.8923419873616885,-1.4660000000000002,-6.191151818220244,-1.4660000000000002,6.749858723957188
1201,-1.464,-6.722626842612233,-1.464,-6.088884483092979,-1.464,6.593020997933593
1202,-1.4620000000000002,-6.557068605699879,-1.4620000000000002,-5.988300950519549,-1.4620000000000002,6.439799817290661
1203,-1.46,-6.395570479972827,-1.46,-5.889376640272578,-1.46,6.2901210259227565
1204,-1.4580000000000002,-6.238040420516292,-1.4580000000000002,-5.792085066829374,-1.4580000000000002,6.143908234170711
1205,-1.456,-6.084387733334564,-1.456,-5.69640006790165,-1.456,6.001086151712283
1206,-1.4540000000000002,-5.934523075351289,-1.4540000000000002,-5.602295804435688,-1.4540000000000002,5.861580587562425
1207,-1.452,-5.7883584544091935,-1.452,-5.509746760612174,-1.452,5.7253184500730265
1208,-1.4500000000000002,-5.645807229270353,-1.4500000000000002,-5.418727743846363,-1.4500000000000002,5.592227746933161
1209,-1.448,-5.506784109615933,-1.448,-5.329213884787916,-1.448,5.462237585168848
1210,-1.4460000000000002,-5.371205156046438,-1.4460000000000002,-5.2411806373210625,-1.4460000000000002,5.3352781711432815
1211,-1.444,-5.238987780081469,-1.444,-5.1546037785644385,-1.444,5.21128081055661
1212,-1.4420000000000002,-5.110050744159962,-1.4420000000000002,-5.069459408871246,-1.4420000000000002,5.090177908446154
1213,-1.44,-4.984314161639957,-1.44,-4.9857239518290974,-1.44,4.971902969186185
1214,-1.4380000000000002,-4.861699496798818,-1.4380000000000002,-4.903374154260167,-1.4380000000000002,4.856390596488148
1215,-1.436,-4.742129564833021,-1.436,-4.82238708622104,-1.436,4.743576493400447
1216,-1.4340000000000002,-4.625528531858363,-1.4340000000000002,-4.742740141002868,-1.4340000000000002,4.633397462308644
1217,-1.432,-4.5118219149097545,-1.432,-4.664411035131209,-1.432,4.525791404935275
1218,-1.4300000000000002,-4.400936581941424,-1.4300000000000002,-4.587377808366187,-1.4300000000000002,4.420697322340026
1219,-1.428,-4.29280075182672,-1.428,-4.51161882370234,-1.428,4.3180553149195555
1220,-1.4260000000000002,-4.187343994358299,-1.4260000000000002,-4.437112767368759,-1.4260000000000002,4.217806582407678
1221,-1.424,-4.084497230247948,-1.424,-4.36383864882896,-1.424,4.11989342387518
1222,-1.4220000000000002,-3.9841927311267535,-1.4220000000000002,-4.291775800781007,-1.4220000000000002,4.0242592377299955
1223,-1.42,-3.8863641195449365,-1.42,-4.22090387915739,-1.42,3.9308485217170404
1224,-1.4180000000000001,-3.79094636897202,-1.4180000000000001,-4.151202863125149,-1.4180000000000001,3.8396068729183757
1225,-1.416,-3.697875803796657,-1.416,-4.082653055085748,-1.416,3.7504809877530407
1226,-1.4140000000000001,-3.607090099326803,-1.4140000000000001,-4.015235080675198,-1.4140000000000001,3.663418661977222
1227,-1.412,-3.518528281789546,-1.412,-3.9489298887639395,-1.412,3.5783687906840864
1228,-1.4100000000000001,-3.4321307283312725,-1.4100000000000001,-3.8837187514569576,-1.4100000000000001,3.4952813683039428
1229,-1.408,-3.347843710677354,-1.408,-3.819583614659089,-1.408,3.4141105900652544
1230,-1.4060000000000001,-3.2656344343099573,-1.4060000000000001,-3.756508244449451,-1.4060000000000001,3.3348251183334994
1231,-1.404,-3.1854547878878345,-1.404,-3.6944754029405003,-1.404,3.2573833196694535
1232,-1.4020000000000001,-3.107254946597919,-1.4020000000000001,-3.63346789882656,-1.4020000000000001,3.181742534054442
1233,-1.4,-3.0309861761114325,-1.4,-3.573468804218443,-1.4,3.107860988204921
1234,-1.3980000000000001,-2.9566008325840234,-1.3980000000000001,-3.51446145464356,-1.3980000000000001,3.035697795572611
1235,-1.396,-2.884052362655633,-1.396,-3.4564294490458134,-1.396,2.965212956344367
1236,-1.3940000000000001,-2.8132953034506274,-1.3940000000000001,-3.3993566497857017,-1.3940000000000001,2.8963673574423026
1237,-1.392,-2.744285282577666,-1.392,-3.343227182640216,-1.392,2.8291227725236703
1238,-1.3900000000000001,-2.6769790181298303,-1.3900000000000001,-3.2880254368029425,-1.3900000000000001,2.7634418619809797
1239,-1.388,-2.6113343186845013,-1.388,-3.2337360648839617,-1.388,2.69928817294188
1240,-1.3860000000000001,-2.5473031361244134,-1.3860000000000001,-3.1803404493466894,-1.3860000000000001,2.6366158220789906
1241,-1.384,-2.48480108157991,-1.384,-3.1277964311689326,-1.384,2.5753220948509474
1242,-1.3820000000000001,-2.423765101722349,-1.3820000000000001,-3.0760701204631284,-1.3820000000000001,2.5153342349702714
1243,-1.38,-2.3641661186187695,-1.38,-3.025150545911557,-1.38,2.456631909475786
1244,-1.3780000000000001,-2.306007767816228,-1.3780000000000001,-2.975049351856622,-1.3780000000000001,2.3992454867109902
1245,-1.376,-2.2493263983416973,-1.376,-2.9258007983007595,-1.376,2.3432560363239534
1246,-1.374,-2.1941910727021647,-1.374,-2.8774617609065274,-1.374,2.2887953292674186
1247,-1.3719999999999999,-2.140703566884536,-1.3719999999999999,-2.8301117309965154,-1.3719999999999999,2.2360458377987023
1248,-1.37,-2.0889983703557298,-1.37,-2.783852815553436,-1.37,2.1852407354797903
1249,-1.3679999999999999,-2.039242686062585,-1.3679999999999999,-2.738809737220034,-1.3679999999999999,2.1366638971772467
1250,-1.366,-1.9916364304319516,-1.366,-2.695129834299176,-1.366,2.090649899062301
1251,-1.3639999999999999,-1.9987886661695902,-1.3639999999999999,-2.687994805623279,-1.3639999999999999,2.094031363231275
1252,-1.362,-2.185062917297249,-1.362,-2.801002791837469,-1.362,2.2581796447628633
1253,-1.3599999999999999,-2.4961648859317314,-1.3599999999999999,-2.998685592672373,-1.3599999999999999,2.5365916808572293
1254,-1.358,-2.8782833055684476,-1.358,-3.2457067852255608,-1.358,2.882559288098783
1255,-1.3559999999999999,-3.290420419563956,-1.3559999999999999,-3.5150868263256467,-1.3559999999999999,3.2600673566007146
1256,-1.354,-3.7043919811353296,-1.354,-3.7882030525318817,-1.354,3.643793850004415
1257,-1.3519999999999999,-4.104827253360855,-1.3519999999999999,-4.054789680134609,-1.3519999999999999,4.019109805480121
1258,-1.35,-4.4891690091793155,-1.35,-4.312937805154792,-1.35,4.3820793337262485
1259,-1.3479999999999999,-4.867183298573908,-1.3479999999999999,-4.568782149390282,-1.3479999999999999,4.739092898867588
1260,-1.346,-5.2399455500382235,-1.346,-4.823011735402322,-1.346,5.0909223865012665
1261,-1.3439999999999999,-5.603559701506702,-1.3439999999999999,-5.073076249953887,-1.3439999999999999,5.43468015803671
1262,-1.342,-5.958231177390726,-1.342,-5.319031174331871,-1.342,5.770514238562945
1263,-1.3399999999999999,-6.304164857498627,-1.3399999999999999,-5.56093391530997,-1.3399999999999999,6.098577625025528
1264,-1.338,-6.641565077035058,-1.338,-5.798843805148246,-1.338,6.419028286225942
1265,-1.3359999999999999,-6.970635626601613,-1.3359999999999999,-6.032822101593554,-1.3359999999999999,6.732029162822186
1266,-1.334,-7.291579752196216,-1.334,-6.262931987879123,-1.334,7.037748167328199
1267,-1.3319999999999999,-7.604600155213718,-1.3319999999999999,-6.489238572724966,-1.3319999999999999,7.336358184114423
1268,-1.33,-7.936543979306659,-1.33,-6.72973043935165,-1.33,7.652650827569933
1269,-1.3279999999999998,-8.305236058375392,-1.3279999999999998,-6.996452901668699,-1.3279999999999998,8.003094903228085
1270,-1.326,-8.632951862060434,-1.326,-7.237193993723258,-1.326,8.315841255825942
1271,-1.3239999999999998,-8.86236410235405,-1.3239999999999998,-7.41329112627114,-1.3239999999999998,8.537786939188628
1272,-1.322,-8.961014613717598,-1.322,-7.502635204193365,-1.322,8.638705483835698
1273,-1.3199999999999998,-8.921314353081897,-1.3199999999999998,-7.499670626496437,-1.3199999999999998,8.611246896981502
1274,-1.318,-8.760543399847059,-1.318,-7.415395286312199,-1.318,8.470937662535006
1275,-1.3159999999999998,-8.520850955882445,-1.3159999999999998,-7.277360570897838,-1.3159999999999998,8.256180741099767
1276,-1.314,-8.269255345526895,-1.314,-7.129671361636006,-1.314,8.028255569974144
1277,-1.3119999999999998,-8.062837931755189,-1.3119999999999998,-7.010104514412024,-1.3119999999999998,7.839872949644352
1278,-1.31,-7.8645191113040305,-1.31,-6.894497886041631,-1.31,7.6582941024726985
1279,-1.3079999999999998,-7.670932059790537,-1.3079999999999998,-6.780691871249102,-1.3079999999999998,7.480606582717973
1280,-1.306,-7.482031463050788,-1.306,-6.668704513817627,-1.306,7.306861118695187
1281,-1.3040000000000003,-7.297755026694611,-1.3040000000000003,-6.558541387306926,-1.3040000000000003,7.137071973176898
1282,-1.302,-7.118023476105714,-1.302,-6.450195595053331,-1.302,6.971216943393334
1283,-1.3000000000000003,-6.942740556441797,-1.3000000000000003,-6.343647770169854,-1.3000000000000003,6.809237361032502
1284,-1.298,-6.771793032634283,-1.298,-6.238866075546023,-1.298,6.651038092239925
1285,-1.2960000000000003,-6.605049796859697,-1.2960000000000003,-6.135808188556613,-1.2960000000000003,6.496491520736524
1286,-1.294,-6.442378609708915,-1.294,-6.034446266441458,-1.294,6.345500867498213
1287,-1.2920000000000003,-6.2836853810735835,-1.2920000000000003,-5.93475556718538,-1.2920000000000003,6.1979937418403175
1288,-1.29,-6.128882088709006,-1.29,-5.836709603762877,-1.29,6.053896467347836
1289,-1.2880000000000003,-5.977881886478115,-1.2880000000000003,-5.740282201461671,-1.2880000000000003,5.913136350192962
1290,-1.286,-5.830599104351197,-1.286,-5.645447497882531,-1.286,5.775641679134828
1291,-1.2840000000000003,-5.68694924840616,-1.2840000000000003,-5.552179942939444,-1.2840000000000003,5.641341725519756
1292,-1.282,-5.546849000828271,-1.282,-5.460454298859449,-1.282,5.510166743281013
1293,-1.2800000000000002,-5.410216219910413,-1.2800000000000002,-5.370245640182802,-1.2800000000000002,5.382047968939047
1294,-1.278,-5.276969940052837,-1.278,-5.28152935376281,-1.278,5.256917621601262
1295,-1.2760000000000002,-5.1470303717634,-1.2760000000000002,-5.194281138765997,-1.2760000000000002,5.134708902962232
1296,-1.274,-5.020318901657333,-1.274,-5.108477006671941,-1.274,5.015355997303495
1297,-1.2720000000000002,-4.896758092457471,-1.2720000000000002,-5.024093281273431,-1.2720000000000002,4.898794071493756
1298,-1.27,-4.776271682994026,-1.27,-4.941106598676314,-1.27,4.784959274988685
1299,-1.2680000000000002,-4.6587845882048065,-1.2680000000000002,-4.859493907299649,-1.2680000000000002,4.673788739831115
1300,-1.266,-4.544222899135007,-1.266,-4.779232467875551,-1.266,4.5652205806508475
1301,-1.2640000000000002,-4.432513882937412,-1.2640000000000002,-4.700299853449345,-1.2640000000000002,4.459193894664849
1302,-1.262,-4.323585982872196,-1.262,-4.622673949379419,-1.262,4.3556487616770525
1303,-1.2600000000000002,-4.217368818307121,-1.2600000000000002,-4.546332953337362,-1.2600000000000002,4.254526244078552
1304,-1.258,-4.113793184717343,-1.258,-4.471255375307834,-1.258,4.155768386847416
1305,-1.2560000000000002,-4.012791053685598,-1.2560000000000002,-4.39742003758869,-1.2560000000000002,4.059318217548865
1306,-1.254,-3.914295572902022,-1.254,-4.3248060747908585,-1.254,3.9651197463351022
1307,-1.2520000000000002,-3.8182410661643296,-1.2520000000000002,-4.253392933838464,-1.2520000000000002,3.8731179659454775
1308,-1.25,-3.7245630333776365,-1.25,-4.183160373968702,-1.25,3.783258851706326
1309,-1.2480000000000002,-3.633198150554633,-1.2480000000000002,-4.1140884667319675,-1.2480000000000002,3.695489361531129
1310,-1.246,-3.544084269815416,-1.246,-4.046157595991724,-1.246,3.609757435920352
1311,-1.2440000000000002,-3.4571604193876535,-1.2440000000000002,-3.9793484579246337,-1.2440000000000002,3.5260119979616054
1312,-1.242,-3.372366803606422,-1.242,-3.9136420610204294,-1.242,3.4442029533294907
1313,-1.2400000000000002,-3.2896448029143635,-1.2400000000000002,-3.8490197260820396,-1.2400000000000002,3.364281190285746
1314,-1.238,-3.2089369738615363,-1.238,-3.7854630862254686,-1.238,3.2861985796791044
1315,-1.2360000000000002,-3.1301870491055617,-1.2360000000000002,-3.7229540868799127,-1.2360000000000002,3.209907974945434
1316,-1.234,-3.0533525067198415,-1.234,-3.6614759014802725,-1.234,3.135371688409296
1317,-1.2320000000000002,-2.9784116861240144,-1.2320000000000002,-3.6010134590153187,-1.2320000000000002,3.0625663109939008
1318,-1.23,-2.9053200043042198,-1.23,-3.5415502176243834,-1.23,2.99145314845646
1319,-1.2280000000000002,-2.8340327324344172,-1.2280000000000002,-3.4830697961264923,-1.2280000000000002,2.921993543248299
1320,-1.226,-2.76450601516297,-1.226,-3.4255560478878055,-1.226,2.8541495613061336
1321,-1.2240000000000002,-2.6966968706127687,-1.2240000000000002,-3.368993060821721,-1.2240000000000002,2.7878839920521936
1322,-1.222,-2.630563190381112,-1.222,-3.313365157388774,-1.222,2.723160348394101
1323,-1.2200000000000002,-2.5660637395398243,-1.2200000000000002,-3.2586568945967365,-1.2200000000000002,2.6599428667249896
1324,-1.218,-2.503158156635138,-1.218,-3.204853064000518,-1.218,2.598196506923387
1325,-1.2160000000000002,-2.4418069536878106,-1.2160000000000002,-3.151938691702264,-1.2160000000000002,2.537886952353331
1326,-1.214,-2.38197151619301,-1.214,-3.0998990383512584,-1.214,2.4789806098642564
1327,-1.2120000000000002,-2.323614103120425,-1.2120000000000002,-3.0487195991440204,-1.2120000000000002,2.421444609791104
1328,-1.21,-2.26669784691416,-1.21,-2.9983861038242092,-1.21,2.365246805954215
1329,-1.2080000000000002,-2.2111867534928353,-1.2080000000000002,-2.9488845166827167,-1.2080000000000002,2.3103557756594335
1330,-1.206,-2.157045702249491,-1.206,-2.900201036557577,-1.206,2.2567408196980083
1331,-1.2040000000000002,-2.1042404460516804,-1.2040000000000002,-2.8523220968340555,-1.2040000000000002,2.2043719623466873
1332,-1.202,-2.052737611241377,-1.202,-2.8052343654445613,-1.202,2.1532199513676242
1333,-1.2000000000000002,-1.9709544622786088,-1.2000000000000002,-2.7377693984996325,-1.2000000000000002,2.0771769140745597
1334,-1.198,-1.9043205157310448,-1.198,-2.680224132106764,-1.198,2.0177475422740776
1335,-1.1960000000000002,-1.996692678429604,-1.1960000000000002,-2.72909107472346,-1.1960000000000002,2.099518072728096
1336,-1.194,-2.288437776177011,-1.194,-2.912007169960803,-1.194,2.358884400738228
1337,-1.1920000000000002,-2.7117409948015334,-1.1920000000000002,-3.1846127940633737,-1.1920000000000002,2.740102856614484
1338,-1.19,-3.1336839218478083,-1.19,-3.4589974167411643,-1.19,3.1296662830443376
1339,-1.1880000000000002,-3.5469094255495404,-1.1880000000000002,-3.73000473197802,-1.1880000000000002,3.5149287551971793
1340,-1.186,-3.9518541468873574,-1.186,-3.997818386974263,-1.186,3.894241499222687
1341,-1.1840000000000002,-4.3470810550451,-1.1840000000000002,-4.261394876910619,-1.1840000000000002,4.26536212598125
1342,-1.182,-4.7324630304451265,-1.182,-4.520558469319682,-1.182,4.6278616216326025
1343,-1.1800000000000002,-5.1085567003979095,-1.1800000000000002,-4.775588671254902,-1.1800000000000002,4.982288385327477
1344,-1.178,-5.47541522953919,-1.178,-5.026437189216167,-1.178,5.328572830011794
1345,-1.1760000000000002,-5.833248573171765,-1.1760000000000002,-5.273161487789695,-1.1760000000000002,5.666870097632944
1346,-1.174,-6.182266051425916,-1.174,-5.515820897094002,-1.174,5.997339480128297
1347,-1.1720000000000002,-6.5226752735325295,-1.1720000000000002,-5.754475904134946,-1.1720000000000002,6.320142976805198
1348,-1.17,-6.854682137823726,-1.17,-5.989188152806163,-1.17,6.635445294341551
1349,-1.1680000000000001,-7.178490831732251,-1.1680000000000001,-6.220020443888642,-1.1680000000000001,6.943413846785249
1350,-1.166,-7.494303831792065,-1.166,-6.4470367350511415,-1.166,7.244218755554731
1351,-1.1640000000000001,-7.805493998138785,-1.1640000000000001,-6.672434186374395,-1.1640000000000001,7.540895872805202
1352,-1.162,-8.162061902679344,-1.162,-6.9298131915152625,-1.162,7.878268506443145
1353,-1.1600000000000001,-8.510453344797005,-1.1600000000000001,-7.183257772511829,-1.1600000000000001,8.207042883455943
1354,-1.158,-8.77903999719761,-1.158,-7.3845633211309964,-1.158,8.46175429535027
1355,-1.1560000000000001,-8.92330155460018,-1.1560000000000001,-7.503572759926755,-1.1560000000000001,8.601675066899778
1356,-1.154,-8.925825733737348,-1.154,-7.528176542240509,-1.154,8.610814556145517
1357,-1.1520000000000001,-8.796308273355127,-1.1520000000000001,-7.464312652200873,-1.1520000000000001,8.497919154395694
1358,-1.15,-8.571552934212916,-1.15,-7.335966604723728,-1.15,8.296472286225708
1359,-1.1480000000000001,-8.315471499083696,-1.1480000000000001,-7.185171445512307,-1.1480000000000001,8.064694409478308
1360,-1.146,-8.101595354954547,-1.146,-7.060506685403333,-1.146,7.869768946179686
1361,-1.1440000000000001,-7.902314896860984,-1.1440000000000001,-6.944063810919581,-1.1440000000000001,7.687486259692648
1362,-1.142,-7.707796370612691,-1.142,-6.829439653326306,-1.142,7.50912281355684
1363,-1.1400000000000001,-7.51798980686886,-1.1400000000000001,-6.716649351512453,-1.1400000000000001,7.334721690293126
1364,-1.138,-7.332829489333511,-1.138,-6.60569637530808,-1.138,7.164291676988349
1365,-1.1360000000000001,-7.152233954755831,-1.1360000000000001,-6.4965725254845506,-1.1360000000000001,6.997807265295647
1366,-1.134,-6.976105992929842,-1.134,-6.389257933754348,-1.134,6.835208651434142
1367,-1.1320000000000001,-6.804332646694725,-1.1320000000000001,-6.28372106277126,-1.1320000000000001,6.676401736189245
1368,-1.13,-6.636784071238238,-1.13,-6.179920975121149,-1.13,6.521262685073849
1369,-1.1280000000000001,-6.473330560501989,-1.1280000000000001,-6.077830060500614,-1.1280000000000001,6.369696917809853
1370,-1.126,-6.313877910229969,-1.126,-5.977422753761849,-1.126,6.221630560320428
1371,-1.124,-6.158336968400571,-1.124,-5.878672307460754,-1.124,6.076989164804982
1372,-1.1219999999999999,-6.006619805250641,-1.1219999999999999,-5.78155229291205,-1.1219999999999999,5.935699298043698
1373,-1.12,-5.858639713275763,-1.12,-5.686036600189462,-1.12,5.797688541397788
1374,-1.1179999999999999,-5.7143112072299855,-1.1179999999999999,-5.592099438125541,-1.1179999999999999,5.662885490809241
1375,-1.116,-5.573550024126083,-1.116,-5.499715334311837,-1.116,5.531219756801072
1376,-1.1139999999999999,-5.436273123235304,-1.1139999999999999,-5.408859135098728,-1.1139999999999999,5.402621964477077
1377,-1.112,-5.302398686087614,-1.112,-5.3195060055955885,-1.112,5.27702375352207
1378,-1.1099999999999999,-5.171846116471462,-1.1099999999999999,-5.231631429670626,-1.1099999999999999,5.154357778201658
1379,-1.108,-5.044536040434007,-1.108,-5.14521120995104,-1.108,5.034557707362457
1380,-1.1059999999999999,-4.920390306280895,-1.1059999999999999,-5.060221467822866,-1.1059999999999999,4.91755822443188
1381,-1.104,-4.79933198457648,-1.104,-4.976638643431127,-1.104,4.803295027418344
1382,-1.1019999999999999,-4.681285368143606,-1.1019999999999999,-4.894439495679688,-1.1019999999999999,4.691704828911069
1383,-1.1,-4.566175972063819,-1.1,-4.813601102231399,-1.1,4.582725356080277
1384,-1.0979999999999999,-4.453930533677162,-1.0979999999999999,-4.734100859507948,-1.0979999999999999,4.476295350676993
1385,-1.096,-4.344477012582377,-1.096,-4.655916482690014,-1.096,4.372354569033241
1386,-1.0939999999999999,-4.2377445906367015,-1.0939999999999999,-4.579026005717113,-1.0939999999999999,4.270843782061853
1387,-1.092,-4.1336636719560715,-1.092,-4.5034077812877475,-1.092,4.171704775256656
1388,-1.0899999999999999,-4.032165882914927,-1.0899999999999999,-4.429040480859263,-1.0899999999999999,4.074880348692289
1389,-1.088,-3.933184072146394,-1.088,-4.355903094647987,-1.088,3.9803143170243804
1390,-1.0859999999999999,-3.8366523105421098,-1.0859999999999999,-4.283974931629091,-1.0859999999999999,3.887951509489377
1391,-1.084,-3.742505891252396,-1.084,-4.21323561953673,-1.084,3.797737769904709
1392,-1.0819999999999999,-3.650681329686088,-1.0819999999999999,-4.143665104863903,-1.0819999999999999,3.709619956668629
1393,-1.08,-3.561116363510701,-1.08,-4.075243652862588,-1.08,3.6235459427603725
1394,-1.0779999999999998,-3.473749952652268,-1.0779999999999998,-4.007951847543616,-1.0779999999999998,3.539464615739998
1395,-1.076,-3.3885222792954983,-1.076,-3.9417705916767884,-1.076,3.45732587774854
1396,-1.0739999999999998,-3.305374747883623,-1.0739999999999998,-3.8766811067907616,-1.0739999999999998,3.377080645507866
1397,-1.072,-3.2242499851185444,-1.072,-3.8126649331731657,-1.072,3.298680850320815
1398,-1.0699999999999998,-3.145096844694743,-1.0699999999999998,-3.749704293018195,-1.0699999999999998,3.2220828089250038
1399,-1.068,-3.067891182893778,-1.068,-3.6877836114352793,-1.068,3.1472612391553874
1400,-1.0659999999999998,-2.9925902148032004,-1.0659999999999998,-3.6268861817931923,-1.0659999999999998,3.0741784999080957
1401,-1.064,-2.919147947810735,-1.064,-3.5669952412532226,-1.064,3.002794929553297
1402,-1.0619999999999998,-2.847519280506745,-1.0619999999999998,-3.508094265727313,-1.0619999999999998,2.9330716033204904
1403,-1.06,-2.7776600026843674,-1.06,-3.450166969878163,-1.06,2.8649703332986323
1404,-1.0579999999999998,-2.709526795339384,-1.0579999999999998,-3.393197307119127,-1.0579999999999998,2.798453668436015
1405,-1.056,-2.643077230670345,-1.056,-3.3371694696143166,-1.056,2.7334848945403842
1406,-1.0539999999999998,-2.5782697720784475,-1.0539999999999998,-3.2820678882784984,-1.0539999999999998,2.670028034278826
1407,-1.052,-2.5150637741676567,-1.052,-3.2278772327771943,-1.052,2.608047847177875
1408,-1.0500000000000003,-2.4534194827446005,-1.0500000000000003,-3.1745824115265955,-1.0500000000000003,2.5475098296234227
1409,-1.048,-2.393298034818616,-1.048,-3.1221685716936,-1.048,2.488380214860755
1410,-1.0460000000000003,-2.334661458601788,-1.0460000000000003,-3.0706210991958454,-1.0460000000000003,2.430625972994594
1411,-1.044,-2.277472673508857,-1.044,-3.01992561870163,-1.044,2.374214810989005
1412,-1.0420000000000003,-2.221695490157321,-1.0420000000000003,-2.9700679936300034,-1.0420000000000003,2.3191151726674994
1413,-1.04,-2.1672946103673363,-1.04,-2.921034326150676,-1.04,2.265296238712936
1414,-1.0380000000000003,-2.114235627161815,-1.0380000000000003,-2.872810957184107,-1.0380000000000003,2.2127279266676148
1415,-1.036,-2.0526636402362586,-1.036,-2.8188019387980163,-1.036,2.152944728159527
1416,-1.0340000000000003,-1.9516919250202471,-1.0340000000000003,-2.7382193770197545,-1.0340000000000003,2.0599855280715307
1417,-1.032,-1.9353218784650035,-1.032,-2.7140896814340145,-1.032,2.0421595906963215
1418,-1.0300000000000002,-2.087162295822289,-1.0300000000000002,-2.8027291328010766,-1.0300000000000002,2.1734761979169943
1419,-1.028,-2.412105161179525,-1.028,-3.008088460036529,-1.028,2.4606259186620334
1420,-1.0260000000000002,-2.8363256474595167,-1.0260000000000002,-3.281752840211106,-1.0260000000000002,2.842980608905072
1421,-1.024,-3.253346113406999,-1.024,-3.553305240300367,-1.024,3.228728560522576
1422,-1.0220000000000002,-3.663596046339428,-1.0220000000000002,-3.822739697718374,-1.0220000000000002,3.6116655414093866
1423,-1.02,-4.065710960034891,-1.02,-4.08905441524603,-1.02,3.9887943381546758
1424,-1.0180000000000002,-4.458214711261,-1.0180000000000002,-4.3511811842243775,-1.0180000000000002,4.357824175481952
1425,-1.016,-4.840830403710832,-1.016,-4.60884614030962,-1.016,4.7181347482214555
1426,-1.0140000000000002,-5.214211480564306,-1.0140000000000002,-4.862392758448708,-1.0140000000000002,5.07041253475968
1427,-1.012,-5.578461128127121,-1.012,-5.111806474671568,-1.012,5.414647421348634
1428,-1.0100000000000002,-5.933749691443452,-1.0100000000000002,-5.357119392516204,-1.0100000000000002,5.750942003256943
1429,-1.008,-6.280285268702853,-1.008,-5.598390720471751,-1.008,6.079455235911197
1430,-1.0060000000000002,-6.618274135753705,-1.0060000000000002,-5.835680729889846,-1.0060000000000002,6.400348513096477
1431,-1.004,-6.9479207461038355,-1.004,-6.0690507549850645,-1.004,6.7137856669569524
1432,-1.0020000000000002,-7.269427730919924,-1.0020000000000002,-6.298563192834487,-1.0020000000000002,7.019932967995303
1433,-1.0,-7.582995899028078,-1.0,-6.524281503378122,-1.0,7.318959125073278
1434,-0.9980000000000002,-7.891829564918235,-0.9980000000000002,-6.748289513801153,-0.9980000000000002,7.613753178984056
1435,-0.996,-8.246975345743081,-0.996,-7.004881083032417,-0.996,7.950223198417029
1436,-0.9940000000000002,-8.591958021133523,-0.9940000000000002,-7.256191737790492,-0.9940000000000002,8.276472800366248
1437,-0.992,-8.851496012476803,-0.992,-7.451570433647895,-0.992,8.523693040291771
1438,-0.9900000000000002,-8.980180229187141,-0.9900000000000002,-7.560253083827807,-0.9900000000000002,8.650296249858444
1439,-0.988,-8.962474068706166,-0.988,-7.5713625592044025,-0.988,8.641916036936287
1440,-0.9860000000000002,-8.812713416502687,-0.9860000000000002,-7.493908688302653,-0.9860000000000002,8.511407285600294
1441,-0.984,-8.575106646072689,-0.984,-7.35678825729837,-0.984,8.298846156130427
1442,-0.9820000000000002,-8.323734618939545,-0.9820000000000002,-7.2087850100183,-0.9820000000000002,8.07153008501181
1443,-0.98,-8.117248993507124,-0.98,-7.088753554754058,-0.98,7.883300606556734
1444,-0.9780000000000002,-7.917580018234502,-0.9780000000000002,-6.971842444275875,-0.9780000000000002,7.70069910121981
1445,-0.976,-7.722676269438897,-0.976,-6.856753589454366,-0.976,7.522013240409851
1446,-0.9740000000000002,-7.532496090994753,-0.9740000000000002,-6.743507669301398,-0.9740000000000002,7.347301556717551
1447,-0.972,-7.346977648476631,-0.972,-6.632110768591699,-0.972,7.17658004538024
1448,-0.9700000000000002,-7.16603892915955,-0.9700000000000002,-6.522554377863047,-0.9700000000000002,7.009822164282201
1449,-0.968,-6.989577742018654,-0.968,-6.414815393416082,-0.968,6.84695883395436
1450,-0.9660000000000002,-6.8174717177295365,-0.9660000000000002,-6.3088561173144955,-0.9660000000000002,6.687878437574588
1451,-0.964,-6.6495865005543076,-0.964,-6.204637777696419,-0.964,6.53246054812725
1452,-0.9620000000000002,-6.4858161858687495,-0.9620000000000002,-6.1021384178902185,-0.9620000000000002,6.380634367798076
1453,-0.96,-6.32606757346833,-0.96,-6.001330661175718,-0.96,6.232322609901599
1454,-0.9580000000000002,-6.170248841811745,-0.9580000000000002,-5.902187406054617,-0.9580000000000002,6.087448975821901
1455,-0.956,-6.018269542147953,-0.956,-5.804681886518573,-0.956,5.945938285863788
1456,-0.9540000000000002,-5.870040598516456,-0.9540000000000002,-5.708787672049367,-0.9540000000000002,5.807716479253057
1457,-0.952,-5.725474307747024,-0.952,-5.6144786676187435,-0.952,5.6727106141362365
1458,-0.9500000000000002,-5.584484339459957,-0.9500000000000002,-5.52172911368857,-0.9500000000000002,5.540848867580836
1459,-0.948,-5.446985736065836,-0.948,-5.430513586210678,-0.948,5.412060535575106
1460,-0.9460000000000002,-5.312894912765768,-0.9460000000000002,-5.340806996627017,-0.9460000000000002,5.286276033028271
1461,-0.944,-5.18212965755114,-0.944,-5.252584591869505,-0.944,5.1634268937703
1462,-0.9420000000000002,-5.054609131203866,-0.9420000000000002,-5.165821954360179,-0.9420000000000002,5.043445770552133
1463,-0.94,-4.93025386729614,-0.94,-5.080495002011041,-0.94,4.926266435045461
1464,-0.9380000000000002,-4.808985772190679,-0.9380000000000002,-4.996579988224215,-0.9380000000000002,4.811823777842938
1465,-0.9359999999999999,-4.690728125040488,-0.9359999999999999,-4.914053501891789,-0.9359999999999999,4.700053808457974
1466,-0.9340000000000002,-4.575405577789089,-0.9340000000000002,-4.832892467395968,-0.9340000000000002,4.590893655324938
1467,-0.9319999999999999,-4.462944155170296,-0.9319999999999999,-4.753074144608931,-0.9319999999999999,4.484281565798962
1468,-0.9300000000000002,-4.35327125470843,-0.9300000000000002,-4.674576128892968,-0.9300000000000002,4.38015690615613
1469,-0.9279999999999999,-4.24631564671812,-0.9279999999999999,-4.597376351100342,-0.9279999999999999,4.2784601615932925
1470,-0.9260000000000002,-4.14200747430449,-0.9260000000000002,-4.521453077573428,-0.9260000000000002,4.179132936228249
1471,-0.9239999999999999,-4.0402782533629775,-0.9239999999999999,-4.446784910144575,-0.9239999999999999,4.082117953099571
1472,-0.9220000000000002,-3.9410608725795084,-0.9220000000000002,-4.373350786136244,-0.9220000000000002,3.9873590541667725
1473,-0.9199999999999999,-3.8442895934303305,-0.9199999999999999,-4.301129978360873,-0.9199999999999999,3.894801200310144
1474,-0.9180000000000001,-3.749900050182177,-0.9180000000000001,-4.230102095121003,-0.9180000000000001,3.804390471330918
1475,-0.9159999999999999,-3.6578292498921012,-0.9159999999999999,-4.16024708020916,-0.9159999999999999,3.716074065951102
1476,-0.9140000000000001,-3.5680155724076412,-0.9140000000000001,-4.091545212907972,-0.9140000000000001,3.6298003018136438
1477,-0.9119999999999999,-3.4803987703666603,-0.9119999999999999,-4.023977107990049,-0.9119999999999999,3.545518615482271
1478,-0.9100000000000001,-3.3949221655453266,-0.9100000000000001,-3.9575238875368224,-0.9100000000000001,3.4631810586860374
1479,-0.9079999999999999,-3.311550573670635,-0.9079999999999999,-3.8921685709942233,-0.9079999999999999,3.3827545064747837
1480,-0.9060000000000001,-3.230237250321487,-0.9060000000000001,-3.827893458380034,-0.9060000000000001,3.3041981185778506
1481,-0.9039999999999999,-3.1509316889975367,-0.9039999999999999,-3.7646807404822265,-0.9039999999999999,3.227468638216386
1482,-0.9020000000000001,-3.0735844853045524,-0.9020000000000001,-3.7025128803925753,-0.9020000000000001,3.1525237051939614
1483,-0.8999999999999999,-2.9981473369542746,-0.8999999999999999,-3.6413726135065447,-0.8999999999999999,3.079321855896435
1484,-0.8980000000000001,-2.924573043764552,-0.8980000000000001,-3.5812429475233998,-0.8980000000000001,3.0078225232920843
1485,-0.8959999999999999,-2.8528155076592094,-0.8959999999999999,-3.5221071624460967,-0.8959999999999999,2.9379860369314788
1486,-0.8940000000000001,-2.7828297326681786,-0.8940000000000001,-3.463948810581391,-0.8940000000000001,2.8697736229476027
1487,-0.8919999999999999,-2.7145718249273685,-0.8919999999999999,-3.406751716539731,-0.8919999999999999,2.803147404055735
1488,-0.8900000000000001,-2.6479989926787915,-0.8900000000000001,-3.350499977235362,-0.8900000000000001,2.738070399553568
1489,-0.8879999999999999,-2.5830641457526253,-0.8879999999999999,-3.2951752994775028,-0.8879999999999999,2.6744985370972936
1490,-0.8860000000000001,-2.5196712994902484,-0.8860000000000001,-3.2407290898846313,-0.8860000000000001,2.612312090970211
1491,-0.8839999999999999,-2.4577419401763354,-0.8839999999999999,-3.187116336336255,-0.8839999999999999,2.551414383627195
1492,-0.8820000000000001,-2.3972439822475944,-0.8820000000000001,-3.134322836910371,-0.8820000000000001,2.4917803197291
1493,-0.8799999999999999,-2.3381892356803866,-0.8799999999999999,-3.0823648566928377,-0.8799999999999999,2.4334530379953487
1494,-0.8780000000000001,-2.2806334059908333,-0.8780000000000001,-3.031289127777471,-0.8780000000000001,2.37654391120404
1495,-0.8759999999999999,-2.224676094234713,-0.8759999999999999,-2.98117284926595,-0.8759999999999999,2.321232546191844
1496,-0.8740000000000001,-2.1704607970075607,-0.8740000000000001,-2.932123687267908,-0.8740000000000001,2.2677667838541025
1497,-0.8719999999999999,-2.1181749064445707,-0.8719999999999999,-2.884279774900844,-0.8719999999999999,2.216462699144732
1498,-0.8700000000000001,-2.0680497102206923,-0.8700000000000001,-2.8378097122902104,-0.8700000000000001,2.1677046010763177
1499,-0.8679999999999999,-2.020360391550536,-0.8679999999999999,-2.792912566569326,-0.8679999999999999,2.1219450327200233
1500,-0.8660000000000001,-2.015758665482594,-0.8660000000000001,-2.7767764740748166,-0.8660000000000001,2.115253428169712
1501,-0.8639999999999999,-2.198506341448681,-0.8639999999999999,-2.886256223724088,-0.8639999999999999,2.275844417919289
1502,-0.8620000000000001,-2.5164740896492686,-0.8620000000000001,-3.0873642833147996,-0.8620000000000001,2.5595063169970733
1503,-0.8599999999999999,-2.908600032581279,-0.8599999999999999,-3.339951550454222,-0.8599999999999999,2.913491126244295
1504,-0.8580000000000001,-3.3289871035206016,-0.8580000000000001,-3.613781542961445,-0.8580000000000001,3.2976857769647396
1505,-0.8559999999999999,-3.746903046522747,-0.8559999999999999,-3.888530398867798,-0.8559999999999999,3.6846121309253337
1506,-0.8540000000000001,-4.146780416422127,-0.8540000000000001,-4.153786876416383,-0.8540000000000001,4.059426980355493
1507,-0.8519999999999999,-4.528216578832781,-0.8519999999999999,-4.409052354062549,-0.8519999999999999,4.41992204794779
1508,-0.8500000000000001,-4.904898613315281,-0.8500000000000001,-4.663049181172141,-0.8500000000000001,4.775703680366619
1509,-0.8479999999999999,-5.276728934786929,-0.8479999999999999,-4.9157201886253326,-0.8479999999999999,5.126680461327821
1510,-0.8460000000000001,-5.639435709954926,-0.8460000000000001,-5.164252963346272,-0.8460000000000001,5.46960842938709
1511,-0.8439999999999999,-5.993222537774465,-0.8439999999999999,-5.408701688777068,-0.8439999999999999,5.804632622927532
1512,-0.8420000000000001,-6.338292965682159,-0.8420000000000001,-5.64912280907213,-0.8420000000000001,6.131904022348502
1513,-0.8399999999999999,-6.674850489596661,-0.8399999999999999,-5.885575029098602,-0.8399999999999999,6.4515795500662145
1514,-0.8380000000000001,-7.003098553918053,-0.8380000000000001,-6.118119314435933,-0.8380000000000001,6.763822070513149
1515,-0.8359999999999999,-7.32324055152845,-0.8359999999999999,-6.346818891376308,-0.8359999999999999,7.068800390138627
1516,-0.8340000000000001,-7.635479823791405,-0.8340000000000001,-6.571739246924218,-0.8340000000000001,7.36668925740825
1517,-0.8319999999999999,-7.9810373273556126,-0.8319999999999999,-6.820561072571641,-0.8319999999999999,7.6956974054818605
1518,-0.8300000000000001,-8.34925311280159,-0.8300000000000001,-7.086192990270461,-0.8300000000000001,8.045947089502107
1519,-0.8279999999999998,-8.67067673007508,-0.8279999999999998,-7.321931623759255,-0.8279999999999998,8.353006921589662
1520,-0.8260000000000001,-8.896546280512295,-0.8260000000000001,-7.494844490728109,-0.8260000000000001,8.571553847592629
1521,-0.8239999999999998,-8.998814973418627,-0.8239999999999998,-7.585787857100121,-0.8239999999999998,8.675397764291787
1522,-0.8220000000000001,-8.970151126068274,-0.8220000000000001,-7.5894067370311165,-0.8220000000000001,8.657481519400243
1523,-0.8199999999999998,-8.823938163704417,-0.8199999999999998,-7.5141348929098015,-0.8199999999999998,8.529880911563582
1524,-0.8180000000000001,-8.594274619539254,-0.8180000000000001,-7.382194835357749,-0.8180000000000001,8.323804690359921
1525,-0.8159999999999998,-8.335974134753775,-0.8159999999999998,-7.229597823229291,-0.8159999999999998,8.089594556299685
1526,-0.8140000000000001,-8.116579124084826,-0.8140000000000001,-7.100901441943118,-0.8140000000000001,7.889464277667909
1527,-0.8119999999999998,-7.916931055615876,-0.8119999999999998,-6.983792519866194,-0.8119999999999998,7.706729004556457
1528,-0.81,-7.722062624157604,-0.81,-6.868519112435787,-0.81,7.527939533457877
1529,-0.8079999999999998,-7.531913415998023,-0.8079999999999998,-6.755089359963542,-0.8079999999999998,7.353119237230453
1530,-0.806,-7.346411969845182,-0.806,-6.643502848680483,-0.806,7.1822662022960575
1531,-0.8039999999999998,-7.165475776826821,-0.8039999999999998,-6.533750610736806,-0.8039999999999998,7.015353228639841
1532,-0.802,-6.989011280490704,-0.802,-6.425815124202089,-0.802,6.85232782981053
1533,-0.7999999999999998,-6.816913876804293,-0.7999999999999998,-6.31967031306508,-0.7999999999999998,6.693112232920141
1534,-0.798,-6.649067914155065,-0.798,-6.215281547233906,-0.798,6.537603378644259
1535,-0.7959999999999998,-6.485345428724566,-0.7959999999999998,-6.112609963165473,-0.7959999999999998,6.3856822452304725
1536,-0.794,-6.325628970285489,-0.794,-6.011630702298861,-0.794,6.237266236090916
1537,-0.7920000000000003,-6.169827964067134,-0.7920000000000003,-5.91231745378771,-0.7920000000000003,6.09228146270314
1538,-0.79,-6.01785420842098,-0.79,-5.814643633425694,-0.79,5.950654222563534
1539,-0.7880000000000003,-5.8696207578137445,-0.7880000000000003,-5.718582979929619,-0.7880000000000003,5.812311852441313
1540,-0.786,-5.725041922827149,-0.786,-5.624109554939281,-0.786,5.677182728378303
1541,-0.7840000000000003,-5.584033270158184,-0.7840000000000003,-5.5311977430176285,-0.7840000000000003,5.545196265689181
1542,-0.782,-5.446511622618845,-0.782,-5.439822251650601,-0.782,5.41628291896124
1543,-0.7800000000000002,-5.312395059136394,-0.7800000000000002,-5.3499581112472905,-0.7800000000000002,5.290374182054625
1544,-0.778,-5.181602914753107,-0.778,-5.261580675139779,-0.778,5.167402588102095
1545,-0.7760000000000002,-5.054055780626514,-0.7760000000000002,-5.174665619583301,-0.7760000000000002,5.04730170950926
1546,-0.774,-4.929675504029168,-0.774,-5.089188943756083,-0.774,4.930006157954349
1547,-0.7720000000000002,-4.808385188348872,-0.7720000000000002,-5.005126969759501,-0.7720000000000002,4.815451584388433
1548,-0.77,-4.690109193088455,-0.77,-4.9224563426179255,-0.77,4.703574679035212
1549,-0.7680000000000002,-4.574773133865991,-0.7680000000000002,-4.841154030278875,-0.7680000000000002,4.59431317139122
1550,-0.766,-4.462303882414586,-0.766,-4.761197323612864,-0.766,4.487605830225626
1551,-0.7640000000000002,-4.3526295665825865,-0.7640000000000002,-4.682563836413551,-0.7640000000000002,4.383392463580428
1552,-0.762,-4.245679570333375,-0.762,-4.605231505397597,-0.762,4.281613918770263
1553,-0.7600000000000002,-4.141384533745569,-0.7600000000000002,-4.529178590204803,-0.7600000000000002,4.182212082382594
1554,-0.758,-4.039676353012827,-0.758,-4.454383673397972,-0.758,4.0851298802775275
1555,-0.7560000000000002,-3.940488180444038,-0.7560000000000002,-4.380825660463047,-0.7560000000000002,3.9903112775879888
1556,-0.754,-3.843754424463139,-0.754,-4.308483779808976,-0.754,3.897701278719551
1557,-0.7520000000000002,-3.74941074960929,-0.7520000000000002,-4.237337582767845,-0.7520000000000002,3.8072459273506087
1558,-0.75,-3.6573940765367032,-0.75,-4.167366943594745,-0.75,3.7188923064322017
1559,-0.7480000000000002,-3.5676425820148103,-0.7480000000000002,-4.098552059467902,-0.7480000000000002,3.6325885381881857
1560,-0.746,-3.4800956989281024,-0.746,-4.030873450488553,-0.746,3.5482837841150716
1561,-0.7440000000000002,-3.394694116276283,-0.7440000000000002,-3.964311959681067,-0.7440000000000002,3.46592824498218
1562,-0.742,-3.311379779174117,-0.742,-3.898848752992824,-0.742,3.3854731608314896
1563,-0.7400000000000002,-3.2300958888515807,-0.7400000000000002,-3.834465319294335,-0.7400000000000002,3.3068708109777836
1564,-0.738,-3.1507949552607943,-0.738,-3.7711440518471004,-0.738,3.230079935452398
1565,-0.7360000000000002,-3.0734481942728786,-0.7360000000000002,-3.70886894398573,-0.7360000000000002,3.1550720871488536
1566,-0.734,-2.998009822287533,-0.734,-3.647622976863068,-0.734,3.0818075595574355
1567,-0.7320000000000002,-2.9244337132785687,-0.7320000000000002,-3.587389283891869,-0.7320000000000002,3.010246554786545
1568,-0.73,-2.8526746383355346,-0.73,-3.5281512393722188,-0.73,2.940350016976566
1569,-0.7280000000000002,-2.782688265663842,-0.7280000000000002,-3.4698924584916395,-0.7280000000000002,2.872079632299987
1570,-0.726,-2.71443116058464,-0.726,-3.4125967973249884,-0.726,2.805397828961281
1571,-0.7240000000000002,-2.64786078553494,-0.7240000000000002,-3.3562483528345575,-0.7240000000000002,2.7402677771970265
1572,-0.722,-2.5829355000674923,-0.722,-3.3008314628699735,-0.722,2.676653389275786
1573,-0.7200000000000002,-2.5196145608509073,-0.7200000000000002,-3.246330706168299,-0.7200000000000002,2.6145193194982252
1574,-0.718,-2.4578581216695383,-0.718,-3.192730902353931,-0.718,2.553830964196998
1575,-0.7160000000000002,-2.3976272334235933,-0.7160000000000002,-3.1400171119387017,-0.7160000000000002,2.4945544617368567
1576,-0.714,-2.338883844129028,-0.714,-3.088174636321779,-0.714,2.4366566925145463
1577,-0.7120000000000002,-2.28159079891765,-0.7120000000000002,-3.0371890177897636,-0.7120000000000002,2.3801052789589074
1578,-0.71,-2.2257118400370155,-0.71,-2.987046039516595,-0.71,2.324868585530774
1579,-0.7080000000000002,-2.171211606850533,-0.7080000000000002,-2.937731725563643,-0.7080000000000002,2.2709157187230757
1580,-0.706,-2.118055635837359,-0.706,-2.889232340879618,-0.706,2.2182165270607377
1581,-0.7040000000000002,-2.047729606322604,-0.7040000000000002,-2.829132903702939,-0.7040000000000002,2.150771038565861
1582,-0.702,-1.9466335773362888,-0.702,-2.748194369429647,-0.702,2.0575325515970895
1583,-0.7000000000000002,-1.9285838666546997,-0.7000000000000002,-2.7227046859932638,-0.7000000000000002,2.0385294891283827
1584,-0.698,-2.0632731740496255,-0.698,-2.799663068228287,-0.698,2.155761844485274
1585,-0.6960000000000002,-2.3613246249992734,-0.6960000000000002,-2.986763784598958,-0.6960000000000002,2.420237123875436
1586,-0.694,-2.7742917706885195,-0.694,-3.2523961571994056,-0.694,2.7919703463888945
1587,-0.6920000000000002,-3.2014047787498843,-0.6920000000000002,-3.5300839291845154,-0.6920000000000002,3.185239362438452
1588,-0.69,-3.6124723964703422,-0.69,-3.7995924072852785,-0.69,3.5685552456375125
1589,-0.6880000000000002,-4.015418597598889,-0.6880000000000002,-4.0660027743104985,-0.6880000000000002,3.9461239437071085
1590,-0.6859999999999999,-4.409250891952939,-0.6859999999999999,-4.328567633763175,-0.6859999999999999,4.316284260278244
1591,-0.6840000000000002,-4.793453235494572,-0.6840000000000002,-4.586856390692207,-0.6840000000000002,4.678080103936692
1592,-0.6819999999999999,-5.167986030331225,-0.6819999999999999,-4.840755251692856,-0.6819999999999999,5.031260488223652
1593,-0.6800000000000002,-5.533900096377807,-0.6800000000000002,-5.090882853182703,-0.6800000000000002,5.376824956923527
1594,-0.6779999999999999,-5.922770321735566,-0.6779999999999999,-5.358549252564607,-0.6779999999999999,5.743018277206649
1595,-0.6760000000000002,-6.33125766059105,-0.6760000000000002,-5.641511870561084,-0.6760000000000002,6.126772699321626
1596,-0.6739999999999999,-6.7335860509269825,-0.6739999999999999,-5.922316696894802,-0.6739999999999999,6.505002916223421
1597,-0.6720000000000002,-7.108009517750091,-0.6720000000000002,-6.186193755463256,-0.6720000000000002,6.858186067089054
1598,-0.6699999999999999,-7.436812173091811,-0.6699999999999999,-6.421057104339259,-0.6699999999999999,7.170361737318253
1599,-0.6680000000000001,-7.706308216007627,-0.6680000000000001,-6.617504835770484,-0.6680000000000001,7.429131958532846
1600,-0.6659999999999999,-7.906841932577651,-0.6659999999999999,-6.768819076179868,-0.6659999999999999,7.625661208577296
1601,-0.6640000000000001,-8.032787695906151,-0.6640000000000001,-6.870965986165276,-0.6640000000000001,7.754676411518257
1602,-0.6619999999999999,-8.0825499661219,-0.6619999999999999,-6.9225957604997586,-0.6619999999999999,7.814466937644917
1603,-0.6600000000000001,-8.058563290377956,-0.6600000000000001,-6.925042628131381,-0.6600000000000001,7.806884603468768
1604,-0.6579999999999999,-7.967292302851755,-0.6579999999999999,-6.882324852183304,-0.6579999999999999,7.737343671723713
1605,-0.6560000000000001,-7.819231724745137,-0.6560000000000001,-6.801144729953787,-0.6560000000000001,7.614820851366079
1606,-0.6539999999999999,-7.6289063642842105,-0.6539999999999999,-6.690888592916115,-0.6539999999999999,7.451855297574498
1607,-0.6520000000000001,-7.414871116719587,-0.6520000000000001,-6.5636268067187284,-0.6520000000000001,7.264548611750114
1608,-0.6499999999999999,-7.199710964326067,-0.6499999999999999,-6.4341137711850465,-0.6499999999999999,7.072564841516312
1609,-0.6480000000000001,-7.009499385109689,-0.6480000000000001,-6.3194372126759255,-0.6480000000000001,6.8986969081947525
1610,-0.6459999999999999,-6.837193459434478,-0.6459999999999999,-6.215251183001903,-0.6459999999999999,6.739023597483529
1611,-0.6440000000000001,-6.669030727943338,-0.6440000000000001,-6.112713863212453,-0.6440000000000001,6.582837098740386
1612,-0.6419999999999999,-6.504934889756507,-0.6419999999999999,-6.011814755426224,-0.6419999999999999,6.430107803052981
1613,-0.6400000000000001,-6.344828521719655,-0.6400000000000001,-5.912541669454258,-0.6400000000000001,6.280801161276883
1614,-0.6379999999999999,-6.188633078403594,-0.6379999999999999,-5.814880722799814,-0.6379999999999999,6.134877684035303
1615,-0.6360000000000001,-6.03626889210456,-0.6360000000000001,-5.718816340658541,-0.6360000000000001,5.992292941719359
1616,-0.6339999999999999,-5.887655172843939,-0.6339999999999999,-5.624331255918305,-0.6339999999999999,5.8529975644878185
1617,-0.6320000000000001,-5.7427100083685305,-0.6320000000000001,-5.531406509159364,-0.6320000000000001,5.716937242267345
1618,-0.6299999999999999,-5.601350364150294,-0.6299999999999999,-5.440021448654192,-0.6299999999999999,5.584052724752259
1619,-0.6280000000000001,-5.463492083386598,-0.6280000000000001,-5.350153730367653,-0.6280000000000001,5.454279821404777
1620,-0.6259999999999999,-5.329049886999972,-0.6259999999999999,-5.261779317956833,-0.6259999999999999,5.327549401454772
1621,-0.6240000000000001,-5.197937373638348,-0.6240000000000001,-5.1748724827712,-0.6240000000000001,5.203787393900006
1622,-0.6219999999999999,-5.070067019674833,-0.6219999999999999,-5.089405803852449,-0.6219999999999999,5.08291478750591
1623,-0.6200000000000001,-4.945350179207924,-0.6200000000000001,-5.005350167934656,-0.6200000000000001,4.964847630805794
1624,-0.6179999999999999,-4.823696445849304,-0.6179999999999999,-4.922676542807548,-0.6179999999999999,4.849501106016995
1625,-0.6160000000000001,-4.705021519479689,-0.6160000000000001,-4.841365643331261,-0.6160000000000001,4.7368167304683135
1626,-0.6139999999999999,-4.589257359527607,-0.6139999999999999,-4.761396538875521,-0.6139999999999999,4.626738866426813
1627,-0.6120000000000001,-4.476338055893765,-0.6120000000000001,-4.682747766230235,-0.6120000000000001,4.5192112456656455
1628,-0.6099999999999999,-4.366198658179176,-0.6099999999999999,-4.605398126102242,-0.6099999999999999,4.4141784104206
1629,-0.6080000000000001,-4.2587751756853605,-0.6080000000000001,-4.529326683115458,-0.6080000000000001,4.311585713390299
1630,-0.6059999999999999,-4.154004577414149,-0.6059999999999999,-4.454512765810733,-0.6059999999999999,4.211379317736011
1631,-0.6040000000000001,-4.051824792067876,-0.6040000000000001,-4.380935966645993,-0.6040000000000001,4.113506197081832
1632,-0.6019999999999999,-3.952174708049194,-0.6019999999999999,-4.308576141996099,-0.6019999999999999,4.017914135514507
1633,-0.6000000000000001,-3.8549941734612476,-0.6000000000000001,-4.237413412152986,-0.6000000000000001,3.9245517275836086
1634,-0.5979999999999999,-3.7602239961075075,-0.5979999999999999,-4.167428161325526,-0.5979999999999999,3.8333683783013583
1635,-0.5960000000000001,-3.6678059434919366,-0.5960000000000001,-4.098601037639664,-0.5960000000000001,3.744314303142802
1636,-0.5939999999999999,-3.57768274281882,-0.5939999999999999,-4.030912953138284,-0.5939999999999999,3.6573405280456406
1637,-0.5920000000000001,-3.489798080992936,-0.5920000000000001,-3.964345083781338,-0.5920000000000001,3.5723988894103913
1638,-0.5899999999999999,-3.4040966046193892,-0.5899999999999999,-3.8988788694457233,-0.5899999999999999,3.4894420341002346
1639,-0.5880000000000001,-3.3205239200037706,-0.5880000000000001,-3.834496013925401,-0.5880000000000001,3.4084234194411613
1640,-0.5859999999999999,-3.239026593152003,-0.5859999999999999,-3.771178484931278,-0.5859999999999999,3.3292973132218298
1641,-0.5840000000000001,-3.159552149770493,-0.5840000000000001,-3.708908514091326,-0.5840000000000001,3.2520187936937046
1642,-0.5819999999999999,-3.0820490752659815,-0.5819999999999999,-3.6476685969504636,-0.5819999999999999,3.176543749570922
1643,-0.5800000000000001,-3.006466814745688,-0.5800000000000001,-3.5874414929706706,-0.5800000000000001,3.1028288800304202
1644,-0.5779999999999998,-2.9327557730171714,-0.5779999999999998,-3.528210225530878,-0.5779999999999998,3.030831694711812
1645,-0.5760000000000001,-2.860867314588468,-0.5760000000000001,-3.469958081927074,-0.5760000000000001,2.9605105137175127
1646,-0.5739999999999998,-2.7907537636679547,-0.5739999999999998,-3.412668613372202,-0.5739999999999998,2.8918244676126124
1647,-0.5720000000000001,-2.7223684041644787,-0.5720000000000001,-3.3563256349962587,-0.5720000000000001,2.824733497424996
1648,-0.5699999999999998,-2.6556654796872374,-0.5699999999999998,-3.300913225846198,-0.5699999999999998,2.7591983546452337
1649,-0.5680000000000001,-2.590600193545894,-0.5680000000000001,-3.246415728886027,-0.5680000000000001,2.6951806012266877
1650,-0.5659999999999998,-2.5271287087504604,-0.5659999999999998,-3.19281775099671,-0.5659999999999998,2.6326426095854014
1651,-0.5640000000000001,-2.465208148011417,-0.5640000000000001,-3.1401041629762654,-0.5640000000000001,2.5715475626002138
1652,-0.5619999999999998,-2.4047974564883683,-0.5619999999999998,-3.088260172275931,-0.5619999999999998,2.5118600511087705
1653,-0.56,-2.3458725836601375,-0.56,-3.0372725842964363,-0.56,2.453556570536914
1654,-0.5579999999999998,-2.288402565341566,-0.5579999999999998,-2.987127746449349,-0.5579999999999998,2.396608918886704
1655,-0.556,-2.2323515482717737,-0.556,-2.937811740022152,-0.556,2.340985618256664
1656,-0.5539999999999998,-2.177684507096432,-0.5539999999999998,-2.889310866785707,-0.5539999999999998,2.2866558784417927
1657,-0.552,-2.1243672443678636,-0.552,-2.8416116489943444,-0.552,2.233589596933667
1658,-0.5499999999999998,-2.072366390544946,-0.5499999999999998,-2.794700829385777,-0.5499999999999998,2.1817573589203425
1659,-0.548,-2.0216494039932056,-0.548,-2.7485653711811837,-0.548,2.131130437286449
1660,-0.5459999999999998,-1.9721845764946908,-0.5459999999999998,-2.703192458115528,-0.5459999999999998,2.0816807961479626
1661,-0.544,-1.9239410330515827,-0.544,-2.6585694922856455,-0.544,2.033381088979801
1662,-0.5419999999999998,-1.8768886405569585,-0.5419999999999998,-2.614684081602062,-0.5419999999999998,1.9862045902241028
1663,-0.54,-1.830997984210981,-0.54,-2.5715240343443617,-0.54,1.940125175832119
1664,-0.5379999999999998,-1.7862403677935914,-0.5379999999999998,-2.529077359088152,-0.5379999999999998,1.8951173233784346
1665,-0.536,-1.7405193483070962,-0.536,-2.485956052323457,-0.536,1.8487590534157587
1666,-0.5340000000000003,-1.7140887943182932,-0.5340000000000003,-2.4556658121648143,-0.5340000000000003,1.8243591180951777
1667,-0.532,-1.779256795706665,-0.532,-2.486722777575132,-0.532,1.8892027097655768
1668,-0.5300000000000002,-2.0395081892573264,-0.5300000000000002,-2.648915839466612,-0.5300000000000002,2.1275002482594743
1669,-0.528,-2.445385832503459,-0.528,-2.9102633726926768,-0.528,2.495210662556286
1670,-0.5260000000000002,-2.875473843657936,-0.5260000000000002,-3.190238639735533,-0.5260000000000002,2.8914491519431005
1671,-0.524,-3.2934505502195166,-0.524,-3.464615155415122,-0.524,3.2814100763951437
1672,-0.5220000000000002,-3.7042003069518046,-0.5220000000000002,-3.7365140774222736,-0.5220000000000002,3.6655438550303603
1673,-0.52,-4.105387678817397,-0.52,-4.004306427132734,-0.52,4.041775202033002
1674,-0.5180000000000002,-4.496923144105178,-0.5180000000000002,-4.267842223969777,-0.5180000000000002,4.409729758634724
1675,-0.516,-4.8788551855329025,-0.516,-4.527065121088807,-0.516,4.769268354755632
1676,-0.5140000000000002,-5.2513702902465065,-0.5140000000000002,-4.782012405376893,-0.5140000000000002,5.120487009003622
1677,-0.512,-5.632879547421356,-0.512,-5.045060485593219,-0.512,5.479114772982797
1678,-0.5100000000000002,-6.03768435968368,-0.5100000000000002,-5.325883670632475,-0.5100000000000002,5.857315920342002
1679,-0.508,-6.439236252498148,-0.508,-5.606524732482643,-0.508,6.2323317322296345
1680,-0.5060000000000002,-6.814635758182917,-0.5060000000000002,-5.87144736801646,-0.5060000000000002,6.584439905112385
1681,-0.504,-7.145311085252883,-0.504,-6.107995075199185,-0.504,6.897533177466276
1682,-0.5020000000000002,-7.417018118419033,-0.5020000000000002,-6.306391153088143,-0.5020000000000002,7.159119329776044
1683,-0.5,-7.619840418589016,-0.5,-6.45973870183313,-0.5,7.360321184535694
1684,-0.4980000000000002,-7.748189222866671,-0.4980000000000002,-6.564020622676072,-0.4980000000000002,7.49587660624803
1685,-0.496,-7.800803444552387,-0.496,-6.618099617951294,-0.496,7.5641385014250195
1686,-0.4940000000000002,-7.780749673142868,-0.4940000000000002,-6.623718191085331,-0.4940000000000002,7.567074818587545
1687,-0.492,-7.6954221743312345,-0.492,-6.585498646597031,-0.492,7.510268548265536
1688,-0.4900000000000002,-7.556542890007049,-0.4900000000000002,-6.51094309009754,-0.4900000000000002,7.402917722997951
1689,-0.488,-7.380161438256182,-0.488,-6.4104334282902355,-0.488,7.257835417332685
1690,-0.4860000000000002,-7.186655113361035,-0.4860000000000002,-6.297231368970857,-0.4860000000000002,7.0914497478267595
1691,-0.484,-7.000714031206584,-0.484,-6.187468868279379,-0.484,6.923795241797897
1692,-0.4820000000000002,-6.828948088903603,-0.4820000000000002,-6.085680009164655,-0.4820000000000002,6.764166705421113
1693,-0.48,-6.661203342534699,-0.48,-5.985427353631707,-0.48,6.607814683488142
1694,-0.4780000000000002,-6.497429610934386,-0.4780000000000002,-5.886717960546149,-0.4780000000000002,6.454758757175463
1695,-0.476,-6.337572688749189,-0.476,-5.789555297514124,-0.476,6.305008080134253
1696,-0.4740000000000002,-6.1815743464379285,-0.4740000000000002,-5.693939240882468,-0.4740000000000002,6.15856137849066
1697,-0.472,-6.029372330271439,-0.472,-5.599866075738548,-0.472,6.015406950845532
1698,-0.4700000000000002,-5.88090036233285,-0.4700000000000002,-5.5073284959104285,-0.4700000000000002,5.87552266827468
1699,-0.46799999999999997,-5.7360881405173085,-0.46799999999999997,-5.416315603966698,-0.46799999999999997,5.738875974328627
1700,-0.4660000000000002,-5.594861338532249,-0.4660000000000002,-5.326812911216642,-0.4660000000000002,5.605423885032849
1701,-0.46399999999999997,-5.457141605897132,-0.46399999999999997,-5.23880233771008,-0.46399999999999997,5.475112988887539
1702,-0.4620000000000002,-5.322846567943698,-0.4620000000000002,-5.152262212237519,-0.4620000000000002,5.34787944686784
1703,-0.45999999999999996,-5.191889825815718,-0.45999999999999996,-5.067167272330002,-0.45999999999999996,5.223648992423617
1704,-0.4580000000000002,-5.064180956469241,-0.4580000000000002,-4.98348866425926,-0.4580000000000002,5.102336931479679
1705,-0.45599999999999996,-4.939625512672351,-0.45599999999999996,-4.901193943037564,-0.45599999999999996,4.983848142435561
1706,-0.4540000000000002,-4.818125234876143,-0.4540000000000002,-4.820247584446381,-0.4540000000000002,4.868078352778883
1707,-0.45199999999999996,-4.699593503193789,-0.45199999999999996,-4.7406303897402715,-0.45199999999999996,4.754966000290261
1708,-0.4500000000000002,-4.583963683009314,-0.4500000000000002,-4.662326436319321,-0.4500000000000002,4.644466165193589
1709,-0.44799999999999995,-4.471170861070588,-0.44799999999999995,-4.585314814484723,-0.44799999999999995,4.536523036380884
1710,-0.4460000000000002,-4.3611510316801665,-0.4460000000000002,-4.509574866572252,-0.4460000000000002,4.431081578535834
1711,-0.44399999999999995,-4.25384109669509,-0.44399999999999995,-4.435086186952131,-0.44399999999999995,4.328087532133617
1712,-0.44200000000000017,-4.149178865527075,-0.44200000000000017,-4.361828622029167,-0.44200000000000017,4.22748741344108
1713,-0.43999999999999995,-4.04710305514233,-0.43999999999999995,-4.28978227024261,-0.43999999999999995,4.129228514516559
1714,-0.43800000000000017,-3.947553290061738,-0.43800000000000017,-4.218927482066296,-0.43800000000000017,4.033258903210059
1715,-0.43599999999999994,-3.850470102360673,-0.43599999999999994,-4.149244860008506,-0.43599999999999994,3.939527423163077
1716,-0.43400000000000016,-3.7557949316691817,-0.43400000000000016,-4.080715258612102,-0.43400000000000016,3.847983693808777
1717,-0.43199999999999994,-3.6634701251718074,-0.43199999999999994,-4.013319784454399,-0.43199999999999994,3.7585781103718157
1718,-0.43000000000000016,-3.5734389376077593,-0.43000000000000016,-3.947039796147285,-0.43000000000000016,3.6712618438685127
1719,-0.42799999999999994,-3.485645531270749,-0.42799999999999994,-3.8818569043371056,-0.42799999999999994,3.585986841106687
1720,-0.42600000000000016,-3.4000349760091506,-0.42600000000000016,-3.8177529717047776,-0.42600000000000016,3.502705824685815
1721,-0.42399999999999993,-3.316553249225842,-0.42399999999999993,-3.754710112965676,-0.42399999999999993,3.421372292996877
1722,-0.42200000000000015,-3.2351472358783617,-0.42200000000000015,-3.6927106948697483,-0.42200000000000015,3.341940520222506
1723,-0.41999999999999993,-3.155764728478755,-0.41999999999999993,-3.631737336201397,-0.41999999999999993,3.264365556336844
1724,-0.41800000000000015,-3.078354427093725,-0.41800000000000015,-3.5717729077795983,-0.41800000000000015,3.1886032271056797
1725,-0.4159999999999999,-3.0028659393444848,-0.4159999999999999,-3.512800532457787,-0.4159999999999999,3.1146101340863166
1726,-0.41400000000000015,-2.929249780406901,-0.41400000000000015,-3.4548035851239662,-0.41400000000000015,3.0423436546277016
1727,-0.4119999999999999,-2.8574573730113544,-0.4119999999999999,-3.3977656927006015,-0.4119999999999999,2.9717619418702967
1728,-0.41000000000000014,-2.7874410474428752,-0.41000000000000014,-3.3416707341447243,-0.41000000000000014,2.9028239247462087
1729,-0.4079999999999999,-2.7191540415410125,-0.4079999999999999,-3.28650284044783,-0.4079999999999999,2.835489307979059
1730,-0.40600000000000014,-2.6525505006999603,-0.40600000000000014,-3.232246394635978,-0.40600000000000014,2.7697185720841118
1731,-0.4039999999999999,-2.5875854778684353,-0.4039999999999999,-3.1788860317696956,-0.4039999999999999,2.7054729733681486
1732,-0.40200000000000014,-2.5242149335497963,-0.40200000000000014,-3.1264066389440703,-0.40200000000000014,2.642714543929592
1733,-0.3999999999999999,-2.4623957358019273,-0.3999999999999999,-3.0747933552886586,-0.3999999999999999,2.5814060916583843
1734,-0.39800000000000013,-2.4020856602373493,-0.39800000000000013,-3.0240315719675768,-0.39800000000000013,2.521511200236103
1735,-0.3959999999999999,-2.3432433900231158,-0.3959999999999999,-2.9741069321794114,-0.3959999999999999,2.462994229135854
1736,-0.39400000000000013,-2.2858385809133397,-0.39400000000000013,-2.925006158583574,-0.39400000000000013,2.405827314889392
1737,-0.3919999999999999,-2.229850797486149,-0.3919999999999999,-2.8767169199136573,-0.3919999999999999,2.3499895869849965
1738,-0.3900000000000001,-2.175245397732722,-0.3900000000000001,-2.8292258389634175,-0.3900000000000001,2.2954503832193778
1739,-0.3879999999999999,-2.121988282280058,-0.3879999999999999,-2.782519728088257,-0.3879999999999999,2.242179531061543
1740,-0.3860000000000001,-2.070046149019678,-0.3860000000000001,-2.7365856103456747,-0.3860000000000001,2.1901475249713154
1741,-0.3839999999999999,-2.0193864931075343,-0.3839999999999999,-2.691410719495184,-0.3839999999999999,2.13932552639924
1742,-0.3820000000000001,-1.9699776069640977,-0.3820000000000001,-2.6469824999983937,-0.3820000000000001,2.0896853637866744
1743,-0.3799999999999999,-1.9232663766713984,-0.3799999999999999,-2.604285840423954,-0.3799999999999999,2.0425786742882144
1744,-0.3780000000000001,-1.9007349830959575,-0.3780000000000001,-2.577849960789945,-0.3780000000000001,2.018151374295327
1745,-0.3759999999999999,-1.87224767915618,-0.3759999999999999,-2.547404158665327,-0.3759999999999999,1.988555623327939
1746,-0.3740000000000001,-1.8100850734294915,-0.3740000000000001,-2.4942476132813236,-0.3740000000000001,1.9280759950126087
1747,-0.3719999999999999,-1.7129689276054867,-0.3719999999999999,-2.4174483355589684,-0.3719999999999999,1.8355043801564581
1748,-0.3700000000000001,-1.6060621564860402,-0.3700000000000001,-2.3338431681092007,-0.3700000000000001,1.7341399867472773
1749,-0.3679999999999999,-1.540968827985162,-0.3679999999999999,-2.2780377852327462,-0.3679999999999999,1.671789339953388
1750,-0.3660000000000001,-1.5957341631291322,-0.3660000000000001,-2.3024066929202287,-0.3660000000000001,1.7207662821237715
1751,-0.3639999999999999,-1.8442085142003932,-0.3639999999999999,-2.4568161733578204,-0.3639999999999999,1.9493879515187242
1752,-0.3620000000000001,-2.2076388630789765,-0.3620000000000001,-2.6898145855018893,-0.3620000000000001,2.284597532853427
1753,-0.3599999999999999,-2.629118497778054,-0.3599999999999999,-2.9637656440207443,-0.3599999999999999,2.674353063493774
1754,-0.3580000000000001,-3.0714174820562605,-0.3580000000000001,-3.253994601559251,-0.3580000000000001,3.0846672679768194
1755,-0.35599999999999987,-3.508565169554152,-0.35599999999999987,-3.5432490908952383,-0.35599999999999987,3.4917296035990475
1756,-0.3540000000000001,-3.9258502037934497,-0.3540000000000001,-3.8216991249390015,-0.3540000000000001,3.881906260415666
1757,-0.35199999999999987,-4.319820518177799,-0.35199999999999987,-4.086937096733805,-0.35199999999999987,4.251740161241319
1758,-0.3500000000000001,-4.698283335992034,-0.3500000000000001,-4.343977779455387,-0.3500000000000001,4.60795096164939
1759,-0.34799999999999986,-5.074262365977939,-0.34799999999999986,-4.601293994629209,-0.34799999999999986,4.962045247274346
1760,-0.3460000000000001,-5.441998227308716,-0.3460000000000001,-4.855043990954198,-0.3460000000000001,5.308862083510692
1761,-0.34399999999999986,-5.800671884941249,-0.34399999999999986,-5.104611467678252,-0.34399999999999986,5.647648689539667
1762,-0.3420000000000001,-6.150499795941849,-0.3420000000000001,-5.350060888353567,-0.3420000000000001,5.978577651766643
1763,-0.33999999999999986,-6.4916950789154715,-0.33999999999999986,-5.5914568107107705,-0.33999999999999986,6.301821110396249
1764,-0.3380000000000001,-6.8244675140050965,-0.3380000000000001,-5.828863886658484,-0.3380000000000001,6.6175507594317855
1765,-0.33599999999999985,-7.149023542892332,-0.33599999999999985,-6.06234686228375,-0.33599999999999985,6.925937846675803
1766,-0.3340000000000001,-7.465566268796826,-0.3340000000000001,-6.291970577851614,-0.3340000000000001,7.227153173729533
1767,-0.33199999999999985,-7.786201153407085,-0.33199999999999985,-6.525795850667356,-0.33199999999999985,7.531695180926327
1768,-0.33000000000000007,-8.147275588666039,-0.33000000000000007,-6.788261669128521,-0.33000000000000007,7.869757641955207
1769,-0.32799999999999985,-8.453948283794597,-0.32799999999999985,-7.015736029542463,-0.32799999999999985,8.156073726204552
1770,-0.32600000000000007,-8.630096469309791,-0.32600000000000007,-7.156926348677859,-0.32600000000000007,8.322604980253244
1771,-0.32399999999999984,-8.643428317494864,-0.32399999999999984,-7.189725419696754,-0.32399999999999984,8.340543262965475
1772,-0.32200000000000006,-8.505482942399006,-0.32200000000000006,-7.121211412154341,-0.32200000000000006,8.220310745490478
1773,-0.31999999999999984,-8.271630399837374,-0.31999999999999984,-6.98764787199902,-0.31999999999999984,8.011559911262575
1774,-0.31800000000000006,-8.040236773586102,-0.31800000000000006,-6.8539338770822615,-0.31800000000000006,7.8024380337957435
1775,-0.31599999999999984,-7.842763880889331,-0.31599999999999984,-6.741101180954357,-0.31599999999999984,7.622289558743015
1776,-0.31400000000000006,-7.649849043872817,-0.31400000000000006,-6.629920911848448,-0.31400000000000006,7.445711901397166
1777,-0.31199999999999983,-7.461522116434002,-0.31199999999999983,-6.520461152964854,-0.31199999999999983,7.272893752778256
1778,-0.31000000000000005,-7.27777303610949,-0.31000000000000005,-6.412762395935794,-0.31000000000000005,7.103945579118367
1779,-0.30799999999999983,-7.0985518240747085,-0.30799999999999983,-6.306837540825192,-0.30799999999999983,6.938899621861299
1780,-0.30600000000000005,-6.923768585144236,-0.30600000000000005,-6.202671896128869,-0.30600000000000005,6.7777098976628665
1781,-0.3039999999999998,-6.753293611105637,-0.3039999999999998,-6.100223329968052,-0.3039999999999998,6.620252566686325
1782,-0.30200000000000005,-6.586992036357431,-0.30200000000000005,-5.999455322625192,-0.30200000000000005,6.4664118874146865
1783,-0.2999999999999998,-6.424768564457142,-0.2999999999999998,-5.900349210820555,-0.2999999999999998,6.316126920936603
1784,-0.29800000000000004,-6.266530520702631,-0.29800000000000004,-5.802878487321492,-0.29800000000000004,6.169320933379741
1785,-0.2959999999999998,-6.112186609935232,-0.2959999999999998,-5.707016967979313,-0.2959999999999998,6.025918303331208
1786,-0.29400000000000004,-5.961646916540032,-0.29400000000000004,-5.612738791729465,-0.29400000000000004,5.885844521837806
1787,-0.2919999999999998,-5.814822904445599,-0.2919999999999998,-5.520018420591359,-0.2919999999999998,5.749026192405785
1788,-0.29000000000000004,-5.671627417124245,-0.29000000000000004,-5.428830639668541,-0.29000000000000004,5.615391031001087
1789,-0.2879999999999998,-5.53197467759177,-0.2879999999999998,-5.339150557148519,-0.2879999999999998,5.484867866049102
1790,-0.28600000000000003,-5.395780288407716,-0.28600000000000003,-5.2509536043029374,-0.28600000000000003,5.357386638434909
1791,-0.2839999999999998,-5.262961231675113,-0.2839999999999998,-5.164215535487406,-0.2839999999999998,5.232878401503044
1792,-0.28200000000000003,-5.133435869040728,-0.28200000000000003,-5.078912428141663,-0.28200000000000003,5.11127532105772
1793,-0.28000000000000025,-5.007123941694856,-0.28000000000000025,-4.99502068278944,-0.28000000000000025,4.992510675362642
1794,-0.278,-4.883946570371407,-0.278,-4.912517023038516,-0.278,4.876518855141084
1795,-0.27600000000000025,-4.763826255347986,-0.27600000000000025,-4.831378495580777,-0.27600000000000025,4.763235363575968
1796,-0.274,-4.64668687644571,-0.274,-4.751582470192083,-0.274,4.6525968163096865
1797,-0.27200000000000024,-4.53245369302941,-0.27200000000000024,-4.673106639732415,-0.27200000000000024,4.544540941444297
1798,-0.27,-4.4210533440074355,-0.27,-4.5959290201457375,-0.27,4.439006579541334
1799,-0.26800000000000024,-4.312413847831847,-0.26800000000000024,-4.520027950460128,-0.26800000000000024,4.335933683621993
1800,-0.266,-4.206464602498221,-0.266,-4.445382092787648,-0.266,4.235263319166951
1801,-0.26400000000000023,-4.103136385545847,-0.26400000000000023,-4.371970432324474,-0.26400000000000023,4.136937664116542
1802,-0.262,-4.002361354057536,-0.262,-4.299772277350768,-0.262,4.040900008870584
1803,-0.26000000000000023,-3.9040730446598046,-0.26000000000000023,-4.228767259230803,-0.26000000000000023,3.9470947562885486
1804,-0.258,-3.8082063735226943,-0.258,-4.158935332412842,-0.258,3.8554674216893967
1805,-0.2560000000000002,-3.714697636359949,-0.2560000000000002,-4.090256774429255,-0.2560000000000002,3.765964632851739
1806,-0.254,-3.623484508428843,-0.254,-4.022712185896403,-0.254,3.6785341300136762
1807,-0.2520000000000002,-3.534506044530347,-0.2520000000000002,-3.9562824905147567,-0.2520000000000002,3.5931247658729584
1808,-0.25,-3.447702679008968,-0.25,-3.890948935068775,-0.25,3.5096865055868283
1809,-0.24800000000000022,-3.363028105061766,-0.24800000000000022,-3.826694029028612,-0.24800000000000022,3.428178607728743
1810,-0.246,-3.2804435393201605,-0.246,-3.7635010825673465,-0.246,3.3485657024272606
1811,-0.24400000000000022,-3.199897928119911,-0.24400000000000022,-3.7013526175202136,-0.24400000000000022,3.270804129407436
1812,-0.242,-3.1213412490751833,-0.242,-3.6402314139827947,-0.242,3.1948510740880036
1813,-0.2400000000000002,-3.044724563673509,-0.2400000000000002,-3.5801205144675188,-0.2400000000000002,3.1206646037621852
1814,-0.238,-2.9700000172756504,-0.238,-3.521003223903556,-0.238,3.0482036675975563
1815,-0.2360000000000002,-2.8971208391157317,-0.2360000000000002,-3.462863109636923,-0.2360000000000002,2.9774280966361775
1816,-0.23399999999999999,-2.8260413423011106,-0.23399999999999999,-3.405684001430378,-0.23399999999999999,2.908298603794466
1817,-0.2320000000000002,-2.756716923812504,-0.2320000000000002,-3.349449991463525,-0.2320000000000002,2.8407767838633196
1818,-0.22999999999999998,-2.689104064503866,-0.22999999999999998,-3.2941454343327106,-0.22999999999999998,2.7748251135079975
1819,-0.2280000000000002,-2.6231603291025065,-0.2280000000000002,-3.239754947051126,-0.2280000000000002,2.710406951268237
1820,-0.22599999999999998,-2.558844360458568,-0.22599999999999998,-3.1862634067073006,-0.22599999999999998,2.647486529254089
1821,-0.2240000000000002,-2.4960574217366305,-0.2240000000000002,-3.1336246665162006,-0.2240000000000002,2.585941334481291
1822,-0.22199999999999998,-2.4346473971878138,-0.22199999999999998,-3.0817485850694615,-0.22199999999999998,2.525561651556235
1823,-0.2200000000000002,-2.374544198848864,-0.2200000000000002,-3.030590480781258,-0.2200000000000002,2.466260804483563
1824,-0.21799999999999997,-2.3157487710976623,-0.21799999999999997,-2.9801554851530048,-0.21799999999999997,2.408063059108105
1825,-0.2160000000000002,-2.258333090653335,-0.2160000000000002,-2.9304985427734485,-0.2160000000000002,2.3511036231149847
1826,-0.21399999999999997,-2.202440166576144,-0.21399999999999997,-2.8817244113185767,-0.21399999999999997,2.2956286460295128
1827,-0.2120000000000002,-2.1482840402675936,-0.2120000000000002,-2.833987661551707,-0.2120000000000002,2.2419952192172916
1828,-0.20999999999999996,-2.096149785470328,-0.20999999999999996,-2.787492677323399,-0.20999999999999996,2.190671375884115
1829,-0.20800000000000018,-2.0463935082682285,-0.20800000000000018,-2.7424936555715407,-0.20800000000000018,2.1422360910760636
1830,-0.20599999999999996,-1.9994423470863218,-0.20599999999999996,-2.6992946063212666,-0.20599999999999996,2.0973792816794137
1831,-0.20400000000000018,-1.955794472690867,-0.20400000000000018,-2.6582493526850346,-0.20400000000000018,2.0569018064207234
1832,-0.20199999999999996,-1.9172391968290048,-0.20199999999999996,-2.620576587526138,-0.20199999999999996,2.022779952476712
1833,-0.20000000000000018,-2.0387350513100917,-0.20000000000000018,-2.6900358934242514,-0.20000000000000018,2.1309842309828264
1834,-0.19799999999999995,-2.350713003345053,-0.19799999999999995,-2.887837321997131,-0.19799999999999995,2.4096327010491
1835,-0.19600000000000017,-2.7615696031936485,-0.19600000000000017,-3.1535716214630525,-0.19600000000000017,2.779857197778754
1836,-0.19399999999999995,-3.204184941206114,-0.19399999999999995,-3.4429154675501032,-0.19399999999999995,3.1833563905457036
1837,-0.19200000000000017,-3.635922647822499,-0.19200000000000017,-3.7276314634957597,-0.19200000000000017,3.5823957829939554
1838,-0.18999999999999995,-4.038629893573409,-0.18999999999999995,-3.995568140047369,-0.18999999999999995,3.9598077130382916
1839,-0.18800000000000017,-4.41863738907926,-0.18800000000000017,-4.250659955461656,-0.18800000000000017,4.318991352863573
1840,-0.18599999999999994,-4.799473175206482,-0.18599999999999994,-4.50818088227196,-0.18599999999999994,4.678091628864438
1841,-0.18400000000000016,-5.173906010089421,-0.18400000000000016,-4.7634114202455,-0.18400000000000016,5.03133780101008
1842,-0.18199999999999994,-5.539154356902758,-0.18199999999999994,-5.014463763073372,-0.18199999999999994,5.37648894729051
1843,-0.18000000000000016,-5.895419317238023,-0.18000000000000016,-5.261389946429516,-0.18000000000000016,5.713683186286906
1844,-0.17799999999999994,-6.242904010049497,-0.17799999999999994,-5.5042456953911385,-0.17799999999999994,6.043068725110891
1845,-0.17600000000000016,-6.581813571653574,-0.17600000000000016,-5.743090424438265,-0.17600000000000016,6.364803859403929
1846,-0.17399999999999993,-6.912355155729381,-0.17399999999999993,-5.977987237454183,-0.17399999999999993,6.67905697333791
1847,-0.17200000000000015,-7.234749592295248,-0.17200000000000015,-6.209010767651817,-0.17200000000000015,6.98601703540857
1848,-0.16999999999999993,-7.589315106070256,-0.16999999999999993,-6.463238223585955,-0.16999999999999993,7.32198198279979
1849,-0.16800000000000015,-7.961007019809924,-0.16800000000000015,-6.730620311155008,-0.16800000000000015,7.673378007695595
1850,-0.16599999999999993,-8.285909783327181,-0.16599999999999993,-6.968158856793295,-0.16599999999999993,7.982498717408537
1851,-0.16400000000000015,-8.519088301924919,-0.16400000000000015,-7.145486514345469,-0.16400000000000015,8.208570504945483
1852,-0.16199999999999992,-8.634587936396537,-0.16199999999999992,-7.244866765066905,-0.16199999999999992,8.327752549008123
1853,-0.16000000000000014,-8.625434503025538,-0.16000000000000014,-7.2611939176234035,-0.16000000000000014,8.333136813992587
1854,-0.15799999999999992,-8.503634273585735,-0.15799999999999992,-7.201993108091364,-0.15799999999999992,8.234748049989653
1855,-0.15600000000000014,-8.30017397534126,-0.15600000000000014,-7.0874202999577465,-0.15600000000000014,8.059543792784726
1856,-0.15399999999999991,-8.065020791046363,-0.15399999999999991,-6.950262284119987,-0.15399999999999991,7.851414363857695
1857,-0.15200000000000014,-7.858193257905906,-0.15200000000000014,-6.830083727029957,-0.15200000000000014,7.663709235286198
1858,-0.1499999999999999,-7.665356449221862,-0.1499999999999999,-6.717739779412294,-0.1499999999999999,7.487030711620738
1859,-0.14800000000000013,-7.476898690703194,-0.14800000000000013,-6.606997086841885,-0.14800000000000013,7.313735061909732
1860,-0.1459999999999999,-7.292856770123075,-0.1459999999999999,-6.497926341139632,-0.1459999999999999,7.144014604820917
1861,-0.14400000000000013,-7.113236972564888,-0.14400000000000013,-6.390576957762337,-0.14400000000000013,6.978002338280276
1862,-0.1419999999999999,-6.93801508042189,-0.1419999999999999,-6.284977075802513,-0.1419999999999999,6.815771939471731
1863,-0.14000000000000012,-6.767136373397535,-0.14000000000000012,-6.181133557988568,-0.14000000000000012,6.657337764837443
1864,-0.1379999999999999,-6.600515628505162,-0.1379999999999999,-6.079031990684626,-0.1379999999999999,6.50265485007752
1865,-0.13600000000000012,-6.438037120068301,-0.13600000000000012,-5.978636683890704,-0.13600000000000012,6.351618910150301
1866,-0.1339999999999999,-6.2795549412981435,-0.1339999999999999,-5.879891016708296,-0.1339999999999999,6.204067202449695
1867,-0.13200000000000012,-6.1249437049272615,-0.13200000000000012,-5.78276116242706,-0.13200000000000012,6.0598926570753795
1868,-0.1299999999999999,-5.974122454424008,-0.1299999999999999,-5.687233632048947,-0.1299999999999999,5.9190507922969
1869,-0.1280000000000001,-5.82700542872814,-0.1280000000000001,-5.593282839088919,-0.1280000000000001,5.781469785386304
1870,-0.1259999999999999,-5.683508121797179,-0.1259999999999999,-5.500883510153642,-0.1259999999999999,5.647078848159432
1871,-0.12400000000000011,-5.543547282606678,-0.12400000000000011,-5.410010684941658,-0.12400000000000011,5.515808226976159
1872,-0.12199999999999989,-5.407040915149963,-0.12199999999999989,-5.320639716243214,-0.12199999999999989,5.387589202740156
1873,-0.1200000000000001,-5.273908278438386,-0.1200000000000001,-5.232746269940432,-0.1200000000000001,5.262354090899127
1874,-0.11799999999999988,-5.144069886501078,-0.11799999999999988,-5.146306325007144,-0.11799999999999988,5.140036241444576
1875,-0.1160000000000001,-5.017447508385188,-0.1160000000000001,-5.0612961735090485,-0.1160000000000001,5.020570038912032
1876,-0.11399999999999988,-4.893964168155651,-0.11399999999999988,-4.977692420603559,-0.11399999999999988,4.903890902380833
1877,-0.1120000000000001,-4.773544144895414,-0.1120000000000001,-4.895471984539957,-0.1120000000000001,4.789935285474335
1878,-0.10999999999999988,-4.656112972705218,-0.10999999999999988,-4.814612096659236,-0.10999999999999988,4.6786406763597075
1879,-0.1080000000000001,-4.541597440703809,-0.1080000000000001,-4.735090301394257,-0.1080000000000001,4.569945597748135
1880,-0.10599999999999987,-4.429925593027728,-0.10599999999999987,-4.656884456269597,-0.10599999999999987,4.4637896068946175
1881,-0.10400000000000009,-4.321026728831522,-0.10400000000000009,-4.5799727319016945,-0.10400000000000009,4.360113295598168
1882,-0.10199999999999987,-4.214831402287539,-0.10199999999999987,-4.504333611998712,-0.10199999999999987,4.25885829020162
1883,-0.10000000000000009,-4.1112714225861176,-0.10000000000000009,-4.429945893360666,-0.10000000000000009,4.159967251591813
1884,-0.09799999999999986,-4.010279853935414,-0.09799999999999986,-4.3567886858793,-0.09799999999999986,4.063383875199411
1885,-0.09600000000000009,-3.9117910155615685,-0.09600000000000009,-4.284841412538212,-0.09600000000000009,3.9690528909990808
1886,-0.09399999999999986,-3.8157404817085347,-0.09399999999999986,-4.214083809412726,-0.09399999999999986,3.876920063509321
1887,-0.09200000000000008,-3.722065081638256,-0.09200000000000008,-4.144495925670021,-0.09200000000000008,3.7869321917926255
1888,-0.08999999999999986,-3.630702899630488,-0.08999999999999986,-4.076058123569003,-0.08999999999999986,3.699037109455324
1889,-0.08800000000000008,-3.541593274982972,-0.08800000000000008,-4.00875107846043,-0.08800000000000008,3.6131836846477388
1890,-0.08599999999999985,-3.4546768020112704,-0.08599999999999985,-3.942555778786792,-0.08599999999999985,3.5293218200640295
1891,-0.08400000000000007,-3.3698953300489203,-0.08400000000000007,-3.8774535260824248,-0.08400000000000007,3.447402452942348
1892,-0.08199999999999985,-3.2871919634472886,-0.08199999999999985,-3.813425934973399,-0.08199999999999985,3.367377555064685
1893,-0.08000000000000007,-3.2065110615757133,-0.08000000000000007,-3.7504549331776347,-0.08000000000000007,3.2892001327570206
1894,-0.07799999999999985,-3.1277991096321553,-0.07799999999999985,-3.6885228290991776,-0.07799999999999985,3.212824821641514
1895,-0.07600000000000007,-3.0510227998173094,-0.07600000000000007,-3.627613706705014,-0.07600000000000007,3.138220231843488
1896,-0.07399999999999984,-2.976141797639563,-0.07399999999999984,-3.5677112811759777,-0.07399999999999984,3.065350324854817
1897,-0.07200000000000006,-2.903109677710933,-0.07200000000000006,-3.5087989674469435,-0.07200000000000006,2.9941750397593725
1898,-0.06999999999999984,-2.8318810117570465,-0.06999999999999984,-3.450860431499965,-0.06999999999999984,2.9246551337994844
1899,-0.06800000000000006,-2.762411368617271,-0.06800000000000006,-3.3938795903643806,-0.06800000000000006,2.8567521823760664
1900,-0.06599999999999984,-2.694657314244588,-0.06599999999999984,-3.3378406121167097,-0.06599999999999984,2.7904285790484935
1901,-0.06400000000000006,-2.6285764117057147,-0.06400000000000006,-3.2827279158807556,-0.06400000000000006,2.7256475355347214
1902,-0.06199999999999983,-2.5641272211809865,-0.06199999999999983,-3.2285261718275033,-0.06199999999999983,2.66237308171117
1903,-0.06000000000000005,-2.5012692999644712,-0.06000000000000005,-3.1752203011752207,-0.06000000000000005,2.6005700656128377
1904,-0.05799999999999983,-2.4399632024638582,-0.05799999999999983,-3.1227954761893586,-0.05799999999999983,2.5402041534331885
1905,-0.05600000000000005,-2.3801704802005665,-0.05600000000000005,-3.071237120182649,-0.05600000000000005,2.4812418295242646
1906,-0.053999999999999826,-2.321853728210445,-0.053999999999999826,-3.0205309098854314,-0.053999999999999826,2.4236504274676847
1907,-0.052000000000000046,-2.2649767176269173,-0.052000000000000046,-2.97066278396205,-0.052000000000000046,2.367398220411524
1908,-0.04999999999999982,-2.209504030739934,-0.04999999999999982,-2.921618910203298,-0.04999999999999982,2.312454164330892
1909,-0.04800000000000004,-2.1554010441380314,-0.04800000000000004,-2.8733856726824203,-0.04800000000000004,2.2587878762359055
1910,-0.04599999999999982,-2.1026339375064387,-0.04599999999999982,-2.8259496718686217,-0.04599999999999982,2.2063696397681984
1911,-0.04400000000000004,-2.051169693627177,-0.04400000000000004,-2.779297724627154,-0.04400000000000004,2.15517040520102
1912,-0.041999999999999815,-2.000976098378962,-0.041999999999999815,-2.733416864219232,-0.041999999999999815,2.1051617894391383
1913,-0.040000000000000036,-1.9520217407372984,-0.040000000000000036,-2.688294340302115,-0.040000000000000036,2.0563160760189354
1914,-0.03799999999999981,-1.8681382699017173,-0.03799999999999981,-2.6196676064459457,-0.03799999999999981,1.9783070353014116
1915,-0.03600000000000003,-1.7932098009314426,-0.03600000000000003,-2.556809694156873,-0.03600000000000003,1.9117538562905807
1916,-0.03399999999999981,-1.8581748425022464,-0.03399999999999981,-2.587576435683847,-0.03399999999999981,1.9713929154814505
1917,-0.03200000000000003,-2.112162374808389,-0.03200000000000003,-2.7453734217789627,-0.03200000000000003,2.2007943709154647
1918,-0.029999999999999805,-2.5203701901225775,-0.029999999999999805,-3.007734445593836,-0.029999999999999805,2.570551373436919
1919,-0.028000000000000025,-2.9655377113983654,-0.028000000000000025,-3.297292862523049,-0.028000000000000025,2.9794963523634173
1920,-0.026000000000000245,-3.3828501824893653,-0.026000000000000245,-3.570930529002763,-0.026000000000000245,3.3681596453905276
1921,-0.02400000000000002,-3.791508028518904,-0.02400000000000002,-3.841148829736434,-0.02400000000000002,3.7504470528342724
1922,-0.02200000000000024,-4.19071038609362,-0.02200000000000024,-4.107325266777825,-0.02200000000000024,4.124944140385911
1923,-0.020000000000000018,-4.580133859699407,-0.020000000000000018,-4.369155079103311,-0.020000000000000018,4.49095219461507
1924,-0.018000000000000238,-4.959932521700696,-0.018000000000000238,-4.626651242611401,-0.018000000000000238,4.848488222969075
1925,-0.016000000000000014,-5.351863769435624,-0.016000000000000014,-4.894474590558185,-0.016000000000000014,5.216144799901409
1926,-0.014000000000000234,-5.763529382248311,-0.014000000000000234,-5.177773441003023,-0.014000000000000234,5.600325320726067
1927,-0.01200000000000001,-6.172346104705018,-0.01200000000000001,-5.461240514970797,-0.01200000000000001,5.981681966165884
1928,-0.010000000000000231,-6.559000718150717,-0.010000000000000231,-5.731745049387484,-0.010000000000000231,6.343596491454791
1929,-0.008000000000000007,-6.907470275776252,-0.008000000000000007,-5.978346502270084,-0.008000000000000007,6.672197414471413
1930,-0.006000000000000227,-7.205022102617671,-0.006000000000000227,-6.192294552726153,-0.006000000000000227,6.9563600157384515
1931,-0.0040000000000000036,-7.442213795556832,-0.0040000000000000036,-6.3670291009542295,-0.0040000000000000036,7.187706338423249
1932,-0.002000000000000224,-7.612893223320878,-0.002000000000000224,-6.498180268243463,-0.002000000000000224,7.360605188337298
1933,0.0,-7.71419852648266,0.0,-6.58356839697392,0.0,7.4721721339366445
1934,0.0019999999999997797,-7.746558117460434,0.0019999999999997797,-6.623204050616353,0.0019999999999997797,7.522269506321581
1935,0.0040000000000000036,-7.713690680518035,0.0040000000000000036,-6.619288013732352,0.0040000000000000036,7.5135063992368485
1936,0.005999999999999783,-7.62260517176483,0.005999999999999783,-6.576211291974272,0.005999999999999783,7.451238669071544
1937,0.008000000000000007,-7.48360081915565,0.008000000000000007,-6.5005551120852285,0.008000000000000007,7.34356893485911
1938,0.009999999999999787,-7.310267122490956,0.009999999999999787,-6.40109092189917,0.009999999999999787,7.201346578277435
1939,0.01200000000000001,-7.119483853416595,0.01200000000000001,-6.288780390340755,0.01200000000000001,7.038167743648677
1940,0.01399999999999979,-6.931421055424095,0.01399999999999979,-6.17677540742551,0.01399999999999979,6.870375337939498
1941,0.016000000000000014,-6.760313252474986,0.016000000000000014,-6.074482472441865,0.016000000000000014,6.711334472133333
1942,0.017999999999999794,-6.594245363326449,0.017999999999999794,-5.974403545981394,0.017999999999999794,6.5561828728178835
1943,0.020000000000000018,-6.4321315118966655,0.020000000000000018,-5.875881793240717,0.020000000000000018,6.40434615539443
1944,0.021999999999999797,-6.273907635536336,0.021999999999999797,-5.778913329210507,0.021999999999999797,6.255812867440442
1945,0.02400000000000002,-6.1195075912958385,0.02400000000000002,-5.683492000516021,0.02400000000000002,6.110564977515146
1946,0.0259999999999998,-5.9688631559255105,0.0259999999999998,-5.589609385417271,0.0259999999999998,5.968577875159787
1947,0.028000000000000025,-5.821904025875379,0.028000000000000025,-5.497254793808857,0.028000000000000025,5.829820370897372
1948,0.029999999999999805,-5.67855781729542,0.029999999999999805,-5.406415267220129,0.029999999999999805,5.694254696232921
1949,0.03200000000000003,-5.538750066035306,0.03200000000000003,-5.317075578815029,0.03200000000000003,5.561836503653222
1950,0.03399999999999981,-5.402404227644654,0.03399999999999981,-5.229218233392249,0.03399999999999981,5.43251486662707
1951,0.03600000000000003,-5.269441677372781,0.03600000000000003,-5.142823467385073,0.03600000000000003,5.306232279605034
1952,0.03799999999999981,-5.139781710168943,0.03799999999999981,-5.057869248861531,0.03799999999999981,5.182924658019683
1953,0.040000000000000036,-5.013341540682105,0.040000000000000036,-4.974331277524248,0.040000000000000036,5.062521338285368
1954,0.041999999999999815,-4.890036303261163,0.041999999999999815,-4.892182984710596,0.041999999999999815,4.944945077798434
1955,0.04400000000000004,-4.769779051954727,0.04400000000000004,-4.811395533392543,0.04400000000000004,4.83011205493701
1956,0.04599999999999982,-4.652480760511334,0.04599999999999982,-4.731937818176798,0.04599999999999982,4.717931869061218
1957,0.04800000000000004,-4.538053237971293,0.04800000000000004,-4.653782274733187,0.04800000000000004,4.608322594583213
1958,0.04999999999999982,-4.426426049700603,0.04999999999999982,-4.576915252853163,0.04999999999999982,4.5012430446370315
1959,0.052000000000000046,-4.317536503445,0.052000000000000046,-4.501316684762501,0.052000000000000046,4.396640194142629
1960,0.053999999999999826,-4.21132278138943,0.053999999999999826,-4.426966296392704,0.053999999999999826,4.294460698703828
1961,0.05600000000000005,-4.10772395289648,0.05600000000000005,-4.353844061675666,0.05600000000000005,4.1946519730727365
1962,0.05799999999999983,-4.006679974506578,0.05799999999999983,-4.2819302025437995,0.05799999999999983,4.097162191149926
1963,0.06000000000000005,-3.908131689937797,0.06000000000000005,-4.211205188929913,0.06000000000000005,4.001940285984258
1964,0.06199999999999983,-3.8120208300860434,0.06199999999999983,-4.14164973876733,0.06199999999999983,3.908935949773052
1965,0.06400000000000006,-3.718290013024877,0.06400000000000006,-4.073244817989773,0.06400000000000006,3.8180996338619217
1966,0.06599999999999984,-3.626882744005683,0.06599999999999984,-4.005971640531478,0.06599999999999984,3.7293825487449364
1967,0.06800000000000006,-3.5377434154575074,0.06800000000000006,-3.9398116683270796,0.06800000000000006,3.642736664064462
1968,0.06999999999999984,-3.4508173069872163,0.06999999999999984,-3.8747466113117266,0.06999999999999984,3.5581147086113174
1969,0.07200000000000006,-3.36605058537934,0.07200000000000006,-3.810758427420966,0.07200000000000006,3.47547017032462
1970,0.07399999999999984,-3.2833903045962263,0.07399999999999984,-3.7478293225908597,0.07399999999999984,3.3947572962919375
1971,0.07600000000000007,-3.202784405777889,0.07600000000000007,-3.685941750757868,0.07600000000000007,3.315931092749141
1972,0.07799999999999985,-3.124181717242158,0.07799999999999985,-3.6250784138589633,0.07799999999999985,3.2389473250805483
1973,0.08000000000000007,-3.047531954484531,0.08000000000000007,-3.5652222618315212,0.08000000000000007,3.1637625178187805
1974,0.08199999999999985,-2.9727857201783188,0.08199999999999985,-3.506356492613425,0.08199999999999985,3.0903339546449047
1975,0.08400000000000007,-2.8998945041745046,0.08400000000000007,-3.448464552142963,0.08400000000000007,3.0186196783882964
1976,0.08599999999999985,-2.82881068350188,0.08599999999999985,-3.391530134358931,0.08599999999999985,2.94857849102677
1977,0.08800000000000008,-2.7594875223669124,0.08800000000000008,-3.3355371812005314,0.08800000000000008,2.880169953686454
1978,0.08999999999999986,-2.6918791721538735,0.08999999999999986,-3.2804698826074716,0.08999999999999986,2.8133543866419117
1979,0.09200000000000008,-2.6259406714247175,0.09200000000000008,-3.2263126765198664,0.09200000000000008,2.748092869316025
1980,0.09399999999999986,-2.561627945919197,0.09399999999999986,-3.173050248878336,0.09399999999999986,2.684347240280106
1981,0.09600000000000009,-2.4988978085547475,0.09600000000000009,-3.1206675336239087,0.09600000000000009,2.622080097253788
1982,0.09799999999999986,-2.437707959426606,0.09799999999999986,-3.069149712698116,0.09799999999999986,2.561254797105133
1983,0.10000000000000009,-2.3780169858076925,0.10000000000000009,-3.0184822160428997,0.10000000000000009,2.501835455850527
1984,0.10199999999999987,-2.319784362148723,0.10199999999999987,-2.968650721600703,0.10199999999999987,2.443786948654781
1985,0.10400000000000009,-2.2629704500781025,0.10400000000000009,-2.919641155314382,0.10400000000000009,2.387074909831032
1986,0.10599999999999987,-2.207540533033251,0.10599999999999987,-2.871439615044576,0.10599999999999987,2.3316681246509146
1987,0.1080000000000001,-2.1534662074658195,0.1080000000000001,-2.8240329196713563,0.1080000000000001,2.2775399481046397
1988,0.10999999999999988,-2.1007173371680476,0.10999999999999988,-2.7774084419552882,0.10999999999999988,2.224663208090349
1989,0.1120000000000001,-2.0492641915405883,0.1120000000000001,-2.7315537060824386,0.1120000000000001,2.173011099901741
1990,0.11399999999999988,-1.9990774541513319,0.11399999999999988,-2.686456387080511,0.11399999999999988,2.1225571908662837
1991,0.1160000000000001,-1.950128222735314,0.1160000000000001,-2.6421043108187647,0.1160000000000001,2.073275420345126
1992,0.11799999999999988,-1.9023880091948064,0.11799999999999988,-2.5984854540080944,0.11799999999999988,2.025140099733185
1993,0.1200000000000001,-1.8558287395992286,0.1200000000000001,-2.5555879442009513,0.1200000000000001,1.978125912459061
1994,0.12199999999999989,-1.8104227541852331,0.12199999999999989,-2.51340005979142,0.12199999999999989,1.93220791398512
1995,0.12400000000000011,-1.766142807356623,0.12400000000000011,-2.471910230015145,0.12400000000000011,1.8873615318074128
1996,0.1259999999999999,-1.7229620676844324,0.1259999999999999,-2.4311070349494015,0.1259999999999999,1.843562565455755
1997,0.1280000000000001,-1.6808541179068477,0.1280000000000001,-2.3909792055130255,0.1280000000000001,1.8007871864936478
1998,0.1299999999999999,-1.6397929549292845,0.1299999999999999,-2.3515156234664825,0.1299999999999999,1.759011938518356
1999,0.13200000000000012,-1.5997529898243124,0.13200000000000012,-2.3127053214118014,0.13200000000000012,1.7182137371608321
2000,0.1339999999999999,-1.560709047831728,0.1339999999999999,-2.2745374827926383,0.1339999999999999,1.67836987008579
2001,0.13599999999999968,-1.5226363683584938,0.13599999999999968,-2.2370014418942215,0.13599999999999968,1.6394579969916416
2002,0.13800000000000034,-1.4855106049787543,0.13800000000000034,-2.200086683843367,0.13800000000000034,1.6014561496105155
2003,0.14000000000000012,-1.4493078254338956,0.14000000000000012,-2.163782844608534,0.14000000000000012,1.5643427317083167
2004,0.1419999999999999,-1.4140045116324442,0.1419999999999999,-2.12807971099973,0.1419999999999999,1.5280965190846238
2005,0.14399999999999968,-1.3795775596501367,0.14399999999999968,-2.092967220668574,0.14399999999999968,1.4926966595727575
2006,0.14600000000000035,-1.3460042797298841,0.14600000000000035,-2.058435462108265,0.14600000000000035,1.4581226730397487
2007,0.14800000000000013,-1.3132623962818337,0.14800000000000013,-2.0244746746536437,0.14800000000000013,1.424354451386399
2008,0.1499999999999999,-1.2813300478832792,0.1499999999999999,-1.9910752484811014,0.1499999999999999,1.3913722585471886
2009,0.1519999999999997,-1.250185787278721,0.1519999999999997,-1.9582277246086393,0.1519999999999997,1.359156730490338
2010,0.15400000000000036,-1.2198085813798367,0.15400000000000036,-1.925922794895841,0.15400000000000036,1.32768887521778
2011,0.15600000000000014,-1.190177811265536,0.15600000000000014,-1.894151302043928,0.15600000000000014,1.2969500727652121
2012,0.15799999999999992,-1.1612732721818781,0.15799999999999992,-1.8629042395956747,0.15799999999999992,1.2669220752020174
2013,0.1599999999999997,-1.1330751735421285,0.1599999999999997,-1.8321727519354654,0.1599999999999997,1.2375870066313157
2014,0.16200000000000037,-1.1055641389267314,0.16200000000000037,-1.8019481342892671,0.16200000000000037,1.2089273631899413
2015,0.16400000000000015,-1.078721239726982,0.16400000000000015,-1.7722218198335353,0.16400000000000015,1.1809260235534542
2016,0.16599999999999993,-1.0525300987757835,0.16599999999999993,-1.7429851173521294,0.16599999999999993,1.1535673681457084
2017,0.1679999999999997,-1.0269768978374612,0.1679999999999997,-1.7142300879352428,0.1679999999999997,1.1268380301068297
2018,0.17000000000000037,-1.002047905230253,0.17000000000000037,-1.6859491621421405,0.17000000000000037,1.1007249929846414
2019,0.17200000000000015,-0.9777295551938936,0.17200000000000015,-1.658134856620498,0.17200000000000015,1.0752154004742747
2020,0.17399999999999993,-0.9540084478895481,0.17399999999999993,-1.6307797741063275,0.17399999999999993,1.050296556418101
2021,0.1759999999999997,-0.930871349399857,0.1759999999999997,-1.603876603424026,0.1759999999999997,1.0259559248057777
2022,0.17800000000000038,-0.9083051917289149,0.17800000000000038,-1.5774181194863526,0.17800000000000038,1.002181129774226
2023,0.18000000000000016,-0.8862970728023101,0.18000000000000016,-1.5513971832944748,0.18000000000000016,0.978959955607673
2024,0.18199999999999994,-0.8648342564670648,0.18199999999999994,-1.5258067419378984,0.18199999999999994,0.9562803467375881
2025,0.18399999999999972,-0.8439041724916754,0.18399999999999972,-1.500639828594514,0.18399999999999972,0.9341304077427266
2026,0.1860000000000004,-0.8234944165660931,0.1860000000000004,-1.4758895625305746,0.1860000000000004,0.912498403349108
2027,0.18800000000000017,-0.8035927503017605,0.18800000000000017,-1.4515491491007397,0.18800000000000017,0.8913727584300549
2028,0.18999999999999995,-0.7841871012315564,0.18999999999999995,-1.4276118797480084,0.18999999999999995,0.8707420580061356
2029,0.19199999999999973,-0.7652655628098332,0.19199999999999973,-1.4040711320037649,0.19199999999999973,0.8505950472452024
2030,0.1940000000000004,-0.7468163944123987,0.1940000000000004,-1.3809203694877565,0.1940000000000004,0.8309206314623733
2031,0.19600000000000017,-0.7288280213365496,0.19600000000000017,-1.3581531419081339,0.19600000000000017,0.8117078761200669
2032,0.19799999999999995,-0.7112890348010216,0.19799999999999995,-1.3357630850613909,0.19799999999999995,0.7929460068279498
2033,0.19999999999999973,-0.6941881919460229,0.19999999999999973,-1.3137439208324047,0.19999999999999973,0.7746244093429714
2034,0.2020000000000004,-0.6775144158332178,0.2020000000000004,-1.292089457194416,0.2020000000000004,0.7567326295693484
2035,0.20400000000000018,-0.6612567954457578,0.20400000000000018,-1.270793588209068,0.20400000000000018,0.7392603735585951
2036,0.20599999999999996,-0.6454045856882346,0.20599999999999996,-1.2498502940263485,0.20599999999999996,0.7221975075094764
2037,0.20799999999999974,-0.6299472073867124,0.20799999999999974,-1.2292536408846275,0.20799999999999974,0.7055340577680393
2038,0.2100000000000004,-0.6148742472887126,0.2100000000000004,-1.2089977811106403,0.2100000000000004,0.689260210827599
2039,0.2120000000000002,-0.6001754580632404,0.2120000000000002,-1.189076953119521,0.2120000000000002,0.6733663133287654
2040,0.21399999999999997,-0.5858407583007448,0.21399999999999997,-1.1694854814147524,0.21399999999999997,0.6578428720594017
2041,0.21599999999999975,-0.5718602325131455,0.21599999999999975,-1.1502177765881973,0.21599999999999975,0.6426805539546528
2042,0.21800000000000042,-0.5582241311338206,0.21800000000000042,-1.131268335320084,0.21800000000000042,0.6278701860969313
2043,0.2200000000000002,-0.5449228705176297,0.2200000000000002,-1.1126317403790407,0.2200000000000002,0.6134027557159438
2044,0.22199999999999998,-0.5319470329408781,0.22199999999999998,-1.0943026606220418,0.22199999999999998,0.5992694101886518
2045,0.22399999999999975,-0.5192873666013418,0.22399999999999975,-1.0762758509944446,0.22399999999999975,0.5854614570392973
2046,0.22600000000000042,-0.506934785618255,0.22600000000000042,-1.058546152529971,0.22600000000000042,0.5719703639393913
2047,0.2280000000000002,-0.4948803700323322,0.2280000000000002,-1.0411084923507414,0.2280000000000002,0.5587877587077364
2048,0.22999999999999998,-0.48311537904140084,0.22999999999999998,-1.0239578833369163,0.22999999999999998,0.5459054378975648
2049,0.23199999999999976,-0.471633875292965,0.23199999999999976,-1.007089457984828,0.23199999999999976,0.533317138488176
2050,0.23399999999999954,-0.4604311290280399,0.23399999999999954,-0.9904987310849577,0.23399999999999954,0.5210176577995538
2051,0.2360000000000002,-0.44950126479077757,0.2360000000000002,-0.9741813693126821,0.2360000000000002,0.5090011262140167
2052,0.238,-0.4388384727331258,0.238,-0.9581330872454566,0.238,0.4972617418470144
2053,0.23999999999999977,-0.4284370086147991,0.23999999999999977,-0.9423496473627723,0.23999999999999977,0.4857937705470949
2054,0.24199999999999955,-0.41829119380329777,0.24199999999999955,-0.9268268600461834,0.24199999999999955,0.47459154589592617
2055,0.24400000000000022,-0.40839541527389916,0.24400000000000022,-0.9115605835792949,0.24400000000000022,0.4636494692082866
2056,0.246,-0.39874412560967476,0.246,-0.8965467241477886,0.246,0.45296200953208315
2057,0.24799999999999978,-0.3893318430014642,0.24799999999999978,-0.8817812358393825,0.24799999999999978,0.4425237036483236
2058,0.24999999999999956,-0.3801531512478925,0.24999999999999956,-0.8672601206438588,0.24999999999999956,0.4323291560711348
2059,0.2520000000000002,-0.371202699755362,0.2520000000000002,-0.8529794284530495,0.2520000000000002,0.42237303904775425
2060,0.254,-0.3624752035380682,0.254,-0.838935257060863,0.254,0.4126500925585473
2061,0.2559999999999998,-0.35396544321797585,0.2559999999999998,-0.825123752163245,0.2559999999999998,0.4031551243169807
2062,0.25799999999999956,-0.3456682650248345,0.25799999999999956,-0.8115411073582044,0.25799999999999956,0.39388300976964036
2063,0.26000000000000023,-0.33757858079617165,0.26000000000000023,-0.7981835641458012,0.26000000000000023,0.3848286920962231
2064,0.262,-0.3296913679773067,0.262,-0.78504741192817,0.262,0.37598718220955224
2065,0.2639999999999998,-0.32200166962132937,0.2639999999999998,-0.7721289880094839,0.2639999999999998,0.3673535587555539
2066,0.26599999999999957,-0.31450459438911404,0.26599999999999957,-0.7594246775959794,0.26599999999999957,0.358922968113273
2067,0.26800000000000024,-0.3071953165493132,0.26800000000000024,-0.7469309137959438,0.26800000000000024,0.3506906243948654
2068,0.27,-0.3000690759783703,0.27,-0.7346441776197381,0.27,0.34265180944561274
2069,0.2719999999999998,-0.2931211781604999,0.2719999999999998,-0.722560997979763,0.2719999999999998,0.33480187284390045
2070,0.2739999999999996,-0.28634699418770126,0.2739999999999996,-0.7106779516904821,0.2739999999999996,0.3271362319012321
2071,0.27600000000000025,-0.2797419607597518,0.27600000000000025,-0.6989916634684102,0.27600000000000025,0.31965037166222304
2072,0.278,-0.2733015801842189,0.278,-0.6874988059321346,0.278,0.31233984490461303
2073,0.2799999999999998,-0.2670214203764424,0.2799999999999998,-0.6761960996022843,0.2799999999999998,0.3052002721392466
2074,0.2819999999999996,-0.2608971148595459,0.2819999999999996,-0.665080312901549,0.2819999999999996,0.2982273416100865
2075,0.28400000000000025,-0.2549243627644321,0.28400000000000025,-0.6541482621546718,0.28400000000000025,0.29141680929420705
2076,0.28600000000000003,-0.24909892882979237,0.28600000000000003,-0.6433968115884662,0.28600000000000003,0.28476449890180644
2077,0.2879999999999998,-0.24341664340209132,0.2879999999999998,-0.6328228733317885,0.2879999999999998,0.2782663018761884
2078,0.2899999999999996,-0.2378734024355776,0.2899999999999996,-0.622423407415556,0.2899999999999996,0.27191817739377433
2079,0.29200000000000026,-0.23246516749227852,0.29200000000000026,-0.612195421772739,0.29200000000000026,0.265716152364098
2080,0.29400000000000004,-0.2271879657420099,0.29400000000000004,-0.6021359722383776,0.29400000000000004,0.2596563214298158
2081,0.2959999999999998,-0.22203788996236107,0.2959999999999998,-0.5922421625495555,0.2959999999999998,0.25373484696669063
2082,0.2979999999999996,-0.2170110985387056,0.2979999999999996,-0.5825111443454174,0.2979999999999996,0.24794795908360306
2083,0.30000000000000027,-0.21210394901120552,0.30000000000000027,-0.5729401221649111,0.30000000000000027,0.24229205174815327
2084,0.30200000000000005,-0.20731494329967004,0.30200000000000005,-0.5635264929207839,0.30200000000000005,0.23676511996544786
2085,0.3039999999999998,-0.20264212915077467,0.3039999999999998,-0.5542678179687416,0.3039999999999998,0.23136492808294373
2086,0.3059999999999996,-0.1980830765478194,0.3059999999999996,-0.545161684587148,0.3059999999999996,0.2260889166275638
2087,0.3080000000000003,-0.19363538158984261,0.3080000000000003,-0.536205706440779,0.3080000000000003,0.2209345547967519
2088,0.31000000000000005,-0.18929666649162918,0.31000000000000005,-0.5273975235808389,0.31000000000000005,0.2158993404584813
2089,0.31199999999999983,-0.18506457958369837,0.31199999999999983,-0.5187348024449359,0.31199999999999983,0.21098080015124143
2090,0.3139999999999996,-0.18093679531231202,0.3139999999999996,-0.510215235857098,0.3139999999999996,0.2061764890840469
2091,0.3160000000000003,-0.17691101423947053,0.3160000000000003,-0.5018365430277664,0.3160000000000003,0.20148399113643306
2092,0.31800000000000006,-0.17298496304292024,0.31800000000000006,-0.49359646955380854,0.31800000000000006,0.19690091885846445
2093,0.31999999999999984,-0.16915639451614245,0.31999999999999984,-0.48549278741849766,0.31999999999999984,0.19242491347072213
2094,0.3219999999999996,-0.16542308756836074,0.3219999999999996,-0.4775232949915264,0.3219999999999996,0.18805364486431222
2095,0.3240000000000003,-0.16178284722453762,0.3240000000000003,-0.46968581702900003,0.3240000000000003,0.18378481160086185
2096,0.32600000000000007,-0.15823350462538086,0.32600000000000007,-0.4619782046734505,0.32600000000000007,0.17961614091252665
2097,0.32799999999999985,-0.15477291702733378,0.32799999999999985,-0.45439833545381525,0.32799999999999985,0.17554538870197944
2098,0.3299999999999996,-0.15139896780258183,0.3299999999999996,-0.44694411328545147,0.3299999999999996,0.17157033954241782
2099,0.3320000000000003,-0.14810956643904943,0.3320000000000003,-0.43961346847012917,0.3320000000000003,0.16768880667756061
2100,0.3340000000000001,-0.1449026485404059,0.3340000000000001,-0.4324043576960441,0.3340000000000001,0.1638986320216546
2101,0.33599999999999985,-0.1417761758260566,0.33599999999999985,-0.42531476403779844,0.33599999999999985,0.1601976861594644
2102,0.33799999999999963,-0.13872813613114876,0.33799999999999963,-0.4183426969564137,0.33799999999999963,0.15658386834627902
2103,0.3400000000000003,-0.13575654340656879,0.3400000000000003,-0.4114861922993245,0.3400000000000003,0.15305510650790904
2104,0.3420000000000001,-0.13285943771894754,0.3420000000000001,-0.40474331230039073,0.3420000000000001,0.14960935724069244
2105,0.34399999999999986,-0.13003488525065235,0.34399999999999986,-0.39811214557987895,0.34399999999999986,0.1462446058114854
2106,0.34599999999999964,-0.1272809782997923,0.34599999999999964,-0.39159080714447525,0.34599999999999964,0.14295886615766862
2107,0.3480000000000003,-0.12459583528021576,0.3480000000000003,-0.3851774383872789,0.3480000000000003,0.1397501808871442
2108,0.3500000000000001,-0.12197760072151513,0.3500000000000001,-0.3788702070878136,0.3500000000000001,0.1366166212783414
2109,0.35199999999999987,-0.1194244452690197,0.35199999999999987,-0.37266730741201065,0.35199999999999987,0.13355628728020819
2110,0.35399999999999965,-0.11693456568380044,0.35399999999999965,-0.36656695991222055,0.35399999999999965,0.1305673075122166
2111,0.3560000000000003,-0.11450618484266763,0.3560000000000003,-0.360567411527207,0.3560000000000003,0.12764783926436046
2112,0.3580000000000001,-0.11213755173817531,0.3580000000000001,-0.3546669355821579,0.3580000000000001,0.1247960684971603
2113,0.3599999999999999,-0.10982694147861466,0.3599999999999999,-0.3488638317886692,0.3599999999999999,0.12201020984165573
2114,0.36199999999999966,-0.10757265528801853,0.36199999999999966,-0.3431564262447555,0.36199999999999966,0.11928850659941032
2115,0.3640000000000003,-0.1053730205061591,0.3640000000000003,-0.33754307143484547,0.3640000000000003,0.11662923074250955
2116,0.3660000000000001,-0.10322639058855203,0.3660000000000001,-0.33202214622979065,0.3660000000000001,0.11403068291356519
2117,0.3679999999999999,-0.10113114510645047,0.3679999999999999,-0.32659205588685203,0.3679999999999999,0.11149119242570846
2118,0.36999999999999966,-0.099085689746849,0.36999999999999966,-0.3212512320497083,0.36999999999999966,0.10900911726259455
2119,0.37200000000000033,-0.09708892897794959,0.37200000000000033,-0.3159981943998851,0.37200000000000033,0.10658321871191354
2120,0.3740000000000001,-0.09514064607786916,0.3740000000000001,-0.3108316417253449,0.3740000000000001,0.10421298077366778
2121,0.3759999999999999,-0.09323984595821289,0.3759999999999999,-0.3057502252193416,0.3759999999999999,0.10189729220585844
2122,0.37799999999999967,-0.0913855093190836,0.37799999999999967,-0.3007526072036975,0.37799999999999967,0.09963502696224558
2123,0.38000000000000034,-0.08957662886594633,0.38000000000000034,-0.2958374651360881,0.38000000000000034,0.09742507258447777
2124,0.3820000000000001,-0.08781220930963161,0.3820000000000001,-0.2910034916100505,0.3820000000000001,0.09526633020209585
2125,0.3839999999999999,-0.08609126736633058,0.3839999999999999,-0.28624939435497065,0.3839999999999999,0.09315771453252705
2126,0.3859999999999997,-0.08441283175759821,0.3859999999999997,-0.2815738962360918,0.3859999999999997,0.09109815388108905
2127,0.38800000000000034,-0.08277594321035181,0.38800000000000034,-0.2769757352545106,0.38800000000000034,0.08908659014098794
2128,0.3900000000000001,-0.08117965445687395,0.3900000000000001,-0.27245366454718484,0.3900000000000001,0.0871219787933219
2129,0.3919999999999999,-0.07962303023480796,0.3919999999999999,-0.26800645238692167,0.3919999999999999,0.08520328890707579
2130,0.3939999999999997,-0.07810514728716103,0.3939999999999997,-0.26363288218238534,0.3939999999999997,0.08332950313912474
2131,0.39600000000000035,-0.07662509436230273,0.39600000000000035,-0.25933175247809365,0.39600000000000035,0.0814996177342325
2132,0.39800000000000013,-0.07518197221396762,0.39800000000000013,-0.2551018769544251,0.39800000000000013,0.07971264252505458
2133,0.3999999999999999,-0.07377489360125133,0.3999999999999999,-0.250942084427608,0.3999999999999999,0.07796760093213342
2134,0.4019999999999997,-0.07240298328861319,0.4019999999999997,-0.2468512188497276,0.4019999999999997,0.07626352996390168
2135,0.40400000000000036,-0.07106537804587501,0.40400000000000036,-0.24282813930872277,0.40400000000000036,0.07459948021668064
2136,0.40600000000000014,-0.06976122664822342,0.40600000000000014,-0.2388717200283929,0.40600000000000014,0.0729745158746832
2137,0.4079999999999999,-0.06848968987620625,0.4079999999999999,-0.23498085036838734,0.4079999999999999,0.0713877147100094
2138,0.4099999999999997,-0.06724994051573506,0.4099999999999997,-0.23115443482421238,0.4099999999999997,0.0698381680826494
2139,0.41200000000000037,-0.06604116335808385,0.41200000000000037,-0.227391393027228,0.41200000000000037,0.06832498094048206
2140,0.41400000000000015,-0.06486255519989131,0.41400000000000015,-0.22369065974465432,0.41400000000000015,0.06684727181927766
2141,0.4159999999999999,-0.06371332484315755,0.4159999999999999,-0.22005118487956188,0.4159999999999999,0.06540417284269379
2142,0.4179999999999997,-0.06259269309524626,0.4179999999999997,-0.21647193347087793,0.4179999999999997,0.06399482972227816
2143,0.4200000000000004,-0.06149989276888368,0.4200000000000004,-0.2129518856933836,0.4200000000000004,0.06261840175746716
2144,0.42200000000000015,-0.06043416868216058,0.42200000000000015,-0.20949003685771983,0.42200000000000015,0.06127406183558847
2145,0.42399999999999993,-0.05939477765852929,0.42399999999999993,-0.20608539741037818,0.42399999999999993,0.05996099643185728
2146,0.4259999999999997,-0.05838098852680566,0.4259999999999997,-0.202736992933707,0.4259999999999997,0.058678405609378766
2147,0.4280000000000004,-0.05739208212116819,0.4280000000000004,-0.19944386414590848,0.4280000000000004,0.0574255030191469
2148,0.43000000000000016,-0.05642735128115969,0.43000000000000016,-0.19620506690104436,0.43000000000000016,0.0562015159000468
2149,0.43199999999999994,-0.05548610085168474,0.43199999999999994,-0.19301967218902732,0.43199999999999994,0.05500568507885117
2150,0.4339999999999997,-0.05456764768301139,0.4339999999999997,-0.18988676613562672,0.4339999999999997,0.0538372649702227
2151,0.4360000000000004,-0.0536713206307703,0.4360000000000004,-0.18680545000246582,0.4360000000000004,0.052695523576712956
2152,0.43800000000000017,-0.05279646055595641,0.43800000000000017,-0.18377484018702725,0.43800000000000017,0.05157974248876442
2153,0.43999999999999995,-0.05194245946231631,0.43999999999999995,-0.18079400417550123,0.43999999999999995,0.050489225082274096
2154,0.4419999999999997,-0.05110888067249117,0.4419999999999997,-0.17786207461427864,0.4419999999999997,0.049423428915264765
2155,0.4440000000000004,-0.05029533253298788,0.4440000000000004,-0.17497831001860323,0.4440000000000004,0.04838188898075425
2156,0.4460000000000002,-0.049501426250300226,0.4460000000000002,-0.17214197649029744,0.4460000000000002,0.04736414427903953
2157,0.44799999999999995,-0.04872677590035332,0.44799999999999995,-0.16935234745986083,0.44799999999999995,0.04636973773604131
2158,0.44999999999999973,-0.04797099842850513,0.44999999999999973,-0.16660870368647515,0.44999999999999973,0.045398216203305856
2159,0.4520000000000004,-0.047233713649545706,0.4520000000000004,-0.16391033325800197,0.4520000000000004,0.044449130458004145
2160,0.4540000000000002,-0.04651454424769855,0.4540000000000002,-0.1612565315909875,0.4540000000000002,0.04352203520293348
2161,0.45599999999999996,-0.04581311577661861,0.45599999999999996,-0.15864660143065512,0.45599999999999996,0.042616489066515086
2162,0.45799999999999974,-0.04512905665939364,0.45799999999999974,-0.15607985285091058,0.45799999999999974,0.041732054602795644
2163,0.4600000000000004,-0.044461998188543496,0.4600000000000004,-0.15355560325433937,0.4600000000000004,0.04086829829144661
2164,0.4620000000000002,-0.04381157452602141,0.4620000000000002,-0.15107317737221138,0.4620000000000002,0.04002479053776568
2165,0.46399999999999997,-0.04317742270321217,0.46399999999999997,-0.14863190726447406,0.46399999999999997,0.03920110567267452
2166,0.46599999999999975,-0.04255918262093328,0.46599999999999975,-0.14623113231975693,0.46599999999999975,0.03839682195272028
2167,0.4680000000000004,-0.04195649704943444,0.4680000000000004,-0.14387019925536954,0.4680000000000004,0.03761152156007489
2168,0.4700000000000002,-0.04136901162839861,0.4700000000000002,-0.1415484621173054,0.4700000000000002,0.036844790602536405
2169,0.472,-0.04079637486694037,0.472,-0.13926528228023594,0.472,0.03609621911352697
2170,0.47399999999999975,-0.04023823814360703,0.47399999999999975,-0.13702002844751462,0.47399999999999975,0.03536540105209419
2171,0.4760000000000004,-0.0396942557063781,0.4760000000000004,-0.13481207665117484,0.4760000000000004,0.034651934302910435
2172,0.4780000000000002,-0.03916408467266628,0.4780000000000002,-0.13264081025193397,0.4780000000000002,0.03395542067627418
2173,0.48,-0.03864738502931595,0.48,-0.13050561993918733,0.48,0.033275465908108016
2174,0.48199999999999976,-0.03814381963260423,0.48199999999999976,-0.12840590373101224,0.48199999999999976,0.03261167965995999
2175,0.48400000000000043,-0.037653054208240416,0.48400000000000043,-0.12634106697416608,0.48400000000000043,0.031963675519002956
2176,0.4860000000000002,-0.03717475735136695,0.4860000000000002,-0.12431052234408993,0.4860000000000002,0.03133107099803576
2177,0.488,-0.03670860052655804,0.488,-0.1223136898449031,0.488,0.030713487535481483
2178,0.48999999999999977,-0.03625425806782058,0.48999999999999977,-0.12034999680940678,0.48999999999999977,0.03011055049538857
2179,0.49199999999999955,-0.035811407178593886,0.49199999999999955,-0.11841887789908312,0.49199999999999955,0.029521889167430655
2180,0.4940000000000002,-0.035379727931749545,0.4940000000000002,-0.11651977510409442,0.4940000000000002,0.028947136766906155
2181,0.496,-0.03495890326959217,0.496,-0.11465213774328648,0.496,0.028385930434739394
2182,0.4979999999999998,-0.03454861900385821,0.4979999999999998,-0.1128154224641835,0.4979999999999998,0.02783791123747905
2183,0.49999999999999956,-0.034148563815716806,0.49999999999999956,-0.11100909324299155,0.49999999999999956,0.027302724167299126
2184,0.5020000000000002,-0.03375842925576935,0.5020000000000002,-0.10923262138459684,0.5020000000000002,0.026780018141998575
2185,0.504,-0.03337790974405018,0.504,-0.10748548552256894,0.504,0.026269446005002063
2186,0.5059999999999998,-0.03300670257002558,0.5059999999999998,-0.10576717161915598,0.5059999999999998,0.025770664525358748
2187,0.5079999999999996,-0.03264450789259446,0.5079999999999996,-0.10407717296528793,0.5079999999999996,0.025283334397743086
2188,0.5100000000000002,-0.03229102874008802,0.5100000000000002,-0.10241499018057493,0.5100000000000002,0.024807120242454468
2189,0.512,-0.03194597101027036,0.512,-0.10078013121331031,0.512,0.024341690605417986
2190,0.5139999999999998,-0.03160904347033755,0.5139999999999998,-0.09917211134046616,0.5139999999999998,0.023886717958183236
2191,0.5159999999999996,-0.0312799577569183,0.5159999999999996,-0.09759045316769627,0.5159999999999996,0.02344187869792514
2192,0.5180000000000002,-0.03095842837607361,0.5180000000000002,-0.09603468662933476,0.5180000000000002,0.02300685314744353
2193,0.52,-0.030644178902816812,0.52,-0.09450434971379189,0.52,0.022581330791763853
2194,0.5219999999999998,-0.030337224709502023,0.5219999999999998,-0.09299903546247261,0.5219999999999998,0.022165252915122953
2195,0.5239999999999996,-0.030037554463272845,0.5239999999999996,-0.09151837909149228,0.5239999999999996,0.021758550291902136
2196,0.5260000000000002,-0.02974503549442677,0.5260000000000002,-0.09006201206793954,0.5260000000000002,0.021361053715844243
2197,0.528,-0.0294595358250091,0.528,-0.0886295693103671,0.528,0.0209725951345899
2198,0.5299999999999998,-0.029180924168812166,0.5299999999999998,-0.0872206891887878,0.5299999999999998,0.020593007649676358
2199,0.5319999999999996,-0.028909069931375844,0.5319999999999996,-0.08583501352467723,0.5319999999999996,0.020222125516538354
2200,0.5340000000000003,-0.02864384320998732,0.5340000000000003,-0.08447218759097251,0.5340000000000003,0.019859784144507613
2201,0.536,-0.02838511479368155,0.536,-0.08313186011207466,0.536,0.019505820096813613
2202,0.5379999999999998,-0.02813275616324056,0.5379999999999998,-0.08181368326384493,0.5379999999999998,0.01916007109058255
2203,0.5399999999999996,-0.0278866394911939,0.5399999999999996,-0.08051731267360737,0.5399999999999996,0.01882237599683801
2204,0.5420000000000003,-0.027646637641818454,0.5420000000000003,-0.07924240742014749,0.5420000000000003,0.01849257484050066
2205,0.544,-0.027412624171138832,0.544,-0.07798863003371466,0.544,0.018170508800388847
2206,0.5459999999999998,-0.02718447332692675,0.5459999999999998,-0.0767556464960186,0.5459999999999998,0.017856020209217664
2207,0.5479999999999996,-0.026962060048701445,0.5479999999999996,-0.07554312624023171,0.5479999999999996,0.01754895255359961
2208,0.5500000000000003,-0.026745259967729487,0.5500000000000003,-0.07435074215098798,0.5500000000000003,0.017249150474044246
2209,0.552,-0.026533949407025144,0.552,-0.0731781705643851,0.552,0.016956459764958777
2210,0.5539999999999998,-0.026328005381349825,0.5539999999999998,-0.0720250912679812,0.5539999999999998,0.016670727374647226
2211,0.5559999999999996,-0.02612730559721245,0.5559999999999996,-0.07089118750079713,0.5559999999999996,0.01639180140531097
2212,0.5580000000000003,-0.02593172845286927,0.5580000000000003,-0.0697761459533153,0.5580000000000003,0.0161195311130485
2213,0.56,-0.025741153038324225,0.56,-0.06867965676748172,0.56,0.015853766907855872
2214,0.5619999999999998,-0.025555459135328404,0.5619999999999998,-0.06760141353670301,0.5619999999999998,0.015594360353626026
2215,0.5639999999999996,-0.025374527217380406,0.5639999999999996,-0.06654111330584836,0.5639999999999996,0.015341164168149228
2216,0.5660000000000003,-0.025198238449726185,0.5660000000000003,-0.06549845657124863,0.5660000000000003,0.015094032223112883
2217,0.5680000000000001,-0.025026474689359327,0.5680000000000001,-0.06447314728069818,0.5680000000000001,0.014852819544101913
2218,0.5699999999999998,-0.02485911848502062,0.5699999999999998,-0.06346489283345207,0.5699999999999998,0.014617382310598163
2219,0.5719999999999996,-0.024696053077198347,0.5719999999999996,-0.062473404080227876,0.5719999999999996,0.014387577855980813
2220,0.5740000000000003,-0.024537162398128136,0.5740000000000003,-0.06149839532320492,0.5740000000000003,0.014163264667526147
2221,0.5760000000000001,-0.024382331071793252,0.5760000000000001,-0.06053958431602589,0.5760000000000001,0.01394430238640798
2222,0.5779999999999998,-0.02423144441392416,0.5779999999999998,-0.05959669226379427,0.5779999999999998,0.013730551807697063
2223,0.5799999999999996,-0.024084388431998827,0.5799999999999996,-0.05866944382307605,0.5799999999999996,0.01352187488036146
2224,0.5820000000000003,-0.023941049825242568,0.5820000000000003,-0.057757567101899,0.5820000000000003,0.013318134707266366
2225,0.5840000000000001,-0.023801315984628313,0.5840000000000001,-0.056860793659754105,0.5840000000000001,0.013119195545174482
2226,0.5859999999999999,-0.023665074992876216,0.5859999999999999,-0.05597885850759331,0.5859999999999999,0.01292492280474545
2227,0.5879999999999996,-0.023532215624453928,0.5879999999999996,-0.05511150010783103,0.5879999999999996,0.012735183050536218
2228,0.5900000000000003,-0.02340262734557644,0.5900000000000003,-0.05425846037434344,0.5900000000000003,0.012549844001000919
2229,0.5920000000000001,-0.023276200314206363,0.5920000000000001,-0.0534194846724699,0.5920000000000001,0.012368774528491104
2230,0.5939999999999999,-0.023152825380053532,0.5939999999999999,-0.05259432181901076,0.5939999999999999,0.012191844659255331
2231,0.5959999999999996,-0.023032394084575265,0.5959999999999996,-0.051782724082228865,0.5959999999999996,0.012018925573439455
2232,0.5980000000000003,-0.02291479866097626,0.5980000000000003,-0.05098444718184875,0.5980000000000003,0.011849889605086483
2233,0.6000000000000001,-0.02279993203420878,0.6000000000000001,-0.050199250289058195,0.6000000000000001,0.011684610242136871
2234,0.6019999999999999,-0.022687687820972354,0.6019999999999999,-0.04942689602650599,0.6019999999999999,0.011522962126428067
2235,0.6039999999999996,-0.022577960329713986,0.6039999999999996,-0.048667150468303305,0.6039999999999996,0.011364821053694824
2236,0.6060000000000003,-0.02247064456062805,0.6060000000000003,-0.04791978314002321,0.6060000000000003,0.011210063973569051
2237,0.6080000000000001,-0.02236569151250347,0.6080000000000001,-0.047184578184019214,0.6080000000000001,0.01105861896816434
2238,0.6099999999999999,-0.0222631745882586,0.6099999999999999,-0.0464613648184731,0.6099999999999999,0.010910528821805446
2239,0.6119999999999997,-0.02216306065724124,0.6119999999999997,-0.04574996970315345,0.6119999999999997,0.010765743860918067
2240,0.6140000000000003,-0.022065309731596826,0.6140000000000003,-0.04505022001704114,0.6140000000000003,0.010624208478143396
2241,0.6160000000000001,-0.02196988187874653,0.6160000000000001,-0.04436194442116743,0.6160000000000001,0.010485867288679084
2242,0.6179999999999999,-0.021876737221386985,0.6179999999999999,-0.04368497305861208,0.6179999999999999,0.01035066513027881
2243,0.6199999999999997,-0.02178583593749045,0.6199999999999997,-0.04301913755450462,0.6199999999999997,0.010218547063252544
2244,0.6220000000000003,-0.021697138260304734,0.6220000000000003,-0.04236427101602371,0.6220000000000003,0.010089458370466445
2245,0.6240000000000001,-0.021610604478353355,0.6240000000000001,-0.04172020803239834,0.6240000000000001,0.00996334455734308
2246,0.6259999999999999,-0.02152619493543531,0.6259999999999999,-0.04108678467490608,0.6259999999999999,0.00984015135186106
2247,0.6279999999999997,-0.021443870030625214,0.6279999999999997,-0.04046383849687419,0.6279999999999997,0.009719824704555298
2248,0.6300000000000003,-0.02136359021827324,0.6300000000000003,-0.03985120853367914,0.6300000000000003,0.009602310788516893
2249,0.6320000000000001,-0.021285316008005265,0.6320000000000001,-0.03924873530274767,0.6320000000000001,0.009487555999393334
2250,0.6339999999999999,-0.021209007964722637,0.6339999999999999,-0.038656260803555095,0.6339999999999999,0.009375506955388184
2251,0.6359999999999997,-0.02113462670860233,0.6359999999999997,-0.038073628517626495,0.6359999999999997,0.009266110497261282
2252,0.6380000000000003,-0.021062132915096884,0.6380000000000003,-0.03750068340853611,0.6380000000000003,0.009159313688328674
2253,0.6400000000000001,-0.020991487314934523,0.6400000000000001,-0.036937271921908384,0.6400000000000001,0.009055063814462763
2254,0.6419999999999999,-0.020922650694118954,0.6419999999999999,-0.03638324198541646,0.6419999999999999,0.008953308384092057
2255,0.6439999999999997,-0.02085558389392952,0.6439999999999997,-0.03583844300878316,0.6439999999999997,0.008853995128201342
2256,0.6460000000000004,-0.02079024781092112,0.6460000000000004,-0.03530272588378053,0.6460000000000004,0.008757072000331587
2257,0.6480000000000001,-0.020726603396924323,0.6480000000000001,-0.034775942984230736,0.6480000000000001,0.008662487176580143
2258,0.6499999999999999,-0.020664611659045203,0.6499999999999999,-0.03425794816600472,0.6499999999999999,0.008570189055600433
2259,0.6519999999999997,-0.02060423365966546,0.6519999999999997,-0.03374859676702306,0.6519999999999997,0.008480126258602193
2260,0.6540000000000004,-0.02054543051644235,0.6540000000000004,-0.033247745607255595,0.6540000000000004,0.008392247629351327
2261,0.6560000000000001,-0.0204881634023088,0.6560000000000001,-0.03275525298872224,0.6560000000000001,0.008306502234170114
2262,0.6579999999999999,-0.020432393545473247,0.6579999999999999,-0.0322709786954917,0.6579999999999999,0.008222839361936927
2263,0.6599999999999997,-0.020378082229419746,0.6599999999999997,-0.031794783993682345,0.6599999999999997,0.008141208524086417
2264,0.6620000000000004,-0.020325190792907913,0.6620000000000004,-0.031326531631461776,0.6620000000000004,0.00806155945460945
2265,0.6640000000000001,-0.02027368062997303,0.6640000000000001,-0.030866085839047666,0.6640000000000001,0.007983842110053214
2266,0.6659999999999999,-0.020223513189925896,0.6659999999999999,-0.030413312328706504,0.6659999999999999,0.007908006669521031
2267,0.6679999999999997,-0.02017464997735292,0.6679999999999997,-0.029968078294754417,0.6679999999999997,0.007834003534672486
2268,0.6700000000000004,-0.020127052552116085,0.6700000000000004,-0.029530252413556807,0.6700000000000004,0.007761783329723382
2269,0.6720000000000002,-0.020080682529353022,0.6720000000000002,-0.02909970484352907,0.6720000000000002,0.007691296901445842
2270,0.6739999999999999,-0.020035501579476894,0.6739999999999999,-0.028676307225135485,0.6739999999999999,0.0076224953191681155
2271,0.6759999999999997,-0.019991471428176463,0.6759999999999997,-0.028259932680889957,0.6759999999999997,0.007555329874774738
2272,0.6780000000000004,-0.01994855385641608,0.6780000000000004,-0.027850455815355668,0.6780000000000004,0.007489752082706441
2273,0.6800000000000002,-0.019906710700435724,0.6800000000000002,-0.027447752715145754,0.6800000000000002,0.007425713679960276
2274,0.6819999999999999,-0.01986590385175092,0.6819999999999999,-0.02705170094892228,0.6819999999999999,0.0073631666260894416
2275,0.6839999999999997,-0.019826095257152794,0.6839999999999997,-0.026662179567396915,0.6839999999999997,0.007302063103203395
2276,0.6860000000000004,-0.019787246918708045,0.6860000000000004,-0.026279069103330624,0.6860000000000004,0.007242355515967809
2277,0.6880000000000002,-0.01974932089375902,0.6880000000000002,-0.025902251571534293,0.6880000000000002,0.007183996491604672
2278,0.69,-0.019712279294923595,0.69,-0.02553161046886776,0.69,0.00712693887989211
2279,0.6919999999999997,-0.019676084290095257,0.6919999999999997,-0.025167030774240484,0.6919999999999997,0.007071135753164537
2280,0.6940000000000004,-0.01964069810244307,0.6940000000000004,-0.024808398948611185,0.6940000000000004,0.007016540406312548
2281,0.6960000000000002,-0.01960608301041173,0.6960000000000002,-0.024455602934988524,0.6960000000000002,0.006963106356783051
2282,0.698,-0.019572201347721474,0.698,-0.024108532158430104,0.698,0.006910787344579138
2283,0.6999999999999997,-0.019539015503368153,0.6999999999999997,-0.02376707752604315,0.6999999999999997,0.006859537332260135
2284,0.7020000000000004,-0.01950649696326571,0.7020000000000004,-0.023431134377210068,0.7020000000000004,0.0068093192528092955
2285,0.7040000000000002,-0.01947469604943215,0.7040000000000002,-0.02310063191797551,0.7040000000000002,0.006760173523243838
2286,0.706,-0.0194436193908353,0.706,-0.022775498370341984,0.706,0.006712100301470535
2287,0.7079999999999997,-0.019413256883163352,0.7079999999999997,-0.022455658252800034,0.7079999999999997,0.006665083782144594
2288,0.7100000000000004,-0.019383598365246942,0.7100000000000004,-0.022141036644005838,0.7100000000000004,0.006619108148152461
2289,0.7120000000000002,-0.01935463361905921,0.7120000000000002,-0.021831559182781783,0.7120000000000002,0.0065741575706118535
2290,0.714,-0.01932635236971571,0.714,-0.021527152068115618,0.714,0.006530216208871661
2291,0.7159999999999997,-0.01929874428547447,0.7159999999999997,-0.021227742059161003,0.7159999999999997,0.006487268210512022
2292,0.7180000000000004,-0.019271798977735965,0.7180000000000004,-0.02093325647523725,0.7180000000000004,0.006445297711344285
2293,0.7200000000000002,-0.019245506001043165,0.7200000000000002,-0.02064362319582986,0.7200000000000002,0.006404288835411082
2294,0.722,-0.019219854853081465,0.722,-0.020358770660589685,0.722,0.0063642256949862225
2295,0.7239999999999998,-0.01919483497467873,0.7239999999999998,-0.020078627869333524,0.7239999999999998,0.0063250923905747575
2296,0.7260000000000004,-0.01917043574980527,0.7260000000000004,-0.01980312438204381,0.7260000000000004,0.0062868730109129425
2297,0.7280000000000002,-0.019146646505573895,0.7280000000000002,-0.019532190318869144,0.7280000000000002,0.0062495516329683365
2298,0.73,-0.019123456512239827,0.73,-0.019265756360123516,0.73,0.006213112321939641
2299,0.7319999999999998,-0.019100854983200778,0.7319999999999998,-0.01900375374628683,0.7319999999999998,0.0061775391312568415
2300,0.7340000000000004,-0.019078831074996888,0.7340000000000004,-0.018746114278004662,0.7340000000000004,0.006142816102581099
2301,0.7360000000000002,-0.0190573738873108,0.7360000000000002,-0.018492770316088696,0.7360000000000002,0.006108927265804878
2302,0.738,-0.019036472462967583,0.738,-0.018243654781516065,0.738,0.006075856639051809
2303,0.7399999999999998,-0.019016115787934773,0.7399999999999998,-0.017998701155429786,0.7399999999999998,0.006043588228676781
2304,0.7420000000000004,-0.01899629279132236,0.7420000000000004,-0.017757843479138564,0.7420000000000004,0.006012106029265871
2305,0.7440000000000002,-0.01897699234538281,0.7440000000000002,-0.017521016354117194,0.7440000000000002,0.005981394023636462
2306,0.746,-0.018958203265511037,0.746,-0.017288154942005925,0.746,0.005951436182837097
2307,0.7479999999999998,-0.01893991431024441,0.7479999999999998,-0.017059194964610898,0.7479999999999998,0.005922216466147566
2308,0.7499999999999996,-0.01892211418126276,0.7499999999999996,-0.016834072703904045,0.7499999999999996,0.0058937188210788985
2309,0.7520000000000002,-0.01890479152338837,0.7520000000000002,-0.01661272500202296,0.7520000000000002,0.005865927183373323
2310,0.754,-0.018887934924586014,0.754,-0.016395089261271326,0.754,0.0058388254770043516
2311,0.7559999999999998,-0.018871532915962885,0.7559999999999998,-0.016181103444118307,0.7559999999999998,0.005812397614176672
2312,0.7579999999999996,-0.01885557397176866,0.7579999999999996,-0.01597070607319894,0.7579999999999996,0.005786627495326227
2313,0.7600000000000002,-0.01884004650939545,0.7600000000000002,-0.015763836231313964,0.7600000000000002,0.005761499009120166
2314,0.762,-0.018824938889377862,0.762,-0.015560433561430147,0.762,0.005736996032456899
2315,0.7639999999999998,-0.018810239415392935,0.7639999999999998,-0.015360438266679793,0.7639999999999998,0.0057131024304660424
2316,0.7659999999999996,-0.018795936334260174,0.7659999999999996,-0.015163791110361056,0.7659999999999996,0.0056898020565084445
2317,0.7680000000000002,-0.018782017835941536,0.7680000000000002,-0.014970433415937793,0.7680000000000002,0.005667078752176168
2318,0.77,-0.018768472053541457,0.77,-0.014780307067039894,0.77,0.005644916347292542
2319,0.7719999999999998,-0.01875528706330681,0.7719999999999998,-0.014593354507462773,0.7719999999999998,0.005623298659912096
2320,0.7739999999999996,-0.018742450884626942,0.7739999999999996,-0.014409518741167714,0.7739999999999996,0.005602209496320586
2321,0.7760000000000002,-0.018729951480033643,0.7760000000000002,-0.01422874333228169,0.7760000000000002,0.005581632651035
2322,0.778,-0.018717776755201185,0.778,-0.014050972405097707,0.778,0.005561551906803575
2323,0.7799999999999998,-0.018705914558946282,0.7799999999999998,-0.013876150644074305,0.7799999999999998,0.005541951034605738
2324,0.7819999999999996,-0.01869435268322811,0.7819999999999996,-0.013704223293835877,0.7819999999999996,0.005522813793652187
2325,0.7840000000000003,-0.0186830788631483,0.7840000000000003,-0.013535136159172532,0.7840000000000003,0.005504123931384802
2326,0.786,-0.018672080776950966,0.786,-0.013368835605040374,0.786,0.00548586518347674
2327,0.7879999999999998,-0.018661346046022646,0.7879999999999998,-0.013205268556561074,0.7879999999999998,0.005468021273832349
2328,0.7899999999999996,-0.01865086223489236,0.7899999999999996,-0.01304438249902215,0.7899999999999996,0.0054505759145872315
2329,0.7920000000000003,-0.018640616851231574,0.7920000000000003,-0.012886125477876827,0.7920000000000003,0.005433512806108189
2330,0.794,-0.01863059734585423,0.794,-0.012730446098744325,0.794,0.005416815636993283
2331,0.7959999999999998,-0.018620791112716716,0.7959999999999998,-0.012577293527409428,0.7959999999999998,0.00540046808407179
2332,0.7979999999999996,-0.01861118548891788,0.7979999999999996,-0.012426617489822777,0.7979999999999996,0.005384453812404204
2333,0.8000000000000003,-0.01860176775469903,0.8000000000000003,-0.012278368272100725,0.8000000000000003,0.005368756475282253
2334,0.802,-0.01859252513344394,0.802,-0.012132496720525604,0.802,0.005353359714228921
2335,0.8039999999999998,-0.01858344479167883,0.8039999999999998,-0.011988954241545322,0.8039999999999998,0.005338247158998381
2336,0.8059999999999996,-0.01857451626604057,0.8059999999999996,-0.011847694782826157,0.8059999999999996,0.005323405030945395
2337,0.8080000000000003,-0.01856577328731108,0.8080000000000003,-0.011708710837255921,0.8080000000000003,0.005308867218225419
2338,0.81,-0.018557228570670162,0.81,-0.011571982579177329,0.81,0.005294645596308177
2339,0.8119999999999998,-0.01854887941436001,0.8119999999999998,-0.011437478452800645,0.8119999999999998,0.005280735584926553
2340,0.8139999999999996,-0.018540723098979067,0.8139999999999996,-0.011305167132607097,0.8139999999999996,0.00526713259779496
2341,0.8160000000000003,-0.018532756887482044,0.8160000000000003,-0.011175017523348763,0.8160000000000003,0.005253832042609305
2342,0.8180000000000001,-0.01852497802517992,0.8180000000000001,-0.011046998760048804,0.8180000000000001,0.005240829321047032
2343,0.8199999999999998,-0.018517383739739924,0.8199999999999998,-0.010921080208001109,0.8199999999999998,0.005228119828767079
2344,0.8219999999999996,-0.018509971241185547,0.8219999999999996,-0.010797231462770538,0.8219999999999996,0.005215698955409916
2345,0.8240000000000003,-0.018502737721896537,0.8240000000000003,-0.010675422350192802,0.8240000000000003,0.005203562084597511
2346,0.8260000000000001,-0.018495680356608913,0.8260000000000001,-0.010555622926374679,0.8260000000000001,0.005191704593933359
2347,0.8279999999999998,-0.01848879630241495,0.8279999999999998,-0.010437803477693689,0.8279999999999998,0.0051801218550024605
2348,0.8299999999999996,-0.01848208269876318,0.8299999999999996,-0.010321934520798319,0.8299999999999996,0.005168809233371333
2349,0.8320000000000003,-0.01847553666745839,0.8320000000000003,-0.010207986802607913,0.8320000000000003,0.005157762088588001
2350,0.8340000000000001,-0.01846915531266165,0.8340000000000001,-0.01009593130031286,0.8340000000000001,0.005146975774182022
2351,0.8359999999999999,-0.018462935720890267,0.8359999999999999,-0.009985739221374322,0.8359999999999999,0.0051364456376644455
2352,0.8379999999999996,-0.01845687496101782,0.8379999999999996,-0.009877382003524407,0.8379999999999996,0.005126167020527844
2353,0.8400000000000003,-0.018450970084274137,0.8400000000000003,-0.009770831314766085,0.8400000000000003,0.005116135258246307
2354,0.8420000000000001,-0.01844521812424533,0.8420000000000001,-0.009666059053373376,0.8420000000000001,0.0051063456802754315
2355,0.8439999999999999,-0.01843961609687374,0.8439999999999999,-0.009563037347891063,0.8439999999999999,0.005096793610052344
2356,0.8459999999999996,-0.018434161000458,0.8459999999999996,-0.009461738557134888,0.8459999999999996,0.00508747436499566
2357,0.8480000000000003,-0.018428849815652976,0.8480000000000003,-0.009362135270191446,0.8480000000000003,0.005078383256505524
2358,0.8500000000000001,-0.018423679505469817,0.8500000000000001,-0.00926420030641838,0.8500000000000001,0.0050695155899635955
2359,0.8519999999999999,-0.01841864701527592,0.8519999999999999,-0.009167906715444103,0.8519999999999999,0.0050608666647330505
2360,0.8539999999999996,-0.018413749272794943,0.8539999999999996,-0.009073227777167982,0.8539999999999996,0.00505243177415856
2361,0.8560000000000003,-0.0184089831881068,0.8560000000000003,-0.008980137001760244,0.8560000000000003,0.00504420620556633
2362,0.8580000000000001,-0.018404345653647687,0.8580000000000001,-0.008888608129662155,0.8580000000000001,0.005036185240264071
2363,0.8599999999999999,-0.018399833544210036,0.8599999999999999,-0.008798615131585755,0.8599999999999999,0.005028364153541021
2364,0.8619999999999997,-0.018395443716942548,0.8619999999999997,-0.008710132208514038,0.8619999999999997,0.005020738214667898
2365,0.8640000000000003,-0.018391173011350185,0.8640000000000003,-0.008623133791700863,0.8640000000000003,0.005013302686896967
2366,0.8660000000000001,-0.018387018249294174,0.8660000000000001,-0.008537594542671112,0.8660000000000001,0.005006052827462006
2367,0.8679999999999999,-0.018382976234992,0.8679999999999999,-0.008453489353220461,0.8679999999999999,0.00499898388757828
2368,0.8699999999999997,-0.0183790437550174,0.8699999999999997,-0.008370793345415527,0.8699999999999997,0.004992091112442601
2369,0.8720000000000003,-0.018375217578300383,0.8720000000000003,-0.008289481871593805,0.8720000000000003,0.004985369741233259
2370,0.8740000000000001,-0.01837149445612721,0.8740000000000001,-0.00820953051436379,0.8740000000000001,0.004978815007110095
2371,0.8759999999999999,-0.018367871122140413,0.8759999999999999,-0.008130915086604795,0.8759999999999999,0.004972422137214445
2372,0.8779999999999997,-0.018364344292338772,0.8779999999999997,-0.008053611631467058,0.8779999999999997,0.004966186352669155
2373,0.8800000000000003,-0.018360910665077335,0.8800000000000003,-0.007977596422371704,0.8800000000000003,0.004960102868578592
2374,0.8820000000000001,-0.01835756692106741,0.8820000000000001,-0.007902845963010854,0.8820000000000001,0.004954166894028632
2375,0.8839999999999999,-0.01835430972337656,0.8839999999999999,-0.007829336987347446,0.8839999999999999,0.004948373632086681
2376,0.8859999999999997,-0.018351135717428618,0.8859999999999997,-0.007757046459615349,0.8859999999999997,0.004942718279801632
2377,0.8880000000000003,-0.018348041531003664,0.8880000000000003,-0.007685951574319318,0.8880000000000003,0.004937196028203916
2378,0.8900000000000001,-0.018345023774238058,0.8900000000000001,-0.007616029756235095,0.8900000000000001,0.004931802062305465
2379,0.8919999999999999,-0.0183420790396244,0.8919999999999999,-0.007547258660409246,0.8919999999999999,0.004926531561099727
2380,0.8939999999999997,-0.018339203902011568,0.8939999999999997,-0.0074796161721592674,0.8939999999999997,0.004921379697561672
2381,0.8960000000000004,-0.01833639491860468,0.8960000000000004,-0.0074130804070735405,0.8960000000000004,0.004916341638647771
2382,0.8980000000000001,-0.01833364862896514,0.8980000000000001,-0.007347629711011435,0.8980000000000001,0.004911412545296014
2383,0.8999999999999999,-0.01833096155501059,0.8999999999999999,-0.007283242660103141,0.8999999999999999,0.004906587572425916
2384,0.9019999999999997,-0.018328330201014945,0.9019999999999997,-0.0072198980607497895,0.9019999999999997,0.004901861868938484
2385,0.9040000000000004,-0.018325751053608376,0.9040000000000004,-0.007157574949623383,0.9040000000000004,0.004897230577716252
2386,0.9060000000000001,-0.018323220581777315,0.9060000000000001,-0.0070962525936669185,0.9060000000000001,0.004892688835623278
2387,0.9079999999999999,-0.018320735236864456,0.9079999999999999,-0.007035910490094215,0.9079999999999999,0.004888231773505121
2388,0.9099999999999997,-0.018318291452568754,0.9099999999999997,-0.006976528366390029,0.9099999999999997,0.004883854516188849
2389,0.9120000000000004,-0.018315887085318477,0.9120000000000004,-0.00691808244325651,0.9120000000000004,0.004879553400844151
2390,0.9140000000000001,-0.018313524909120922,0.9140000000000001,-0.006860545722645672,0.9140000000000001,0.004875329682506223
2391,0.9159999999999999,-0.01831120547184064,0.9159999999999999,-0.006803907311596549,0.9159999999999999,0.004871183555622986
2392,0.9179999999999997,-0.01830892902572907,0.9179999999999997,-0.006748157366500508,0.9179999999999997,0.004867114982902328
2393,0.9200000000000004,-0.01830669579216745,0.9200000000000004,-0.0066932860519771376,0.9200000000000004,0.004863123890888159
2394,0.9220000000000002,-0.018304505961666818,0.9220000000000002,-0.006639283540874327,0.9220000000000002,0.004859210169960423
2395,0.9239999999999999,-0.018302359693867995,0.9239999999999999,-0.006586140014268122,0.9239999999999999,0.004855373674335098
2396,0.9259999999999997,-0.01830025711754161,0.9259999999999997,-0.006533845661462825,0.9259999999999997,0.004851614222064191
2397,0.9280000000000004,-0.018298198330588076,0.9280000000000004,-0.006482390679990957,0.9280000000000004,0.004847931595035715
2398,0.9300000000000002,-0.01829618340003761,0.9300000000000002,-0.00643176527561333,0.9300000000000002,0.004844325538973744
2399,0.9319999999999999,-0.01829421236205022,0.9319999999999999,-0.0063819596623189145,0.9319999999999999,0.004840795763438363
2400,0.9339999999999997,-0.018292285221915706,0.9339999999999997,-0.006332964062324954,0.9339999999999997,0.004837341941825696
2401,0.9360000000000004,-0.01829040195405367,0.9360000000000004,-0.0062847687060768875,0.9360000000000004,0.004833963711367878
2402,0.9380000000000002,-0.018288562502013505,0.9380000000000002,-0.006237363832248457,0.9380000000000002,0.004830660673133098
2403,0.94,-0.018286766778474402,0.94,-0.006190739687741566,0.94,0.004827432392025557
2404,0.9419999999999997,-0.01828501466524534,0.9419999999999997,-0.006144886527686383,0.9419999999999997,0.004824278396785495
2405,0.9440000000000004,-0.018283306013265103,0.9440000000000004,-0.0060997946154412765,0.9440000000000004,0.004821198179989168
2406,0.9460000000000002,-0.01828164064260226,0.9460000000000002,-0.006055454222592918,0.9460000000000002,0.004818191198048875
2407,0.948,-0.01828001834245519,0.948,-0.006011855628956141,0.948,0.004815256871212939
2408,0.9499999999999997,-0.01827843887115205,0.9499999999999997,-0.005968989122574039,0.9499999999999997,0.004812394583565707
2409,0.9520000000000004,-0.018276901956150803,0.9520000000000004,-0.005926844999717913,0.9520000000000004,0.004809603683027561
2410,0.9540000000000002,-0.018275407294039203,0.9540000000000002,-0.005885413564887358,0.9540000000000002,0.004806883481354919
2411,0.956,-0.0182739545505348,0.956,-0.005844685130810143,0.956,0.004804233254140214
2412,0.9579999999999997,-0.01827254336048494,0.9579999999999997,-0.005804650018442284,0.9579999999999997,0.004801652240811909
2413,0.9600000000000004,-0.01827117332786676,0.9600000000000004,-0.005765298556968019,0.9600000000000004,0.004799139644634513
2414,0.9620000000000002,-0.018269844025787203,0.9620000000000002,-0.005726621083799861,0.9620000000000002,0.0047966946327085425
2415,0.964,-0.018268554996482993,0.964,-0.005688607944578511,0.964,0.004794316335970557
2416,0.9659999999999997,-0.01826730575132066,0.9659999999999997,-0.00565124949317292,0.9659999999999997,0.004792003849193149
2417,0.9680000000000004,-0.01826609577079652,0.9680000000000004,-0.0056145360916802466,0.9680000000000004,0.004789756230984918
2418,0.9700000000000002,-0.018264924504536695,0.9700000000000002,-0.005578458110425937,0.9700000000000002,0.00478757250379052
2419,0.972,-0.018263791371297095,0.972,-0.005543005927963619,0.972,0.004785451653890618
2420,0.9739999999999998,-0.018262695758963426,0.9739999999999998,-0.005508169931075172,0.9739999999999998,0.004783392631401921
2421,0.9760000000000004,-0.018261637024551188,0.9760000000000004,-0.005473940514770688,0.9760000000000004,0.004781394350277163
2422,0.9780000000000002,-0.01826061449420568,0.9780000000000002,-0.005440308082288538,0.9780000000000002,0.0047794556883050884
2423,0.98,-0.018259627463201998,0.98,-0.005407263045095277,0.98,0.004777575487110504
2424,0.9819999999999998,-0.01825867519594502,0.9819999999999998,-0.005374795822885716,0.9819999999999998,0.004775752552154219
2425,0.9840000000000004,-0.018257756925969433,0.9840000000000004,-0.00534289684358287,0.9840000000000004,0.004773985652733077
2426,0.9860000000000002,-0.018256871855939712,0.9860000000000002,-0.005311556543338047,0.9860000000000002,0.00477227352197996
2427,0.988,-0.018256019157650138,0.988,-0.005280765366530726,0.988,0.004770614856863781
2428,0.9899999999999998,-0.018255197972024767,0.9899999999999998,-0.005250513765768645,0.9899999999999998,0.004769008318189459
2429,0.9920000000000004,-0.01825440740911747,0.9920000000000004,-0.005220792201887755,0.9920000000000004,0.004767452530597967
2430,0.9940000000000002,-0.0182536465481119,0.9940000000000002,-0.005191591143952283,0.9940000000000002,0.004765946082566301
2431,0.996,-0.018252914437321518,0.996,-0.005162901069254645,0.996,0.004764487526407478
2432,0.9979999999999998,-0.018252210094189564,0.9979999999999998,-0.0051347124633155,0.9979999999999998,0.004763075378270552
2433,0.9999999999999996,-0.018251532505289086,0.9999999999999996,-0.005107015819883747,0.9999999999999996,0.004761708118140605
2434,1.0020000000000002,-0.018250880626322918,1.0020000000000002,-0.0050798016409365,1.0020000000000002,0.004760384189838741
2435,1.004,-0.0182502533821237,1.004,-0.005053060436679142,1.004,0.004759102001022107
2436,1.0059999999999998,-0.018249649666653857,1.0059999999999998,-0.005026782725545253,1.0059999999999998,0.004757859923183866
2437,1.0079999999999996,-0.018249068343005614,1.0079999999999996,-0.005000959034196655,1.0079999999999996,0.0047566562916532135
2438,1.0100000000000002,-0.01824850824340099,1.0100000000000002,-0.004975579897523393,1.0100000000000002,0.004755489405595378
2439,1.012,-0.0182479681691918,1.012,-0.004950635858643776,1.012,0.004754357528011621
2440,1.0139999999999998,-0.018247446890859654,1.0139999999999998,-0.004926117468904312,1.0139999999999998,0.004753258885739214
2441,1.0159999999999996,-0.018246943148015955,1.0159999999999996,-0.004902015287879754,1.0159999999999996,0.00475219166945149
2442,1.0180000000000002,-0.018246455649401905,1.0180000000000002,-0.0048783198833730786,1.0180000000000002,0.0047511540336577715
2443,1.02,-0.018245983072888498,1.02,-0.004855021831415521,1.02,0.004750144096703449
2444,1.0219999999999998,-0.018245524065476523,1.0219999999999998,-0.004832111716266515,1.0219999999999998,0.004749159940769909
2445,1.0239999999999996,-0.01824507724329657,1.0239999999999996,-0.00480958013041375,1.0239999999999996,0.004748199611874594
2446,1.0260000000000002,-0.018244641191609012,1.0260000000000002,-0.004787417674573118,1.0260000000000002,0.004747261119870956
2447,1.028,-0.01824421446480403,1.028,-0.004765614957688794,1.028,0.0047463424384484865
2448,1.0299999999999998,-0.01824379558640159,1.0299999999999998,-0.0047441625969331415,1.0299999999999998,0.004745441505132696
2449,1.0319999999999996,-0.018243383049051466,1.0319999999999996,-0.004723051217706768,1.0319999999999996,0.004744556221285147
2450,1.0340000000000003,-0.01824297531453321,1.0340000000000003,-0.00470227145363851,1.0340000000000003,0.004743684452103408
2451,1.036,-0.018242570813756187,1.036,-0.004681813946585456,1.036,0.00474282402662108
2452,1.0379999999999998,-0.01824216794675954,1.0379999999999998,-0.004661669346632903,1.0379999999999998,0.004741972737707802
2453,1.0399999999999996,-0.018241765082712223,1.0399999999999996,-0.004641828312094389,1.0399999999999996,0.004741128342069245
2454,1.0420000000000003,-0.01824136055991297,1.0420000000000003,-0.004622281509511675,1.0420000000000003,0.004740288560247087
2455,1.044,-0.01824095268579032,1.044,-0.004603019613654787,1.044,0.004739451076619057
2456,1.0459999999999998,-0.018240539736902612,1.0459999999999998,-0.00458403330752194,1.0459999999999998,0.00473861353939891
2457,1.0479999999999996,-0.018240119958937966,1.0479999999999996,-0.004565313282339611,1.0479999999999996,0.004737773560636427
2458,1.0500000000000003,-0.018239691566714306,1.0500000000000003,-0.004546850237562485,1.0500000000000003,0.004736928716217413
2459,1.052,-0.01823925274417935,1.052,-0.00452863488087351,1.052,0.004736076545863707
2460,1.0539999999999998,-0.01823880418092374,1.0539999999999998,-0.004510662000773609,1.0539999999999998,0.00473521767217798
2461,1.0559999999999996,-0.018238358050880674,1.0559999999999996,-0.0044929464586662415,1.0559999999999996,0.0047343669199811506
2462,1.0580000000000003,-0.018237916471369214,1.0580000000000003,-0.004475489277779049,1.0580000000000003,0.004733526862174188
2463,1.06,-0.018237479737450768,1.06,-0.0044582886939175635,1.06,0.004732697837133273
2464,1.0619999999999998,-0.018237048133307,1.0619999999999998,-0.004441342919408547,1.0619999999999998,0.004731880168892567
2465,1.0639999999999996,-0.0182366219322398,1.0639999999999996,-0.004424650143100034,1.0639999999999996,0.004731074167144182
2466,1.0660000000000003,-0.018236201396671314,1.0660000000000003,-0.0044082085303613,1.0660000000000003,0.0047302801272382095
2467,1.068,-0.01823578677814392,1.068,-0.004392016223082915,1.068,0.004729498330182706
2468,1.0699999999999998,-0.018235378317320243,1.0699999999999998,-0.004376071339676671,1.0699999999999998,0.004728729042643681
2469,1.0719999999999996,-0.018234976243983143,1.0719999999999996,-0.00436037197507564,1.0719999999999996,0.0047279725169451295
2470,1.0740000000000003,-0.018234580777035724,1.0740000000000003,-0.004344916200734138,1.0740000000000003,0.004727228991069005
2471,1.076,-0.018234192124501336,1.076,-0.004329702064627759,1.076,0.004726498688655233
2472,1.0779999999999998,-0.018233810483523558,1.0779999999999998,-0.004314727591253339,1.0779999999999998,0.004725781819001705
2473,1.0799999999999996,-0.018233436040366223,1.0799999999999996,-0.004299990781628977,1.0799999999999996,0.004725078577064265
2474,1.0820000000000003,-0.0182330689704134,1.0820000000000003,-0.00428548961329403,1.0820000000000003,0.004724389143456749
2475,1.084,-0.018232709438169396,1.084,-0.004271222040309119,1.084,0.004723713684450945
2476,1.0859999999999999,-0.018232357597258768,1.0859999999999999,-0.00425718599325612,1.0859999999999999,0.004723052351976599
2477,1.0879999999999996,-0.018232013590426307,1.0879999999999996,-0.004243379379238167,1.0879999999999996,0.004722405283621459
2478,1.0900000000000003,-0.018231677549537043,1.0900000000000003,-0.004229800081879644,1.0900000000000003,0.004721772602631194
2479,1.092,-0.018231349595576252,1.092,-0.004216445961326219,1.092,0.004721154417909476
2480,1.0939999999999999,-0.018231029838649455,1.0939999999999999,-0.004203314854244796,1.0939999999999999,0.004720550824017927
2481,1.0959999999999996,-0.018230718377982406,1.0959999999999996,-0.004190404573823539,1.0959999999999996,0.004719961901176142
2482,1.0980000000000003,-0.018230415301921103,1.0980000000000003,-0.004177712909771876,1.0980000000000003,0.004719387715261675
2483,1.1,-0.018230120687931787,1.1,-0.004165237628320502,1.1,0.004718828317810064
2484,1.1019999999999999,-0.018229834602600938,1.1019999999999999,-0.004152976472221355,1.1019999999999999,0.004718283746014802
2485,1.1039999999999996,-0.01822955710163528,1.1039999999999996,-0.0041409271607476435,1.1039999999999996,0.004717754022727345
2486,1.1060000000000003,-0.018229288229861775,1.1060000000000003,-0.004129087389693819,1.1060000000000003,0.004717239156457123
2487,1.108,-0.01822902802122763,1.108,-0.004117454831375614,1.108,0.00471673914137153
2488,1.1099999999999999,-0.018228776498800288,1.1099999999999999,-0.004106027134630007,1.1099999999999999,0.004716253957295934
2489,1.1119999999999997,-0.018228533674767435,1.1119999999999997,-0.00409480192481523,1.1119999999999997,0.004715783569713666
2490,1.1140000000000003,-0.018228299550437005,1.1140000000000003,-0.004083776803810779,1.1140000000000003,0.0047153279297660125
2491,1.116,-0.01822807411623716,1.116,-0.004072949350017417,1.116,0.004714886974252257
2492,1.1179999999999999,-0.018227857351716316,1.1179999999999999,-0.004062317118357157,1.1179999999999999,0.004714460625629607
2493,1.1199999999999997,-0.018227649225543124,1.1199999999999997,-0.004051877640273267,1.1199999999999997,0.004714048792013287
2494,1.1220000000000003,-0.018227449695506475,1.1220000000000003,-0.0040416284237302785,1.1220000000000003,0.004713651367176441
2495,1.124,-0.018227258708515506,1.124,-0.004031566953213987,1.124,0.0047132682305502105
2496,1.126,-0.01822707620059959,1.126,-0.0040216906897314365,1.126,0.004712899247223699
2497,1.1279999999999997,-0.018226902096908346,1.1279999999999997,-0.004011997070810933,1.1279999999999997,0.004712544267943965
2498,1.1300000000000003,-0.01822673631171163,1.1300000000000003,-0.0040024835105020445,1.1300000000000003,0.004712203129116049
2499,1.1320000000000001,-0.018226578748399537,1.1320000000000001,-0.0039931473993755975,1.1320000000000001,0.004711875652802948
2500,1.134,-0.018226429299482417,1.134,-0.003983986104523676,1.134,0.004711561646725634
2501,1.1359999999999997,-0.01822628784659084,1.1359999999999997,-0.003974996969559618,1.1359999999999997,0.004711260904263048
2502,1.1380000000000003,-0.01822615426047564,1.1380000000000003,-0.00396617731461802,1.1380000000000003,0.0047109732044520805
2503,1.1400000000000001,-0.01822602840100787,1.1400000000000001,-0.003957524436354751,1.1400000000000001,0.004710698311987602
2504,1.142,-0.018225910117178844,1.142,-0.0039490356079469255,1.142,0.004710435977222462
2505,1.1439999999999997,-0.0182257992471001,1.1439999999999997,-0.003940708079092914,1.1439999999999997,0.004710185936167448
2506,1.1460000000000004,-0.018225695618003437,1.1460000000000004,-0.003932539076012355,1.1460000000000004,0.004709947910491341
2507,1.1480000000000001,-0.01822559904624087,1.1480000000000001,-0.003924525801446147,1.1480000000000001,0.004709721607520881
2508,1.15,-0.018225509337284677,1.15,-0.003916665434656439,1.15,0.004709506720240765
2509,1.1519999999999997,-0.01822542628572737,1.1519999999999997,-0.003908955131426639,1.1519999999999997,0.004709302927293671
2510,1.1540000000000004,-0.018225349675281693,1.1540000000000004,-0.003901392024061416,1.1540000000000004,0.004709109892980241
2511,1.1560000000000001,-0.018225279278780645,1.1560000000000001,-0.0038939732213867026,1.1560000000000001,0.004708927267259071
2512,1.158,-0.018225214858177463,1.158,-0.0038866958087496843,1.158,0.00470875468574674
2513,1.1599999999999997,-0.018225156164545616,1.1599999999999997,-0.0038795568480188072,1.1599999999999997,0.0047085917697177945
2514,1.1620000000000004,-0.018225102938078826,1.1620000000000004,-0.0038725533775837706,1.1620000000000004,0.00470843812610474
2515,1.1640000000000001,-0.01822505490809105,1.1640000000000001,-0.0038656824123555443,1.1640000000000001,0.00470829334749804
2516,1.166,-0.01822501179301649,1.166,-0.0038589409437663445,1.166,0.00470815701214615
2517,1.1679999999999997,-0.01822497330040958,1.1679999999999997,-0.0038523259397696547,1.1679999999999997,0.004708028683955479
2518,1.1700000000000004,-0.01822493912694501,1.1700000000000004,-0.003845834344840208,1.1700000000000004,0.004707907912490393
2519,1.1720000000000002,-0.018224908958417694,1.1720000000000002,-0.003839463079974008,1.1720000000000002,0.004707794232973246
2520,1.174,-0.0182248824697428,1.174,-0.0038332090426883084,1.174,0.0047076871662843425
2521,1.1759999999999997,-0.018224859324955735,1.1759999999999997,-0.003827069107021623,1.1759999999999997,0.004707586218961959
2522,1.1780000000000004,-0.018224839177212147,1.1780000000000004,-0.0038210401235337227,1.1780000000000004,0.004707490883202346
2523,1.1800000000000002,-0.018224821668787916,1.1800000000000002,-0.0038151189193056413,1.1800000000000002,0.004707400636859711
2524,1.182,-0.01822480643107918,1.182,-0.0038093022979396735,1.182,0.004707314943446228
2525,1.1839999999999997,-0.018224793084602304,1.1839999999999997,-0.0038035870395593634,1.1839999999999997,0.0047072332521320565
2526,1.1860000000000004,-0.018224781238993897,1.1860000000000004,-0.003797969900809519,1.1860000000000004,0.004707154997745301
2527,1.1880000000000002,-0.018224770493010817,1.1880000000000002,-0.0037924476148562085,1.1880000000000002,0.004707079600772039
2528,1.19,-0.018224760434530158,1.19,-0.0037870168913867533,1.19,0.004707006467356327
2529,1.1919999999999997,-0.018224750640549247,1.1919999999999997,-0.003781674416609742,1.1919999999999997,0.0047069349893001655
2530,1.1940000000000004,-0.01822474067718567,1.1940000000000004,-0.003776416853255013,1.1940000000000004,0.004706864544063549
2531,1.1960000000000002,-0.018224730099677237,1.1960000000000002,-0.003771240840573672,1.1960000000000002,0.004706794494764424
2532,1.198,-0.01822471845238201,1.198,-0.003766142994338074,1.198,0.0047067241901787085
2533,1.1999999999999997,-0.01822470526877829,1.1999999999999997,-0.003761119906841838,1.1999999999999997,0.0047066529647402724
2534,1.2020000000000004,-0.01822469007146461,1.2020000000000004,-0.0037561681468998367,1.2020000000000004,0.004706580138540979
2535,1.2040000000000002,-0.018224672372159762,1.2040000000000002,-0.0037512842598482164,1.2040000000000002,0.004706505017330637
2536,1.206,-0.018224651671702764,1.206,-0.0037464647675443594,1.206,0.004706426892517039
2537,1.2079999999999997,-0.01822462746005288,1.2079999999999997,-0.003741706168366929,1.2079999999999997,0.0047063450411659255
2538,1.2100000000000004,-0.01822459921628962,1.2100000000000004,-0.003737004937215828,1.2100000000000004,0.004706258726001028
2539,1.2120000000000002,-0.018224566408612728,1.2120000000000002,-0.0037323575255122296,1.2120000000000002,0.004706167195404017
2540,1.214,-0.01822452849434219,1.214,-0.003727760361198564,1.214,0.004706069683414561
2541,1.2159999999999997,-0.018224484919918234,1.2159999999999997,-0.0037232098487385186,1.2159999999999997,0.00470596540973027
2542,1.2180000000000004,-0.018224435120901338,1.2180000000000004,-0.003718702369117033,1.2180000000000004,0.00470585357970673
2543,1.2200000000000002,-0.018224378521972208,1.2200000000000002,-0.0037142342798403213,1.2200000000000002,0.004705733384357501
2544,1.222,-0.0182243145369318,1.222,-0.003709801914935841,1.222,0.004705604000354094
2545,1.2239999999999998,-0.018224242568701303,1.2239999999999998,-0.003705401584952313,1.2239999999999998,0.004705464590026014
2546,1.2260000000000004,-0.01822416341041317,1.2260000000000004,-0.0037010340320345024,1.2260000000000004,0.004705316203554771
2547,1.2280000000000002,-0.01822408261407555,1.2280000000000002,-0.003696715784678426,1.2280000000000002,0.0047051663580883266
2548,1.23,-0.018224000955493837,1.23,-0.0036924490168964326,1.23,0.004705016093901518
2549,1.2319999999999998,-0.018223918585245028,1.2319999999999998,-0.00368823395087799,1.2319999999999998,0.004704865602932429
2550,1.2340000000000004,-0.018223835650316673,1.2340000000000004,-0.0036840707922316217,1.2340000000000004,0.004704715072386831
2551,1.2360000000000002,-0.018223752294106877,1.2360000000000002,-0.003679959729984899,1.2360000000000002,0.004704564684738226
2552,1.238,-0.018223668656424295,1.238,-0.003675900936584431,1.238,0.004704414617727824
2553,1.2399999999999998,-0.01822358487348813,1.2399999999999998,-0.003671894567895878,1.2399999999999998,0.004704265044364546
2554,1.2420000000000004,-0.018223501077928143,1.2420000000000004,-0.003667940763203946,1.2420000000000004,0.00470411613292504
2555,1.2440000000000002,-0.01822341739878464,1.2440000000000002,-0.003664039645212388,1.2440000000000002,0.004703968046953645
2556,1.246,-0.018223333961508482,1.246,-0.0036601913200440053,1.246,0.004703820945262442
2557,1.2479999999999998,-0.018223250887961076,1.2479999999999998,-0.003656395877240641,1.2479999999999998,0.004703674981931194
2558,1.2500000000000004,-0.01822316829641439,1.2500000000000004,-0.0036526533897631858,1.2500000000000004,0.004703530306307407
2559,1.2520000000000002,-0.018223086301550936,1.2520000000000002,-0.003648963913991582,1.2520000000000002,0.004703387063006284
2560,1.254,-0.018223005014463778,1.254,-0.003645327489724813,1.254,0.004703245391910742
2561,1.2559999999999998,-0.018222924542656536,1.2559999999999998,-0.003641744140180904,1.2559999999999998,0.004703105428171428
2562,1.2579999999999996,-0.018222844990043376,1.2579999999999996,-0.003638213871996941,1.2579999999999996,0.004702967302206679
2563,1.2600000000000002,-0.01822276645694902,1.2600000000000002,-0.0036347366752290423,1.2600000000000002,0.0047028311397025666
2564,1.262,-0.018222689040108736,1.262,-0.00363131252335238,1.262,0.004702697061612859
2565,1.2639999999999998,-0.018222612832668347,1.2639999999999998,-0.0036279413732611746,1.2639999999999998,0.004702565184159055
2566,1.2659999999999996,-0.01822253792418423,1.2659999999999996,-0.003624623165268681,1.2659999999999996,0.00470243561883036
2567,1.2680000000000002,-0.018222464400623306,1.2680000000000002,-0.003621357823107213,1.2680000000000002,0.004702308472383683
2568,1.27,-0.018222392344363056,1.27,-0.0036181452539281317,1.27,0.004702183846843656
2569,1.2719999999999998,-0.018222321834191504,1.2719999999999998,-0.0036149853483018295,1.2719999999999998,0.0047020618395026414
2570,1.2739999999999996,-0.01822225294530723,1.2739999999999996,-0.0036118779802177606,1.2739999999999996,0.004701942542920681
2571,1.2760000000000002,-0.018222185749319365,1.2760000000000002,-0.0036088230070844204,1.2760000000000002,0.0047018260449255556
2572,1.278,-0.018222120314247595,1.278,-0.003605820269729349,1.278,0.004701712428612753
2573,1.2799999999999998,-0.01822205670452215,1.2799999999999998,-0.003602869592399135,1.2799999999999998,0.004701601772345472
2574,1.2819999999999996,-0.018221994980983813,1.2819999999999996,-0.0035999707827594103,1.2819999999999996,0.004701494149754633
2575,1.2840000000000003,-0.018221935200883926,1.2840000000000003,-0.00359712363189486,1.2840000000000003,0.0047013896297388585
2576,1.286,-0.018221877417884374,1.286,-0.003594327914309206,1.286,0.004701288276464495
2577,1.2879999999999998,-0.018221821682057594,1.2879999999999998,-0.003591583387925229,1.2879999999999998,0.004701190149365604
2578,1.2899999999999996,-0.018221768039886583,1.2899999999999996,-0.0035888897940847403,1.2899999999999996,0.00470109530314395
2579,1.2920000000000003,-0.018221716534264874,1.2920000000000003,-0.0035862468575486132,1.2920000000000003,0.004701003787769012
2580,1.294,-0.018221667204496566,1.294,-0.0035836542864967555,1.294,0.004700915648478
2581,1.2959999999999998,-0.018221620086296304,1.2959999999999998,-0.0035811117725281297,1.2959999999999998,0.00470083092577582
2582,1.2979999999999996,-0.018221575211789284,1.2979999999999996,-0.003578618990660743,1.2979999999999996,0.004700749655435099
2583,1.3000000000000003,-0.018221532609511253,1.3000000000000003,-0.0035761755993316408,1.3000000000000003,0.004700671868496181
2584,1.302,-0.018221492304408508,1.302,-0.0035737812403969227,1.302,0.0047005975912671125
2585,1.3039999999999998,-0.018221454317837903,1.3039999999999998,-0.0035714355391317405,1.3039999999999998,0.004700526845323662
2586,1.3059999999999996,-0.018221418667566838,1.3059999999999996,-0.00356913810423028,1.3059999999999996,0.004700459647509314
2587,1.3080000000000003,-0.018221385367773263,1.3080000000000003,-0.0035668885278057755,1.3080000000000003,0.0047003960099352635
2588,1.31,-0.01822135442904569,1.31,-0.0035646863853905156,1.31,0.00470033593998042
2589,1.3119999999999998,-0.018221325858383167,1.3119999999999998,-0.0035625312359358306,1.3119999999999998,0.004700279440291402
2590,1.3139999999999996,-0.018221299659195306,1.3139999999999996,-0.003560422621812099,1.3139999999999996,0.004700226508782553
2591,1.3160000000000003,-0.018221275831302265,1.3160000000000003,-0.0035583600688087365,1.3160000000000003,0.004700177138635922
2592,1.318,-0.018221254370934754,1.318,-0.0035563430861342213,1.318,0.0047001313183012705
2593,1.3199999999999998,-0.018221235270734038,1.3199999999999998,-0.003554371166416062,1.3199999999999998,0.004700089031496074
2594,1.3219999999999996,-0.018221218519751923,1.3219999999999996,-0.003552443785700826,1.3219999999999996,0.004700050257205532
2595,1.3240000000000003,-0.018221204103450777,1.3240000000000003,-0.0035505604034541186,1.3240000000000003,0.004700014969682552
2596,1.326,-0.018221192003703517,1.326,-0.003548720462560599,1.326,0.004699983138447744
2597,1.3279999999999998,-0.018221182198793606,1.3279999999999998,-0.003546923389323966,1.3279999999999998,0.004699954728289449
2598,1.3299999999999996,-0.01822117466341507,1.3299999999999996,-0.0035451685934669644,1.3299999999999996,0.004699929699263708
2599,1.3320000000000003,-0.01822116936867247,1.3320000000000003,-0.0035434554681313957,1.3320000000000003,0.004699908006694294
2600,1.334,-0.018221166282080932,1.334,-0.003541783389878095,1.334,0.004699889601172673
2601,1.3359999999999999,-0.01822116536756613,1.3359999999999999,-0.003540151718686952,1.3359999999999999,0.004699874428558029
2602,1.3379999999999996,-0.018221166585464285,1.3379999999999996,-0.0035385597979568986,1.3379999999999996,0.004699862429977282
2603,1.3400000000000003,-0.018221169892522177,1.3400000000000003,-0.0035370069545059175,1.3400000000000003,0.00469985354182504
2604,1.342,-0.018221175241897127,1.342,-0.0035354924985710294,1.342,0.004699847695763627
2605,1.3439999999999999,-0.018221182583157018,1.3439999999999999,-0.0035340157238083134,1.3439999999999999,0.004699844818723098
2606,1.3459999999999996,-0.018221191862280276,1.3459999999999996,-0.0035325759072928897,1.3459999999999996,0.004699844832901201
2607,1.3480000000000003,-0.018221203021655887,1.3480000000000003,-0.003531172309518913,1.3480000000000003,0.004699847655763416
2608,1.35,-0.018221216000083376,1.35,-0.003529804174399607,1.35,0.0046998532000429305
2609,1.3519999999999999,-0.018221230732772837,1.3519999999999999,-0.0035284707292672253,1.3519999999999999,0.004699861373740642
2610,1.3539999999999996,-0.018221247151344898,1.3539999999999996,-0.003527171184873071,1.3539999999999996,0.004699872080125157
2611,1.3560000000000003,-0.018221265183830746,1.3560000000000003,-0.0035259047353874973,1.3560000000000003,0.004699885217732819
2612,1.358,-0.018221284754672124,1.358,-0.0035246705583999033,1.358,0.004699900680367651
2613,1.3599999999999999,-0.018221305784721316,1.3599999999999999,-0.003523467814918732,1.3599999999999999,0.004699918357101422
2614,1.3619999999999997,-0.018221328191241164,1.3619999999999997,-0.0035222956493714715,1.3619999999999997,0.004699938132273596
2615,1.3640000000000003,-0.018221351887905062,1.3640000000000003,-0.0035211531896046575,1.3640000000000003,0.004699959885491357
2616,1.366,-0.018221376784796954,1.366,-0.0035200395468838776,1.366,0.004699983491629596
2617,1.3679999999999999,-0.018221402788411334,1.3679999999999999,-0.0035189538158937606,1.3679999999999999,0.0047000088208309365
2618,1.3699999999999997,-0.01822142980165325,1.3699999999999997,-0.0035178950747379797,1.3699999999999997,0.004700035738505692
2619,1.3720000000000003,-0.018221457723838298,1.3720000000000003,-0.00351686238493926,1.3720000000000003,0.0047000641053319
2620,1.374,-0.018221486450692628,1.374,-0.0035158547914393677,1.374,0.004700093777255325
2621,1.376,-0.018221515874352938,1.376,-0.0035148713225991203,1.376,0.0047001246054894225
2622,1.3779999999999997,-0.018221545883366486,1.3779999999999997,-0.0035139109901983767,1.3779999999999997,0.0047001564365153695
2623,1.3800000000000003,-0.01822157636269107,1.3800000000000003,-0.0035129727894360474,1.3800000000000003,0.004700189112082073
2624,1.3820000000000001,-0.018221607193695047,1.3820000000000001,-0.0035120556989300875,1.3820000000000001,0.004700222469206129
2625,1.384,-0.018221638254157325,1.384,-0.003511158680717493,1.384,0.004700256340171863
2626,1.3859999999999997,-0.018221669418267358,1.3859999999999997,-0.0035102806802543157,1.3859999999999997,0.004700290552531315
2627,1.3880000000000003,-0.01822170055662516,1.3880000000000003,-0.0035094206264156477,1.3880000000000003,0.00470032492910423
2628,1.3900000000000001,-0.018221731536241285,1.3900000000000001,-0.0035085774314956297,1.3900000000000001,0.004700359287978066
2629,1.392,-0.018221762220536848,1.392,-0.003507749991207447,1.392,0.0047003934425080066
2630,1.3939999999999997,-0.018221792469343516,1.3939999999999997,-0.0035069371846833328,1.3939999999999997,0.004700427201316942
2631,1.3960000000000004,-0.0182218221389035,1.3960000000000004,-0.003506137874474565,1.3960000000000004,0.004700460368295474
2632,1.3980000000000001,-0.018221851081869564,1.3980000000000001,-0.00350535090655147,1.3980000000000001,0.004700492742601918
2633,1.4,-0.018221879147305026,1.4,-0.003504575110303422,1.4,0.004700524118662314
2634,1.4019999999999997,-0.01822190618068376,1.4019999999999997,-0.003503809298538836,1.4019999999999997,0.0047005542861704094
2635,1.4040000000000004,-0.01822193202389018,1.4040000000000004,-0.003503052267485176,1.4040000000000004,0.004700583030087656
2636,1.4060000000000001,-0.018221956515219264,1.4060000000000001,-0.00350230279678896,1.4060000000000001,0.004700610130643226
2637,1.408,-0.01822197948937653,1.408,-0.0035015596495157376,1.408,0.004700635363334017
2638,1.4099999999999997,-0.018222000777478053,1.4099999999999997,-0.0035008215721501167,1.4099999999999997,0.004700658498924627
2639,1.4120000000000004,-0.018222020207050462,1.4120000000000004,-0.0035000872945957495,1.4120000000000004,0.004700679303447371
2640,1.4140000000000001,-0.01822203760203093,1.4140000000000001,-0.0034993555301753264,1.4140000000000001,0.004700697538202271
2641,1.416,-0.018222052782767187,1.416,-0.0034986249756305994,1.416,0.004700712959757082
2642,1.4179999999999997,-0.018222065566017513,1.4179999999999997,-0.003497894311122348,1.4179999999999997,0.004700725319947259
2643,1.4200000000000004,-0.018222075764950742,1.4200000000000004,-0.003497162200230417,1.4200000000000004,0.0047007343658759596
2644,1.4220000000000002,-0.018222083189146254,1.4220000000000002,-0.003496427289953686,1.4220000000000002,0.004700739839914085
2645,1.424,-0.018222087644593984,1.424,-0.0034956882107100816,1.424,0.004700741479700225
2646,1.4259999999999997,-0.018222088933694418,1.4259999999999997,-0.0034949435763365795,1.4259999999999997,0.004700739018140693
2647,1.4280000000000004,-0.018222086855258595,1.4280000000000004,-0.003494191984089203,1.4280000000000004,0.004700732183409509
2648,1.4300000000000002,-0.0182220812045081,1.4300000000000002,-0.003493432014643017,1.4300000000000002,0.004700720698948432
2649,1.432,-0.01822207177307507,1.432,-0.003492662232092141,1.432,0.004700704283466896
2650,1.4339999999999997,-0.0182220583490022,1.4339999999999997,-0.0034918811839497327,1.4339999999999997,0.004700682650942076
2651,1.4360000000000004,-0.018222040716742736,1.4360000000000004,-0.0034910874011480006,1.4360000000000004,0.004700655510618858
2652,1.4380000000000002,-0.018222018657160468,1.4380000000000002,-0.003490279398038195,1.4380000000000002,0.0047006225670098295
2653,1.44,-0.018221993147588093,1.44,-0.003489463897897418,1.44,0.004700585352265238
2654,1.4419999999999997,-0.018221965909674794,1.4419999999999997,-0.0034886524161175797,1.4419999999999997,0.004700546477152977
2655,1.4440000000000004,-0.01822193707092657,1.4440000000000004,-0.0034878453401688825,1.4440000000000004,0.0047005060806979
2656,1.4460000000000002,-0.018221906742918025,1.4460000000000002,-0.0034870429548841467,1.4460000000000002,0.00470046427841124
2657,1.448,-0.018221875035210198,1.448,-0.0034862455387154566,1.448,0.004700421183700801
2658,1.4499999999999997,-0.01822184205535056,1.4499999999999997,-0.00348545336373415,1.4499999999999997,0.004700376907870951
2659,1.4520000000000004,-0.018221807908873025,1.4520000000000004,-0.0034846666956308177,1.4520000000000004,0.004700331560122652
2660,1.4540000000000002,-0.018221772699297933,1.4540000000000002,-0.0034838857937153217,1.4540000000000002,0.0047002852475534415
2661,1.456,-0.01822173652813207,1.456,-0.00348311091091677,1.456,0.004700238075157417
2662,1.4579999999999997,-0.018221699494868654,1.4579999999999997,-0.0034823422937835316,1.4579999999999997,0.004700190145825255
2663,1.4600000000000004,-0.01822166169698734,1.4600000000000004,-0.003481580182483242,1.4600000000000004,0.00470014156034422
2664,1.4620000000000002,-0.018221623229954218,1.4620000000000002,-0.003480824810802783,1.4620000000000002,0.004700092417398147
2665,1.464,-0.018221584187221817,1.464,-0.0034800764061482976,1.464,0.00470004281356743
2666,1.4659999999999997,-0.018221544660229093,1.4659999999999997,-0.0034793351895451956,1.4659999999999997,0.004699992843329066
2667,1.4680000000000004,-0.018221504738401454,1.4680000000000004,-0.0034786013756381295,1.4680000000000004,0.0046999425990566085
2668,1.4700000000000002,-0.01822146450915073,1.4700000000000002,-0.0034778751726910265,1.4700000000000002,0.004699892171020188
2669,1.472,-0.018221424057875194,1.472,-0.0034771567825870563,1.472,0.004699841647386516
2670,1.4739999999999998,-0.01822138346795955,1.4739999999999998,-0.0034764464008286595,1.4739999999999998,0.004699791114218879
2671,1.4760000000000004,-0.01822134282077495,1.4760000000000004,-0.003475744216537527,1.4760000000000004,0.004699740655477132
2672,1.4780000000000002,-0.018221302195678964,1.4780000000000002,-0.0034750504124546125,1.4780000000000002,0.004699690353017719
2673,1.48,-0.01822126167001561,1.48,-0.0034743651649401207,1.48,0.004699640286593643
2674,1.4819999999999998,-0.018221221319115348,1.4819999999999998,-0.003473688643973523,1.4819999999999998,0.004699590533854492
2675,1.4840000000000004,-0.018221181216295058,1.4840000000000004,-0.0034730210131535474,1.4840000000000004,0.004699541170346433
2676,1.4860000000000002,-0.018221141432858065,1.4860000000000002,-0.003472362429698169,1.4860000000000002,0.004699492269512197
2677,1.488,-0.01822110203809413,1.488,-0.0034717130444446367,1.488,0.004699443902691107
2678,1.4899999999999998,-0.018221063099279452,1.4899999999999998,-0.0034710730018494493,1.4899999999999998,0.004699396139119037
2679,1.4920000000000004,-0.018221024681676662,1.4920000000000004,-0.0034704424399883624,1.4920000000000004,0.004699349045928468
2680,1.4940000000000002,-0.01822098684853483,1.4940000000000002,-0.0034698214905563955,1.4940000000000002,0.004699302688148423
2681,1.496,-0.018220949661089458,1.496,-0.003469210278867818,1.496,0.0046992571287045246
2682,1.4979999999999998,-0.01822091317856249,1.4979999999999998,-0.003468608923856163,1.4979999999999998,0.004699212428418961
2683,1.5000000000000004,-0.018220877458162303,1.5000000000000004,-0.0034680175380742244,1.5000000000000004,0.004699168646010499
2684,1.5020000000000002,-0.018220842555083706,1.5020000000000002,-0.0034674362276940485,1.5020000000000002,0.004699125838094474
2685,1.504,-0.018220808522507955,1.504,-0.0034668650925069426,1.504,0.004699084059182811
2686,1.5059999999999998,-0.01822077541160273,1.5059999999999998,-0.0034663042259234673,1.5059999999999998,0.004699043361684002
2687,1.5080000000000005,-0.018220743271522157,1.5080000000000005,-0.003465753714973447,1.5080000000000005,0.0046990037959031075
2688,1.5100000000000002,-0.01822071214940679,1.5100000000000002,-0.0034652136403059627,1.5100000000000002,0.004698965410041778
2689,1.512,-0.018220682090383626,1.512,-0.003464684076189356,1.512,0.004698928250198228
2690,1.5139999999999998,-0.018220653137566094,1.5139999999999998,-0.0034641650905112183,1.5139999999999998,0.004698892360367246
2691,1.5159999999999996,-0.018220625332054062,1.5159999999999996,-0.003463656744778408,1.5159999999999996,0.004698857782440211
2692,1.5180000000000002,-0.018220598712933828,1.5180000000000002,-0.003463159094117034,1.5180000000000002,0.004698824556205065
2693,1.52,-0.018220573317278135,1.52,-0.0034626721872724753,1.52,0.004698792719346319
2694,1.5219999999999998,-0.018220549180146157,1.5219999999999998,-0.0034621960666093507,1.5219999999999998,0.0046987623074450785
2695,1.5239999999999996,-0.0182205263345835,1.5239999999999996,-0.003461730768111553,1.5239999999999996,0.004698733353979016
2696,1.5260000000000002,-0.01822050481162222,1.5260000000000002,-0.003461276321382229,1.5260000000000002,0.004698705890322369
2697,1.528,-0.01822048464028079,1.528,-0.003460832749643778,1.528,0.004698679945745972
2698,1.5299999999999998,-0.018220465847564135,1.5299999999999998,-0.0034604000697378637,1.5299999999999998,0.004698655547417205
2699,1.5319999999999996,-0.01822044845846361,1.5319999999999996,-0.0034599782921254027,1.5319999999999996,0.00469863272040006
2700,1.5340000000000003,-0.018220432495957006,1.5340000000000003,-0.003459567420886576,1.5340000000000003,0.0046986114876550675
2701,1.536,-0.01822041798100855,1.536,-0.003459167453720817,1.536,0.004698591870039362
2702,1.5379999999999998,-0.018220404932568907,1.5379999999999998,-0.0034587783819468206,1.5379999999999998,0.004698573886306644
2703,1.5399999999999996,-0.018220393367575173,1.5399999999999996,-0.0034584001905025377,1.5399999999999996,0.004698557553107184
2704,1.5420000000000003,-0.01822038330095089,1.5420000000000003,-0.0034580328579451765,1.5420000000000003,0.004698542884987833
2705,1.544,-0.018220374745606026,1.544,-0.0034576763564512086,1.544,0.004698529894392012
2706,1.5459999999999998,-0.01822036771243699,1.5459999999999998,-0.003457330651816356,1.5459999999999998,0.004698518591659734
2707,1.5479999999999996,-0.018220362210326628,1.5479999999999996,-0.003456995703455607,1.5479999999999996,0.0046985089850275635
2708,1.5500000000000003,-0.018220358246144215,1.5500000000000003,-0.003456671464403198,1.5500000000000003,0.004698501080628657
2709,1.552,-0.018220355824745477,1.552,-0.003456357881312634,1.552,0.004698494882492743
2710,1.5539999999999998,-0.018220354948972558,1.5539999999999998,-0.003456054894456672,1.5539999999999998,0.00469849039254612
2711,1.5559999999999996,-0.018220355619654054,1.5559999999999996,-0.0034557624377273242,1.5559999999999996,0.0046984876106116735
2712,1.5580000000000003,-0.018220357835604984,1.5580000000000003,-0.003455480438635871,1.5580000000000003,0.004698486534408852
2713,1.56,-0.018220361593626812,1.56,-0.0034552088183128424,1.56,0.004698487159553684
2714,1.5619999999999998,-0.018220366888507436,1.5619999999999998,-0.0034549474915080286,1.5619999999999998,0.004698489479558775
2715,1.5639999999999996,-0.01822037371302119,1.5639999999999996,-0.0034546963665904803,1.5639999999999996,0.004698493485833309
2716,1.5660000000000003,-0.01822038205792884,1.5660000000000003,-0.003454455345548498,1.5660000000000003,0.004698499167683043
2717,1.568,-0.018220391911977593,1.568,-0.0034542243239896533,1.568,0.0046985065123102965
2718,1.5699999999999998,-0.018220403261901094,1.5699999999999998,-0.003454003191140767,1.5699999999999998,0.0046985155048139896
2719,1.5719999999999996,-0.01822041609241942,1.5719999999999996,-0.0034537918298479173,1.5719999999999996,0.004698526128189592
2720,1.5740000000000003,-0.01822043038623908,1.5740000000000003,-0.0034535901165764493,1.5740000000000003,0.004698538363329174
2721,1.576,-0.01822044612405303,1.576,-0.0034533979214109514,1.576,0.004698552189021356
2722,1.5779999999999998,-0.018220463284540654,1.5779999999999998,-0.003453215108055286,1.5779999999999998,0.004698567581951356
2723,1.5799999999999996,-0.018220481844367777,1.5799999999999996,-0.003453041533832562,1.5799999999999996,0.004698584516700945
2724,1.5820000000000003,-0.018220501778186654,1.5820000000000003,-0.0034528770496851553,1.5820000000000003,0.004698602965748498
2725,1.584,-0.018220523058635984,1.584,-0.0034527215001746887,1.584,0.004698622899468943
2726,1.5859999999999999,-0.018220545656340893,1.5859999999999999,-0.0034525747234820554,1.5859999999999999,0.004698644286133785
2727,1.5879999999999996,-0.018220569539912954,1.5879999999999996,-0.0034524365514073986,1.5879999999999996,0.004698667091911121
2728,1.5900000000000003,-0.018220594675950164,1.5900000000000003,-0.0034523068093701217,1.5900000000000003,0.0046986912808655995
2729,1.592,-0.018220621029036963,1.592,-0.003452185316408885,1.592,0.004698716814958467
2730,1.5939999999999999,-0.018220648561744233,1.5939999999999999,-0.003452071885181613,1.5939999999999999,0.00469874365404753
2731,1.5959999999999996,-0.01822067723462928,1.5959999999999996,-0.003451966321965476,1.5959999999999996,0.00469877175588717
2732,1.5980000000000003,-0.01822070700623585,1.5980000000000003,-0.0034518684266569184,1.5980000000000003,0.004698801076128363
2733,1.6,-0.018220737833094133,1.6,-0.0034517779927716284,1.6,0.004698831568318643
2734,1.6019999999999999,-0.018220769669720742,1.6019999999999999,-0.0034516948074445573,1.6019999999999999,0.00469886318390212
2735,1.6039999999999996,-0.018220802468618742,1.6039999999999996,-0.0034516186514299205,1.6039999999999996,0.004698895872219479
2736,1.6060000000000003,-0.018220836180277616,1.6060000000000003,-0.003451549299101183,1.6060000000000003,0.004698929580508
2737,1.608,-0.018220870753173298,1.608,-0.0034514865184510704,1.608,0.004698964253901504
2738,1.6099999999999999,-0.01822090613376815,1.6099999999999999,-0.003451430071091565,1.6099999999999999,0.004698999835430422
2739,1.6119999999999997,-0.018220942266510977,1.6119999999999997,-0.0034513797122539165,1.6119999999999997,0.004699036266021743
2740,1.6140000000000003,-0.01822097909383701,1.6140000000000003,-0.0034513351907886174,1.6140000000000003,0.004699073484499022
2741,1.616,-0.018221016556167924,1.616,-0.003451296249165431,1.616,0.004699111427582413
2742,1.6179999999999999,-0.01822105459191183,1.6179999999999999,-0.0034512626234733702,1.6179999999999999,0.0046991500298886255
2743,1.6199999999999997,-0.01822109313746327,1.6199999999999997,-0.003451234043420716,1.6199999999999997,0.0046991892239309566
2744,1.6220000000000003,-0.018221132127203228,1.6220000000000003,-0.0034512102323349947,1.6220000000000003,0.004699228940119274
2745,1.624,-0.01822117149349912,1.624,-0.0034511909071630008,1.624,0.004699269106760023
2746,1.626,-0.0182212111667048,1.626,-0.0034511757784707817,1.626,0.004699309650056223
2747,1.6279999999999997,-0.01822125107516056,1.6279999999999997,-0.003451164550443645,1.6279999999999997,0.004699350494107461
2748,1.6300000000000003,-0.018221291145193122,1.6300000000000003,-0.003451156920886156,1.6300000000000003,0.004699391560909913
2749,1.6320000000000001,-0.01822133130111565,1.6320000000000001,-0.0034511525812221354,1.6320000000000001,0.004699432770356331
2750,1.634,-0.018221371465227742,1.634,-0.003451151216494669,1.634,0.004699474040236018
2751,1.6359999999999997,-0.01822141155781543,1.6359999999999997,-0.0034511525053660917,1.6359999999999997,0.004699515286234891
2752,1.6380000000000003,-0.018221451497151188,1.6380000000000003,-0.0034511561201180027,1.6380000000000003,0.004699556421935411
2753,1.6400000000000001,-0.01822149119949392,1.6400000000000001,-0.003451161726651261,1.6400000000000001,0.004699597358816622
2754,1.642,-0.01822153057908897,1.642,-0.003451168984485973,1.642,0.004699638006254156
2755,1.6439999999999997,-0.01822156954816812,1.6439999999999997,-0.0034511775467615143,1.6439999999999997,0.004699678271520201
2756,1.6460000000000004,-0.018221608016949577,1.6460000000000004,-0.003451187060236515,1.6460000000000004,0.004699718059783545
2757,1.6480000000000001,-0.018221645893638,1.6480000000000001,-0.003451197165288862,1.6480000000000001,0.004699757274109526
2758,1.65,-0.01822168308442447,1.65,-0.0034512074959156987,1.65,0.004699795815460067
2759,1.6519999999999997,-0.018221719493486513,1.6519999999999997,-0.0034512176797334357,1.6519999999999997,0.0046998335826936785
2760,1.6540000000000004,-0.018221755022988086,1.6540000000000004,-0.003451227337977727,1.6540000000000004,0.004699870472565426
2761,1.6560000000000001,-0.018221789573079593,1.6560000000000001,-0.0034512360855034965,1.6560000000000001,0.004699906379726962
2762,1.658,-0.018221823041897855,1.658,-0.0034512435307849226,1.658,0.004699941196726516
2763,1.6599999999999997,-0.018221855325566146,1.6599999999999997,-0.0034512492759154433,1.6599999999999997,0.004699974814008891
2764,1.6620000000000004,-0.01822188631819417,1.6620000000000004,-0.00345125291660775,1.6620000000000004,0.0047000071199154655
2765,1.6640000000000001,-0.018221915911878064,1.6640000000000001,-0.0034512540421937944,1.6640000000000001,0.0047000380006841855
2766,1.666,-0.018221943996700407,1.666,-0.003451252235624789,1.666,0.0047000673404495805
2767,1.6679999999999997,-0.01822197046073021,1.6679999999999997,-0.003451247073471199,1.6679999999999997,0.004700095021242766
2768,1.6700000000000004,-0.018221995190022922,1.6700000000000004,-0.003451238125922757,1.6700000000000004,0.004700120922991401
2769,1.6720000000000002,-0.01822201806862043,1.6720000000000002,-0.003451224956788443,1.6720000000000002,0.004700144923519757
2770,1.674,-0.01822203897855105,1.674,-0.003451207123496499,1.674,0.004700166898548658
2771,1.6759999999999997,-0.01822205779982954,1.6759999999999997,-0.003451184177094429,1.6759999999999997,0.004700186721695511
2772,1.6780000000000004,-0.018222074410457093,1.6780000000000004,-0.0034511556622489926,1.6780000000000004,0.004700204264474289
2773,1.6800000000000002,-0.018222088686421344,1.6800000000000002,-0.0034511211172462038,1.6800000000000002,0.004700219396295557
2774,1.682,-0.018222100501696353,1.682,-0.003451080073991336,1.682,0.004700231984466445
2775,1.6839999999999997,-0.01822210972824262,1.6839999999999997,-0.0034510320580089272,1.6839999999999997,0.00470024189419066
2776,1.6860000000000004,-0.018222116236007085,1.6860000000000004,-0.0034509765884427647,1.6860000000000004,0.004700248988568488
2777,1.6880000000000002,-0.018222119892923126,1.6880000000000002,-0.0034509131780558998,1.6880000000000002,0.0047002531285967805
2778,1.69,-0.018222120564910543,1.69,-0.0034508413332306406,1.69,0.00470025417316898
2779,1.6919999999999997,-0.018222118115875593,1.6919999999999997,-0.0034507605539685487,1.6919999999999997,0.004700251979075087
2780,1.6940000000000004,-0.018222112407710947,1.6940000000000004,-0.0034506703338904494,1.6940000000000004,0.004700246401001688
2781,1.6960000000000002,-0.018222103300295733,1.6960000000000002,-0.0034505701602364283,1.6960000000000002,0.00470023729153194
2782,1.698,-0.0182220906514955,1.698,-0.003450459513865821,1.698,0.004700224501145593
2783,1.6999999999999997,-0.018222074317162242,1.6999999999999997,-0.003450337869257223,1.6999999999999997,0.00470020787821894
2784,1.7020000000000004,-0.01822205415113438,1.7020000000000004,-0.0034502046945084977,1.7020000000000004,0.00470018726902488
2785,1.7040000000000002,-0.018222029938243282,1.7040000000000002,-0.0034500596843140864,1.7040000000000002,0.0047001625009632855
2786,1.706,-0.018221999736479182,1.706,-0.0034499090947267518,1.706,0.004700133033398786
2787,1.7079999999999997,-0.018221962930990727,1.7079999999999997,-0.0034497560532250303,1.7079999999999997,0.00470009882971098
2788,1.7100000000000004,-0.018221919820625137,1.7100000000000004,-0.0034496007290837766,1.7100000000000004,0.004700060107309459
2789,1.7120000000000002,-0.018221870700176425,1.7120000000000002,-0.0034494432891864248,1.7120000000000002,0.004700017080654956
2790,1.714,-0.0182218158603854,1.714,-0.003449283898024992,1.714,0.00469996996125932
2791,1.7159999999999997,-0.01822175558793967,1.7159999999999997,-0.0034491227177000892,1.7159999999999997,0.0046999189576855255
2792,1.7180000000000004,-0.018221690165473623,1.7180000000000004,-0.0034489599079208996,1.7180000000000004,0.004699864275547673
2793,1.7200000000000002,-0.01822161987156846,1.7200000000000002,-0.0034487956260052,1.7200000000000002,0.004699806117511002
2794,1.722,-0.01822154498075217,1.722,-0.0034486300268793506,1.722,0.004699744683291852
2795,1.7239999999999998,-0.01822146576349953,1.7239999999999998,-0.0034484632630782976,1.7239999999999998,0.004699680169657709
2796,1.7260000000000004,-0.018221382486232122,1.7260000000000004,-0.0034482954847455637,1.7260000000000004,0.004699612770427179
2797,1.7280000000000002,-0.01822129541131832,1.7280000000000002,-0.003448126839633265,1.7280000000000002,0.004699542676469985
2798,1.73,-0.01822120479707329,1.73,-0.0034479574731021007,1.73,0.0046994700757069865
2799,1.7319999999999998,-0.018221110897758998,1.7319999999999998,-0.003447787528121353,1.7319999999999998,0.0046993951531101655
2800,1.7340000000000004,-0.018221013963584196,1.7340000000000004,-0.0034476171452688872,1.7340000000000004,0.00469931809070262
2801,1.7360000000000002,-0.018220914240704437,1.7360000000000002,-0.0034474464627311623,1.7360000000000002,0.0046992390675585916
2802,1.738,-0.018220811971222075,1.738,-0.0034472756163032095,1.738,0.004699158259803438
2803,1.7399999999999998,-0.018220707393186247,1.7399999999999998,-0.003447104739388654,1.7399999999999998,0.004699075840613631
2804,1.7420000000000004,-0.018220600740592893,1.7420000000000004,-0.0034469339629997,1.7420000000000004,0.004698991980216789
2805,1.7440000000000002,-0.01822049224338474,1.7440000000000002,-0.003446763415757139,1.7440000000000002,0.004698906845891637
2806,1.746,-0.018220382127451324,1.746,-0.0034465932238903485,1.746,0.004698820601968037
2807,1.7479999999999998,-0.018220270614628963,1.7479999999999998,-0.0034464235112372926,1.7479999999999998,0.0046987334098269815
2808,1.7500000000000004,-0.018220157922700767,1.7500000000000004,-0.0034462543992445117,1.7500000000000004,0.0046986454279005704
2809,1.7520000000000002,-0.01822004426539666,1.7520000000000002,-0.0034460860069671397,1.7520000000000002,0.004698556811672042
2810,1.754,-0.01821992985239334,1.754,-0.0034459184510688932,1.754,0.004698467713675762
2811,1.7559999999999998,-0.018219814889314314,1.7559999999999998,-0.0034457518458220655,1.7559999999999998,0.004698378283497208
2812,1.7580000000000005,-0.018219699577729873,1.7580000000000005,-0.00344558630310755,1.7580000000000005,0.0046982886677729985
2813,1.7600000000000002,-0.018219584115157117,1.7600000000000002,-0.003445421932414809,1.7600000000000002,0.004698199010190869
2814,1.762,-0.018219468695059925,1.762,-0.0034452588408419027,1.762,0.004698109451489685
2815,1.7639999999999998,-0.01821935350684898,1.7639999999999998,-0.0034450971330954663,1.7639999999999998,0.0046980201294594265
2816,1.7659999999999996,-0.01821923873588176,1.7659999999999996,-0.003444936911490726,1.7659999999999996,0.0046979311789412115
2817,1.7680000000000002,-0.018219124563462533,1.7680000000000002,-0.00344477827595149,1.7680000000000002,0.004697842731827287
2818,1.77,-0.018219011166842373,1.77,-0.0034446213240101504,1.77,0.004697754917061009
2819,1.7719999999999998,-0.018218898719219133,1.7719999999999998,-0.003444466150807686,1.7719999999999998,0.004697667860636863
2820,1.7739999999999996,-0.01821878738973747,1.7739999999999996,-0.0034443128490936614,1.7739999999999996,0.0046975816856004785
2821,1.7760000000000002,-0.01821867734348884,1.7760000000000002,-0.0034441615092262214,1.7760000000000002,0.0046974965120485865
2822,1.778,-0.01821856874151148,1.778,-0.0034440122191721004,1.778,0.004697412457129062
2823,1.7799999999999998,-0.01821846174079044,1.7799999999999998,-0.003443865064506616,1.7799999999999998,0.004697329635040888
2824,1.7819999999999996,-0.018218356494257553,1.7819999999999996,-0.0034437201284136694,1.7819999999999996,0.004697248157034185
2825,1.7840000000000003,-0.01821825315079145,1.7840000000000003,-0.0034435774916857474,1.7840000000000003,0.004697168131410197
2826,1.786,-0.01821815185521755,1.786,-0.0034434372327239206,1.786,0.004697089663521295
2827,1.7879999999999998,-0.01821805274830808,1.7879999999999998,-0.0034432994275378458,1.7879999999999998,0.004697012855770968
2828,1.7899999999999996,-0.018217955966782055,1.7899999999999996,-0.003443164149745763,1.7899999999999996,0.004696937807613835
2829,1.7920000000000003,-0.018217861643305282,1.7920000000000003,-0.003443031470574502,1.7920000000000003,0.00469686461555565
2830,1.794,-0.018217769906490367,1.794,-0.0034429014588594695,1.794,0.004696793373153277
2831,1.7959999999999998,-0.018217680880896713,1.7959999999999998,-0.003442774181044661,1.7959999999999998,0.004696724171014709
2832,1.7979999999999996,-0.018217594687030512,1.7979999999999996,-0.0034426497011826596,1.7979999999999996,0.004696657096799076
2833,1.8000000000000003,-0.018217511441344755,1.8000000000000003,-0.0034425280809346273,1.8000000000000003,0.0046965922352166095
2834,1.802,-0.018217431256239227,1.802,-0.003442409379570313,1.802,0.0046965296680287
2835,1.8039999999999998,-0.018217354240060508,1.8039999999999998,-0.003442293653968056,1.8039999999999998,0.004696469474047837
2836,1.8059999999999996,-0.01821728049710197,1.8059999999999996,-0.003442180958614767,1.8059999999999996,0.004696411729137644
2837,1.8080000000000003,-0.018217210127603786,1.8080000000000003,-0.0034420713456059585,1.8080000000000003,0.004696356506212869
2838,1.81,-0.01821714322775292,1.81,-0.003441964864645715,1.81,0.00469630387523938
2839,1.8119999999999998,-0.018217079889683126,1.8119999999999998,-0.0034418615630467074,1.8119999999999998,0.004696253903234193
2840,1.8139999999999996,-0.018217020201474966,1.8139999999999996,-0.0034417614857302006,1.8139999999999996,0.004696206654265421
2841,1.8160000000000003,-0.018216964247155784,1.8160000000000003,-0.003441664675226032,1.8160000000000003,0.004696162189452319
2842,1.818,-0.018216912106699727,1.818,-0.0034415711716726284,1.818,0.0046961205669652575
2843,1.8199999999999998,-0.018216863856027735,1.8199999999999998,-0.0034414810128170076,1.8199999999999998,0.0046960818420257455
2844,1.8219999999999996,-0.018216819567007537,1.8219999999999996,-0.0034413942340147663,1.8219999999999996,0.004696046066906406
2845,1.8240000000000003,-0.018216779307453666,1.8240000000000003,-0.003441310868230081,1.8240000000000003,0.0046960132909309865
2846,1.826,-0.018216743141127444,1.826,-0.003441230946035722,1.826,0.004695983560474383
2847,1.8279999999999998,-0.01821671112773699,1.8279999999999998,-0.003441154495613042,1.8279999999999998,0.004695956918962581
2848,1.8299999999999996,-0.018216683322937216,1.8299999999999996,-0.003441081542751974,1.8299999999999996,0.004695933406872715
2849,1.8320000000000003,-0.018216659778329834,1.8320000000000003,-0.0034410121108510404,1.8320000000000003,0.004695913061733038
2850,1.834,-0.01821664054146335,1.834,-0.003440946220917347,1.834,0.004695895918122937
2851,1.8359999999999999,-0.01821662565583305,1.8359999999999999,-0.0034408838915665867,1.8359999999999999,0.004695882007672909
2852,1.8379999999999996,-0.018216615160881043,1.8379999999999996,-0.0034408251390230307,1.8379999999999996,0.004695871359064588
2853,1.8400000000000003,-0.018216609091996204,1.8400000000000003,-0.0034407699771195448,1.8400000000000003,0.004695863998030729
2854,1.842,-0.018216607480514225,1.842,-0.003440718417297567,1.842,0.004695859947355219
2855,1.8439999999999999,-0.018216610353717577,1.8439999999999999,-0.0034406704686071286,1.8439999999999999,0.004695859226873066
2856,1.8459999999999996,-0.01821661773483554,1.8459999999999996,-0.003440626137706848,1.8459999999999996,0.004695861853470394
2857,1.8480000000000003,-0.01821662964304418,1.8480000000000003,-0.0034405854288639195,1.8480000000000003,0.004695867841084465
2858,1.85,-0.018216646093466356,1.85,-0.0034405483439541307,1.85,0.004695877200703663
2859,1.8519999999999999,-0.018216667097171724,1.8519999999999999,-0.003440514882461849,1.8519999999999999,0.004695889940367501
2860,1.8539999999999996,-0.018216692661176745,1.8539999999999996,-0.0034404850414800243,1.8539999999999996,0.004695906065166608
2861,1.8560000000000003,-0.01821672278844466,1.8560000000000003,-0.003440458815710201,1.8560000000000003,0.00469592557724275
2862,1.858,-0.018216757477885516,1.858,-0.0034404361974624993,1.858,0.0046959484757888095
2863,1.8599999999999999,-0.018216796724356145,1.8599999999999999,-0.0034404171766556253,1.8599999999999999,0.004695974757048797
2864,1.8619999999999997,-0.018216840518660182,1.8619999999999997,-0.0034404017408168723,1.8619999999999997,0.0046960044143178475
2865,1.8640000000000003,-0.018216888847548057,1.8640000000000003,-0.0034403898750821164,1.8640000000000003,0.004696037437942231
2866,1.866,-0.018216941693716987,1.866,-0.003440381562195824,1.866,0.004696073815319328
2867,1.8679999999999999,-0.01821699903581099,1.8679999999999999,-0.003440376782511037,1.8679999999999999,0.004696113530897647
2868,1.8699999999999997,-0.018217060848420882,1.8699999999999997,-0.0034403755139893882,1.8699999999999997,0.0046961565661768345
2869,1.8720000000000003,-0.018217127102084264,1.8720000000000003,-0.003440377732201093,1.8720000000000003,0.004696202899707659
2870,1.874,-0.018217197763285543,1.874,-0.0034403834103249563,1.874,0.004696252507091998
2871,1.876,-0.018217272794455914,1.876,-0.00344039251914836,1.876,0.004696305360982873
2872,1.8779999999999997,-0.018217352153973364,1.8779999999999997,-0.003440405027067276,1.8779999999999997,0.004696361431084428
2873,1.8800000000000003,-0.018217435796162685,1.8800000000000003,-0.0034404209000862586,1.8800000000000003,0.0046964206841519154
2874,1.8820000000000001,-0.01821752367129546,1.8820000000000001,-0.003440440101818449,1.8820000000000001,0.004696483083991745
2875,1.884,-0.018217615725590056,1.884,-0.0034404625934855715,1.884,0.004696548591461416
2876,1.8859999999999997,-0.018217711901211655,1.8859999999999997,-0.003440488333917937,1.8859999999999997,0.004696617164469584
2877,1.8880000000000003,-0.018217812136272216,1.8880000000000003,-0.003440517279554439,1.8880000000000003,0.004696688757976013
2878,1.8900000000000001,-0.018217916364830503,1.8900000000000001,-0.0034405493844425553,1.8900000000000001,0.00469676332399159
2879,1.892,-0.018218024516892074,1.892,-0.0034405846002383486,1.892,0.004696840811578347
2880,1.8939999999999997,-0.018218136518409273,1.8939999999999997,-0.0034406228762064728,1.8939999999999997,0.004696921166849409
2881,1.8960000000000004,-0.018218252291281253,1.8960000000000004,-0.0034406641592201574,1.8960000000000004,0.004697004332969067
2882,1.8980000000000001,-0.018218371753353953,1.8980000000000001,-0.0034407083937612187,1.8980000000000001,0.004697090250152698
2883,1.9,-0.018218494818420104,1.9,-0.0034407555219200664,1.9,0.004697178855666839
2884,1.9019999999999997,-0.018218621396219242,1.9019999999999997,-0.0034408054833956793,1.9019999999999997,0.004697270083829121
2885,1.9040000000000004,-0.01821875139243769,1.9040000000000004,-0.0034408582154956367,1.9040000000000004,0.004697363866008324
2886,1.9060000000000001,-0.01821888470870857,1.9060000000000001,-0.003440913653136094,1.9060000000000001,0.004697460130624345
2887,1.908,-0.018219021242611794,1.908,-0.0034409717288417935,1.908,0.004697558803148205
2888,1.9099999999999997,-0.018219160887674075,1.9099999999999997,-0.00344103237274606,1.9099999999999997,0.004697659806102053
2889,1.9120000000000004,-0.018219303533368918,1.9120000000000004,-0.003441095512590805,1.9120000000000004,0.004697763059059161
2890,1.9140000000000001,-0.018219449065116623,1.9140000000000001,-0.0034411610737265265,1.9140000000000001,0.004697868478643924
2891,1.916,-0.01821959736428428,1.916,-0.0034412289791123027,1.916,0.004697975978531874
2892,1.9179999999999997,-0.01821974830818579,1.9179999999999997,-0.0034412991493158046,1.9179999999999997,0.004698085469449664
2893,1.9200000000000004,-0.01821990177008183,1.9200000000000004,-0.0034413715025132796,1.9200000000000004,0.004698196859175059
2894,1.9220000000000002,-0.018220057619179875,1.9220000000000002,-0.003441445954489558,1.9220000000000002,0.004698310052536958
2895,1.924,-0.01822021572063421,1.924,-0.003441522418638071,1.924,0.0046984249514154044
2896,1.9259999999999997,-0.018220375935545898,1.9259999999999997,-0.0034416008059608115,1.9259999999999997,0.004698541454741537
2897,1.9280000000000004,-0.018220538120962807,1.9280000000000004,-0.0034416810250683764,1.9280000000000004,0.00469865945849763
2898,1.9300000000000002,-0.018220702129879595,1.9300000000000002,-0.003441762982179939,1.9300000000000002,0.004698778855717095
2899,1.932,-0.018220867811237718,1.932,-0.003441846581123259,1.932,0.0046988995364844605
2900,1.9339999999999997,-0.018221035009925418,1.9339999999999997,-0.0034419317233346756,1.9339999999999997,0.004699021387935376
2901,1.9360000000000004,-0.018221203566777748,1.9360000000000004,-0.003442018307859125,1.9360000000000004,0.004699144294256621
2902,1.9380000000000002,-0.018221373318576543,1.9380000000000002,-0.003442106231350113,1.9380000000000002,0.0046992681366860994
2903,1.94,-0.018221544098050435,1.94,-0.0034421953880697416,1.94,0.004699392793512842
2904,1.9419999999999997,-0.018221715733874856,1.9419999999999997,-0.003442285669888693,1.9419999999999997,0.004699518140077005
2905,1.9440000000000004,-0.01822188805067203,1.9440000000000004,-0.0034423769662862355,1.9440000000000004,0.004699644048769873
2906,1.9460000000000002,-0.018222060869010976,1.9460000000000002,-0.0034424691643502175,1.9460000000000002,0.004699770389033846
2907,1.948,-0.0182222340054075,1.948,-0.003442562148777084,1.948,0.004699897027362468
2908,1.9499999999999997,-0.01822240727232422,1.9499999999999997,-0.0034426558018718495,1.9499999999999997,0.004700023827300379
2909,1.9520000000000004,-0.01822258047817054,1.9520000000000004,-0.003442750003548125,1.9520000000000004,0.004700150649443374
2910,1.9540000000000002,-0.01822275342730265,1.9540000000000002,-0.0034428446313281014,1.9540000000000002,0.00470027735143836
2911,1.956,-0.01822292592002355,1.956,-0.0034429395603425526,1.956,0.004700403787983365
2912,1.9579999999999997,-0.018223097752583024,1.9579999999999997,-0.0034430346633308392,1.9579999999999997,0.00470052981082756
2913,1.9600000000000004,-0.01822326871717766,1.9600000000000004,-0.0034431298106409117,1.9600000000000004,0.004700655268771219
2914,1.9620000000000002,-0.018223438601950828,1.9620000000000002,-0.0034432248702293,1.9620000000000002,0.0047007800076657585
2915,1.964,-0.018223607190992707,1.964,-0.003443319707661114,1.964,0.004700903870413713
2916,1.9659999999999997,-0.018223774264340267,1.9659999999999997,-0.0034434141861100567,1.9659999999999997,0.004701026696968744
2917,1.9680000000000004,-0.018223939597977263,1.9680000000000004,-0.003443508166358411,1.9680000000000004,0.004701148324335637
2918,1.9700000000000002,-0.018224102963834258,1.9700000000000002,-0.0034436015067970532,1.9700000000000002,0.004701268586570301
2919,1.972,-0.018224264129788607,1.972,-0.0034436940634254287,1.972,0.004701387314779787
2920,1.9739999999999998,-0.01822442285966445,1.9739999999999998,-0.0034437856898515834,1.9739999999999998,0.004701504337122242
2921,1.9760000000000004,-0.018224578913232738,1.9760000000000004,-0.003443876237292136,1.9760000000000004,0.0047016194788069635
2922,1.9780000000000002,-0.0182247320462112,1.9780000000000002,-0.003443965554572298,1.9780000000000002,0.004701732562094364
2923,1.98,-0.01822488201026437,1.98,-0.003444053488125865,1.98,0.00470184340629598
2924,1.9819999999999998,-0.01822502855300358,1.9819999999999998,-0.0034441398819952083,1.9819999999999998,0.004701951827774491
2925,1.9840000000000004,-0.018225171417986952,1.9840000000000004,-0.0034442245778312994,1.9840000000000004,0.00470205763994367
2926,1.9860000000000002,-0.018225310344719397,1.9860000000000002,-0.003444307414893679,1.9860000000000002,0.004702160653268436
2927,1.988,-0.018225445068652632,1.988,-0.0034443882300504818,1.988,0.004702260675264837
2928,1.9899999999999998,-0.01822557532118516,1.9899999999999998,-0.003444466857778425,1.9899999999999998,0.004702357510500042
2929,1.9920000000000004,-0.018225700829662284,1.9920000000000004,-0.003444543130162809,1.9920000000000004,0.004702450960592339
2930,1.9940000000000002,-0.018225821317376104,1.9940000000000002,-0.0034446168768975244,1.9940000000000002,0.004702540824211142
2931,1.996,-0.018225936503565507,1.996,-0.003444687925285038,1.996,0.0047026268970769974
2932,1.9979999999999998,-0.01822604610341618,1.9979999999999998,-0.0034447561002364097,1.9979999999999998,0.0047027089719615806
2933,2.0000000000000004,-0.018226149828060607,2.0000000000000004,-0.0034448212242712793,2.0000000000000004,0.004702786838687682
2934,2.0020000000000002,-0.018226247384578065,2.0020000000000002,-0.003444883117517873,2.0020000000000002,0.004702860284129216
2935,2.004,-0.01822633847599462,2.004,-0.003444941597712997,2.004,0.004702929092211233
2936,2.006,-0.018226422801283143,2.006,-0.003444996480202054,2.006,0.004702993043909906
2937,2.0080000000000005,-0.018226500055363293,2.0080000000000005,-0.0034450475779390193,2.0080000000000005,0.004703051917252531
2938,2.0100000000000002,-0.018226569929101526,2.0100000000000002,-0.0034450947014864584,2.0100000000000002,0.004703105487317526
2939,2.012,-0.018226632109311094,2.012,-0.0034451376590155167,2.012,0.0047031535262344396
2940,2.014,-0.01822668627875204,2.014,-0.003445176256305936,2.014,0.004703195803183943
2941,2.0160000000000005,-0.018226732116131208,2.0160000000000005,-0.0034452102967460346,2.0160000000000005,0.0047032320843978445
2942,2.0180000000000002,-0.018226769296102233,2.0180000000000002,-0.0034452395813327104,2.0180000000000002,0.004703262133159053
2943,2.02,-0.018226797489265544,2.02,-0.0034452639086714545,2.02,0.004703285709801629
2944,2.022,-0.018226816362168368,2.022,-0.003445283074976345,2.022,0.004703302571710734
2945,2.0239999999999996,-0.018226825577304723,2.0239999999999996,-0.003445296874070032,2.0239999999999996,0.004703312473322688
2946,2.0260000000000002,-0.018226824793115427,2.0260000000000002,-0.0034453050973837634,2.0260000000000002,0.004703315166124898
2947,2.028,-0.018226813663988088,2.028,-0.003445307533957366,2.028,0.00470331039865593
2948,2.03,-0.018226791840257113,2.03,-0.0034453039704392535,2.03,0.00470329791650545
2949,2.0319999999999996,-0.018226758968203704,2.0319999999999996,-0.003445294191086419,2.0319999999999996,0.004703277462314262
2950,2.0340000000000003,-0.01822671469005585,2.0340000000000003,-0.0034452779777644493,2.0340000000000003,0.004703248775774299
2951,2.036,-0.018226658643988345,2.036,-0.003445255109947507,2.036,0.00470321159362861
2952,2.038,-0.018226590464122772,2.038,-0.0034452253647183455,2.038,0.0047031656496713745
2953,2.0399999999999996,-0.01822650978052751,2.0399999999999996,-0.0034451885167683036,2.0399999999999996,0.004703110674747893
2954,2.0420000000000003,-0.018226416219217736,2.0420000000000003,-0.0034451443383972935,2.0420000000000003,0.004703046396754597
2955,2.044,-0.01822630940215542,2.044,-0.0034450925995138312,2.044,0.004702972540639047
2956,2.046,-0.018226188947249325,2.046,-0.003445033067635002,2.046,0.00470288882839992
2957,2.0479999999999996,-0.01822606146792244,2.0479999999999996,-0.0034449692264901383,2.0479999999999996,0.00470279995990075
2958,2.0500000000000003,-0.018225936969003344,2.0500000000000003,-0.003444906389172178,2.0500000000000003,0.004702713054484345
2959,2.052,-0.01822581547558978,2.052,-0.0034448445851500246,2.052,0.004702628134133038
2960,2.054,-0.018225696927467967,2.054,-0.003444783798533038,2.054,0.004702545160136996
2961,2.0559999999999996,-0.018225581264948214,2.0559999999999996,-0.003444724013595142,2.0559999999999996,0.004702464094156568
2962,2.0580000000000003,-0.018225468428864904,2.0580000000000003,-0.003444665214774826,2.0580000000000003,0.00470238489822232
2963,2.06,-0.018225358360576503,2.06,-0.0034446073866751248,2.06,0.004702307534734981
2964,2.062,-0.01822525100196556,2.062,-0.00344455051406364,2.062,0.004702231966465499
2965,2.0639999999999996,-0.018225146295438695,2.0639999999999996,-0.003444494581872532,2.0639999999999996,0.004702158156554989
2966,2.0660000000000003,-0.018225044183926616,2.0660000000000003,-0.003444439575198518,2.0660000000000003,0.004702086068514792
2967,2.068,-0.018224944610884107,2.068,-0.0034443854793028764,2.068,0.004702015666226411
2968,2.07,-0.018224847520290036,2.07,-0.0034443322796114395,2.07,0.004701946913941574
2969,2.0719999999999996,-0.01822475285664734,2.0719999999999996,-0.0034442799617146087,2.0719999999999996,0.004701879776282163
2970,2.0740000000000003,-0.018224660564983054,2.0740000000000003,-0.003444228511367331,2.0740000000000003,0.0047018142182402994
2971,2.076,-0.018224570590848276,2.076,-0.0034441779144891195,2.076,0.004701750205178254
2972,2.078,-0.01822448288031819,2.078,-0.003444128157164047,2.078,0.0047016877028285275
2973,2.0799999999999996,-0.018224397379992065,2.0799999999999996,-0.003444079225640745,2.0799999999999996,0.004701626677293791
2974,2.0820000000000003,-0.018224314036993244,2.0820000000000003,-0.003444031106332398,2.0820000000000003,0.0047015670950469116
2975,2.084,-0.01822423279896915,2.084,-0.0034439837858167566,2.084,0.004701508922930968
2976,2.086,-0.01822415361409129,2.086,-0.0034439372508361273,2.086,0.004701452128159207
2977,2.0879999999999996,-0.01822407643105525,2.0879999999999996,-0.0034438914882973723,2.0879999999999996,0.004701396678315088
2978,2.0900000000000003,-0.01822400119908069,2.0900000000000003,-0.0034438464852719203,2.0900000000000003,0.004701342541352259
2979,2.092,-0.01822392786791135,2.092,-0.0034438022289957487,2.092,0.004701289685594551
2980,2.094,-0.01822385638781507,2.094,-0.003443758706869405,2.094,0.004701238079735999
2981,2.0959999999999996,-0.018223786709583734,2.0959999999999996,-0.003443715906457985,2.0959999999999996,0.004701187692840836
2982,2.0980000000000003,-0.01822371878453334,2.0980000000000003,-0.0034436738154911516,2.0980000000000003,0.004701138494343476
2983,2.1,-0.01822365256450395,2.1,-0.003443632421863123,2.1,0.004701090454048533
2984,2.102,-0.018223588001859706,2.102,-0.003443591713632673,2.102,0.0047010435421308144
2985,2.1039999999999996,-0.01822352504948883,2.1039999999999996,-0.0034435516790231394,2.1039999999999996,0.00470099772913532
2986,2.1060000000000003,-0.01822346366080363,2.1060000000000003,-0.003443512306422418,2.1060000000000003,0.004700952985977246
2987,2.108,-0.018223403789740487,2.108,-0.0034434735843829646,2.108,0.004700909283941984
2988,2.11,-0.018223345390759864,2.11,-0.003443435501621784,2.11,0.004700866594685105
2989,2.1119999999999997,-0.01822328841884631,2.1119999999999997,-0.003443398047020454,2.1119999999999997,0.004700824890232387
2990,2.1140000000000003,-0.01822323282950844,2.1140000000000003,-0.003443361209625101,2.1140000000000003,0.004700784142979801
2991,2.116,-0.018223178578778962,2.116,-0.0034433249786464185,2.116,0.004700744325693507
2992,2.118,-0.01822312562321466,2.118,-0.0034432893434596483,2.118,0.00470070541150986
2993,2.1199999999999997,-0.018223073919896398,2.1199999999999997,-0.003443254293604602,2.1199999999999997,0.004700667373935409
2994,2.1220000000000003,-0.01822302342642912,2.1220000000000003,-0.0034432198187856443,2.1220000000000003,0.0047006301868468894
2995,2.124,-0.018222974100941845,2.124,-0.003443185908871698,2.124,0.004700593824491249
