,_full model_x,_full model_y,"_no glycinergic
amacrine cell_x","_no glycinergic
amacrine cell_y"
0,-2.722,0.0,-2.722,0.0
1,-2.72,0.0,-2.72,0.0
2,-2.718,0.0,-2.718,0.0
3,-2.716,0.0,-2.716,0.0
4,-2.714,0.0,-2.714,0.0
5,-2.712,0.0,-2.712,0.0
6,-2.71,0.0,-2.71,0.0
7,-2.708,0.0,-2.708,0.0
8,-2.706,0.0,-2.706,0.0
9,-2.704,0.0,-2.704,0.0
10,-2.702,0.0,-2.702,0.0
11,-2.7,0.0,-2.7,0.0
12,-2.698,0.0,-2.698,0.0
13,-2.696,0.0,-2.696,0.0
14,-2.694,0.0,-2.694,0.0
15,-2.692,0.0,-2.692,0.0
16,-2.69,0.0,-2.69,0.0
17,-2.688,0.0,-2.688,0.0
18,-2.686,0.0,-2.686,0.0
19,-2.684,0.0,-2.684,0.0
20,-2.682,0.0,-2.682,0.0
21,-2.68,0.0,-2.68,0.0
22,-2.678,0.0,-2.678,0.0
23,-2.676,0.0,-2.676,0.0
24,-2.674,0.0,-2.674,0.0
25,-2.672,0.0,-2.672,0.0
26,-2.67,0.0,-2.67,0.0
27,-2.668,0.0,-2.668,0.0
28,-2.666,0.0,-2.666,0.0
29,-2.664,0.0,-2.664,0.0
30,-2.662,0.0,-2.662,0.0
31,-2.66,0.0,-2.66,0.0
32,-2.658,0.0,-2.658,0.0
33,-2.656,0.0,-2.656,0.0
34,-2.654,0.0,-2.654,0.0
35,-2.652,0.0,-2.652,0.0
36,-2.65,0.0,-2.65,0.0
37,-2.648,0.0,-2.648,0.0
38,-2.646,0.0,-2.646,0.0
39,-2.644,0.0,-2.644,0.0
40,-2.642,0.0,-2.642,0.0
41,-2.64,0.0,-2.64,0.0
42,-2.638,0.0,-2.638,0.0
43,-2.636,0.0,-2.636,0.0
44,-2.634,0.0,-2.634,0.0
45,-2.632,0.0,-2.632,0.0
46,-2.63,0.0,-2.63,0.0
47,-2.628,0.0,-2.628,0.0
48,-2.626,0.0,-2.626,0.0
49,-2.624,0.0,-2.624,0.0
50,-2.622,0.0,-2.622,0.0
51,-2.62,0.0,-2.62,0.0
52,-2.618,0.0,-2.618,0.0
53,-2.616,0.0,-2.616,0.0
54,-2.614,0.0,-2.614,0.0
55,-2.612,0.0,-2.612,0.0
56,-2.61,0.0,-2.61,0.0
57,-2.608,0.0,-2.608,0.0
58,-2.606,0.0,-2.606,0.0
59,-2.604,0.0,-2.604,0.0
60,-2.602,0.0,-2.602,0.0
61,-2.6,0.0,-2.6,0.0
62,-2.598,0.0,-2.598,0.0
63,-2.596,0.0,-2.596,0.0
64,-2.594,0.0,-2.594,0.0
65,-2.592,0.0,-2.592,0.0
66,-2.59,0.0,-2.59,0.0
67,-2.588,0.0,-2.588,0.0
68,-2.586,0.0,-2.586,0.0
69,-2.584,0.0,-2.584,0.0
70,-2.582,0.0,-2.582,0.0
71,-2.58,0.0,-2.58,0.0
72,-2.578,0.0,-2.578,0.0
73,-2.576,0.0,-2.576,0.0
74,-2.574,0.0,-2.574,0.0
75,-2.572,0.0,-2.572,0.0
76,-2.57,0.0,-2.57,0.0
77,-2.568,0.0,-2.568,0.0
78,-2.566,0.0,-2.566,0.0
79,-2.564,0.0,-2.564,0.0
80,-2.562,0.0,-2.562,0.0
81,-2.56,0.0,-2.56,0.0
82,-2.558,0.0,-2.558,0.0
83,-2.556,0.0,-2.556,0.0
84,-2.554,0.0,-2.554,0.0
85,-2.552,0.0,-2.552,0.0
86,-2.55,0.0,-2.55,0.0
87,-2.548,0.0,-2.548,0.0
88,-2.546,0.0,-2.546,0.0
89,-2.544,0.0,-2.544,0.0
90,-2.542,0.0,-2.542,0.0
91,-2.54,0.0,-2.54,0.0
92,-2.538,0.0,-2.538,0.0
93,-2.536,0.0,-2.536,0.0
94,-2.534,0.0,-2.534,0.0
95,-2.532,0.0,-2.532,0.0
96,-2.53,0.0,-2.53,0.0
97,-2.528,0.0,-2.528,0.0
98,-2.526,0.0,-2.526,0.0
99,-2.524,0.0,-2.524,0.0
100,-2.522,0.0,-2.522,0.0
101,-2.52,0.0,-2.52,0.0
102,-2.518,0.0,-2.518,0.0
103,-2.516,0.0,-2.516,0.0
104,-2.514,0.0,-2.514,0.0
105,-2.512,0.0,-2.512,0.0
106,-2.51,0.0,-2.51,0.0
107,-2.508,0.0,-2.508,0.0
108,-2.506,0.0,-2.506,0.0
109,-2.504,0.0,-2.504,0.0
110,-2.502,0.0,-2.502,0.0
111,-2.5,0.0,-2.5,0.0
112,-2.4979999999999998,0.0,-2.4979999999999998,0.0
113,-2.496,0.0,-2.496,0.0
114,-2.4939999999999998,0.0,-2.4939999999999998,0.0
115,-2.492,0.0,-2.492,0.0
116,-2.4899999999999998,0.0,-2.4899999999999998,0.0
117,-2.488,0.0,-2.488,0.0
118,-2.4859999999999998,0.0,-2.4859999999999998,0.0
119,-2.484,0.0,-2.484,0.0
120,-2.482,0.0,-2.482,0.0
121,-2.48,0.0,-2.48,0.0
122,-2.4779999999999998,0.0,-2.4779999999999998,0.0
123,-2.476,0.0,-2.476,0.0
124,-2.474,0.0,-2.474,0.0
125,-2.472,0.0,-2.472,0.0
126,-2.4699999999999998,0.0,-2.4699999999999998,0.0
127,-2.468,0.0,-2.468,0.0
128,-2.466,0.0,-2.466,0.0
129,-2.464,0.0,-2.464,0.0
130,-2.4619999999999997,0.0,-2.4619999999999997,0.0
131,-2.46,0.0,-2.46,0.0
132,-2.458,0.0,-2.458,0.0
133,-2.456,0.0,-2.456,0.0
134,-2.4539999999999997,0.0,-2.4539999999999997,0.0
135,-2.452,0.0,-2.452,0.0
136,-2.45,0.0,-2.45,0.0
137,-2.448,0.0,-2.448,0.0
138,-2.4459999999999997,0.0,-2.4459999999999997,0.0
139,-2.444,0.0,-2.444,0.0
140,-2.442,0.0,-2.442,0.0
141,-2.44,0.0,-2.44,0.0
142,-2.4379999999999997,0.0,-2.4379999999999997,0.0
143,-2.436,0.0,-2.436,0.0
144,-2.434,0.0,-2.434,0.0
145,-2.432,0.0,-2.432,0.0
146,-2.43,0.0,-2.43,0.0
147,-2.428,0.0,-2.428,0.0
148,-2.426,0.0,-2.426,0.0
149,-2.424,0.0,-2.424,0.0
150,-2.422,0.0,-2.422,0.0
151,-2.42,0.0,-2.42,0.0
152,-2.418,0.0,-2.418,0.0
153,-2.416,0.0,-2.416,0.0
154,-2.414,0.0,-2.414,0.0
155,-2.412,0.0,-2.412,0.0
156,-2.41,0.0,-2.41,0.0
157,-2.408,0.0,-2.408,0.0
158,-2.406,0.0,-2.406,0.0
159,-2.404,0.0,-2.404,0.0
160,-2.402,0.0,-2.402,0.0
161,-2.4,0.0,-2.4,0.0
162,-2.398,0.0,-2.398,0.0
163,-2.396,0.0,-2.396,0.0
164,-2.394,0.0,-2.394,0.0
165,-2.392,0.0,-2.392,0.0
166,-2.39,0.0,-2.39,0.0
167,-2.388,0.0,-2.388,0.0
168,-2.386,0.0,-2.386,0.0
169,-2.384,0.0,-2.384,0.0
170,-2.382,0.0,-2.382,0.0
171,-2.38,0.0,-2.38,0.0
172,-2.378,0.0,-2.378,0.0
173,-2.376,0.0,-2.376,0.0
174,-2.374,0.0,-2.374,0.0
175,-2.372,0.0,-2.372,0.0
176,-2.37,0.0,-2.37,0.0
177,-2.368,0.0,-2.368,0.0
178,-2.366,0.0,-2.366,0.0
179,-2.364,0.0,-2.364,0.0
180,-2.362,0.0,-2.362,0.0
181,-2.36,0.0,-2.36,0.0
182,-2.358,0.0,-2.358,0.0
183,-2.356,0.0,-2.356,0.0
184,-2.354,0.0,-2.354,0.0
185,-2.352,0.0,-2.352,0.0
186,-2.35,0.0,-2.35,0.0
187,-2.348,0.0,-2.348,0.0
188,-2.346,0.0,-2.346,0.0
189,-2.344,0.0,-2.344,0.0
190,-2.342,0.0,-2.342,0.0
191,-2.34,0.0,-2.34,0.0
192,-2.338,0.0,-2.338,0.0
193,-2.336,0.0,-2.336,0.0
194,-2.334,0.0,-2.334,0.0
195,-2.332,0.0,-2.332,0.0
196,-2.33,0.0,-2.33,0.0
197,-2.328,0.0,-2.328,0.0
198,-2.326,0.0,-2.326,0.0
199,-2.324,0.0,-2.324,0.0
200,-2.322,0.0,-2.322,0.0
201,-2.32,0.0,-2.32,0.0
202,-2.318,0.0,-2.318,0.0
203,-2.316,0.0,-2.316,0.0
204,-2.314,0.0,-2.314,0.0
205,-2.312,0.0,-2.312,0.0
206,-2.31,0.0,-2.31,0.0
207,-2.308,0.0,-2.308,0.0
208,-2.306,0.0,-2.306,0.0
209,-2.304,0.0,-2.304,0.0
210,-2.302,0.0,-2.302,0.0
211,-2.3,0.0,-2.3,0.0
212,-2.298,0.0,-2.298,0.0
213,-2.296,0.0,-2.296,0.0
214,-2.294,0.0,-2.294,0.0
215,-2.292,0.0,-2.292,0.0
216,-2.29,0.0,-2.29,0.0
217,-2.288,0.0,-2.288,0.0
218,-2.286,0.0,-2.286,0.0
219,-2.284,0.0,-2.284,0.0
220,-2.282,0.0,-2.282,0.0
221,-2.28,0.0,-2.28,0.0
222,-2.278,0.0,-2.278,0.0
223,-2.276,0.0,-2.276,0.0
224,-2.274,0.0,-2.274,0.0
225,-2.272,0.0,-2.272,0.0
226,-2.27,0.0,-2.27,0.0
227,-2.268,0.0,-2.268,0.0
228,-2.266,0.0,-2.266,0.0
229,-2.264,0.0,-2.264,0.0
230,-2.262,0.0,-2.262,0.0
231,-2.26,0.0,-2.26,0.0
232,-2.258,0.0,-2.258,0.0
233,-2.256,0.0,-2.256,0.0
234,-2.254,0.0,-2.254,0.0
235,-2.252,0.0,-2.252,0.0
236,-2.25,0.0,-2.25,0.0
237,-2.2479999999999998,0.0,-2.2479999999999998,0.0
238,-2.246,0.0,-2.246,0.0
239,-2.2439999999999998,0.0,-2.2439999999999998,0.0
240,-2.242,0.0,-2.242,0.0
241,-2.24,0.0,-2.24,0.0
242,-2.238,0.0,-2.238,0.0
243,-2.2359999999999998,0.0,-2.2359999999999998,0.0
244,-2.234,0.0,-2.234,0.0
245,-2.232,0.0,-2.232,0.0
246,-2.23,0.0,-2.23,0.0
247,-2.2279999999999998,0.0,-2.2279999999999998,0.0
248,-2.226,0.0,-2.226,0.0
249,-2.224,0.0,-2.224,0.0
250,-2.222,0.0,-2.222,0.0
251,-2.2199999999999998,0.0,-2.2199999999999998,0.0
252,-2.218,0.0,-2.218,0.0
253,-2.216,0.0,-2.216,0.0
254,-2.214,0.0,-2.214,0.0
255,-2.2119999999999997,0.0,-2.2119999999999997,0.0
256,-2.21,0.0,-2.21,0.0
257,-2.208,0.0,-2.208,0.0
258,-2.206,0.0,-2.206,0.0
259,-2.2039999999999997,0.0,-2.2039999999999997,0.0
260,-2.202,0.0,-2.202,0.0
261,-2.2,0.0,-2.2,0.0
262,-2.198,0.0,-2.198,0.0
263,-2.1959999999999997,0.0,-2.1959999999999997,0.0
264,-2.194,0.0,-2.194,0.0
265,-2.192,0.0,-2.192,0.0
266,-2.19,0.0,-2.19,0.0
267,-2.1879999999999997,0.0,-2.1879999999999997,0.0
268,-2.186,0.0,-2.186,0.0
269,-2.184,0.0,-2.184,0.0
270,-2.182,0.0,-2.182,0.0
271,-2.1799999999999997,0.0,-2.1799999999999997,0.0
272,-2.178,0.0,-2.178,0.0
273,-2.176,0.0,-2.176,0.0
274,-2.174,0.0,-2.174,0.0
275,-2.1719999999999997,0.0,-2.1719999999999997,0.0
276,-2.17,0.0,-2.17,0.0
277,-2.168,0.0,-2.168,0.0
278,-2.166,0.0,-2.166,0.0
279,-2.1639999999999997,0.0,-2.1639999999999997,0.0
280,-2.162,0.0,-2.162,0.0
281,-2.16,0.0,-2.16,0.0
282,-2.158,0.0,-2.158,0.0
283,-2.1559999999999997,0.0,-2.1559999999999997,0.0
284,-2.154,0.0,-2.154,0.0
285,-2.152,0.0,-2.152,0.0
286,-2.15,0.0,-2.15,0.0
287,-2.1479999999999997,0.0,-2.1479999999999997,0.0
288,-2.146,0.0,-2.146,0.0
289,-2.144,0.0,-2.144,0.0
290,-2.142,0.0,-2.142,0.0
291,-2.14,0.0,-2.14,0.0
292,-2.138,0.0,-2.138,0.0
293,-2.136,0.0,-2.136,0.0
294,-2.134,0.0,-2.134,0.0
295,-2.132,0.0,-2.132,0.0
296,-2.13,0.0,-2.13,0.0
297,-2.128,0.0,-2.128,0.0
298,-2.126,0.0,-2.126,0.0
299,-2.124,0.0,-2.124,0.0
300,-2.122,0.0,-2.122,0.0
301,-2.12,0.0,-2.12,0.0
302,-2.118,0.0,-2.118,0.0
303,-2.116,0.0,-2.116,0.0
304,-2.114,0.0,-2.114,0.0
305,-2.112,0.0,-2.112,0.0
306,-2.11,0.0,-2.11,0.0
307,-2.108,0.0,-2.108,0.0
308,-2.106,0.0,-2.106,0.0
309,-2.104,0.0,-2.104,0.0
310,-2.102,0.0,-2.102,0.0
311,-2.1,0.0,-2.1,0.0
312,-2.098,0.0,-2.098,0.0
313,-2.096,0.0,-2.096,0.0
314,-2.094,0.0,-2.094,0.0
315,-2.092,0.0,-2.092,0.0
316,-2.09,0.0,-2.09,0.0
317,-2.088,0.0,-2.088,0.0
318,-2.086,0.0,-2.086,0.0
319,-2.084,0.0,-2.084,0.0
320,-2.082,0.0,-2.082,0.0
321,-2.08,0.0,-2.08,0.0
322,-2.078,0.0,-2.078,0.0
323,-2.076,0.0,-2.076,0.0
324,-2.074,0.0,-2.074,0.0
325,-2.072,0.0,-2.072,0.0
326,-2.07,0.0,-2.07,0.0
327,-2.068,0.0,-2.068,0.0
328,-2.066,0.0,-2.066,0.0
329,-2.064,0.0,-2.064,0.0
330,-2.062,0.0,-2.062,0.0
331,-2.06,0.0,-2.06,0.0
332,-2.058,0.0,-2.058,0.0
333,-2.056,0.0,-2.056,0.0
334,-2.054,0.0,-2.054,0.0
335,-2.052,0.0,-2.052,0.0
336,-2.05,0.0,-2.05,0.0
337,-2.048,0.0,-2.048,0.0
338,-2.046,0.0,-2.046,0.0
339,-2.044,0.0,-2.044,0.0
340,-2.042,0.0,-2.042,0.0
341,-2.04,0.0,-2.04,0.0
342,-2.038,0.0,-2.038,0.0
343,-2.036,0.0,-2.036,0.0
344,-2.034,0.0,-2.034,0.0
345,-2.032,0.0,-2.032,0.0
346,-2.03,0.0,-2.03,0.0
347,-2.028,0.0,-2.028,0.0
348,-2.026,0.0,-2.026,0.0
349,-2.024,0.0,-2.024,0.0
350,-2.022,0.0,-2.022,0.0
351,-2.02,0.0,-2.02,0.0
352,-2.018,0.0,-2.018,0.0
353,-2.016,0.0,-2.016,0.0
354,-2.0140000000000002,0.0,-2.0140000000000002,0.0
355,-2.012,0.0,-2.012,0.0
356,-2.01,0.0,-2.01,0.0
357,-2.008,0.0,-2.008,0.0
358,-2.0060000000000002,0.0,-2.0060000000000002,0.0
359,-2.004,0.0,-2.004,0.0
360,-2.002,0.0,-2.002,0.0
361,-2.0,0.0,-2.0,0.0
362,-1.998,0.0,-1.998,0.0
363,-1.996,0.0,-1.996,0.0
364,-1.994,0.0,-1.994,0.0
365,-1.992,0.0,-1.992,0.0
366,-1.99,0.0,-1.99,0.0
367,-1.988,0.0,-1.988,0.0
368,-1.986,0.0,-1.986,0.0
369,-1.984,0.0,-1.984,0.0
370,-1.982,0.0,-1.982,0.0
371,-1.98,0.0,-1.98,0.0
372,-1.978,0.0,-1.978,0.0
373,-1.976,0.0,-1.976,0.0
374,-1.974,0.0,-1.974,0.0
375,-1.972,0.0,-1.972,0.0
376,-1.97,0.0,-1.97,0.0
377,-1.968,0.0,-1.968,0.0
378,-1.966,0.0,-1.966,0.0
379,-1.964,0.0,-1.964,0.0
380,-1.962,0.0,-1.962,0.0
381,-1.96,0.0,-1.96,0.0
382,-1.958,0.0,-1.958,0.0
383,-1.956,0.0,-1.956,0.0
384,-1.954,0.0,-1.954,0.0
385,-1.952,0.0,-1.952,0.0
386,-1.95,0.0,-1.95,0.0
387,-1.948,0.0,-1.948,0.0
388,-1.946,0.0,-1.946,0.0
389,-1.944,0.0,-1.944,0.0
390,-1.942,0.0,-1.942,0.0
391,-1.94,0.0,-1.94,0.0
392,-1.938,0.0,-1.938,0.0
393,-1.936,0.0,-1.936,0.0
394,-1.934,0.0,-1.934,0.0
395,-1.932,0.0,-1.932,0.0
396,-1.93,0.0,-1.93,0.0
397,-1.928,0.0,-1.928,0.0
398,-1.926,0.0,-1.926,0.0
399,-1.924,0.0,-1.924,0.0
400,-1.922,0.0,-1.922,0.0
401,-1.92,0.0,-1.92,0.0
402,-1.918,0.0,-1.918,0.0
403,-1.916,0.0,-1.916,0.0
404,-1.914,0.0,-1.914,0.0
405,-1.912,0.0,-1.912,0.0
406,-1.91,0.0,-1.91,0.0
407,-1.908,0.0,-1.908,0.0
408,-1.906,0.0,-1.906,0.0
409,-1.904,0.0,-1.904,0.0
410,-1.902,0.0,-1.902,0.0
411,-1.9,0.0,-1.9,0.0
412,-1.898,0.0,-1.898,0.0
413,-1.896,0.0,-1.896,0.0
414,-1.894,0.0,-1.894,0.0
415,-1.892,0.0,-1.892,0.0
416,-1.89,0.0,-1.89,0.0
417,-1.888,0.0,-1.888,0.0
418,-1.8860000000000001,0.0,-1.8860000000000001,0.0
419,-1.884,0.0,-1.884,0.0
420,-1.8820000000000001,0.0,-1.8820000000000001,0.0
421,-1.88,0.0,-1.88,0.0
422,-1.8780000000000001,0.0,-1.8780000000000001,0.0
423,-1.876,0.0,-1.876,0.0
424,-1.874,0.0,-1.874,0.0
425,-1.8719999999999999,0.0,-1.8719999999999999,0.0
426,-1.87,0.0,-1.87,0.0
427,-1.8679999999999999,0.0,-1.8679999999999999,0.0
428,-1.866,0.0,-1.866,0.0
429,-1.8639999999999999,0.0,-1.8639999999999999,0.0
430,-1.862,0.0,-1.862,0.0
431,-1.8599999999999999,0.0,-1.8599999999999999,0.0
432,-1.858,0.0,-1.858,0.0
433,-1.8559999999999999,0.0,-1.8559999999999999,0.0
434,-1.854,0.0,-1.854,0.0
435,-1.8519999999999999,0.0,-1.8519999999999999,0.0
436,-1.85,0.0,-1.85,0.0
437,-1.8479999999999999,0.0,-1.8479999999999999,0.0
438,-1.846,0.0,-1.846,0.0
439,-1.8439999999999999,0.0,-1.8439999999999999,0.0
440,-1.842,0.0,-1.842,0.0
441,-1.8399999999999999,0.0,-1.8399999999999999,0.0
442,-1.838,0.0,-1.838,0.0
443,-1.8359999999999999,0.0,-1.8359999999999999,0.0
444,-1.834,0.0,-1.834,0.0
445,-1.8319999999999999,0.0,-1.8319999999999999,0.0
446,-1.83,0.0,-1.83,0.0
447,-1.8279999999999998,0.0,-1.8279999999999998,0.0
448,-1.826,0.0,-1.826,0.0
449,-1.8239999999999998,0.0,-1.8239999999999998,0.0
450,-1.822,0.0,-1.822,0.0
451,-1.8199999999999998,0.0,-1.8199999999999998,0.0
452,-1.818,0.0,-1.818,0.0
453,-1.8159999999999998,0.0,-1.8159999999999998,0.0
454,-1.814,0.0,-1.814,0.0
455,-1.8119999999999998,0.0,-1.8119999999999998,0.0
456,-1.81,0.0,-1.81,0.0
457,-1.8079999999999998,0.0,-1.8079999999999998,0.0
458,-1.806,0.0,-1.806,0.0
459,-1.8039999999999998,0.0,-1.8039999999999998,0.0
460,-1.802,0.0,-1.802,0.0
461,-1.7999999999999998,0.0,-1.7999999999999998,0.0
462,-1.798,0.0,-1.798,0.0
463,-1.7959999999999998,0.0,-1.7959999999999998,0.0
464,-1.794,0.0,-1.794,0.0
465,-1.7919999999999998,0.0,-1.7919999999999998,0.0
466,-1.79,0.0,-1.79,0.0
467,-1.7879999999999998,0.0,-1.7879999999999998,0.0
468,-1.786,0.0,-1.786,0.0
469,-1.7839999999999998,0.0,-1.7839999999999998,0.0
470,-1.782,0.0,-1.782,0.0
471,-1.7799999999999998,0.0,-1.7799999999999998,0.0
472,-1.778,0.0,-1.778,0.0
473,-1.7759999999999998,0.0,-1.7759999999999998,0.0
474,-1.774,0.0,-1.774,0.0
475,-1.7719999999999998,0.0,-1.7719999999999998,0.0
476,-1.77,0.0,-1.77,0.0
477,-1.7679999999999998,0.0,-1.7679999999999998,0.0
478,-1.766,0.0,-1.766,0.0
479,-1.7639999999999998,0.0,-1.7639999999999998,0.0
480,-1.762,0.0,-1.762,0.0
481,-1.76,0.0,-1.76,0.0
482,-1.758,0.0,-1.758,0.0
483,-1.756,0.0,-1.756,0.0
484,-1.754,0.0,-1.754,0.0
485,-1.752,0.0,-1.752,0.0
486,-1.75,0.0,-1.75,0.0
487,-1.748,0.0,-1.748,0.0
488,-1.746,0.0,-1.746,0.0
489,-1.744,0.0,-1.744,0.0
490,-1.742,0.0,-1.742,0.0
491,-1.74,0.0,-1.74,0.0
492,-1.738,0.0,-1.738,0.0
493,-1.736,0.0,-1.736,0.0
494,-1.734,0.0,-1.734,0.0
495,-1.732,0.0,-1.732,0.0
496,-1.73,0.0,-1.73,0.0
497,-1.728,0.0,-1.728,0.0
498,-1.726,0.0,-1.726,0.0
499,-1.724,0.0,-1.724,0.0
500,-1.722,0.0,-1.722,0.0
501,-1.72,0.0,-1.72,0.0
502,-1.718,0.0,-1.718,0.0
503,-1.716,0.0,-1.716,0.0
504,-1.714,0.0,-1.714,0.0
505,-1.712,0.0,-1.712,0.0
506,-1.71,0.0,-1.71,0.0
507,-1.708,0.0,-1.708,0.0
508,-1.706,0.0,-1.706,0.0
509,-1.704,0.0,-1.704,0.0
510,-1.702,0.0,-1.702,0.0
511,-1.7,0.0,-1.7,0.0
512,-1.698,0.0,-1.698,0.0
513,-1.696,0.0,-1.696,0.0
514,-1.694,0.0,-1.694,0.0
515,-1.692,0.0,-1.692,0.0
516,-1.69,0.0,-1.69,0.0
517,-1.688,0.0,-1.688,0.0
518,-1.686,0.0,-1.686,0.0
519,-1.684,0.0,-1.684,0.0
520,-1.682,0.0,-1.682,0.0
521,-1.68,0.0,-1.68,0.0
522,-1.678,0.0,-1.678,0.0
523,-1.676,0.0,-1.676,0.0
524,-1.674,0.0,-1.674,0.0
525,-1.672,0.0,-1.672,0.0
526,-1.67,0.0,-1.67,0.0
527,-1.668,0.0,-1.668,0.0
528,-1.666,0.0,-1.666,0.0
529,-1.664,0.0,-1.664,0.0
530,-1.662,0.0,-1.662,0.0
531,-1.66,0.0,-1.66,0.0
532,-1.658,0.0,-1.658,0.0
533,-1.656,0.0,-1.656,0.0
534,-1.654,0.0,-1.654,0.0
535,-1.652,0.0,-1.652,0.0
536,-1.65,0.0,-1.65,0.0
537,-1.648,0.0,-1.648,0.0
538,-1.646,0.0,-1.646,0.0
539,-1.644,0.0,-1.644,0.0
540,-1.642,0.0,-1.642,0.0
541,-1.64,0.0,-1.64,0.0
542,-1.638,0.0,-1.638,0.0
543,-1.636,0.0,-1.636,0.0
544,-1.634,0.0,-1.634,0.0
545,-1.632,0.0,-1.632,0.0
546,-1.63,0.0,-1.63,0.0
547,-1.628,0.0,-1.628,0.0
548,-1.626,0.0,-1.626,0.0
549,-1.6239999999999999,0.0,-1.6239999999999999,0.0
550,-1.6219999999999999,0.0,-1.6219999999999999,0.0
551,-1.6199999999999999,0.0,-1.6199999999999999,0.0
552,-1.6179999999999999,0.0,-1.6179999999999999,0.0
553,-1.6159999999999999,0.0,-1.6159999999999999,0.0
554,-1.6139999999999999,0.0,-1.6139999999999999,0.0
555,-1.6119999999999999,0.0,-1.6119999999999999,0.0
556,-1.6099999999999999,0.0,-1.6099999999999999,0.0
557,-1.6079999999999999,0.0,-1.6079999999999999,0.0
558,-1.6059999999999999,0.0,-1.6059999999999999,0.0
559,-1.6039999999999999,0.0,-1.6039999999999999,0.0
560,-1.6019999999999999,0.0,-1.6019999999999999,0.0
561,-1.5999999999999999,0.0,-1.5999999999999999,0.0
562,-1.5979999999999999,0.0,-1.5979999999999999,0.0
563,-1.5959999999999999,0.0,-1.5959999999999999,0.0
564,-1.5939999999999999,0.0,-1.5939999999999999,0.0
565,-1.5919999999999999,0.0,-1.5919999999999999,0.0
566,-1.5899999999999999,0.0,-1.5899999999999999,0.0
567,-1.5879999999999999,0.0,-1.5879999999999999,0.0
568,-1.5859999999999999,0.0,-1.5859999999999999,0.0
569,-1.5839999999999999,0.0,-1.5839999999999999,0.0
570,-1.5819999999999999,0.0,-1.5819999999999999,0.0
571,-1.5799999999999998,0.0,-1.5799999999999998,0.0
572,-1.5779999999999998,0.0,-1.5779999999999998,0.0
573,-1.5759999999999998,0.0,-1.5759999999999998,0.0
574,-1.5739999999999998,0.0,-1.5739999999999998,0.0
575,-1.5719999999999998,0.0,-1.5719999999999998,0.0
576,-1.5699999999999998,0.0,-1.5699999999999998,0.0
577,-1.568,0.0,-1.568,0.0
578,-1.566,0.0,-1.566,0.0
579,-1.564,0.0,-1.564,0.0
580,-1.562,0.0,-1.562,0.0
581,-1.56,0.0,-1.56,0.0
582,-1.558,0.0,-1.558,0.0
583,-1.556,0.0,-1.556,0.0
584,-1.554,0.0,-1.554,0.0
585,-1.552,0.0,-1.552,0.0
586,-1.55,0.0,-1.55,0.0
587,-1.548,0.0,-1.548,0.0
588,-1.546,0.0,-1.546,0.0
589,-1.544,0.0,-1.544,0.0
590,-1.542,0.0,-1.542,0.0
591,-1.54,0.0,-1.54,0.0
592,-1.538,0.0,-1.538,0.0
593,-1.536,0.0,-1.536,0.0
594,-1.534,0.0,-1.534,0.0
595,-1.532,0.0,-1.532,0.0
596,-1.53,0.0,-1.53,0.0
597,-1.528,0.0,-1.528,0.0
598,-1.526,0.0,-1.526,0.0
599,-1.524,0.0,-1.524,0.0
600,-1.522,0.0,-1.522,0.0
601,-1.52,0.0,-1.52,0.0
602,-1.518,0.0,-1.518,0.0
603,-1.516,0.0,-1.516,0.0
604,-1.514,0.0,-1.514,0.0
605,-1.512,0.0,-1.512,0.0
606,-1.51,0.0,-1.51,0.0
607,-1.508,0.0,-1.508,0.0
608,-1.506,0.0,-1.506,0.0
609,-1.504,0.0,-1.504,0.0
610,-1.502,0.0,-1.502,0.0
611,-1.5,0.0,-1.5,0.0
612,-1.498,0.0,-1.498,0.0
613,-1.496,0.0,-1.496,0.0
614,-1.494,0.0,-1.494,0.0
615,-1.492,0.0,-1.492,0.0
616,-1.49,0.0,-1.49,0.0
617,-1.488,0.0,-1.488,0.0
618,-1.486,0.0,-1.486,0.0
619,-1.484,0.0,-1.484,0.0
620,-1.482,0.0,-1.482,0.0
621,-1.48,0.0,-1.48,0.0
622,-1.478,0.0,-1.478,0.0
623,-1.476,0.0,-1.476,0.0
624,-1.474,0.0,-1.474,0.0
625,-1.472,0.0,-1.472,0.0
626,-1.47,0.0,-1.47,0.0
627,-1.468,0.0,-1.468,0.0
628,-1.466,0.0,-1.466,0.0
629,-1.464,0.0,-1.464,0.0
630,-1.462,0.0,-1.462,0.0
631,-1.46,0.0,-1.46,0.0
632,-1.458,0.0,-1.458,0.0
633,-1.456,0.0,-1.456,0.0
634,-1.454,0.0,-1.454,0.0
635,-1.452,0.0,-1.452,0.0
636,-1.45,0.0,-1.45,0.0
637,-1.448,0.0,-1.448,0.0
638,-1.446,0.0,-1.446,0.0
639,-1.444,0.0,-1.444,0.0
640,-1.442,0.0,-1.442,0.0
641,-1.44,0.0,-1.44,0.0
642,-1.438,0.0,-1.438,0.0
643,-1.436,0.0,-1.436,0.0
644,-1.434,0.0,-1.434,0.0
645,-1.432,0.0,-1.432,0.0
646,-1.43,0.0,-1.43,0.0
647,-1.428,0.0,-1.428,0.0
648,-1.426,0.0,-1.426,0.0
649,-1.424,0.0,-1.424,0.0
650,-1.422,0.0,-1.422,0.0
651,-1.42,0.0,-1.42,0.0
652,-1.418,0.0,-1.418,0.0
653,-1.416,0.0,-1.416,0.0
654,-1.414,0.0,-1.414,0.0
655,-1.412,0.0,-1.412,0.0
656,-1.41,0.0,-1.41,0.0
657,-1.408,0.0,-1.408,0.0
658,-1.406,0.0,-1.406,0.0
659,-1.404,0.0,-1.404,0.0
660,-1.402,0.0,-1.402,0.0
661,-1.4,0.0,-1.4,0.0
662,-1.398,0.0,-1.398,0.0
663,-1.396,0.0,-1.396,0.0
664,-1.394,0.0,-1.394,0.0
665,-1.392,0.0,-1.392,0.0
666,-1.39,0.0,-1.39,0.0
667,-1.388,0.0,-1.388,0.0
668,-1.386,0.0,-1.386,0.0
669,-1.384,0.0,-1.384,0.0
670,-1.382,0.0,-1.382,0.0
671,-1.38,0.0,-1.38,0.0
672,-1.378,0.0,-1.378,0.0
673,-1.376,0.0,-1.376,0.0
674,-1.3739999999999999,0.0,-1.3739999999999999,0.0
675,-1.3719999999999999,0.0,-1.3719999999999999,0.0
676,-1.3699999999999999,0.0,-1.3699999999999999,0.0
677,-1.3679999999999999,0.0,-1.3679999999999999,0.0
678,-1.3659999999999999,0.0,-1.3659999999999999,0.0
679,-1.3639999999999999,0.0,-1.3639999999999999,0.0
680,-1.3619999999999999,0.0,-1.3619999999999999,0.0
681,-1.3599999999999999,0.0,-1.3599999999999999,0.0
682,-1.3579999999999999,0.0,-1.3579999999999999,0.0
683,-1.3559999999999999,0.0,-1.3559999999999999,0.0
684,-1.3539999999999999,0.0,-1.3539999999999999,0.0
685,-1.3519999999999999,0.0,-1.3519999999999999,0.0
686,-1.3499999999999999,0.0,-1.3499999999999999,0.0
687,-1.3479999999999999,0.0,-1.3479999999999999,0.0
688,-1.3459999999999999,0.0,-1.3459999999999999,0.0
689,-1.3439999999999999,0.0,-1.3439999999999999,0.0
690,-1.3419999999999999,0.0,-1.3419999999999999,0.0
691,-1.3399999999999999,0.0,-1.3399999999999999,0.0
692,-1.3379999999999999,0.0,-1.3379999999999999,0.0
693,-1.3359999999999999,0.0,-1.3359999999999999,0.0
694,-1.3339999999999999,0.0,-1.3339999999999999,0.0
695,-1.3319999999999999,0.0,-1.3319999999999999,0.0
696,-1.3299999999999998,0.0,-1.3299999999999998,0.0
697,-1.3279999999999998,0.0,-1.3279999999999998,0.0
698,-1.3259999999999998,0.0,-1.3259999999999998,0.0
699,-1.3239999999999998,0.0,-1.3239999999999998,0.0
700,-1.3219999999999998,0.0,-1.3219999999999998,0.0
701,-1.3199999999999998,0.0,-1.3199999999999998,0.0
702,-1.3179999999999998,0.0,-1.3179999999999998,0.0
703,-1.3159999999999998,0.0,-1.3159999999999998,0.0
704,-1.314,0.0,-1.314,0.0
705,-1.312,0.0,-1.312,0.0
706,-1.31,0.0,-1.31,0.0
707,-1.308,0.0,-1.308,0.0
708,-1.306,0.0,-1.306,0.0
709,-1.304,0.0,-1.304,0.0
710,-1.302,0.0,-1.302,0.0
711,-1.3,0.0,-1.3,0.0
712,-1.298,0.0,-1.298,0.0
713,-1.296,0.0,-1.296,0.0
714,-1.294,0.0,-1.294,0.0
715,-1.292,0.0,-1.292,0.0
716,-1.29,0.0,-1.29,0.0
717,-1.288,0.0,-1.288,0.0
718,-1.286,0.0,-1.286,0.0
719,-1.284,0.0,-1.284,0.0
720,-1.282,0.0,-1.282,0.0
721,-1.28,0.0,-1.28,0.0
722,-1.278,0.0,-1.278,0.0
723,-1.276,0.0,-1.276,0.0
724,-1.274,0.0,-1.274,0.0
725,-1.272,0.0,-1.272,0.0
726,-1.27,0.0,-1.27,0.0
727,-1.268,0.0,-1.268,0.0
728,-1.266,0.0,-1.266,0.0
729,-1.264,0.0,-1.264,0.0
730,-1.262,0.0,-1.262,0.0
731,-1.26,0.0,-1.26,0.0
732,-1.258,0.0,-1.258,0.0
733,-1.256,0.0,-1.256,0.0
734,-1.254,0.0,-1.254,0.0
735,-1.252,0.0,-1.252,0.0
736,-1.25,0.0,-1.25,0.0
737,-1.248,0.0,-1.248,0.0
738,-1.246,0.0,-1.246,0.0
739,-1.244,0.0,-1.244,0.0
740,-1.242,0.0,-1.242,0.0
741,-1.24,0.0,-1.24,0.0
742,-1.238,0.0,-1.238,0.0
743,-1.236,0.0,-1.236,0.0
744,-1.234,0.0,-1.234,0.0
745,-1.232,0.0,-1.232,0.0
746,-1.23,0.0,-1.23,0.0
747,-1.228,0.0,-1.228,0.0
748,-1.226,0.0,-1.226,0.0
749,-1.224,0.0,-1.224,0.0
750,-1.222,0.0,-1.222,0.0
751,-1.22,0.0,-1.22,0.0
752,-1.218,0.0,-1.218,0.0
753,-1.216,0.0,-1.216,0.0
754,-1.214,0.0,-1.214,0.0
755,-1.212,0.0,-1.212,0.0
756,-1.21,0.0,-1.21,0.0
757,-1.208,0.0,-1.208,0.0
758,-1.206,0.0,-1.206,0.0
759,-1.204,0.0,-1.204,0.0
760,-1.202,0.0,-1.202,0.0
761,-1.2,0.0,-1.2,0.0
762,-1.198,0.0,-1.198,0.0
763,-1.196,0.0,-1.196,0.0
764,-1.194,0.0,-1.194,0.0
765,-1.192,0.0,-1.192,0.0
766,-1.19,0.0,-1.19,0.0
767,-1.188,0.0,-1.188,0.0
768,-1.186,0.0,-1.186,0.0
769,-1.184,0.0,-1.184,0.0
770,-1.182,0.0,-1.182,0.0
771,-1.18,0.0,-1.18,0.0
772,-1.178,0.0,-1.178,0.0
773,-1.176,0.0,-1.176,0.0
774,-1.174,0.0,-1.174,0.0
775,-1.172,0.0,-1.172,0.0
776,-1.17,0.0,-1.17,0.0
777,-1.168,0.0,-1.168,0.0
778,-1.166,0.0,-1.166,0.0
779,-1.164,0.0,-1.164,0.0
780,-1.162,0.0,-1.162,0.0
781,-1.16,0.0,-1.16,0.0
782,-1.158,0.0,-1.158,0.0
783,-1.156,0.0,-1.156,0.0
784,-1.154,0.0,-1.154,0.0
785,-1.152,0.0,-1.152,0.0
786,-1.15,0.0,-1.15,0.0
787,-1.148,0.0,-1.148,0.0
788,-1.146,0.0,-1.146,0.0
789,-1.144,0.0,-1.144,0.0
790,-1.142,0.0,-1.142,0.0
791,-1.14,0.0,-1.14,0.0
792,-1.138,0.0,-1.138,0.0
793,-1.136,0.0,-1.136,0.0
794,-1.134,0.0,-1.134,0.0
795,-1.132,0.0,-1.132,0.0
796,-1.13,0.0,-1.13,0.0
797,-1.128,0.0,-1.128,0.0
798,-1.126,0.0,-1.126,0.0
799,-1.1239999999999999,0.0,-1.1239999999999999,0.0
800,-1.1219999999999999,0.0,-1.1219999999999999,0.0
801,-1.1199999999999999,0.0,-1.1199999999999999,0.0
802,-1.1179999999999999,0.0,-1.1179999999999999,0.0
803,-1.1159999999999999,0.0,-1.1159999999999999,0.0
804,-1.1139999999999999,0.0,-1.1139999999999999,0.0
805,-1.1119999999999999,0.0,-1.1119999999999999,0.0
806,-1.1099999999999999,0.0,-1.1099999999999999,0.0
807,-1.1079999999999999,0.0,-1.1079999999999999,0.0
808,-1.1059999999999999,0.0,-1.1059999999999999,0.0
809,-1.1039999999999999,0.0,-1.1039999999999999,0.0
810,-1.1019999999999999,0.0,-1.1019999999999999,0.0
811,-1.0999999999999999,0.0,-1.0999999999999999,0.0
812,-1.0979999999999999,0.0,-1.0979999999999999,0.0
813,-1.0959999999999999,0.0,-1.0959999999999999,0.0
814,-1.0939999999999999,0.0,-1.0939999999999999,0.0
815,-1.0919999999999999,0.0,-1.0919999999999999,0.0
816,-1.0899999999999999,0.0,-1.0899999999999999,0.0
817,-1.0879999999999999,0.0,-1.0879999999999999,0.0
818,-1.0859999999999999,0.0,-1.0859999999999999,0.0
819,-1.0839999999999999,0.0,-1.0839999999999999,0.0
820,-1.0819999999999999,0.0,-1.0819999999999999,0.0
821,-1.0799999999999998,0.0,-1.0799999999999998,0.0
822,-1.0779999999999998,0.0,-1.0779999999999998,0.0
823,-1.0759999999999998,0.0,-1.0759999999999998,0.0
824,-1.0739999999999998,0.0,-1.0739999999999998,0.0
825,-1.0719999999999998,0.0,-1.0719999999999998,0.0
826,-1.0699999999999998,0.0,-1.0699999999999998,0.0
827,-1.0679999999999998,0.0,-1.0679999999999998,0.0
828,-1.0659999999999998,0.0,-1.0659999999999998,0.0
829,-1.0639999999999998,0.0,-1.0639999999999998,0.0
830,-1.0619999999999998,0.0,-1.0619999999999998,0.0
831,-1.0599999999999998,0.0,-1.0599999999999998,0.0
832,-1.0579999999999998,0.0,-1.0579999999999998,0.0
833,-1.056,0.0,-1.056,0.0
834,-1.054,0.0,-1.054,0.0
835,-1.052,0.0,-1.052,0.0
836,-1.05,0.0,-1.05,0.0
837,-1.048,0.0,-1.048,0.0
838,-1.046,0.0,-1.046,0.0
839,-1.044,0.0,-1.044,0.0
840,-1.042,0.0,-1.042,0.0
841,-1.04,0.0,-1.04,0.0
842,-1.038,0.0,-1.038,0.0
843,-1.036,0.0,-1.036,0.0
844,-1.034,0.0,-1.034,0.0
845,-1.032,0.0,-1.032,0.0
846,-1.03,0.0,-1.03,0.0
847,-1.028,0.0,-1.028,0.0
848,-1.026,0.0,-1.026,0.0
849,-1.024,0.0,-1.024,0.0
850,-1.022,0.0,-1.022,0.0
851,-1.02,0.0,-1.02,0.0
852,-1.018,0.0,-1.018,0.0
853,-1.016,0.0,-1.016,0.0
854,-1.014,0.0,-1.014,0.0
855,-1.012,0.0,-1.012,0.0
856,-1.01,0.0,-1.01,0.0
857,-1.008,0.0,-1.008,0.0
858,-1.006,0.0,-1.006,0.0
859,-1.004,0.0,-1.004,0.0
860,-1.002,0.0,-1.002,0.0
861,-1.0,0.0,-1.0,0.0
862,-0.998,0.0,-0.998,0.0
863,-0.996,0.0,-0.996,0.0
864,-0.994,0.0,-0.994,0.0
865,-0.992,0.0,-0.992,0.0
866,-0.99,0.0,-0.99,0.0
867,-0.988,0.0,-0.988,0.0
868,-0.986,0.0,-0.986,0.0
869,-0.984,0.0,-0.984,0.0
870,-0.982,0.0,-0.982,0.0
871,-0.98,0.0,-0.98,0.0
872,-0.978,0.0,-0.978,0.0
873,-0.976,0.0,-0.976,0.0
874,-0.974,0.0,-0.974,0.0
875,-0.972,0.0,-0.972,0.0
876,-0.97,0.0,-0.97,0.0
877,-0.968,0.0,-0.968,0.0
878,-0.966,0.0,-0.966,0.0
879,-0.964,0.0,-0.964,0.0
880,-0.962,0.0,-0.962,0.0
881,-0.96,0.0,-0.96,0.0
882,-0.958,0.0,-0.958,0.0
883,-0.956,0.0,-0.956,0.0
884,-0.954,0.0,-0.954,0.0
885,-0.952,0.0,-0.952,0.0
886,-0.95,0.0,-0.95,0.0
887,-0.948,0.0,-0.948,0.0
888,-0.946,0.0,-0.946,0.0
889,-0.944,0.0,-0.944,0.0
890,-0.942,0.0,-0.942,0.0
891,-0.94,0.0,-0.94,0.0
892,-0.938,0.0,-0.938,0.0
893,-0.9359999999999999,0.0,-0.9359999999999999,0.0
894,-0.9339999999999999,0.0,-0.9339999999999999,0.0
895,-0.9319999999999999,0.0,-0.9319999999999999,0.0
896,-0.9299999999999999,0.0,-0.9299999999999999,0.0
897,-0.9279999999999999,0.0,-0.9279999999999999,0.0
898,-0.9259999999999999,0.0,-0.9259999999999999,0.0
899,-0.9239999999999999,0.0,-0.9239999999999999,0.0
900,-0.9219999999999999,0.0,-0.9219999999999999,0.0
901,-0.9199999999999999,0.0,-0.9199999999999999,0.0
902,-0.9179999999999999,0.0,-0.9179999999999999,0.0
903,-0.9159999999999999,0.0,-0.9159999999999999,0.0
904,-0.9139999999999999,0.0,-0.9139999999999999,0.0
905,-0.9119999999999999,0.0,-0.9119999999999999,0.0
906,-0.9099999999999999,0.0,-0.9099999999999999,0.0
907,-0.9079999999999999,0.0,-0.9079999999999999,0.0
908,-0.9059999999999999,0.0,-0.9059999999999999,0.0
909,-0.9039999999999999,0.0,-0.9039999999999999,0.0
910,-0.9019999999999999,0.0,-0.9019999999999999,0.0
911,-0.8999999999999999,0.0,-0.8999999999999999,0.0
912,-0.8979999999999999,0.0,-0.8979999999999999,0.0
913,-0.8959999999999999,0.0,-0.8959999999999999,0.0
914,-0.8939999999999999,0.0,-0.8939999999999999,0.0
915,-0.8919999999999999,0.0,-0.8919999999999999,0.0
916,-0.8899999999999999,0.0,-0.8899999999999999,0.0
917,-0.8879999999999999,0.0,-0.8879999999999999,0.0
918,-0.8859999999999999,0.0,-0.8859999999999999,0.0
919,-0.8839999999999999,0.0,-0.8839999999999999,0.0
920,-0.8819999999999999,0.0,-0.8819999999999999,0.0
921,-0.8799999999999999,0.0,-0.8799999999999999,0.0
922,-0.8779999999999999,0.0,-0.8779999999999999,0.0
923,-0.8759999999999999,0.0,-0.8759999999999999,0.0
924,-0.8739999999999999,0.0,-0.8739999999999999,0.0
925,-0.8719999999999999,0.0,-0.8719999999999999,0.0
926,-0.8699999999999999,0.0,-0.8699999999999999,0.0
927,-0.8679999999999999,0.0,-0.8679999999999999,0.0
928,-0.8659999999999999,0.0,-0.8659999999999999,0.0
929,-0.8639999999999999,0.0,-0.8639999999999999,0.0
930,-0.8619999999999999,0.0,-0.8619999999999999,0.0
931,-0.8599999999999999,0.0,-0.8599999999999999,0.0
932,-0.8579999999999999,0.0,-0.8579999999999999,0.0
933,-0.8559999999999999,0.0,-0.8559999999999999,0.0
934,-0.8539999999999999,0.0,-0.8539999999999999,0.0
935,-0.8519999999999999,0.0,-0.8519999999999999,0.0
936,-0.8499999999999999,0.0,-0.8499999999999999,0.0
937,-0.8479999999999999,0.0,-0.8479999999999999,0.0
938,-0.8459999999999999,0.0,-0.8459999999999999,0.0
939,-0.8439999999999999,0.0,-0.8439999999999999,0.0
940,-0.8419999999999999,0.0,-0.8419999999999999,0.0
941,-0.8399999999999999,0.0,-0.8399999999999999,0.0
942,-0.8379999999999999,0.0,-0.8379999999999999,0.0
943,-0.8359999999999999,0.0,-0.8359999999999999,0.0
944,-0.8339999999999999,0.0,-0.8339999999999999,0.0
945,-0.8319999999999999,0.0,-0.8319999999999999,0.0
946,-0.8299999999999998,0.0,-0.8299999999999998,0.0
947,-0.8279999999999998,0.0,-0.8279999999999998,0.0
948,-0.8259999999999998,0.0,-0.8259999999999998,0.0
949,-0.8239999999999998,0.0,-0.8239999999999998,0.0
950,-0.8219999999999998,0.0,-0.8219999999999998,0.0
951,-0.8199999999999998,0.0,-0.8199999999999998,0.0
952,-0.8179999999999998,0.0,-0.8179999999999998,0.0
953,-0.8159999999999998,0.0,-0.8159999999999998,0.0
954,-0.8139999999999998,0.0,-0.8139999999999998,0.0
955,-0.8119999999999998,0.0,-0.8119999999999998,0.0
956,-0.8099999999999998,0.0,-0.8099999999999998,0.0
957,-0.8079999999999998,0.0,-0.8079999999999998,0.0
958,-0.8059999999999998,0.0,-0.8059999999999998,0.0
959,-0.8039999999999998,0.0,-0.8039999999999998,0.0
960,-0.802,0.0,-0.802,0.0
961,-0.8,0.0,-0.8,0.0
962,-0.798,0.0,-0.798,0.0
963,-0.796,0.0,-0.796,0.0
964,-0.794,0.0,-0.794,0.0
965,-0.792,0.0,-0.792,0.0
966,-0.79,0.0,-0.79,0.0
967,-0.788,0.0,-0.788,0.0
968,-0.786,0.0,-0.786,0.0
969,-0.784,0.0,-0.784,0.0
970,-0.782,0.0,-0.782,0.0
971,-0.78,0.0,-0.78,0.0
972,-0.778,0.0,-0.778,0.0
973,-0.776,0.0,-0.776,0.0
974,-0.774,0.0,-0.774,0.0
975,-0.772,0.0,-0.772,0.0
976,-0.77,0.0,-0.77,0.0
977,-0.768,0.0,-0.768,0.0
978,-0.766,0.0,-0.766,0.0
979,-0.764,0.0,-0.764,0.0
980,-0.762,0.0,-0.762,0.0
981,-0.76,0.0,-0.76,0.0
982,-0.758,0.0,-0.758,0.0
983,-0.756,0.0,-0.756,0.0
984,-0.754,0.0,-0.754,0.0
985,-0.752,0.0,-0.752,0.0
986,-0.75,0.0,-0.75,0.0
987,-0.748,0.0,-0.748,0.0
988,-0.746,0.0,-0.746,0.0
989,-0.744,0.0,-0.744,0.0
990,-0.742,0.0,-0.742,0.0
991,-0.74,0.0,-0.74,0.0
992,-0.738,0.0,-0.738,0.0
993,-0.736,0.0,-0.736,0.0
994,-0.734,0.0,-0.734,0.0
995,-0.732,0.0,-0.732,0.0
996,-0.73,0.0,-0.73,0.0
997,-0.728,0.0,-0.728,0.0
998,-0.726,0.0,-0.726,0.0
999,-0.724,0.0,-0.724,0.0
1000,-0.722,0.0,-0.722,0.0
1001,-0.7199999999999998,0.0,-0.7199999999999998,0.0
1002,-0.718,0.0,-0.718,0.0
1003,-0.7159999999999997,0.0,-0.7159999999999997,0.0
1004,-0.714,0.0,-0.714,0.0
1005,-0.7119999999999997,0.0,-0.7119999999999997,0.0
1006,-0.71,0.0,-0.71,0.0
1007,-0.7079999999999997,0.0,-0.7079999999999997,0.0
1008,-0.706,0.0,-0.706,0.0
1009,-0.7039999999999997,0.0,-0.7039999999999997,0.0
1010,-0.702,0.0,-0.702,0.0
1011,-0.6999999999999997,0.0,-0.6999999999999997,0.0
1012,-0.698,0.0,-0.698,0.0
1013,-0.6959999999999997,0.0,-0.6959999999999997,0.0
1014,-0.694,0.0,-0.694,0.0
1015,-0.6919999999999997,0.0,-0.6919999999999997,0.0
1016,-0.69,0.0,-0.69,0.0
1017,-0.6879999999999997,0.0,-0.6879999999999997,0.0
1018,-0.6859999999999999,0.0,-0.6859999999999999,0.0
1019,-0.6839999999999997,0.0,-0.6839999999999997,0.0
1020,-0.6819999999999999,0.0,-0.6819999999999999,0.0
1021,-0.6799999999999997,0.0,-0.6799999999999997,0.0
1022,-0.6779999999999999,0.0,-0.6779999999999999,0.0
1023,-0.6759999999999997,0.0,-0.6759999999999997,0.0
1024,-0.6739999999999999,0.0,-0.6739999999999999,0.0
1025,-0.6720000000000002,0.0,-0.6720000000000002,0.0
1026,-0.6699999999999999,0.0,-0.6699999999999999,0.0
1027,-0.6680000000000001,0.0,-0.6680000000000001,0.0
1028,-0.6659999999999999,0.0,-0.6659999999999999,0.0
1029,-0.6640000000000001,0.0,-0.6640000000000001,0.0
1030,-0.6619999999999999,0.0,-0.6619999999999999,0.0
1031,-0.6600000000000001,0.0,-0.6600000000000001,0.0
1032,-0.6579999999999999,0.0,-0.6579999999999999,0.0
1033,-0.6560000000000001,0.0,-0.6560000000000001,0.0
1034,-0.6539999999999999,0.0,-0.6539999999999999,0.0
1035,-0.6520000000000001,0.0,-0.6520000000000001,0.0
1036,-0.6499999999999999,0.0,-0.6499999999999999,0.0
1037,-0.6480000000000001,0.0,-0.6480000000000001,0.0
1038,-0.6459999999999999,0.0,-0.6459999999999999,0.0
1039,-0.6440000000000001,0.0,-0.6440000000000001,0.0
1040,-0.6419999999999999,0.0,-0.6419999999999999,0.0
1041,-0.6400000000000001,0.0,-0.6400000000000001,0.0
1042,-0.6379999999999999,0.0,-0.6379999999999999,0.0
1043,-0.6360000000000001,0.0,-0.6360000000000001,0.0
1044,-0.6339999999999999,0.0,-0.6339999999999999,0.0
1045,-0.6320000000000001,0.0,-0.6320000000000001,0.0
1046,-0.6299999999999999,0.0,-0.6299999999999999,0.0
1047,-0.6280000000000001,0.0,-0.6280000000000001,0.0
1048,-0.6259999999999999,0.0,-0.6259999999999999,0.0
1049,-0.6240000000000001,0.0,-0.6240000000000001,0.0
1050,-0.6219999999999999,0.0,-0.6219999999999999,0.0
1051,-0.6200000000000001,0.0,-0.6200000000000001,0.0
1052,-0.6179999999999999,0.0,-0.6179999999999999,0.0
1053,-0.6160000000000001,0.0,-0.6160000000000001,0.0
1054,-0.6139999999999999,0.0,-0.6139999999999999,0.0
1055,-0.6120000000000001,0.0,-0.6120000000000001,0.0
1056,-0.6099999999999999,0.0,-0.6099999999999999,0.0
1057,-0.6080000000000001,0.0,-0.6080000000000001,0.0
1058,-0.6059999999999999,0.0,-0.6059999999999999,0.0
1059,-0.6040000000000001,0.0,-0.6040000000000001,0.0
1060,-0.6019999999999999,0.0,-0.6019999999999999,0.0
1061,-0.6000000000000001,0.0,-0.6000000000000001,0.0
1062,-0.5979999999999999,0.0,-0.5979999999999999,0.0
1063,-0.5960000000000001,0.0,-0.5960000000000001,0.0
1064,-0.5939999999999999,0.0,-0.5939999999999999,0.0
1065,-0.5920000000000001,0.0,-0.5920000000000001,0.0
1066,-0.5899999999999999,0.0,-0.5899999999999999,0.0
1067,-0.5880000000000001,0.0,-0.5880000000000001,0.0
1068,-0.5859999999999999,0.0,-0.5859999999999999,0.0
1069,-0.5840000000000001,0.0,-0.5840000000000001,0.0
1070,-0.5819999999999999,0.0,-0.5819999999999999,0.0
1071,-0.5800000000000001,0.0,-0.5800000000000001,0.0
1072,-0.5779999999999998,0.0,-0.5779999999999998,0.0
1073,-0.5760000000000001,0.0,-0.5760000000000001,0.0
1074,-0.5739999999999998,0.0,-0.5739999999999998,0.0
1075,-0.5720000000000001,0.0,-0.5720000000000001,0.0
1076,-0.5699999999999998,0.0,-0.5699999999999998,0.0
1077,-0.5680000000000001,0.0,-0.5680000000000001,0.0
1078,-0.5659999999999998,0.0,-0.5659999999999998,0.0
1079,-0.5640000000000001,0.0,-0.5640000000000001,0.0
1080,-0.5619999999999998,0.0,-0.5619999999999998,0.0
1081,-0.56,0.0,-0.56,0.0
1082,-0.5579999999999998,0.0,-0.5579999999999998,0.0
1083,-0.556,0.0,-0.556,0.0
1084,-0.5539999999999998,0.0,-0.5539999999999998,0.0
1085,-0.552,0.0,-0.552,0.0
1086,-0.5499999999999998,0.0,-0.5499999999999998,0.0
1087,-0.548,0.0,-0.548,0.0
1088,-0.5459999999999998,0.0,-0.5459999999999998,0.0
1089,-0.544,0.0,-0.544,0.0
1090,-0.5419999999999998,0.0,-0.5419999999999998,0.0
1091,-0.54,0.0,-0.54,0.0
1092,-0.5379999999999998,0.0,-0.5379999999999998,0.0
1093,-0.536,0.0,-0.536,0.0
1094,-0.5339999999999998,0.0,-0.5339999999999998,0.0
1095,-0.532,0.0,-0.532,0.0
1096,-0.5299999999999998,0.0,-0.5299999999999998,0.0
1097,-0.528,0.0,-0.528,0.0
1098,-0.5259999999999998,0.0,-0.5259999999999998,0.0
1099,-0.524,0.0,-0.524,0.0
1100,-0.5219999999999998,0.0,-0.5219999999999998,0.0
1101,-0.52,0.0,-0.52,0.0
1102,-0.5179999999999998,0.0,-0.5179999999999998,0.0
1103,-0.516,0.0,-0.516,0.0
1104,-0.5139999999999998,0.0,-0.5139999999999998,0.0
1105,-0.512,0.0,-0.512,0.0
1106,-0.5099999999999998,0.0,-0.5099999999999998,0.0
1107,-0.508,0.0,-0.508,0.0
1108,-0.5059999999999998,0.0,-0.5059999999999998,0.0
1109,-0.504,0.0,-0.504,0.0
1110,-0.5019999999999998,0.0,-0.5019999999999998,0.0
1111,-0.5,0.0,-0.5,0.0
1112,-0.4979999999999998,0.0,-0.4979999999999998,0.0
1113,-0.496,0.0,-0.496,0.0
1114,-0.4939999999999998,0.0,-0.4939999999999998,0.0
1115,-0.492,0.0,-0.492,0.0
1116,-0.48999999999999977,0.0,-0.48999999999999977,0.0
1117,-0.488,0.0,-0.488,0.0
1118,-0.48599999999999977,0.0,-0.48599999999999977,0.0
1119,-0.484,0.0,-0.484,0.0
1120,-0.48199999999999976,0.0,-0.48199999999999976,0.0
1121,-0.48,0.0,-0.48,0.0
1122,-0.47799999999999976,0.0,-0.47799999999999976,0.0
1123,-0.476,0.0,-0.476,0.0
1124,-0.47399999999999975,0.0,-0.47399999999999975,0.0
1125,-0.472,0.0,-0.472,0.0
1126,-0.46999999999999975,0.0,-0.46999999999999975,0.0
1127,-0.46799999999999997,0.0,-0.46799999999999997,0.0
1128,-0.46599999999999975,0.0,-0.46599999999999975,0.0
1129,-0.46399999999999997,0.0,-0.46399999999999997,0.0
1130,-0.46199999999999974,0.0,-0.46199999999999974,0.0
1131,-0.45999999999999996,0.0,-0.45999999999999996,0.0
1132,-0.45799999999999974,0.0,-0.45799999999999974,0.0
1133,-0.45599999999999996,0.0,-0.45599999999999996,0.0
1134,-0.45399999999999974,0.0,-0.45399999999999974,0.0
1135,-0.45199999999999996,0.0,-0.45199999999999996,0.0
1136,-0.44999999999999973,0.0,-0.44999999999999973,0.0
1137,-0.44799999999999995,0.0,-0.44799999999999995,0.0
1138,-0.44599999999999973,0.0,-0.44599999999999973,0.0
1139,-0.44399999999999995,0.0,-0.44399999999999995,0.0
1140,-0.4419999999999997,0.0,-0.4419999999999997,0.0
1141,-0.43999999999999995,0.0,-0.43999999999999995,0.0
1142,-0.4379999999999997,0.0,-0.4379999999999997,0.0
1143,-0.43599999999999994,0.0,-0.43599999999999994,0.0
1144,-0.4339999999999997,0.0,-0.4339999999999997,0.0
1145,-0.43199999999999994,0.0,-0.43199999999999994,0.0
1146,-0.4299999999999997,0.0,-0.4299999999999997,0.0
1147,-0.42799999999999994,0.0,-0.42799999999999994,0.0
1148,-0.4259999999999997,0.0,-0.4259999999999997,0.0
1149,-0.42399999999999993,0.0,-0.42399999999999993,0.0
1150,-0.4219999999999997,0.0,-0.4219999999999997,0.0
1151,-0.41999999999999993,0.0,-0.41999999999999993,0.0
1152,-0.4179999999999997,0.0,-0.4179999999999997,0.0
1153,-0.4159999999999999,0.0,-0.4159999999999999,0.0
1154,-0.41400000000000015,0.0,-0.41400000000000015,0.0
1155,-0.4119999999999999,0.0,-0.4119999999999999,0.0
1156,-0.41000000000000014,0.0,-0.41000000000000014,0.0
1157,-0.4079999999999999,0.0,-0.4079999999999999,0.0
1158,-0.40600000000000014,0.0,-0.40600000000000014,0.0
1159,-0.4039999999999999,0.0,-0.4039999999999999,0.0
1160,-0.40200000000000014,0.0,-0.40200000000000014,0.0
1161,-0.3999999999999999,0.0,-0.3999999999999999,0.0
1162,-0.39800000000000013,0.0,-0.39800000000000013,0.0
1163,-0.3959999999999999,0.0,-0.3959999999999999,0.0
1164,-0.39400000000000013,0.0,-0.39400000000000013,0.0
1165,-0.3919999999999999,0.0,-0.3919999999999999,0.0
1166,-0.3900000000000001,0.0,-0.3900000000000001,0.0
1167,-0.3879999999999999,0.0,-0.3879999999999999,0.0
1168,-0.3860000000000001,0.0,-0.3860000000000001,0.0
1169,-0.3839999999999999,0.0,-0.3839999999999999,0.0
1170,-0.3820000000000001,0.0,-0.3820000000000001,0.0
1171,-0.3799999999999999,0.0,-0.3799999999999999,0.0
1172,-0.3780000000000001,0.0,-0.3780000000000001,0.0
1173,-0.3759999999999999,0.0,-0.3759999999999999,0.0
1174,-0.3740000000000001,0.0,-0.3740000000000001,0.0
1175,-0.3719999999999999,0.0,-0.3719999999999999,0.0
1176,-0.3700000000000001,0.0,-0.3700000000000001,0.0
1177,-0.3679999999999999,0.0,-0.3679999999999999,0.0
1178,-0.3660000000000001,0.0,-0.3660000000000001,0.0
1179,-0.3639999999999999,0.0,-0.3639999999999999,0.0
1180,-0.3620000000000001,0.0,-0.3620000000000001,0.0
1181,-0.3599999999999999,0.0,-0.3599999999999999,0.0
1182,-0.3580000000000001,0.0,-0.3580000000000001,0.0
1183,-0.35599999999999987,0.0,-0.35599999999999987,0.0
1184,-0.3540000000000001,0.0,-0.3540000000000001,0.0
1185,-0.35199999999999987,0.0,-0.35199999999999987,0.0
1186,-0.3500000000000001,0.0,-0.3500000000000001,0.0
1187,-0.34799999999999986,0.0,-0.34799999999999986,0.0
1188,-0.3460000000000001,0.0,-0.3460000000000001,0.0
1189,-0.34399999999999986,0.0,-0.34399999999999986,0.0
1190,-0.3420000000000001,0.0,-0.3420000000000001,0.0
1191,-0.33999999999999986,0.0,-0.33999999999999986,0.0
1192,-0.3380000000000001,0.0,-0.3380000000000001,0.0
1193,-0.33599999999999985,0.0,-0.33599999999999985,0.0
1194,-0.3340000000000001,0.0,-0.3340000000000001,0.0
1195,-0.33199999999999985,0.0,-0.33199999999999985,0.0
1196,-0.33000000000000007,0.0,-0.33000000000000007,0.0
1197,-0.32799999999999985,0.0,-0.32799999999999985,0.0
1198,-0.32600000000000007,0.0,-0.32600000000000007,0.0
1199,-0.32399999999999984,0.0,-0.32399999999999984,0.0
1200,-0.32200000000000006,0.0,-0.32200000000000006,0.0
1201,-0.31999999999999984,0.0,-0.31999999999999984,0.0
1202,-0.31800000000000006,0.0,-0.31800000000000006,0.0
1203,-0.31599999999999984,0.0,-0.31599999999999984,0.0
1204,-0.31400000000000006,0.0,-0.31400000000000006,0.0
1205,-0.31199999999999983,0.0,-0.31199999999999983,0.0
1206,-0.31000000000000005,0.0,-0.31000000000000005,0.0
1207,-0.30799999999999983,0.0,-0.30799999999999983,0.0
1208,-0.30600000000000005,0.0,-0.30600000000000005,0.0
1209,-0.3039999999999998,0.0,-0.3039999999999998,0.0
1210,-0.30200000000000005,0.0,-0.30200000000000005,0.0
1211,-0.2999999999999998,0.0,-0.2999999999999998,0.0
1212,-0.29800000000000004,0.0,-0.29800000000000004,0.0
1213,-0.2959999999999998,0.0,-0.2959999999999998,0.0
1214,-0.29400000000000004,0.0,-0.29400000000000004,0.0
1215,-0.2919999999999998,0.0,-0.2919999999999998,0.0
1216,-0.29000000000000004,0.0,-0.29000000000000004,0.0
1217,-0.2879999999999998,0.0,-0.2879999999999998,0.0
1218,-0.28600000000000003,0.0,-0.28600000000000003,0.0
1219,-0.2839999999999998,0.0,-0.2839999999999998,0.0
1220,-0.28200000000000003,0.0,-0.28200000000000003,0.0
1221,-0.2799999999999998,0.0,-0.2799999999999998,0.0
1222,-0.278,0.0,-0.278,0.0
1223,-0.2759999999999998,0.0,-0.2759999999999998,0.0
1224,-0.274,0.0,-0.274,0.0
1225,-0.2719999999999998,0.0,-0.2719999999999998,0.0
1226,-0.27,0.0,-0.27,0.0
1227,-0.2679999999999998,0.0,-0.2679999999999998,0.0
1228,-0.266,0.0,-0.266,0.0
1229,-0.2639999999999998,0.0,-0.2639999999999998,0.0
1230,-0.262,0.0,-0.262,0.0
1231,-0.2599999999999998,0.0,-0.2599999999999998,0.0
1232,-0.258,0.0,-0.258,0.0
1233,-0.2559999999999998,0.0,-0.2559999999999998,0.0
1234,-0.254,0.0,-0.254,0.0
1235,-0.2519999999999998,0.0,-0.2519999999999998,0.0
1236,-0.25,0.0,-0.25,0.0
1237,-0.24799999999999978,0.0,-0.24799999999999978,0.0
1238,-0.246,0.0,-0.246,0.0
1239,-0.24399999999999977,0.0,-0.24399999999999977,0.0
1240,-0.242,0.0,-0.242,0.0
1241,-0.23999999999999977,0.0,-0.23999999999999977,0.0
1242,-0.238,0.0,-0.238,0.0
1243,-0.23599999999999977,0.0,-0.23599999999999977,0.0
1244,-0.23399999999999999,0.0,-0.23399999999999999,0.0
1245,-0.23199999999999976,0.0,-0.23199999999999976,0.0
1246,-0.22999999999999998,0.0,-0.22999999999999998,0.0
1247,-0.22799999999999976,0.0,-0.22799999999999976,0.0
1248,-0.22599999999999998,0.0,-0.22599999999999998,0.0
1249,-0.22399999999999975,0.0,-0.22399999999999975,0.0
1250,-0.22199999999999998,0.0,-0.22199999999999998,0.0
1251,-0.21999999999999975,0.0,-0.21999999999999975,0.0
1252,-0.21799999999999997,0.0,-0.21799999999999997,0.0
1253,-0.21599999999999975,0.0,-0.21599999999999975,0.0
1254,-0.21399999999999997,0.0,-0.21399999999999997,0.0
1255,-0.21199999999999974,0.0,-0.21199999999999974,0.0
1256,-0.20999999999999996,0.0,-0.20999999999999996,0.0
1257,-0.20799999999999974,0.0,-0.20799999999999974,0.0
1258,-0.20599999999999996,0.0,-0.20599999999999996,0.0
1259,-0.20399999999999974,0.0,-0.20399999999999974,0.0
1260,-0.20199999999999996,0.0,-0.20199999999999996,0.0
1261,-0.19999999999999973,0.0,-0.19999999999999973,0.0
1262,-0.19799999999999995,0.0,-0.19799999999999995,0.0
1263,-0.19599999999999973,0.0,-0.19599999999999973,0.0
1264,-0.19399999999999995,0.0,-0.19399999999999995,0.0
1265,-0.19199999999999973,0.0,-0.19199999999999973,0.0
1266,-0.18999999999999995,0.0,-0.18999999999999995,0.0
1267,-0.18799999999999972,0.0,-0.18799999999999972,0.0
1268,-0.18599999999999994,0.0,-0.18599999999999994,0.0
1269,-0.18399999999999972,0.0,-0.18399999999999972,0.0
1270,-0.18199999999999994,0.0,-0.18199999999999994,0.0
1271,-0.17999999999999972,0.0,-0.17999999999999972,0.0
1272,-0.17799999999999994,0.0,-0.17799999999999994,0.0
1273,-0.1759999999999997,0.0,-0.1759999999999997,0.0
1274,-0.17399999999999993,0.0,-0.17399999999999993,0.0
1275,-0.1719999999999997,0.0,-0.1719999999999997,0.0
1276,-0.16999999999999993,0.0,-0.16999999999999993,0.0
1277,-0.1679999999999997,0.0,-0.1679999999999997,0.0
1278,-0.16599999999999993,0.0,-0.16599999999999993,0.0
1279,-0.1639999999999997,0.0,-0.1639999999999997,0.0
1280,-0.16199999999999992,0.0,-0.16199999999999992,0.0
1281,-0.16000000000000014,0.0,-0.16000000000000014,0.0
1282,-0.15799999999999992,0.0,-0.15799999999999992,0.0
1283,-0.15600000000000014,0.0,-0.15600000000000014,0.0
1284,-0.15399999999999991,0.0,-0.15399999999999991,0.0
1285,-0.15200000000000014,0.0,-0.15200000000000014,0.0
1286,-0.1499999999999999,0.0,-0.1499999999999999,0.0
1287,-0.14800000000000013,0.0,-0.14800000000000013,0.0
1288,-0.1459999999999999,0.0,-0.1459999999999999,0.0
1289,-0.14400000000000013,0.0,-0.14400000000000013,0.0
1290,-0.1419999999999999,0.0,-0.1419999999999999,0.0
1291,-0.14000000000000012,0.0,-0.14000000000000012,0.0
1292,-0.1379999999999999,0.0,-0.1379999999999999,0.0
1293,-0.13600000000000012,0.0,-0.13600000000000012,0.0
1294,-0.1339999999999999,0.0,-0.1339999999999999,0.0
1295,-0.13200000000000012,0.0,-0.13200000000000012,0.0
1296,-0.1299999999999999,0.0,-0.1299999999999999,0.0
1297,-0.1280000000000001,0.0,-0.1280000000000001,0.0
1298,-0.1259999999999999,0.0,-0.1259999999999999,0.0
1299,-0.12400000000000011,0.0,-0.12400000000000011,0.0
1300,-0.12199999999999989,0.0,-0.12199999999999989,0.0
1301,-0.1200000000000001,0.0,-0.1200000000000001,0.0
1302,-0.11799999999999988,0.0,-0.11799999999999988,0.0
1303,-0.1160000000000001,0.0,-0.1160000000000001,0.0
1304,-0.11399999999999988,0.0,-0.11399999999999988,0.0
1305,-0.1120000000000001,0.0,-0.1120000000000001,0.0
1306,-0.10999999999999988,0.0,-0.10999999999999988,0.0
1307,-0.1080000000000001,0.0,-0.1080000000000001,0.0
1308,-0.10599999999999987,0.0,-0.10599999999999987,0.0
1309,-0.10400000000000009,0.0,-0.10400000000000009,0.0
1310,-0.10199999999999987,0.0,-0.10199999999999987,0.0
1311,-0.10000000000000009,0.0,-0.10000000000000009,0.0
1312,-0.09799999999999986,0.0,-0.09799999999999986,0.0
1313,-0.09600000000000009,0.0,-0.09600000000000009,0.0
1314,-0.09399999999999986,0.0,-0.09399999999999986,0.0
1315,-0.09200000000000008,0.0,-0.09200000000000008,0.0
1316,-0.08999999999999986,0.0,-0.08999999999999986,0.0
1317,-0.08800000000000008,0.0,-0.08800000000000008,0.0
1318,-0.08599999999999985,0.0,-0.08599999999999985,0.0
1319,-0.08400000000000007,0.0,-0.08400000000000007,0.0
1320,-0.08199999999999985,0.0,-0.08199999999999985,0.0
1321,-0.08000000000000007,0.0,-0.08000000000000007,0.0
1322,-0.07799999999999985,0.0,-0.07799999999999985,0.0
1323,-0.07600000000000007,0.0,-0.07600000000000007,0.0
1324,-0.07399999999999984,0.0,-0.07399999999999984,0.0
1325,-0.07200000000000006,0.0,-0.07200000000000006,0.0
1326,-0.06999999999999984,0.0,-0.06999999999999984,0.0
1327,-0.06800000000000006,0.0,-0.06800000000000006,0.0
1328,-0.06599999999999984,0.0,-0.06599999999999984,0.0
1329,-0.06400000000000006,0.0,-0.06400000000000006,0.0
1330,-0.06199999999999983,0.0,-0.06199999999999983,0.0
1331,-0.06000000000000005,0.0,-0.06000000000000005,0.0
1332,-0.05799999999999983,0.0,-0.05799999999999983,0.0
1333,-0.05600000000000005,0.0,-0.05600000000000005,0.0
1334,-0.053999999999999826,0.0,-0.053999999999999826,0.0
1335,-0.052000000000000046,0.0,-0.052000000000000046,0.0
1336,-0.04999999999999982,0.0,-0.04999999999999982,0.0
1337,-0.04800000000000004,0.0,-0.04800000000000004,0.0
1338,-0.04599999999999982,0.0,-0.04599999999999982,0.0
1339,-0.04400000000000004,0.0,-0.04400000000000004,0.0
1340,-0.041999999999999815,0.0,-0.041999999999999815,0.0
1341,-0.040000000000000036,0.0,-0.040000000000000036,0.0
1342,-0.03799999999999981,0.0,-0.03799999999999981,0.0
1343,-0.03600000000000003,0.0,-0.03600000000000003,0.0
1344,-0.03399999999999981,0.0,-0.03399999999999981,0.0
1345,-0.03200000000000003,0.0,-0.03200000000000003,0.0
1346,-0.029999999999999805,0.0,-0.029999999999999805,0.0
1347,-0.028000000000000025,0.0,-0.028000000000000025,0.0
1348,-0.0259999999999998,0.0,-0.0259999999999998,0.0
1349,-0.02400000000000002,0.0,-0.02400000000000002,0.0
1350,-0.021999999999999797,0.0,-0.021999999999999797,0.0
1351,-0.020000000000000018,0.0,-0.020000000000000018,0.0
1352,-0.017999999999999794,0.0,-0.017999999999999794,0.0
1353,-0.016000000000000014,0.0,-0.016000000000000014,0.0
1354,-0.01399999999999979,0.0,-0.01399999999999979,0.0
1355,-0.01200000000000001,0.0,-0.01200000000000001,0.0
1356,-0.009999999999999787,0.0,-0.009999999999999787,0.0
1357,-0.008000000000000007,0.0,-0.008000000000000007,0.0
1358,-0.005999999999999783,0.0,-0.005999999999999783,0.0
1359,-0.0040000000000000036,0.0,-0.0040000000000000036,0.0
1360,-0.0019999999999997797,0.0,-0.0019999999999997797,0.0
1361,0.0,0.0,0.0,0.0
1362,0.002000000000000224,0.0,0.002000000000000224,0.0
1363,0.0040000000000000036,0.0,0.0040000000000000036,0.0
1364,0.006000000000000227,0.0,0.006000000000000227,0.0
1365,0.008000000000000007,0.0,0.008000000000000007,0.0
1366,0.010000000000000231,0.0,0.010000000000000231,0.0
1367,0.01200000000000001,0.0,0.01200000000000001,0.0
1368,0.014000000000000234,0.0,0.014000000000000234,0.0
1369,0.016000000000000014,0.0,0.016000000000000014,0.0
1370,0.018000000000000238,0.0,0.018000000000000238,0.0
1371,0.020000000000000018,0.0,0.020000000000000018,0.0
1372,0.02200000000000024,0.0,0.02200000000000024,0.0
1373,0.02400000000000002,0.0,0.02400000000000002,0.0
1374,0.026000000000000245,0.0,0.026000000000000245,0.0
1375,0.028000000000000025,0.0,0.028000000000000025,0.0
1376,0.03000000000000025,0.0,0.03000000000000025,0.0
1377,0.03200000000000003,0.0,0.03200000000000003,0.0
1378,0.03400000000000025,0.0,0.03400000000000025,0.0
1379,0.03600000000000003,0.0,0.03600000000000003,0.0
1380,0.038000000000000256,0.0,0.038000000000000256,0.0
1381,0.040000000000000036,0.0,0.040000000000000036,0.0
1382,0.04200000000000026,0.0,0.04200000000000026,0.0
1383,0.04400000000000004,0.0,0.04400000000000004,0.0
1384,0.04600000000000026,0.0,0.04600000000000026,0.0
1385,0.04800000000000004,0.0,0.04800000000000004,0.0
1386,0.050000000000000266,0.0,0.050000000000000266,0.0
1387,0.052000000000000046,0.0,0.052000000000000046,0.0
1388,0.05400000000000027,0.0,0.05400000000000027,0.0
1389,0.05600000000000005,0.0,0.05600000000000005,0.0
1390,0.058000000000000274,0.0,0.058000000000000274,0.0
1391,0.06000000000000005,0.0,0.06000000000000005,0.0
1392,0.06200000000000028,0.0,0.06200000000000028,0.0
1393,0.06400000000000006,0.0,0.06400000000000006,0.0
1394,0.06600000000000028,0.0,0.06600000000000028,0.0
1395,0.06800000000000006,0.0,0.06800000000000006,0.0
1396,0.07000000000000028,0.0,0.07000000000000028,0.0
1397,0.07200000000000006,0.0,0.07200000000000006,0.0
1398,0.07400000000000029,0.0,0.07400000000000029,0.0
1399,0.07600000000000007,0.0,0.07600000000000007,0.0
1400,0.07800000000000029,0.0,0.07800000000000029,0.0
1401,0.08000000000000007,0.0,0.08000000000000007,0.0
1402,0.0820000000000003,0.0,0.0820000000000003,0.0
1403,0.08400000000000007,0.0,0.08400000000000007,0.0
1404,0.0860000000000003,0.0,0.0860000000000003,0.0
1405,0.08800000000000008,0.0,0.08800000000000008,0.0
1406,0.0900000000000003,0.0,0.0900000000000003,0.0
1407,0.09200000000000008,0.0,0.09200000000000008,0.0
1408,0.09399999999999986,0.0,0.09399999999999986,0.0
1409,0.09600000000000009,0.0,0.09600000000000009,0.0
1410,0.09799999999999986,0.0,0.09799999999999986,0.0
1411,0.10000000000000009,0.0,0.10000000000000009,0.0
1412,0.10199999999999987,0.0,0.10199999999999987,0.0
1413,0.10400000000000009,0.0,0.10400000000000009,0.0
1414,0.10599999999999987,0.0,0.10599999999999987,0.0
1415,0.1080000000000001,0.0,0.1080000000000001,0.0
1416,0.10999999999999988,0.0,0.10999999999999988,0.0
1417,0.1120000000000001,0.0,0.1120000000000001,0.0
1418,0.11399999999999988,0.0,0.11399999999999988,0.0
1419,0.1160000000000001,0.0,0.1160000000000001,0.0
1420,0.11799999999999988,0.0,0.11799999999999988,0.0
1421,0.1200000000000001,0.0,0.1200000000000001,0.0
1422,0.12199999999999989,0.0,0.12199999999999989,0.0
1423,0.12400000000000011,0.0,0.12400000000000011,0.0
1424,0.1259999999999999,0.0,0.1259999999999999,0.0
1425,0.1280000000000001,0.0,0.1280000000000001,0.0
1426,0.1299999999999999,0.0,0.1299999999999999,0.0
1427,0.13200000000000012,0.0,0.13200000000000012,0.0
1428,0.1339999999999999,0.0,0.1339999999999999,0.0
1429,0.13600000000000012,0.0,0.13600000000000012,0.0
1430,0.1379999999999999,0.0,0.1379999999999999,0.0
1431,0.14000000000000012,0.0,0.14000000000000012,0.0
1432,0.1419999999999999,0.0,0.1419999999999999,0.0
1433,0.14400000000000013,0.0,0.14400000000000013,0.0
1434,0.1459999999999999,0.0,0.1459999999999999,0.0
1435,0.14800000000000013,0.0,0.14800000000000013,0.0
1436,0.1499999999999999,0.0,0.1499999999999999,0.0
1437,0.15200000000000014,0.0,0.15200000000000014,0.0
1438,0.15399999999999991,0.0,0.15399999999999991,0.0
1439,0.15600000000000014,0.0,0.15600000000000014,0.0
1440,0.15799999999999992,0.0,0.15799999999999992,0.0
1441,0.16000000000000014,0.0,0.16000000000000014,0.0
1442,0.16199999999999992,0.0,0.16199999999999992,0.0
1443,0.16400000000000015,0.0,0.16400000000000015,0.0
1444,0.16599999999999993,0.0,0.16599999999999993,0.0
1445,0.16800000000000015,0.0,0.16800000000000015,0.0
1446,0.16999999999999993,0.0,0.16999999999999993,0.0
1447,0.17200000000000015,0.0,0.17200000000000015,0.0
1448,0.17399999999999993,0.0,0.17399999999999993,0.0
1449,0.17600000000000016,0.0,0.17600000000000016,0.0
1450,0.17799999999999994,0.0,0.17799999999999994,0.3995972879943439
1451,0.18000000000000016,0.0,0.18000000000000016,1.7101036507852543
1452,0.18199999999999994,0.0,0.18199999999999994,2.99264853159001
1453,0.18400000000000016,0.5515632551558465,0.18400000000000016,4.24739573279771
1454,0.18599999999999994,1.9103780490219169,0.18599999999999994,5.474506043597076
1455,0.18800000000000017,3.240455510447111,0.18800000000000017,6.674137239978707
1456,0.18999999999999995,4.541832502986342,0.18999999999999995,7.846444084732903
1457,0.19200000000000017,5.814526664610884,0.19200000000000017,8.991578327451762
1458,0.19399999999999995,7.058536407705958,0.19399999999999995,10.109688704527116
1459,0.19600000000000017,8.273840919073054,0.19600000000000017,11.200920939152578
1460,0.19799999999999995,9.460400159927666,0.19799999999999995,12.265417741321555
1461,0.20000000000000018,10.618154865901559,0.20000000000000018,13.303318807829159
1462,0.20199999999999996,11.747026547040534,0.20199999999999996,14.31476082227033
1463,0.20400000000000018,12.846943063509386,0.20400000000000018,15.2998774550417
1464,0.20599999999999996,13.91901808101537,0.20599999999999996,16.25879936333976
1465,0.20800000000000018,14.964208062326161,0.20800000000000018,17.191654191162648
1466,0.20999999999999996,15.982938140135296,0.20999999999999996,18.098566569308424
1467,0.2120000000000002,16.97562301440994,0.2120000000000002,18.979658115376722
1468,0.21399999999999997,17.94266695238904,0.21399999999999997,19.835277100753864
1469,0.2160000000000002,18.884463788585123,0.2160000000000002,20.666366907361734
1470,0.21799999999999997,19.801396924782573,0.21799999999999997,21.473354080122867
1471,0.2200000000000002,20.69383933003927,0.2200000000000002,22.256616377952376
1472,0.22199999999999998,21.562153540685017,0.22199999999999998,23.01652659999818
1473,0.2240000000000002,22.406691660323073,0.2240000000000002,23.7534525856424
1474,0.22599999999999998,23.22779535982864,0.22599999999999998,24.467757214500004
1475,0.2280000000000002,24.025795877350358,0.2280000000000002,25.15979840642013
1476,0.22999999999999998,24.801014018308837,0.22999999999999998,25.82992912148478
1477,0.2320000000000002,25.553760155398088,0.2320000000000002,26.478497360010106
1478,0.23399999999999999,26.284334228584147,0.23399999999999999,27.10584616254517
1479,0.2360000000000002,26.99302574510638,0.2360000000000002,27.712313609873117
1480,0.238,27.680113779476244,0.238,28.298232823010064
1481,0.2400000000000002,28.345866973478483,0.2400000000000002,28.863931963206163
1482,0.242,28.99054353616996,0.242,29.409734231944583
1483,0.24400000000000022,29.614391243880778,0.24400000000000022,29.935957870942485
1484,0.246,30.217647440213227,0.246,30.442916162150087
1485,0.24800000000000022,30.8005390360428,0.24800000000000022,30.930917427751556
1486,0.25,31.36328250951717,0.25,31.40026503016415
1487,0.2520000000000002,31.906083906057212,0.2520000000000002,31.851257372039065
1488,0.254,32.42913883835602,0.254,32.2841878962606
1489,0.2560000000000002,32.932632486379816,0.2560000000000002,32.69934508594694
1490,0.258,33.41684130805347,0.258,33.09701246444945
1491,0.26000000000000023,33.88223391490587,0.26000000000000023,33.47746859535334
1492,0.262,34.32921742062786,0.262,33.840987082477
1493,0.26400000000000023,34.75818834474667,0.26400000000000023,34.18783656987265
1494,0.266,35.16953372143747,0.266,34.518280741825734
1495,0.26800000000000024,35.56363109952409,0.26800000000000024,34.83257840599822
1496,0.27,35.94084854247834,0.27,35.13101430003711
1497,0.27200000000000024,36.30154462842069,0.27200000000000024,35.4139399841706
1498,0.274,36.6460684501196,0.274,35.68171061321343
1499,0.27600000000000025,36.974759614992145,0.27600000000000025,35.93467496187877
1500,0.278,37.287948245103436,0.278,36.173175424777654
1501,0.28000000000000025,37.58595497716718,0.28000000000000025,36.39754801641948
1502,0.28200000000000003,37.869090962545116,0.28200000000000003,36.60812237121155
1503,0.28400000000000025,38.13765786724758,0.28400000000000025,36.805221743459526
1504,0.28600000000000003,38.39194787193297,0.28600000000000003,36.989163007367
1505,0.28800000000000026,38.632243671908235,0.28800000000000026,37.160256657035866
1506,0.29000000000000004,38.85881847712841,0.29000000000000004,37.31880680646599
1507,0.29200000000000026,39.07193601219707,0.29200000000000026,37.46511118955553
1508,0.29400000000000004,39.271850516365916,0.29400000000000004,37.59946116010063
1509,0.29600000000000026,39.45880674353512,0.29600000000000026,37.722141691795684
1510,0.29800000000000004,39.63303996225303,0.29800000000000004,37.833431378233115
1511,0.30000000000000027,39.79477595571645,0.30000000000000027,37.933602432903584
1512,0.30200000000000005,39.94423102177038,0.30200000000000005,38.02292068919577
1513,0.30400000000000027,40.08161197290824,0.30400000000000027,38.101645600396594
1514,0.30600000000000005,40.20711613627166,0.30600000000000005,38.170030239691016
1515,0.3080000000000003,40.3209313536507,0.3080000000000003,38.22832130016221
1516,0.31000000000000005,40.423235981483636,0.31000000000000005,38.276759094791394
1517,0.3120000000000003,40.51419889085714,0.3120000000000003,38.315577556457995
1518,0.31400000000000006,40.59397946750614,0.31400000000000006,38.345004237939534
1519,0.3160000000000003,40.662727611813935,0.3160000000000003,38.36526031191167
1520,0.31800000000000006,40.72058373881208,0.31800000000000006,38.37656057094819
1521,0.3200000000000003,40.76768655194131,0.3200000000000003,38.37911342752103
1522,0.32200000000000006,40.80444596162105,0.32200000000000006,38.37312091400023
1523,0.3240000000000003,40.83124471145145,0.3240000000000003,38.358778682653984
1524,0.32600000000000007,40.84835860244582,0.32600000000000007,38.336276005648614
1525,0.3280000000000003,40.856057381689446,0.3280000000000003,38.30579577504856
1526,0.33000000000000007,40.85460474233957,0.33000000000000007,38.26751450281642
1527,0.3320000000000003,40.84425832362541,0.3320000000000003,38.22160232081289
1528,0.3340000000000001,40.825269710848154,0.3340000000000001,38.168222980796834
1529,0.3360000000000003,40.797884435380965,0.3360000000000003,38.10753385442521
1530,0.3380000000000001,40.76234197466897,0.3380000000000001,38.03968593325315
1531,0.3400000000000003,40.71887575222926,0.3400000000000003,37.96482382873387
1532,0.3420000000000001,40.66771313765091,0.3420000000000001,37.883092059437004
1533,0.3440000000000003,40.60907544659494,0.3440000000000003,37.79489085301829
1534,0.3460000000000001,40.54317794079438,0.3460000000000001,37.700537410740935
1535,0.3480000000000003,40.47022982805418,0.3480000000000003,37.60022127900195
1536,0.3500000000000001,40.39043426225131,0.3500000000000001,37.49412872395125
1537,0.35199999999999987,40.30398834333468,0.35199999999999987,37.38244273149151
1538,0.3540000000000001,40.21108311732514,0.3540000000000001,37.26534300727823
1539,0.35599999999999987,40.11190357631559,0.35599999999999987,37.14300597671983
1540,0.3580000000000001,40.00662865847082,0.3580000000000001,37.01560478497743
1541,0.3599999999999999,39.895431248027656,0.3599999999999999,36.88330929696509
1542,0.3620000000000001,39.77847817529482,0.3620000000000001,36.746286097349596
1543,0.3639999999999999,39.65593021665309,0.3639999999999999,36.60469849055069
1544,0.3660000000000001,39.527942094555115,0.3660000000000001,36.45870650074079
1545,0.3679999999999999,39.39466247752562,0.3679999999999999,36.30846687184527
1546,0.3700000000000001,39.2562339801612,0.3700000000000001,36.15413306754224
1547,0.3719999999999999,39.11279316313052,0.3719999999999999,35.995855271262734
1548,0.3740000000000001,38.964470533174094,0.3740000000000001,35.833780386190476
1549,0.3759999999999999,38.81139054310454,0.3759999999999999,35.66805203526219
1550,0.3780000000000001,38.6536715918063,0.3780000000000001,35.498810561167254
1551,0.3799999999999999,38.491426024235956,0.3799999999999999,35.32619302634802
1552,0.3820000000000001,38.324760131421876,0.3820000000000001,35.15033321299955
1553,0.3839999999999999,38.15377415046457,0.3839999999999999,34.97136162306985
1554,0.3860000000000001,37.97856226453636,0.3860000000000001,34.789405478259624
1555,0.3879999999999999,37.79921260288168,0.3879999999999999,34.60458872002254
1556,0.3900000000000001,37.61580724081681,0.3900000000000001,34.41703200956495
1557,0.3919999999999999,37.42842219973012,0.3919999999999999,34.226852727846186
1558,0.39400000000000013,37.23715561826109,0.39400000000000013,34.03416497557826
1559,0.3959999999999999,37.04237568116344,0.3959999999999999,33.839079573226144
1560,0.39800000000000013,36.84428786698571,0.39800000000000013,33.64170406100751
1561,0.3999999999999999,36.64302845744714,0.3999999999999999,33.442142698893
1562,0.40200000000000014,36.438730914766,0.40200000000000014,33.24049646660593
1563,0.4039999999999999,36.231525881660005,0.4039999999999999,33.036863063622604
1564,0.40600000000000014,36.021541181345896,0.40600000000000014,32.83133690917198
1565,0.4079999999999999,35.80890181753985,0.4079999999999999,32.62400914223602
1566,0.41000000000000014,35.59372997445705,0.41000000000000014,32.41496762154935
1567,0.4119999999999999,35.37614501681214,0.4119999999999999,32.20429692559958
1568,0.41400000000000015,35.15626348981878,0.41400000000000015,31.992078352626994
1569,0.4159999999999999,34.93419911919005,0.4159999999999999,31.77838992062486
1570,0.41800000000000015,34.71006281113808,0.41800000000000015,31.563306367339095
1571,0.41999999999999993,34.483962652374416,0.41999999999999993,31.346899150268648
1572,0.42200000000000015,34.25600391010965,0.42200000000000015,31.12929423331604
1573,0.42399999999999993,34.02628903205378,0.42399999999999993,30.910664460790663
1574,0.42600000000000016,33.794917646415854,0.42600000000000016,30.691085954117106
1575,0.42799999999999994,33.56198656190435,0.42799999999999994,30.470631678370207
1576,0.43000000000000016,33.32758976772675,0.43000000000000016,30.249373294520954
1577,0.43199999999999994,33.09181843359001,0.43199999999999994,30.027381159436867
1578,0.43400000000000016,32.854760909700076,0.43400000000000016,29.804724325881608
1579,0.43599999999999994,32.61650272676234,0.43599999999999994,29.581470542515376
1580,0.43800000000000017,32.37712659598124,0.43800000000000017,29.357686253894503
1581,0.43999999999999995,32.13671240906062,0.43999999999999995,29.13343660047186
1582,0.44200000000000017,31.89533723820336,0.44200000000000017,28.908785418596473
1583,0.44399999999999995,31.653075336111776,0.44399999999999995,28.683795240513877
1584,0.4460000000000002,31.409998135987212,0.4460000000000002,28.458527294365766
1585,0.44799999999999995,31.16617425153045,0.44799999999999995,28.23304150419037
1586,0.4500000000000002,30.921669476941272,0.4500000000000002,28.00739648992205
1587,0.45199999999999996,30.676546786918937,0.45199999999999996,27.781649567391717
1588,0.4540000000000002,30.430866336661698,0.4540000000000002,27.5558567483264
1589,0.45599999999999996,30.184685461867247,0.45599999999999996,27.330072740349685
1590,0.4580000000000002,29.93805867873231,0.4580000000000002,27.104350946981278
1591,0.45999999999999996,29.69103768395305,0.45999999999999996,26.878743467637456
1592,0.4620000000000002,29.443671354724636,0.4620000000000002,26.65330109763059
1593,0.46399999999999997,29.196005748741698,0.46399999999999997,26.428073328169624
1594,0.4660000000000002,28.948084104197875,0.4660000000000002,26.203108346359627
1595,0.46799999999999997,28.699946839786254,0.46799999999999997,25.978453035202204
1596,0.4700000000000002,28.45163155469892,0.4700000000000002,25.754152973595097
1597,0.472,28.203173028627425,0.472,25.5302524363326
1598,0.4740000000000002,27.95466716878105,0.4740000000000002,25.30679439410513
1599,0.476,27.706265849711194,0.476,25.08382051349964
1600,0.4780000000000002,27.45802044518395,0.4780000000000002,24.861371156999233
1601,0.48,27.209979432533135,0.48,24.639485382983548
1602,0.4820000000000002,26.962190231965124,0.4820000000000002,24.41820094572836
1603,0.484,26.714699206559295,0.484,24.197554295405975
1604,0.4860000000000002,26.46755166226756,0.4860000000000002,23.977580578084854
1605,0.488,26.220791847914867,0.488,23.758313635729976
1606,0.4900000000000002,25.974462955198682,0.4900000000000002,23.539786006202473
1607,0.492,25.728607118689496,0.492,23.322028923260007
1608,0.4940000000000002,25.48326541583034,0.4940000000000002,23.10507231655638
1609,0.496,25.23847786693726,0.496,22.88894481164194
1610,0.4980000000000002,24.994283435198838,0.4980000000000002,22.67367372996316
1611,0.5,24.75072002667667,0.5,22.459285088863055
1612,0.5020000000000002,24.507824490304916,0.5020000000000002,22.24581332226378
1613,0.504,24.265632617890706,0.504,22.033304014172877
1614,0.5060000000000002,24.02417914411375,0.5060000000000002,21.821776084756696
1615,0.508,23.78349774652675,0.508,21.61124678243087
1616,0.5100000000000002,23.543621045554964,0.5100000000000002,21.401732965580315
1617,0.512,23.30458060449664,0.512,21.19325110255959
1618,0.5140000000000002,23.066406929522607,0.5140000000000002,20.985817271692547
1619,0.516,22.829129469676662,0.516,20.779447161272692
1620,0.5180000000000002,22.59277661687518,0.5180000000000002,20.574156069562807
1621,0.52,22.357375705907526,0.52,20.36995890479534
1622,0.5220000000000002,22.122953014435623,0.5220000000000002,20.166870185172012
1623,0.524,21.88953376299439,0.524,19.9649040388642
1624,0.5260000000000002,21.65714211499131,0.5260000000000002,19.764074204012573
1625,0.528,21.425801176706848,0.528,19.56439402872744
1626,0.5300000000000002,21.19553299729405,0.5300000000000002,19.365876471088406
1627,0.532,20.966358568778936,0.532,19.16853409914472
1628,0.5340000000000003,20.738297826060105,0.5340000000000003,18.972379090914924
1629,0.536,20.51136964690913,0.536,18.777423234387204
1630,0.5380000000000003,20.285591851970164,0.5380000000000003,18.583677927519044
1631,0.54,20.060981204760342,0.54,18.391154178237564
1632,0.5420000000000003,19.83755341166937,0.5420000000000003,18.199862604439186
1633,0.544,19.615323121959925,0.544,18.00981343398996
1634,0.5460000000000003,19.394303927767282,0.5460000000000003,17.821016504725257
1635,0.548,19.174508364099673,0.548,17.63348126445006
1636,0.5500000000000003,18.95594790883792,0.5500000000000003,17.447216770938677
1637,0.552,18.738632982735815,0.552,17.262231691935032
1638,0.5540000000000003,18.522572974847513,0.5540000000000003,17.078534305152363
1639,0.556,18.307803285097016,0.556,16.896132498273538
1640,0.5580000000000003,18.094355759404127,0.5580000000000003,16.715033768950732
1641,0.56,17.88223813704556,0.56,16.53524522480575
1642,0.5620000000000003,17.67145787520651,0.5620000000000003,16.3567735834297
1643,0.5640000000000001,17.46202214898105,0.5640000000000001,16.179625172383325
1644,0.5660000000000003,17.253937851371735,0.5660000000000003,16.003805929196673
1645,0.5680000000000001,17.047211593289987,0.5680000000000001,15.829321401369437
1646,0.5700000000000003,16.84184970355572,0.5700000000000003,15.65617674637059
1647,0.5720000000000001,16.63785822889771,0.5720000000000001,15.48437673163875
1648,0.5740000000000003,16.43524293395322,0.5740000000000003,15.313925734581849
1649,0.5760000000000001,16.234009301268383,0.5760000000000001,15.144827742577435
1650,0.5780000000000003,16.034162531297824,0.5780000000000003,14.977086352972378
1651,0.5800000000000001,15.83570754240502,0.5800000000000001,14.810704773083163
1652,0.5820000000000003,15.638648970861958,0.5820000000000003,14.645685820195592
1653,0.5840000000000001,15.442991170849467,0.5840000000000001,14.48203216319922
1654,0.5860000000000003,15.24873821445689,0.5860000000000003,14.31974467628018
1655,0.5880000000000001,15.05589389168241,0.5880000000000001,14.158819369019898
1656,0.5900000000000003,14.864461710432725,0.5900000000000003,13.999251804589917
1657,0.5920000000000001,14.674444896523372,0.5920000000000001,13.84103752232972
1658,0.5940000000000003,14.485846393678404,0.5940000000000003,13.68417203774645
1659,0.5960000000000001,14.298668863530711,0.5960000000000001,13.528650842515173
1660,0.5980000000000003,14.112914685621703,0.5980000000000003,13.374469404478617
1661,0.6000000000000001,13.928585957401625,0.6000000000000001,13.22162316764745
1662,0.6020000000000003,13.745684494229238,0.6020000000000003,13.070107552199982
1663,0.6040000000000001,13.564211829372145,0.6040000000000001,12.919917954482468
1664,0.6060000000000003,13.384169214006462,0.6060000000000003,12.771049747008815
1665,0.6080000000000001,13.20555761721715,0.6080000000000001,12.623498278460865
1666,0.6099999999999999,13.02837772599771,0.6099999999999999,12.477258873688141
1667,0.6120000000000001,12.852629945250344,0.6120000000000001,12.332326833707981
1668,0.6139999999999999,12.678314397786032,0.6139999999999999,12.188697435705603
1669,0.6160000000000001,12.505430924324276,0.6160000000000001,12.046365933033888
1670,0.6179999999999999,12.333979083493423,0.6179999999999999,11.905327555213653
1671,0.6200000000000001,12.163958151830336,0.6200000000000001,11.765577507933369
1672,0.6219999999999999,11.9953671237807,0.6219999999999999,11.627110973049435
1673,0.6240000000000001,11.828204711698737,0.6240000000000001,11.48992310858592
1674,0.6259999999999999,11.662469345847494,0.6259999999999999,11.354009048734806
1675,0.6280000000000001,11.498159174398545,0.6280000000000001,11.219363903855754
1676,0.6299999999999999,11.33527206343229,0.6299999999999999,11.085982760476337
1677,0.6320000000000001,11.173805596937658,0.6320000000000001,10.953860681291808
1678,0.6339999999999999,11.013757076812402,0.6339999999999999,10.82299270516532
1679,0.6360000000000001,10.855123522862808,0.6360000000000001,10.693373847127724
1680,0.6379999999999999,10.697901672803985,0.6379999999999999,10.564999098377761
1681,0.6400000000000001,10.5420882314874,0.6400000000000001,10.437863426281869
1682,0.6419999999999999,10.387685755394738,0.6419999999999999,10.311961774374382
1683,0.6440000000000001,10.234690355415525,0.6440000000000001,10.187289062357326
1684,0.6459999999999999,10.083094403576592,0.6459999999999999,10.063840186100624
1685,0.6480000000000001,9.932890288867313,0.6480000000000001,9.941610017641892
1686,0.6499999999999999,9.784070417239878,0.6499999999999999,9.820593405186646
1687,0.6520000000000001,9.636627211609028,0.6520000000000001,9.700785173108084
1688,0.6539999999999999,9.490553111852313,0.6539999999999999,9.582180121947314
1689,0.6560000000000001,9.34584057480983,0.6560000000000001,9.464773028413127
1690,0.6579999999999999,9.202482074284498,0.6579999999999999,9.34855864538222
1691,0.6600000000000001,9.060470101041776,0.6600000000000001,9.233531701898976
1692,0.6619999999999999,8.919797162809937,0.6619999999999999,9.119686903175673
1693,0.6640000000000001,8.780455784279805,0.6640000000000001,9.007018930592286
1694,0.6659999999999999,8.642438507105016,0.6659999999999999,8.89552244169669
1695,0.6680000000000001,8.505737889901756,0.6680000000000001,8.785192070204443
1696,0.6699999999999999,8.37034650824902,0.6699999999999999,8.676022425999012
1697,0.6720000000000002,8.236256954688354,0.6720000000000002,8.56800542940263
1698,0.6739999999999999,8.103461838724119,0.6739999999999999,8.461128960130797
1699,0.6760000000000002,7.971953786823224,0.6760000000000002,8.355383169603556
1700,0.6779999999999999,7.841725442415381,0.6779999999999999,8.250758327497014
1701,0.6800000000000002,7.7127694658928725,0.6800000000000002,8.14724478884514
1702,0.6819999999999999,7.5850785346107665,0.6819999999999999,8.044832994039972
1703,0.6840000000000002,7.4586453428867046,0.6840000000000002,7.943513468831414
1704,0.6859999999999999,7.33346260200112,0.6859999999999999,7.8432768243274325
1705,0.6880000000000002,7.209523040197016,0.6880000000000002,7.744113756993871
1706,0.69,7.086819402680186,0.69,7.646015048654624
1707,0.6920000000000002,6.965344451618996,0.6920000000000002,7.548971566491464
1708,0.694,6.845090966144598,0.694,7.452974263044222
1709,0.6960000000000002,6.726051742350721,0.6960000000000002,7.358014176210608
1710,0.698,6.608219593293882,0.698,7.264082429246375
1711,0.7000000000000002,6.491587348993165,0.7000000000000002,7.17117023076517
1712,0.702,6.3761478564304515,0.702,7.0792688747386805
1713,0.7040000000000002,6.261893979550191,0.7040000000000002,6.988369740496484
1714,0.706,6.148818599259618,0.706,6.898464292726201
1715,0.7080000000000002,6.036914613428552,0.7080000000000002,6.809544081473341
1716,0.71,5.926174936889586,0.71,6.721600742141456
1717,0.7120000000000002,5.816592501437897,0.7120000000000002,6.634625995491991
1718,0.714,5.708160255831443,0.714,6.548611647644427
1719,0.7160000000000002,5.600871165790765,0.7160000000000002,6.463549590076145
1720,0.718,5.494718213999178,0.718,6.379431799622556
1721,0.7200000000000002,5.389694400102586,0.7200000000000002,6.29625033847697
1722,0.722,5.285792740709668,0.722,6.213997354190738
1723,0.7240000000000002,5.183006269391685,0.7240000000000002,6.1326650796730995
1724,0.726,5.081328036682679,0.726,6.052245833191336
1725,0.7280000000000002,4.980751110079275,0.7280000000000002,5.972732018370619
1726,0.73,4.881268574040874,0.73,5.894116124194166
1727,0.7320000000000002,4.782873529989464,0.7320000000000002,5.816390725003082
1728,0.734,4.685558718659602,0.734,5.739548480496509
1729,0.7360000000000002,4.589313724230179,0.7360000000000002,5.663582135731491
1730,0.738,4.494128129394875,0.738,5.588484521123101
1731,0.7400000000000002,4.39999185266031,0.7400000000000002,5.514248552444316
1732,0.742,4.306894904289598,0.742,5.440867230826142
1733,0.7440000000000002,4.214827386302178,0.7440000000000002,5.368333642757485
1734,0.746,4.123779492473987,0.746,5.296640960085286
1735,0.7480000000000002,4.033741508337286,0.7480000000000002,5.225782440014385
1736,0.75,3.9447038111808315,0.75,5.155751425107652
1737,0.7520000000000002,3.8566568700497084,0.7520000000000002,5.086541343285862
1738,0.754,3.769591245745491,0.754,5.018145707827816
1739,0.7560000000000002,3.683497590826089,0.7560000000000002,4.950558117370223
1740,0.758,3.5983666496058957,0.758,4.8837722559078145
1741,0.7600000000000002,3.5141892581556426,0.7600000000000002,4.817781892793231
1742,0.762,3.430956344302545,0.762,4.752580882737141
1743,0.7640000000000002,3.3486589276301553,0.7640000000000002,4.688163165808117
1744,0.766,3.2672881194785086,0.766,4.624522767432753
1745,0.7680000000000002,3.1868351229439815,0.7680000000000002,4.561651899994506
1746,0.77,3.1072912328794287,0.77,4.4995371931275
1747,0.7720000000000002,3.0286478358940485,0.7720000000000002,4.438169842660514
1748,0.774,2.9508964103535176,0.774,4.377541590842033
1749,0.7760000000000002,2.874028526379855,0.7760000000000002,4.317644262997802
1750,0.778,2.7980358458515573,0.778,4.258469767530935
1751,0.7800000000000002,2.7229101224034657,0.7800000000000002,4.200010095921808
1752,0.782,2.648643201426899,0.782,4.142257322728168
1753,0.7840000000000003,2.57522702006952,0.7840000000000003,4.085203605585023
1754,0.786,2.5026536072354686,0.786,4.028841185204751
1755,0.7880000000000003,2.430915083585228,0.7880000000000003,3.9731623853769924
1756,0.79,2.3600036615357576,0.79,3.918159612968754
1757,0.7920000000000003,2.289911645260366,0.7920000000000003,3.863825357924311
1758,0.794,2.2206314306888326,0.794,3.8101521932653
1759,0.7960000000000003,2.152155505507286,0.7960000000000003,3.757132775090628
1760,0.798,2.084476449158327,0.798,3.7047598425765638
1761,0.8000000000000003,2.0175869328409077,0.8000000000000003,3.6530262179766444
1762,0.802,1.9514797195104476,0.802,3.601924806621771
1763,0.8040000000000003,1.8861476638787213,0.8040000000000003,3.551448596920114
1764,0.806,1.8215837124139695,0.806,3.501590660357204
1765,0.8080000000000003,1.7577809033407878,0.8080000000000003,3.452344151495842
1766,0.81,1.6947323666402392,0.81,3.4037023079761917
1767,0.8120000000000003,1.6324313240497401,0.8120000000000003,3.355658450515687
1768,0.8140000000000001,1.570871089063175,0.8140000000000001,3.3082059829091204
1769,0.8160000000000003,1.5100450669307808,0.8160000000000003,3.261338392028559
1770,0.8180000000000001,1.4499467546592617,0.8180000000000001,3.2150492478234263
1771,0.8200000000000003,1.3905697410116817,0.8200000000000003,3.1693322033204208
1772,0.8220000000000001,1.3319077065075613,0.8220000000000001,3.1241809946235977
1773,0.8240000000000003,1.2739544234227866,0.8240000000000003,3.079589440914288
1774,0.8260000000000001,1.2167037557897011,0.8260000000000001,3.035551444451178
1775,0.8280000000000003,1.16014965939701,0.8280000000000003,2.992060990570229
1776,0.8300000000000001,1.1042861817898788,0.8300000000000001,2.949112147684759
1777,0.8320000000000003,1.0491074622698364,0.8320000000000003,2.906699067285363
1778,0.8340000000000001,0.9946077318948674,0.8340000000000001,2.8648159839399883
1779,0.8360000000000003,0.9407813134793208,0.8360000000000003,2.823457215293862
1780,0.8380000000000001,0.8876226215940042,0.8380000000000001,2.782617162069564
1781,0.8400000000000003,0.8351254771822829,0.8400000000000003,2.742290308066952
1782,0.8420000000000001,0.7832768300543838,0.8420000000000001,2.7024712201632375
1783,0.8440000000000003,0.7320675995966346,0.8440000000000003,2.6631545483129098
1784,0.8460000000000001,0.6814904740790707,0.8460000000000001,2.6243350255478113
1785,0.8480000000000003,0.6315382130959954,0.8480000000000003,2.5860074679770646
1786,0.8500000000000001,0.5822036475660701,0.8500000000000001,2.5481667747871417
1787,0.8520000000000003,0.5334796797322245,0.8520000000000003,2.5108079282417983
1788,0.8540000000000001,0.48535928316174665,0.8540000000000001,2.473925993682137
1789,0.8560000000000003,0.43783550274619343,0.8560000000000003,2.437516119526545
1790,0.8580000000000001,0.3909014547014784,0.8580000000000001,2.401573537270758
1791,0.8600000000000003,0.34455032656778617,0.8600000000000003,2.366093561487793
1792,0.8620000000000001,0.2987753772096561,0.8620000000000001,2.3310715898280168
1793,0.8639999999999999,0.25356993681591,0.8639999999999999,2.296503103019087
1794,0.8660000000000001,0.2089274068996832,0.8660000000000001,2.262383664865979
1795,0.8679999999999999,0.16484126029845453,0.8679999999999999,2.228708922251005
1796,0.8700000000000001,0.12130504117397606,0.8700000000000001,2.1954746051337626
1797,0.8719999999999999,0.07831236501235289,0.8719999999999999,2.1626765265511967
1798,0.8740000000000001,0.03585691862396412,0.8740000000000001,2.1303105826175375
1799,0.8759999999999999,0.0,0.8759999999999999,2.0983727525243596
1800,0.8780000000000001,0.0,0.8780000000000001,2.066858830825016
1801,0.8799999999999999,0.0,0.8799999999999999,2.0357582388788074
1802,0.8820000000000001,0.0,0.8820000000000001,2.005063402372151
1803,0.8839999999999999,0.0,0.8839999999999999,1.9747694182878042
1804,0.8860000000000001,0.0,0.8860000000000001,1.944871430198166
1805,0.8879999999999999,0.0,0.8879999999999999,1.9153646282653325
1806,0.8900000000000001,0.0,0.8900000000000001,1.886244249241043
1807,0.8919999999999999,0.0,0.8919999999999999,1.8575055764667328
1808,0.8940000000000001,0.0,0.8940000000000001,1.8291439398734795
1809,0.8959999999999999,0.0,0.8959999999999999,1.8011547159820571
1810,0.8980000000000001,0.0,0.8980000000000001,1.7735333279028844
1811,0.8999999999999999,0.0,0.8999999999999999,1.746275245336073
1812,0.9020000000000001,0.0,0.9020000000000001,1.7193759845713816
1813,0.9039999999999999,0.0,0.9039999999999999,1.692831108488261
1814,0.9060000000000001,0.0,0.9060000000000001,1.6666362265558088
1815,0.9079999999999999,0.0,0.9079999999999999,1.6407869948328153
1816,0.9100000000000001,0.0,0.9100000000000001,1.6152791159677171
1817,0.9119999999999999,0.0,0.9119999999999999,1.5901083391986437
1818,0.9140000000000001,0.0,0.9140000000000001,1.5652704603533714
1819,0.9159999999999999,0.0,0.9159999999999999,1.5407613218493679
1820,0.9180000000000001,0.0,0.9180000000000001,1.5165768126937498
1821,0.9199999999999999,0.0,0.9199999999999999,1.4927128684833235
1822,0.9220000000000002,0.0,0.9220000000000002,1.4691654714045448
1823,0.9239999999999999,0.0,0.9239999999999999,1.4459306502335592
1824,0.9260000000000002,0.0,0.9260000000000002,1.423004480336162
1825,0.9279999999999999,0.0,0.9279999999999999,1.400383083667838
1826,0.9300000000000002,0.0,0.9300000000000002,1.3780626287737214
1827,0.9319999999999999,0.0,0.9319999999999999,1.3560393307886363
1828,0.9340000000000002,0.0,0.9340000000000002,1.3343094514370564
1829,0.9359999999999999,0.0,0.9359999999999999,1.3128692990331443
1830,0.9380000000000002,0.0,0.9380000000000002,1.2917152284807136
1831,0.94,0.0,0.94,1.2708436412732662
1832,0.9420000000000002,0.0,0.9420000000000002,1.2502509854939539
1833,0.944,0.0,0.944,1.2299337558156187
1834,0.9460000000000002,0.0,0.9460000000000002,1.209888493500752
1835,0.948,0.0,0.948,1.1901117864015336
1836,0.9500000000000002,0.0,0.9500000000000002,1.1706002689597956
1837,0.952,0.0,0.952,1.1513506222070564
1838,0.9540000000000002,0.0,0.9540000000000002,1.1323595737644867
1839,0.956,0.0,0.956,1.113623897842945
1840,0.9580000000000002,0.0,0.9580000000000002,1.095140415242941
1841,0.96,0.0,0.96,1.076905993354672
1842,0.9620000000000002,0.0,0.9620000000000002,1.0589175461579876
1843,0.964,0.0,0.964,1.0411720342224235
1844,0.9660000000000002,0.0,0.9660000000000002,1.0236664647071694
1845,0.968,0.0,0.968,1.0063978913610996
1846,0.9700000000000002,0.0,0.9700000000000002,0.9893634145227432
1847,0.972,0.0,0.972,0.9725601811203136
1848,0.9740000000000002,0.0,0.9740000000000002,0.955985384671679
1849,0.976,0.0,0.976,0.9396362652843924
1850,0.9780000000000002,0.0,0.9780000000000002,0.9235101096556613
1851,0.98,0.0,0.98,0.9076042510723771
1852,0.9820000000000002,0.0,0.9820000000000002,0.8919160694110877
1853,0.984,0.0,0.984,0.8764429911380227
1854,0.9860000000000002,0.0,0.9860000000000002,0.8611824893090692
1855,0.988,0.0,0.988,0.8461320835697967
1856,0.9900000000000002,0.0,0.9900000000000002,0.8312893401554315
1857,0.992,0.0,0.992,0.816651871890882
1858,0.9940000000000002,0.0,0.9940000000000002,0.8022173381907132
1859,0.996,0.0,0.996,0.7879834450591738
1860,0.9980000000000002,0.0,0.9980000000000002,0.7739479450901672
1861,1.0,0.0,1.0,0.7601086374672814
1862,1.0020000000000002,0.0,1.0020000000000002,0.7464633679637598
1863,1.004,0.0,1.004,0.7330100289425283
1864,1.0060000000000002,0.0,1.0060000000000002,0.7197465593561703
1865,1.008,0.0,1.008,0.7066681193219113
1866,1.0100000000000002,0.0,1.0100000000000002,0.6937684764082088
1867,1.012,0.0,1.012,0.6810454520656078
1868,1.0140000000000002,0.0,1.0140000000000002,0.6684969205699269
1869,1.016,0.0,1.016,0.656120772962173
1870,1.0180000000000002,0.0,1.0180000000000002,0.6439149170485198
1871,1.02,0.0,1.02,0.6318772774003296
1872,1.0220000000000002,0.0,1.0220000000000002,0.6200057953541319
1873,1.024,0.0,1.024,0.6082984290116438
1874,1.0260000000000002,0.0,1.0260000000000002,0.5967531532397501
1875,1.028,0.0,1.028,0.5853679596705231
1876,1.0300000000000002,0.0,1.0300000000000002,0.5741408567012034
1877,1.032,0.0,1.032,0.5630698694942184
1878,1.0340000000000003,0.0,1.0340000000000003,0.5521530399771637
1879,1.036,0.0,1.036,0.5413884268428222
1880,1.0380000000000003,0.0,1.0380000000000003,0.5307741055491448
1881,1.04,0.0,1.04,0.52030816831927
1882,1.0420000000000003,0.0,1.0420000000000003,0.5099887241415038
1883,1.044,0.0,1.044,0.49981389876933935
1884,1.0460000000000003,0.0,1.0460000000000003,0.489781834721439
1885,1.048,0.0,1.048,0.47989069128165085
1886,1.0500000000000003,0.0,1.0500000000000003,0.47013864449899223
1887,1.052,0.0,1.052,0.4605238871876668
1888,1.0540000000000003,0.0,1.0540000000000003,0.4510446289270474
1889,1.056,0.0,1.056,0.44169909606169244
1890,1.0580000000000003,0.0,1.0580000000000003,0.43248553170133053
1891,1.06,0.0,1.06,0.4234021957208753
1892,1.0620000000000003,0.0,1.0620000000000003,0.41444736476041044
1893,1.064,0.0,1.064,0.4056193322252052
1894,1.0660000000000003,0.0,1.0660000000000003,0.3969164082856984
1895,1.068,0.0,1.068,0.38833691987751456
1896,1.0700000000000003,0.0,1.0700000000000003,0.379879210701448
1897,1.072,0.0,1.072,0.3715416412234782
1898,1.0740000000000003,0.0,1.0740000000000003,0.3633225886747551
1899,1.076,0.0,1.076,0.35522044705161343
1900,1.0780000000000003,0.0,1.0780000000000003,0.34723362711555833
1901,1.08,0.0,1.08,0.3393605563932799
1902,1.0820000000000003,0.0,1.0820000000000003,0.3315996791766387
1903,1.084,0.0,1.084,0.3239494565226797
1904,1.0860000000000003,0.0,1.0860000000000003,0.3164083662536192
1905,1.088,0.0,1.088,0.3089749029568574
1906,1.0900000000000003,0.0,1.0900000000000003,0.301647577984966
1907,1.092,0.0,1.092,0.29442491945570015
1908,1.0940000000000003,0.0,1.0940000000000003,0.287305472251987
1909,1.096,0.0,1.096,0.28028779802193726
1910,1.0980000000000003,0.0,1.0980000000000003,0.27337047517883306
1911,1.1,0.0,1.1,0.2665520989011406
1912,1.1020000000000003,0.0,1.1020000000000003,0.25983128113249715
1913,1.104,0.0,1.104,0.2532066505817244
1914,1.1060000000000003,0.0,1.1060000000000003,0.24667685272281506
1915,1.108,0.0,1.108,0.2402405497949456
1916,1.1100000000000003,0.0,1.1100000000000003,0.23389642080246445
1917,1.112,0.0,1.112,0.2276431615149033
1918,1.1140000000000003,0.0,1.1140000000000003,0.22147948446696594
1919,1.116,0.0,1.116,0.2154041189585391
1920,1.1179999999999999,0.0,1.1179999999999999,0.20941581105468343
1921,1.12,0.0,1.12,0.2035133235856371
1922,1.1219999999999999,0.0,1.1219999999999999,0.19769543614681967
1923,1.124,0.0,1.124,0.19196094509882386
1924,1.126,0.0,1.126,0.18630866356742393
1925,1.1280000000000001,0.0,1.1280000000000001,0.18073742144356797
1926,1.13,0.0,1.13,0.17524606538338608
1927,1.1320000000000001,0.0,1.1320000000000001,0.16983345880818126
1928,1.134,0.0,1.134,0.16449848190443878
1929,1.1360000000000001,0.0,1.1360000000000001,0.15924003162381736
1930,1.138,0.0,1.138,0.15405702168315719
1931,1.1400000000000001,0.0,1.1400000000000001,0.14894838256447224
1932,1.142,0.0,1.142,0.1439130615149585
1933,1.1440000000000001,0.0,1.1440000000000001,0.13895002254698496
1934,1.146,0.0,1.146,0.13405824643810277
1935,1.1480000000000001,0.0,1.1480000000000001,0.1292367307310364
1936,1.15,0.0,1.15,0.12448448973369247
1937,1.1520000000000001,0.0,1.1520000000000001,0.11980055451915023
1938,1.154,0.0,1.154,0.1151839729256722
1939,1.1560000000000001,0.0,1.1560000000000001,0.11063368682485558
1940,1.158,0.0,1.158,0.10614823239931656
1941,1.1600000000000001,0.0,1.1600000000000001,0.10172672914890529
1942,1.162,0.0,1.162,0.09736838325201254
1943,1.1640000000000001,0.0,1.1640000000000001,0.09307240680977874
1944,1.166,0.0,1.166,0.08883801784610162
1945,1.1680000000000001,0.0,1.1680000000000001,0.08466444030762868
1946,1.17,0.0,1.17,0.08055090406376461
1947,1.1720000000000002,0.0,1.1720000000000002,0.07649664490666401
1948,1.174,0.0,1.174,0.07250090455123855
1949,1.1760000000000002,0.0,1.1760000000000002,0.0685629306351499
1950,1.178,0.0,1.178,0.06468197671881672
1951,1.1800000000000002,0.0,1.1800000000000002,0.0608573022854077
1952,1.182,0.0,1.182,0.057088172740848556
1953,1.1840000000000002,0.0,1.1840000000000002,0.053373859413815034
1954,1.186,0.0,1.186,0.04971363955573978
1955,1.1880000000000002,0.0,1.1880000000000002,0.04610679634080566
1956,1.19,0.0,1.19,0.04255261886595231
1957,1.1920000000000002,0.0,1.1920000000000002,0.03905040215086962
1958,1.194,0.0,1.194,0.03559944713800425
1959,1.1960000000000002,0.0,1.1960000000000002,0.03219906069255319
1960,1.198,0.0,1.198,0.028848555602469978
1961,1.2000000000000002,0.0,1.2000000000000002,0.025547250578458768
1962,1.202,0.0,1.202,0.022294470253980053
1963,1.2040000000000002,0.0,1.2040000000000002,0.019089545185245034
1964,1.206,0.0,1.206,0.01593181185122123
1965,1.2080000000000002,0.0,1.2080000000000002,0.012820612653626925
1966,1.21,0.0,1.21,0.00975529591693658
1967,1.2120000000000002,0.0,1.2120000000000002,0.006735215888375522
1968,1.214,0.0,1.214,0.0037597327379252435
1969,1.2160000000000002,0.0,1.2160000000000002,0.0008282125583181296
1970,1.218,0.0,1.218,0.0
1971,1.2200000000000002,0.0,1.2200000000000002,0.0
1972,1.222,0.0,1.222,0.0
1973,1.2240000000000002,0.0,1.2240000000000002,0.0
1974,1.226,0.0,1.226,0.0
1975,1.2280000000000002,0.0,1.2280000000000002,0.0
1976,1.23,0.0,1.23,0.0
1977,1.2320000000000002,0.0,1.2320000000000002,0.0
1978,1.234,0.0,1.234,0.0
1979,1.2360000000000002,0.0,1.2360000000000002,0.0
1980,1.238,0.0,1.238,0.0
1981,1.2400000000000002,0.0,1.2400000000000002,0.0
1982,1.242,0.0,1.242,0.0
1983,1.2440000000000002,0.0,1.2440000000000002,0.0
1984,1.246,0.0,1.246,0.0
1985,1.2480000000000002,0.0,1.2480000000000002,0.0
1986,1.25,0.0,1.25,0.0
1987,1.2520000000000002,0.0,1.2520000000000002,0.0
1988,1.254,0.0,1.254,0.0
1989,1.2560000000000002,0.0,1.2560000000000002,0.0
1990,1.258,0.0,1.258,0.0
1991,1.2600000000000002,0.0,1.2600000000000002,0.0
1992,1.262,0.0,1.262,0.0
1993,1.2640000000000002,0.0,1.2640000000000002,0.0
1994,1.266,0.0,1.266,0.0
1995,1.2680000000000002,0.0,1.2680000000000002,0.0
1996,1.27,0.0,1.27,0.0
1997,1.2720000000000002,0.0,1.2720000000000002,0.0
1998,1.274,0.0,1.274,0.0
1999,1.2760000000000002,0.0,1.2760000000000002,0.0
2000,1.278,0.0,1.278,0.0
2001,1.2799999999999998,0.0,1.2799999999999998,0.0
2002,1.2820000000000005,0.0,1.2820000000000005,0.0
2003,1.2840000000000003,0.0,1.2840000000000003,0.0
2004,1.286,0.0,1.286,0.0
2005,1.2879999999999998,0.0,1.2879999999999998,0.0
2006,1.2900000000000005,0.0,1.2900000000000005,0.0
2007,1.2920000000000003,0.0,1.2920000000000003,0.0
2008,1.294,0.0,1.294,0.0
2009,1.2959999999999998,0.0,1.2959999999999998,0.0
2010,1.2980000000000005,0.0,1.2980000000000005,0.0
2011,1.3000000000000003,0.0,1.3000000000000003,0.0
2012,1.302,0.0,1.302,0.0
2013,1.3039999999999998,0.0,1.3039999999999998,0.0
2014,1.3060000000000005,0.0,1.3060000000000005,0.0
2015,1.3080000000000003,0.0,1.3080000000000003,0.0
2016,1.31,0.0,1.31,0.0
2017,1.3119999999999998,0.0,1.3119999999999998,0.0
2018,1.3140000000000005,0.0,1.3140000000000005,0.0
2019,1.3160000000000003,0.0,1.3160000000000003,0.0
2020,1.318,0.0,1.318,0.0
2021,1.3199999999999998,0.0,1.3199999999999998,0.0
2022,1.3220000000000005,0.0,1.3220000000000005,0.0
2023,1.3240000000000003,0.0,1.3240000000000003,0.0
2024,1.326,0.0,1.326,0.0
2025,1.3279999999999998,0.0,1.3279999999999998,0.0
2026,1.3300000000000005,0.0,1.3300000000000005,0.0
2027,1.3320000000000003,0.0,1.3320000000000003,0.0
2028,1.334,0.0,1.334,0.0
2029,1.3359999999999999,0.0,1.3359999999999999,0.0
2030,1.3380000000000005,0.0,1.3380000000000005,0.0
2031,1.3400000000000003,0.0,1.3400000000000003,0.0
2032,1.342,0.0,1.342,0.0
2033,1.3439999999999999,0.0,1.3439999999999999,0.0
2034,1.3460000000000005,0.0,1.3460000000000005,0.0
2035,1.3480000000000003,0.0,1.3480000000000003,0.0
2036,1.35,0.0,1.35,0.0
2037,1.3519999999999999,0.0,1.3519999999999999,0.0
2038,1.3540000000000005,0.0,1.3540000000000005,0.0
2039,1.3560000000000003,0.0,1.3560000000000003,0.0
2040,1.358,0.0,1.358,0.0
2041,1.3599999999999999,0.0,1.3599999999999999,0.0
2042,1.3620000000000005,0.0,1.3620000000000005,0.0
2043,1.3640000000000003,0.0,1.3640000000000003,0.0
2044,1.366,0.0,1.366,0.0
2045,1.3679999999999999,0.0,1.3679999999999999,0.0
2046,1.3700000000000006,0.0,1.3700000000000006,0.0
2047,1.3720000000000003,0.0,1.3720000000000003,0.0
2048,1.374,0.0,1.374,0.0
2049,1.376,0.0,1.376,0.0
2050,1.3779999999999997,0.0,1.3779999999999997,0.0
2051,1.3800000000000003,0.0,1.3800000000000003,0.0
2052,1.3820000000000001,0.0,1.3820000000000001,0.0
2053,1.384,0.0,1.384,0.0
2054,1.3859999999999997,0.0,1.3859999999999997,0.0
2055,1.3880000000000003,0.0,1.3880000000000003,0.0
2056,1.3900000000000001,0.0,1.3900000000000001,0.0
2057,1.392,0.0,1.392,0.0
2058,1.3939999999999997,0.0,1.3939999999999997,0.0
2059,1.3960000000000004,0.0,1.3960000000000004,0.0
2060,1.3980000000000001,0.0,1.3980000000000001,0.0
2061,1.4,0.0,1.4,0.0
2062,1.4019999999999997,0.0,1.4019999999999997,0.0
2063,1.4040000000000004,0.0,1.4040000000000004,0.0
2064,1.4060000000000001,0.0,1.4060000000000001,0.0
2065,1.408,0.0,1.408,0.0
2066,1.4099999999999997,0.0,1.4099999999999997,0.0
2067,1.4120000000000004,0.0,1.4120000000000004,0.0
2068,1.4140000000000001,0.0,1.4140000000000001,0.0
2069,1.416,0.0,1.416,0.0
2070,1.4179999999999997,0.0,1.4179999999999997,0.0
2071,1.4200000000000004,0.0,1.4200000000000004,0.0
2072,1.4220000000000002,0.0,1.4220000000000002,0.0
2073,1.424,0.0,1.424,0.0
2074,1.4259999999999997,0.0,1.4259999999999997,0.0
2075,1.4280000000000004,0.0,1.4280000000000004,0.0
2076,1.4300000000000002,0.0,1.4300000000000002,0.0
2077,1.432,0.0,1.432,0.0
2078,1.4339999999999997,0.0,1.4339999999999997,0.0
2079,1.4360000000000004,0.0,1.4360000000000004,0.0
2080,1.4380000000000002,0.0,1.4380000000000002,0.0
2081,1.44,0.0,1.44,0.0
2082,1.4419999999999997,0.0,1.4419999999999997,0.0
2083,1.4440000000000004,0.0,1.4440000000000004,0.0
2084,1.4460000000000002,0.0,1.4460000000000002,0.0
2085,1.448,0.0,1.448,0.0
2086,1.4499999999999997,0.0,1.4499999999999997,0.0
2087,1.4520000000000004,0.0,1.4520000000000004,0.0
2088,1.4540000000000002,0.0,1.4540000000000002,0.0
2089,1.456,0.0,1.456,0.0
2090,1.4579999999999997,0.0,1.4579999999999997,0.0
2091,1.4600000000000004,0.0,1.4600000000000004,0.0
2092,1.4620000000000002,0.0,1.4620000000000002,0.0
2093,1.464,0.0,1.464,0.0
2094,1.4659999999999997,0.0,1.4659999999999997,0.0
2095,1.4680000000000004,0.0,1.4680000000000004,0.0
2096,1.4700000000000002,0.0,1.4700000000000002,0.0
2097,1.472,0.0,1.472,0.0
2098,1.4739999999999998,0.0,1.4739999999999998,0.0
2099,1.4760000000000004,0.0,1.4760000000000004,0.0
2100,1.4780000000000002,0.0,1.4780000000000002,0.0
2101,1.48,0.0,1.48,0.0
2102,1.4819999999999998,0.0,1.4819999999999998,0.0
2103,1.4840000000000004,0.0,1.4840000000000004,0.0
2104,1.4860000000000002,0.0,1.4860000000000002,0.0
2105,1.488,0.0,1.488,0.0
2106,1.4899999999999998,0.0,1.4899999999999998,0.0
2107,1.4920000000000004,0.0,1.4920000000000004,0.0
2108,1.4940000000000002,0.0,1.4940000000000002,0.0
2109,1.496,0.0,1.496,0.0
2110,1.4979999999999998,0.0,1.4979999999999998,0.0
2111,1.5000000000000004,0.0,1.5000000000000004,0.0
2112,1.5020000000000002,0.0,1.5020000000000002,0.0
2113,1.504,0.0,1.504,0.0
2114,1.5059999999999998,0.0,1.5059999999999998,0.0
2115,1.5080000000000005,0.0,1.5080000000000005,0.0
2116,1.5100000000000002,0.0,1.5100000000000002,0.0
2117,1.512,0.0,1.512,0.0
2118,1.5139999999999998,0.0,1.5139999999999998,0.0
2119,1.5160000000000005,0.0,1.5160000000000005,0.0
2120,1.5180000000000002,0.0,1.5180000000000002,0.0
2121,1.52,0.0,1.52,0.0
2122,1.5219999999999998,0.0,1.5219999999999998,0.0
2123,1.5240000000000005,0.0,1.5240000000000005,0.0
2124,1.5260000000000002,0.0,1.5260000000000002,0.0
2125,1.528,0.0,1.528,0.0
2126,1.5299999999999998,0.0,1.5299999999999998,0.0
2127,1.5320000000000005,0.0,1.5320000000000005,0.0
2128,1.5340000000000003,0.0,1.5340000000000003,0.0
2129,1.536,0.0,1.536,0.0
2130,1.5379999999999998,0.0,1.5379999999999998,0.0
2131,1.5400000000000005,0.0,1.5400000000000005,0.0
2132,1.5420000000000003,0.0,1.5420000000000003,0.0
2133,1.544,0.0,1.544,0.0
2134,1.5459999999999998,0.0,1.5459999999999998,0.0
2135,1.5480000000000005,0.0,1.5480000000000005,0.0
2136,1.5500000000000003,0.0,1.5500000000000003,0.0
2137,1.552,0.0,1.552,0.0
2138,1.5539999999999998,0.0,1.5539999999999998,0.0
2139,1.5560000000000005,0.0,1.5560000000000005,0.0
2140,1.5580000000000003,0.0,1.5580000000000003,0.0
2141,1.56,0.0,1.56,0.0
2142,1.5619999999999998,0.0,1.5619999999999998,0.0
2143,1.5640000000000005,0.0,1.5640000000000005,0.0
2144,1.5660000000000003,0.0,1.5660000000000003,0.0
2145,1.568,0.0,1.568,0.0
2146,1.5699999999999998,0.0,1.5699999999999998,0.0
2147,1.5720000000000005,0.0,1.5720000000000005,0.0
2148,1.5740000000000003,0.0,1.5740000000000003,0.0
2149,1.576,0.0,1.576,0.0
2150,1.5779999999999998,0.0,1.5779999999999998,0.0
2151,1.5800000000000005,0.0,1.5800000000000005,0.0
2152,1.5820000000000003,0.0,1.5820000000000003,0.0
2153,1.584,0.0,1.584,0.0
2154,1.5859999999999999,0.0,1.5859999999999999,0.0
2155,1.5880000000000005,0.0,1.5880000000000005,0.0
2156,1.5900000000000003,0.0,1.5900000000000003,0.0
2157,1.592,0.0,1.592,0.0
2158,1.5939999999999999,0.0,1.5939999999999999,0.0
2159,1.5960000000000005,0.0,1.5960000000000005,0.0
2160,1.5980000000000003,0.0,1.5980000000000003,0.0
2161,1.6,0.0,1.6,0.0
2162,1.6019999999999999,0.0,1.6019999999999999,0.0
2163,1.6040000000000005,0.0,1.6040000000000005,0.0
2164,1.6060000000000003,0.0,1.6060000000000003,0.0
2165,1.608,0.0,1.608,0.0
2166,1.6099999999999999,0.0,1.6099999999999999,0.0
2167,1.6120000000000005,0.0,1.6120000000000005,0.0
2168,1.6140000000000003,0.0,1.6140000000000003,0.0
2169,1.616,0.0,1.616,0.0
2170,1.6179999999999999,0.0,1.6179999999999999,0.0
2171,1.6200000000000006,0.0,1.6200000000000006,0.0
2172,1.6220000000000003,0.0,1.6220000000000003,0.0
2173,1.624,0.0,1.624,0.0
2174,1.626,0.0,1.626,0.0
2175,1.6280000000000006,0.0,1.6280000000000006,0.0
2176,1.6300000000000003,0.0,1.6300000000000003,0.0
2177,1.6320000000000001,0.0,1.6320000000000001,0.0
2178,1.634,0.0,1.634,0.0
2179,1.6359999999999997,0.0,1.6359999999999997,0.0
2180,1.6380000000000003,0.0,1.6380000000000003,0.0
2181,1.6400000000000001,0.0,1.6400000000000001,0.0
2182,1.642,0.0,1.642,0.0
2183,1.6439999999999997,0.0,1.6439999999999997,0.0
2184,1.6460000000000004,0.0,1.6460000000000004,0.0
2185,1.6480000000000001,0.0,1.6480000000000001,0.0
2186,1.65,0.0,1.65,0.0
2187,1.6519999999999997,0.0,1.6519999999999997,0.0
2188,1.6540000000000004,0.0,1.6540000000000004,0.0
2189,1.6560000000000001,0.0,1.6560000000000001,0.0
2190,1.658,0.0,1.658,0.0
2191,1.6599999999999997,0.0,1.6599999999999997,0.0
2192,1.6620000000000004,0.0,1.6620000000000004,0.0
2193,1.6640000000000001,0.0,1.6640000000000001,0.0
2194,1.666,0.0,1.666,0.0
2195,1.6679999999999997,0.0,1.6679999999999997,0.0
2196,1.6700000000000004,0.0,1.6700000000000004,0.0
2197,1.6720000000000002,0.0,1.6720000000000002,0.0
2198,1.674,0.0,1.674,0.0
2199,1.6759999999999997,0.0,1.6759999999999997,0.0
2200,1.6780000000000004,0.0,1.6780000000000004,0.0
2201,1.6800000000000002,0.0,1.6800000000000002,0.0
2202,1.682,0.0,1.682,0.0
2203,1.6839999999999997,0.0,1.6839999999999997,0.0
2204,1.6860000000000004,0.0,1.6860000000000004,0.0
2205,1.6880000000000002,0.0,1.6880000000000002,0.0
2206,1.69,0.0,1.69,0.0
2207,1.6919999999999997,0.0,1.6919999999999997,0.0
2208,1.6940000000000004,0.0,1.6940000000000004,0.0
2209,1.6960000000000002,0.0,1.6960000000000002,0.0
2210,1.698,0.0,1.698,0.0
2211,1.6999999999999997,0.0,1.6999999999999997,0.0
2212,1.7020000000000004,0.0,1.7020000000000004,0.0
2213,1.7040000000000002,0.0,1.7040000000000002,0.0
2214,1.706,0.0,1.706,0.0
2215,1.7079999999999997,0.0,1.7079999999999997,0.0
2216,1.7100000000000004,0.0,1.7100000000000004,0.0
2217,1.7120000000000002,0.0,1.7120000000000002,0.0
2218,1.714,0.0,1.714,0.0
2219,1.7159999999999997,0.0,1.7159999999999997,0.0
2220,1.7180000000000004,0.0,1.7180000000000004,0.0
2221,1.7200000000000002,0.0,1.7200000000000002,0.0
2222,1.722,0.0,1.722,0.0
2223,1.7239999999999998,0.0,1.7239999999999998,0.0
2224,1.7260000000000004,0.0,1.7260000000000004,0.0
2225,1.7280000000000002,0.0,1.7280000000000002,0.0
2226,1.73,0.0,1.73,0.0
2227,1.7319999999999998,0.0,1.7319999999999998,0.0
2228,1.7340000000000004,0.0,1.7340000000000004,0.0
2229,1.7360000000000002,0.0,1.7360000000000002,0.0
2230,1.738,0.0,1.738,0.0
2231,1.7399999999999998,0.0,1.7399999999999998,0.0
2232,1.7420000000000004,0.0,1.7420000000000004,0.0
2233,1.7440000000000002,0.0,1.7440000000000002,0.0
2234,1.746,0.0,1.746,0.0
2235,1.7479999999999998,0.0,1.7479999999999998,0.0
2236,1.7500000000000004,0.0,1.7500000000000004,0.0
2237,1.7520000000000002,0.0,1.7520000000000002,0.0
2238,1.754,0.0,1.754,0.0
2239,1.7559999999999998,0.0,1.7559999999999998,0.0
2240,1.7580000000000005,0.0,1.7580000000000005,0.0
2241,1.7600000000000002,0.0,1.7600000000000002,0.0
2242,1.762,0.0,1.762,0.0
2243,1.7639999999999998,0.0,1.7639999999999998,0.0
2244,1.7660000000000005,0.0,1.7660000000000005,0.0
2245,1.7680000000000002,0.0,1.7680000000000002,0.0
2246,1.77,0.0,1.77,0.0
2247,1.7719999999999998,0.0,1.7719999999999998,0.0
2248,1.7740000000000005,0.0,1.7740000000000005,0.0
2249,1.7760000000000002,0.0,1.7760000000000002,0.0
2250,1.778,0.0,1.778,0.0
2251,1.7799999999999998,0.0,1.7799999999999998,0.0
2252,1.7820000000000005,0.0,1.7820000000000005,0.0
2253,1.7840000000000003,0.0,1.7840000000000003,0.0
2254,1.786,0.0,1.786,0.0
2255,1.7879999999999998,0.0,1.7879999999999998,0.0
2256,1.7900000000000005,0.0,1.7900000000000005,0.0
2257,1.7920000000000003,0.0,1.7920000000000003,0.0
2258,1.794,0.0,1.794,0.0
2259,1.7959999999999998,0.0,1.7959999999999998,0.0
2260,1.7980000000000005,0.0,1.7980000000000005,0.0
2261,1.8000000000000003,0.0,1.8000000000000003,0.0
2262,1.802,0.0,1.802,0.0
2263,1.8039999999999998,0.0,1.8039999999999998,0.0
2264,1.8060000000000005,0.0,1.8060000000000005,0.0
2265,1.8080000000000003,0.0,1.8080000000000003,0.0
2266,1.81,0.0,1.81,0.0
2267,1.8119999999999998,0.0,1.8119999999999998,0.0
2268,1.8140000000000005,0.0,1.8140000000000005,0.0
2269,1.8160000000000003,0.0,1.8160000000000003,0.0
2270,1.818,0.0,1.818,0.0
2271,1.8199999999999998,0.0,1.8199999999999998,0.0
2272,1.8220000000000005,0.0,1.8220000000000005,0.0
2273,1.8240000000000003,0.0,1.8240000000000003,0.0
2274,1.826,0.0,1.826,0.0
2275,1.8279999999999998,0.0,1.8279999999999998,0.0
2276,1.8300000000000005,0.0,1.8300000000000005,0.0
2277,1.8320000000000003,0.0,1.8320000000000003,0.0
2278,1.834,0.0,1.834,0.0
2279,1.8359999999999999,0.0,1.8359999999999999,0.0
2280,1.8380000000000005,0.0,1.8380000000000005,0.0
2281,1.8400000000000003,0.0,1.8400000000000003,0.0
2282,1.842,0.0,1.842,0.0
2283,1.8439999999999999,0.0,1.8439999999999999,0.0
2284,1.8460000000000005,0.0,1.8460000000000005,0.0
2285,1.8480000000000003,0.0,1.8480000000000003,0.0
2286,1.85,0.0,1.85,0.0
2287,1.8519999999999999,0.0,1.8519999999999999,0.0
2288,1.8540000000000005,0.0,1.8540000000000005,0.0
2289,1.8560000000000003,0.0,1.8560000000000003,0.0
2290,1.858,0.0,1.858,0.0
2291,1.8599999999999999,0.0,1.8599999999999999,0.0
2292,1.8620000000000005,0.0,1.8620000000000005,0.0
2293,1.8640000000000003,0.0,1.8640000000000003,0.0
2294,1.866,0.0,1.866,0.0
2295,1.8679999999999999,0.0,1.8679999999999999,0.0
2296,1.8700000000000006,0.0,1.8700000000000006,0.0
2297,1.8720000000000003,0.0,1.8720000000000003,0.0
2298,1.874,0.0,1.874,0.0
2299,1.876,0.0,1.876,0.0
2300,1.8780000000000006,0.0,1.8780000000000006,0.0
2301,1.8800000000000003,0.0,1.8800000000000003,0.0
2302,1.8820000000000001,0.0,1.8820000000000001,0.0
2303,1.884,0.0,1.884,0.0
2304,1.8860000000000006,0.0,1.8860000000000006,0.0
2305,1.8880000000000003,0.0,1.8880000000000003,0.0
2306,1.8900000000000001,0.0,1.8900000000000001,0.0
2307,1.892,0.0,1.892,0.0
2308,1.8939999999999997,0.0,1.8939999999999997,0.0
2309,1.8960000000000004,0.0,1.8960000000000004,0.0
2310,1.8980000000000001,0.0,1.8980000000000001,0.0
2311,1.9,0.0,1.9,0.0
2312,1.9019999999999997,0.0,1.9019999999999997,0.0
2313,1.9040000000000004,0.0,1.9040000000000004,0.0
2314,1.9060000000000001,0.0,1.9060000000000001,0.0
2315,1.908,0.0,1.908,0.0
2316,1.9099999999999997,0.0,1.9099999999999997,0.0
2317,1.9120000000000004,0.0,1.9120000000000004,0.0
2318,1.9140000000000001,0.0,1.9140000000000001,0.0
2319,1.916,0.0,1.916,0.0
2320,1.9179999999999997,0.0,1.9179999999999997,0.0
2321,1.9200000000000004,0.0,1.9200000000000004,0.0
2322,1.9220000000000002,0.0,1.9220000000000002,0.0
2323,1.924,0.0,1.924,0.0
2324,1.9259999999999997,0.0,1.9259999999999997,0.0
2325,1.9280000000000004,0.0,1.9280000000000004,0.0
2326,1.9300000000000002,0.0,1.9300000000000002,0.0
2327,1.932,0.0,1.932,0.0
2328,1.9339999999999997,0.0,1.9339999999999997,0.0
2329,1.9360000000000004,0.0,1.9360000000000004,0.0
2330,1.9380000000000002,0.0,1.9380000000000002,0.0
2331,1.94,0.0,1.94,0.0
2332,1.9419999999999997,0.0,1.9419999999999997,0.0
2333,1.9440000000000004,0.0,1.9440000000000004,0.0
2334,1.9460000000000002,0.0,1.9460000000000002,0.0
2335,1.948,0.0,1.948,0.0
2336,1.9499999999999997,0.0,1.9499999999999997,0.0
2337,1.9520000000000004,0.0,1.9520000000000004,0.0
2338,1.9540000000000002,0.0,1.9540000000000002,0.0
2339,1.956,0.0,1.956,0.0
2340,1.9579999999999997,0.0,1.9579999999999997,0.0
2341,1.9600000000000004,0.0,1.9600000000000004,0.0
2342,1.9620000000000002,0.0,1.9620000000000002,0.0
2343,1.964,0.0,1.964,0.0
2344,1.9659999999999997,0.0,1.9659999999999997,0.0
2345,1.9680000000000004,0.0,1.9680000000000004,0.0
2346,1.9700000000000002,0.0,1.9700000000000002,0.0
2347,1.972,0.0,1.972,0.0
2348,1.9739999999999998,0.0,1.9739999999999998,0.0
2349,1.9760000000000004,0.0,1.9760000000000004,0.0
2350,1.9780000000000002,0.0,1.9780000000000002,0.0
2351,1.98,0.0,1.98,0.0
2352,1.9819999999999998,0.0,1.9819999999999998,0.0
2353,1.9840000000000004,0.0,1.9840000000000004,0.0
2354,1.9860000000000002,0.0,1.9860000000000002,0.0
2355,1.988,0.0,1.988,0.0
2356,1.9899999999999998,0.0,1.9899999999999998,0.0
2357,1.9920000000000004,0.0,1.9920000000000004,0.0
2358,1.9940000000000002,0.0,1.9940000000000002,0.0
2359,1.996,0.0,1.996,0.0
2360,1.9979999999999998,0.0,1.9979999999999998,0.0
2361,2.0000000000000004,0.0,2.0000000000000004,0.0
2362,2.0020000000000002,0.0,2.0020000000000002,0.0
2363,2.004,0.0,2.004,0.0
2364,2.006,0.0,2.006,0.0
2365,2.0080000000000005,0.0,2.0080000000000005,0.0
2366,2.0100000000000002,0.0,2.0100000000000002,0.0
2367,2.012,0.0,2.012,0.0
2368,2.014,0.0,2.014,0.0
2369,2.0160000000000005,0.0,2.0160000000000005,0.0
2370,2.0180000000000002,0.0,2.0180000000000002,0.0
2371,2.02,0.0,2.02,0.0
