,_n_OFF_x,_n_OFF_y
0,-3.866,1.0
1,-3.8640000000000003,0.9999990137345475
2,-3.862,0.9999961119015194
3,-3.8600000000000003,0.9999913771919592
4,-3.858,0.999984889611491
5,-3.8560000000000003,0.9999767267812342
6,-3.854,0.9999669639378029
7,-3.8520000000000003,0.9999556739333066
8,-3.85,0.9999429272353498
9,-3.8480000000000003,0.9999287926440815
10,-3.846,0.9999133399410132
11,-3.8440000000000003,0.9998966309371004
12,-3.842,0.9998787247484553
13,-3.8400000000000003,0.9998596790070952
14,-3.838,0.9998395498609416
15,-3.8360000000000003,0.999818391973821
16,-3.834,0.9997962585254644
17,-3.8320000000000003,0.9997732012115073
18,-3.83,0.9997492702434898
19,-3.8280000000000003,0.9997245143488571
20,-3.826,0.9996989807709585
21,-3.8240000000000003,0.9996727152690483
22,-3.822,0.9996457621182852
23,-3.8200000000000003,0.9996181641097326
24,-3.818,0.9995899625503586
25,-3.8160000000000003,0.9995611972630358
26,-3.814,0.9995319079172238
27,-3.8120000000000003,0.9995021382842761
28,-3.81,0.9994719204426074
29,-3.8080000000000003,0.9994412838913175
30,-3.806,0.9994102575021316
31,-3.8040000000000003,0.9993788695193996
32,-3.802,0.9993471475600959
33,-3.8000000000000003,0.99931511861382
34,-3.798,0.9992828090427965
35,-3.7960000000000003,0.9992502445818743
36,-3.794,0.9992174503385274
37,-3.7920000000000003,0.9991844507928546
38,-3.79,0.9991512697975795
39,-3.7880000000000003,0.9991179305780508
40,-3.786,0.9990844557322415
41,-3.7840000000000003,0.99905086723075
42,-3.782,0.9990171864167992
43,-3.7800000000000002,0.9989834340062368
44,-3.778,0.9989496300875356
45,-3.7760000000000002,0.998915794121793
46,-3.774,0.9988819449427313
47,-3.7720000000000002,0.9988481007566976
48,-3.77,0.998814279142664
49,-3.7680000000000002,0.9987804970522273
50,-3.766,0.9987467708096089
51,-3.7640000000000002,0.9987131184749186
52,-3.762,0.9986795569197653
53,-3.7600000000000002,0.9986460942906148
54,-3.758,0.9986127383435375
55,-3.7560000000000002,0.9985794967187014
56,-3.754,0.9985463769403733
57,-3.7520000000000002,0.9985133864169174
58,-3.75,0.9984805324407965
59,-3.748,0.9984478221885712
60,-3.746,0.9984152627209001
61,-3.744,0.9983828609825403
62,-3.742,0.9983506238023463
63,-3.74,0.9983185578932714
64,-3.738,0.9982866698523666
65,-3.736,0.9982549661607809
66,-3.734,0.9982234531837617
67,-3.732,0.998192137170654
68,-3.73,0.9981610242549015
69,-3.728,0.9981301204540455
70,-3.726,0.9980994316697255
71,-3.724,0.9980689636876791
72,-3.722,0.998038722177742
73,-3.72,0.9980087126938479
74,-3.718,0.9979789406740289
75,-3.716,0.9979494114404146
76,-3.714,0.9979201301992332
77,-3.712,0.9978911020408107
78,-3.71,0.9978623319395713
79,-3.708,0.9978338247540371
80,-3.706,0.9978055852268286
81,-3.704,0.9977776179846641
82,-3.702,0.9977499275383601
83,-3.7,0.99772251824703
84,-3.698,0.9976953920312032
85,-3.696,0.9976685470750549
86,-3.694,0.997641981293147
87,-3.692,0.9976156926682951
88,-3.69,0.9975896792515689
89,-3.688,0.9975639391622927
90,-3.686,0.9975384705880443
91,-3.684,0.997513271784656
92,-3.682,0.9974883410762139
93,-3.68,0.9974636768550583
94,-3.678,0.997439277581784
95,-3.676,0.9974151417852392
96,-3.674,0.9973912680625268
97,-3.672,0.9973676550790034
98,-3.67,0.9973443015682799
99,-3.668,0.9973212063322214
100,-3.666,0.9972983682409469
101,-3.664,0.9972757862328294
102,-3.662,0.9972534593144965
103,-3.66,0.9972313865608293
104,-3.658,0.9972095671149634
105,-3.656,0.9971880001882885
106,-3.654,0.9971666850604479
107,-3.652,0.9971456210793398
108,-3.65,0.9971248076611158
109,-3.648,0.997104244290182
110,-3.646,0.9970839305191985
111,-3.644,0.9970638659690795
112,-3.642,0.9970440503289932
113,-3.64,0.9970244833563621
114,-3.638,0.9970051648768626
115,-3.636,0.9969860947844253
116,-3.634,0.996967273041235
117,-3.632,0.9969486996777305
118,-3.63,0.9969303747926046
119,-3.628,0.9969122985528043
120,-3.6260000000000003,0.9968944711935308
121,-3.624,0.9968768930182392
122,-3.622,0.9968595643986389
123,-3.62,0.9968424857746933
124,-3.6180000000000003,0.9968256568021423
125,-3.616,0.9968090695274555
126,-3.614,0.9967927188105646
127,-3.612,0.9967766008960927
128,-3.6100000000000003,0.996760712105147
129,-3.608,0.9967450488353199
130,-3.606,0.996729607560688
131,-3.604,0.9967143848318122
132,-3.6020000000000003,0.9966993772757384
133,-3.6,0.9966845815959968
134,-3.598,0.9966699945726022
135,-3.596,0.9966556130620537
136,-3.5940000000000003,0.9966414339973353
137,-3.592,0.9966274543879153
138,-3.59,0.9966136713197468
139,-3.588,0.9966000819552668
140,-3.5860000000000003,0.9965866835333977
141,-3.584,0.9965734733695459
142,-3.582,0.9965604488556025
143,-3.58,0.996547607459943
144,-3.5780000000000003,0.9965349467274275
145,-3.576,0.9965224642794007
146,-3.5740000000000003,0.9965101578136919
147,-3.572,0.9964980251046147
148,-3.5700000000000003,0.9964860640029675
149,-3.568,0.996474272436033
150,-3.5660000000000003,0.9964626484075787
151,-3.564,0.9964511899978563
152,-3.5620000000000003,0.9964398953636023
153,-3.56,0.9964287627380377
154,-3.5580000000000003,0.996417790430868
155,-3.556,0.9964069768282832
156,-3.5540000000000003,0.9963963203929578
157,-3.552,0.996385819664051
158,-3.5500000000000003,0.9963754732572064
159,-3.548,0.9963652798645524
160,-3.5460000000000003,0.9963552382547013
161,-3.544,0.9963453472727507
162,-3.5420000000000003,0.9963356058402822
163,-3.54,0.9963260129553623
164,-3.5380000000000003,0.9963165676925416
165,-3.536,0.9963072692028558
166,-3.5340000000000003,0.9962981167138247
167,-3.532,0.9962891095294528
168,-3.5300000000000002,0.996280247030229
169,-3.528,0.9962715286731271
170,-3.5260000000000002,0.9962629539916049
171,-3.524,0.9962545225956052
172,-3.5220000000000002,0.9962462341715551
173,-3.52,0.9962380884823663
174,-3.5180000000000002,0.9962300853674351
175,-3.516,0.9962222244689449
176,-3.5140000000000002,0.9962144967863734
177,-3.512,0.9962068962900807
178,-3.5100000000000002,0.9961994207175692
179,-3.508,0.9961920678426798
180,-3.5060000000000002,0.9961848354755918
181,-3.504,0.9961777214628227
182,-3.5020000000000002,0.9961707236872288
183,-3.5,0.9961638400680045
184,-3.498,0.9961570685606828
185,-3.496,0.9961504071571349
186,-3.494,0.9961438538855706
187,-3.492,0.9961374068105381
188,-3.49,0.996131064032924
189,-3.488,0.9961248236899531
190,-3.486,0.996118683955189
191,-3.484,0.9961126430385334
192,-3.482,0.9961066991862265
193,-3.48,0.9961008506808471
194,-3.478,0.996095095841312
195,-3.476,0.9960894330228767
196,-3.474,0.9960838606171352
197,-3.472,0.9960783770520197
198,-3.47,0.996072980791801
199,-3.468,0.996067670337088
200,-3.466,0.9960624442248284
201,-3.464,0.996057301028308
202,-3.462,0.9960522393571513
203,-3.46,0.9960472578573208
204,-3.458,0.9960423552111181
205,-3.456,0.9960375301371823
206,-3.454,0.9960327813904917
207,-3.452,0.9960281077623626
208,-3.45,0.9960235080804498
209,-3.448,0.9960189812087467
210,-3.446,0.9960145260475848
211,-3.444,0.9960101415336341
212,-3.442,0.9960058266399031
213,-3.44,0.9960015803757388
214,-3.438,0.9959974017868265
215,-3.436,0.9959932899551898
216,-3.434,0.9959892439991908
217,-3.432,0.9959852630735301
218,-3.43,0.9959813463692466
219,-3.428,0.9959774931137179
220,-3.426,0.9959737025706593
221,-3.424,0.9959699740401254
222,-3.422,0.9959663068585086
223,-3.42,0.9959627003985401
224,-3.418,0.995959154069289
225,-3.416,0.9959556673161634
226,-3.414,0.9959522396209094
227,-3.412,0.9959488705016117
228,-3.41,0.9959455595126935
229,-3.408,0.9959423062449162
230,-3.406,0.9959391103253796
231,-3.404,0.9959359714175221
232,-3.402,0.9959328892211204
233,-3.4,0.9959298634722896
234,-3.398,0.9959268939434834
235,-3.396,0.9959239804434936
236,-3.394,0.9959211228174507
237,-3.392,0.9959183209468233
238,-3.39,0.9959155747494188
239,-3.388,0.9959128841793827
240,-3.386,0.9959102492271991
241,-3.3840000000000003,0.9959076665141736
242,-3.382,0.9959051280507975
243,-3.38,0.995902632874892
244,-3.378,0.995900180313031
245,-3.3760000000000003,0.9958977696991305
246,-3.374,0.99589540037445
247,-3.372,0.9958930716875917
248,-3.37,0.9958907829945006
249,-3.3680000000000003,0.9958885336584652
250,-3.366,0.9958863230501162
251,-3.364,0.9958841505474277
252,-3.362,0.9958820155357169
253,-3.3600000000000003,0.9958799174076435
254,-3.358,0.9958778555632103
255,-3.356,0.9958758294097632
256,-3.354,0.995873838361991
257,-3.3520000000000003,0.9958718818419252
258,-3.35,0.9958699592789406
259,-3.348,0.9958680701097548
260,-3.346,0.9958662137784281
261,-3.3440000000000003,0.9958643897363642
262,-3.342,0.9958625974423094
263,-3.34,0.9958608363623531
264,-3.338,0.9958591059699275
265,-3.3360000000000003,0.995857405745808
266,-3.334,0.9958557351781129
267,-3.332,0.9958540937623029
268,-3.33,0.9958524810011825
269,-3.3280000000000003,0.9958508964048985
270,-3.326,0.995849339490941
271,-3.324,0.9958478097841428
272,-3.322,0.9958463068166798
273,-3.3200000000000003,0.995844830128071
274,-3.318,0.9958433792651779
275,-3.316,0.9958419537822052
276,-3.314,0.9958405532407008
277,-3.3120000000000003,0.995839177209555
278,-3.31,0.9958378252650014
279,-3.308,0.9958364969906166
280,-3.306,0.99583519197732
281,-3.3040000000000003,0.9958339098233738
282,-3.302,0.9958326501343836
283,-3.3,0.9958314125232973
284,-3.298,0.9958301966104064
285,-3.2960000000000003,0.995829002023345
286,-3.294,0.99582782839709
287,-3.292,0.9958266753739617
288,-3.29,0.9958255426036229
289,-3.2880000000000003,0.9958244297430796
290,-3.286,0.9958233364566806
291,-3.2840000000000003,0.9958222624161179
292,-3.282,0.9958212073004261
293,-3.2800000000000002,0.995820170795983
294,-3.278,0.9958191525965091
295,-3.2760000000000002,0.9958181524030681
296,-3.274,0.9958171699240667
297,-3.2720000000000002,0.995816204875254
298,-3.27,0.9958152569797228
299,-3.2680000000000002,0.9958143259679084
300,-3.266,0.9958134115775891
301,-3.2640000000000002,0.995812513553886
302,-3.262,0.9958116316492636
303,-3.2600000000000002,0.9958107656235289
304,-3.258,0.9958099152438319
305,-3.2560000000000002,0.9958090802846659
306,-3.254,0.9958082605278666
307,-3.2520000000000002,0.9958074557626133
308,-3.25,0.9958066657854276
309,-3.248,0.9958058904001744
310,-3.246,0.9958051294180615
311,-3.244,0.9958043826576397
312,-3.242,0.9958036499448024
313,-3.24,0.9958029311127865
314,-3.238,0.9958022260021715
315,-3.236,0.9958015344608797
316,-3.234,0.9958008563441768
317,-3.232,0.995800191514671
318,-3.23,0.9957995398423137
319,-3.228,0.9957989012043993
320,-3.226,0.9957982754855649
321,-3.224,0.9957976625777906
322,-3.222,0.9957970623803996
323,-3.22,0.995796474800058
324,-3.218,0.9957958997507746
325,-3.216,0.9957953371539018
326,-3.214,0.9957947869381341
327,-3.212,0.9957942489988127
328,-3.21,0.9957937207773808
329,-3.208,0.9957932007190785
330,-3.206,0.9957926887403168
331,-3.204,0.9957921847578387
332,-3.202,0.9957916886887186
333,-3.2,0.9957912004503628
334,-3.198,0.9957907199605092
335,-3.196,0.9957902471372273
336,-3.194,0.9957897818989184
337,-3.192,0.9957893241643154
338,-3.19,0.9957888738524829
339,-3.188,0.9957884308828173
340,-3.186,0.9957879951750463
341,-3.184,0.9957875666492298
342,-3.182,0.9957871452257591
343,-3.18,0.9957867308253571
344,-3.178,0.9957863233690784
345,-3.176,0.9957859227783095
346,-3.174,0.9957855289747684
347,-3.172,0.9957851418805047
348,-3.17,0.9957847614179001
349,-3.168,0.9957843875096672
350,-3.166,0.9957840200788513
351,-3.164,0.9957836590488284
352,-3.162,0.9957833043433068
353,-3.16,0.9957829558863263
354,-3.1580000000000004,0.9957826136022582
355,-3.156,0.9957822774158058
356,-3.154,0.9957819472520039
357,-3.152,0.995781623036219
358,-3.1500000000000004,0.9957813046941493
359,-3.148,0.9957809921518245
360,-3.146,0.9957806853356064
361,-3.144,0.995780384172188
362,-3.1420000000000003,0.9957800885885943
363,-3.14,0.9957797985121819
364,-3.138,0.995779513870639
365,-3.136,0.9957792345919856
366,-3.1340000000000003,0.9957789606045732
367,-3.132,0.9957786918370851
368,-3.13,0.9957784282185363
369,-3.128,0.9957781696782737
370,-3.1260000000000003,0.9957779161459752
371,-3.124,0.9957776675516511
372,-3.122,0.9957774238256429
373,-3.12,0.9957771848986242
374,-3.1180000000000003,0.9957769507015998
375,-3.116,0.9957767211659065
376,-3.114,0.9957764962232128
377,-3.112,0.9957762758055188
378,-3.1100000000000003,0.9957760598451559
379,-3.108,0.995775848274788
380,-3.106,0.99577564102741
381,-3.104,0.9957754380363487
382,-3.1020000000000003,0.9957752392352626
383,-3.1,0.9957750445581418
384,-3.098,0.9957748539393082
385,-3.096,0.9957746673134154
386,-3.0940000000000003,0.9957744846154483
387,-3.092,0.995774305780724
388,-3.09,0.9957741307448911
389,-3.088,0.9957739594439295
390,-3.0860000000000003,0.9957737918141515
391,-3.084,0.9957736277922005
392,-3.082,0.9957734673150518
393,-3.08,0.9957733103200122
394,-3.0780000000000003,0.9957731567447204
395,-3.076,0.995773006527147
396,-3.074,0.9957728596055935
397,-3.072,0.9957727159186938
398,-3.0700000000000003,0.9957725754054132
399,-3.068,0.9957724380050488
400,-3.066,0.9957723036572291
401,-3.064,0.9957721723019147
402,-3.0620000000000003,0.9957720438793976
403,-3.06,0.9957719183303013
404,-3.058,0.9957717955955815
405,-3.056,0.9957716756165251
406,-3.0540000000000003,0.995771558334751
407,-3.052,0.9957714436922095
408,-3.05,0.9957713316311829
409,-3.048,0.9957712220942849
410,-3.0460000000000003,0.9957711150244609
411,-3.044,0.9957710103649883
412,-3.042,0.9957709080594758
413,-3.04,0.9957708080518638
414,-3.0380000000000003,0.9957707102864246
415,-3.036,0.9957706147077622
416,-3.034,0.995770521260812
417,-3.032,0.9957704298908413
418,-3.0300000000000002,0.9957703405434489
419,-3.028,0.9957702531645656
420,-3.0260000000000002,0.9957701677004536
421,-3.024,0.9957700840977067
422,-3.0220000000000002,0.9957700023032506
423,-3.02,0.9957699222643428
424,-3.0180000000000002,0.995769843928572
425,-3.016,0.9957697672438591
426,-3.0140000000000002,0.9957696921584563
427,-3.012,0.9957696186209477
428,-3.0100000000000002,0.9957695465802489
429,-3.008,0.9957694759856074
430,-3.0060000000000002,0.9957694067866022
431,-3.004,0.995769338933144
432,-3.0020000000000002,0.9957692723754753
433,-3.0,0.9957692070641703
434,-2.998,0.9957691429501344
435,-2.996,0.9957690799846054
436,-2.994,0.9957690181191524
437,-2.992,0.995768957305676
438,-2.99,0.995768897496409
439,-2.988,0.9957688386439152
440,-2.986,0.9957687807131608
441,-2.984,0.9957687261827443
442,-2.982,0.9957686767876327
443,-2.98,0.9957686323030605
444,-2.978,0.9957685925076639
445,-2.976,0.995768557183481
446,-2.974,0.9957685261159517
447,-2.972,0.9957684990939174
448,-2.97,0.9957684759096217
449,-2.968,0.9957684563587096
450,-2.966,0.9957684402402281
451,-2.964,0.9957684273566262
452,-2.962,0.9957684175137541
453,-2.96,0.9957684105208644
454,-2.958,0.9957684061906111
455,-2.956,0.9957684043390501
456,-2.954,0.9957684047856392
457,-2.952,0.9957684073532378
458,-2.95,0.9957684118681072
459,-2.948,0.9957684181599105
460,-2.946,0.9957684260617125
461,-2.944,0.9957684354099797
462,-2.942,0.9957684460445809
463,-2.94,0.995768457808786
464,-2.938,0.9957684705492672
465,-2.936,0.9957684841160981
466,-2.934,0.9957684983627545
467,-2.932,0.9957685131461136
468,-2.93,0.9957685283264546
469,-2.928,0.9957685437674584
470,-2.926,0.9957685593362079
471,-2.924,0.9957685749031874
472,-2.922,0.9957685903422834
473,-2.92,0.9957686055307838
474,-2.918,0.9957686203493787
475,-2.916,0.9957686346821598
476,-2.914,0.9957686484166203
477,-2.912,0.9957686614436556
478,-2.91,0.9957686736575627
479,-2.908,0.9957686849560405
480,-2.906,0.9957686952401896
481,-2.904,0.9957687044145123
482,-2.902,0.9957687123869129
483,-2.9000000000000004,0.9957687190686973
484,-2.898,0.9957687243745733
485,-2.896,0.9957687282226505
486,-2.894,0.9957687305344403
487,-2.8920000000000003,0.9957687312348555
488,-2.89,0.9957687302522115
489,-2.888,0.9957687275182245
490,-2.886,0.9957687229680134
491,-2.8840000000000003,0.9957687165400984
492,-2.882,0.9957687081764014
493,-2.88,0.9957686978222464
494,-2.878,0.9957686854263591
495,-2.8760000000000003,0.9957686709408667
496,-2.874,0.9957686543212987
497,-2.872,0.9957686355265859
498,-2.87,0.9957686145190612
499,-2.8680000000000003,0.9957685912644592
500,-2.866,0.9957685657319162
501,-2.864,0.9957685378939704
502,-2.862,0.9957685077265618
503,-2.8600000000000003,0.9957684752090321
504,-2.858,0.9957684403241248
505,-2.856,0.9957684030579853
506,-2.854,0.9957683634001606
507,-2.8520000000000003,0.9957683213435996
508,-2.85,0.9957682768846531
509,-2.848,0.9957682300230735
510,-2.846,0.995768180762015
511,-2.8440000000000003,0.9957681291080337
512,-2.842,0.9957680750710874
513,-2.84,0.9957680186645358
514,-2.838,0.9957679599051403
515,-2.8360000000000003,0.9957678988130639
516,-2.834,0.9957678354118719
517,-2.832,0.9957677697285309
518,-2.83,0.9957677017934093
519,-2.8280000000000003,0.9957676316402777
520,-2.826,0.9957675593063082
521,-2.824,0.9957674848320747
522,-2.822,0.9957674082615529
523,-2.8200000000000003,0.9957673296421201
524,-2.818,0.995767249024556
525,-2.816,0.9957671664630414
526,-2.814,0.9957670820151592
527,-2.8120000000000003,0.9957669957418941
528,-2.81,0.9957669077076325
529,-2.808,0.9957668179801628
530,-2.806,0.9957667266306747
531,-2.8040000000000003,0.9957666337337602
532,-2.802,0.9957665393674129
533,-2.8,0.9957664436130281
534,-2.798,0.9957663465554032
535,-2.7960000000000003,0.9957662482827369
536,-2.794,0.99576614888663
537,-2.792,0.9957660484620849
538,-2.79,0.9957659471075063
539,-2.7880000000000003,0.9957658449247001
540,-2.786,0.9957657420188741
541,-2.784,0.9957656384986381
542,-2.782,0.9957655344760036
543,-2.7800000000000002,0.9957654300663838
544,-2.778,0.9957653253885937
545,-2.776,0.9957652205648504
546,-2.774,0.9957651157207722
547,-2.7720000000000002,0.9957650109853796
548,-2.77,0.995764906491095
549,-2.768,0.9957648023737421
550,-2.766,0.9957646987725469
551,-2.7640000000000002,0.995764595830137
552,-2.762,0.9957644936925415
553,-2.76,0.9957643925091917
554,-2.758,0.9957642924329206
555,-2.7560000000000002,0.9957641936199628
556,-2.754,0.9957640962299549
557,-2.752,0.9957640004259352
558,-2.75,0.9957639063743435
559,-2.748,0.9957638142450221
560,-2.746,0.9957637242112144
561,-2.7439999999999998,0.995763636449566
562,-2.742,0.9957635511401239
563,-2.74,0.9957634684663375
564,-2.738,0.9957633886150572
565,-2.7359999999999998,0.9957633117765359
566,-2.734,0.9957632381444278
567,-2.732,0.9957631679157891
568,-2.73,0.9957631012910779
569,-2.7279999999999998,0.9957630384741539
570,-2.726,0.9957629796722786
571,-2.724,0.9957629250961153
572,-2.722,0.9957628749597291
573,-2.7199999999999998,0.9957628294805871
574,-2.718,0.9957627888795578
575,-2.716,0.9957627533809118
576,-2.714,0.9957627232123212
577,-2.712,0.9957626986048602
578,-2.71,0.9957626797930047
579,-2.708,0.9957626670146321
580,-2.7060000000000004,0.9957626605110221
581,-2.704,0.9957626605268557
582,-2.702,0.995762667310216
583,-2.7,0.9957626811125878
584,-2.6980000000000004,0.9957627021888575
585,-2.696,0.9957627307973138
586,-2.694,0.9957627671996465
587,-2.692,0.9957628116609477
588,-2.6900000000000004,0.9957628644497112
589,-2.688,0.9957629258378323
590,-2.686,0.9957629953874307
591,-2.684,0.9957630716676726
592,-2.6820000000000004,0.9957631542335543
593,-2.68,0.9957632426729011
594,-2.678,0.9957633365808534
595,-2.676,0.9957634355598671
596,-2.6740000000000004,0.9957635392197136
597,-2.672,0.9957636471774796
598,-2.67,0.995763759057567
599,-2.668,0.9957638744916933
600,-2.6660000000000004,0.9957639931188914
601,-2.664,0.9957641145855096
602,-2.662,0.9957642385452113
603,-2.66,0.9957643646589757
604,-2.6580000000000004,0.995764492595097
605,-2.656,0.995764622029185
606,-2.654,0.9957647526441649
607,-2.652,0.9957648841302772
608,-2.6500000000000004,0.9957650161850777
609,-2.648,0.9957651485134379
610,-2.646,0.9957652808275443
611,-2.644,0.9957654128468992
612,-2.6420000000000003,0.9957655442983198
613,-2.64,0.9957656749159389
614,-2.638,0.995765804441205
615,-2.636,0.9957659326228815
616,-2.6340000000000003,0.9957660592170473
617,-2.632,0.995766183987097
618,-2.63,0.9957663067037402
619,-2.628,0.9957664271450022
620,-2.6260000000000003,0.9957665450962233
621,-2.624,0.9957666603500596
622,-2.622,0.9957667727064822
623,-2.62,0.995766881972778
624,-2.6180000000000003,0.9957669879635489
625,-2.616,0.9957670905007123
626,-2.614,0.9957671894135013
627,-2.612,0.9957672845384639
628,-2.6100000000000003,0.9957673757194636
629,-2.608,0.9957674628076797
630,-2.606,0.9957675456616063
631,-2.604,0.9957676241470533
632,-2.6020000000000003,0.9957676981371457
633,-2.6,0.9957677675123242
634,-2.598,0.9957678321603446
635,-2.596,0.9957678919762781
636,-2.5940000000000003,0.9957679468625116
637,-2.592,0.995767996728747
638,-2.59,0.9957680414920018
639,-2.588,0.9957680810766087
640,-2.5860000000000003,0.9957681154142162
641,-2.584,0.9957681444437876
642,-2.582,0.995768168111602
643,-2.58,0.9957681863712537
644,-2.5780000000000003,0.9957681991836527
645,-2.576,0.9957682065170238
646,-2.574,0.9957682083469077
647,-2.572,0.9957682046561603
648,-2.5700000000000003,0.9957681954349529
649,-2.568,0.9957681806807721
650,-2.566,0.99576816039842
651,-2.564,0.995768134600014
652,-2.5620000000000003,0.995768103304987
653,-2.56,0.9957680665400872
654,-2.558,0.9957680243393782
655,-2.556,0.9957679767442389
656,-2.5540000000000003,0.9957679238033637
657,-2.552,0.9957678655727623
658,-2.55,0.99576780211576
659,-2.548,0.9957677335029971
660,-2.5460000000000003,0.9957676598124297
661,-2.544,0.995767581129329
662,-2.542,0.9957674975462816
663,-2.54,0.9957674091631896
664,-2.5380000000000003,0.9957673160872705
665,-2.536,0.9957672184330572
666,-2.534,0.9957671163223977
667,-2.532,0.9957670098844558
668,-2.5300000000000002,0.9957668992557102
669,-2.528,0.9957667845799555
670,-2.526,0.9957666660083013
671,-2.524,0.995766543699173
672,-2.5220000000000002,0.9957664178183108
673,-2.52,0.9957662885387707
674,-2.518,0.995766156040924
675,-2.516,0.9957660205124574
676,-2.5140000000000002,0.995765882148373
677,-2.512,0.995765741150988
678,-2.51,0.9957655977299356
679,-2.508,0.9957654521021636
680,-2.5060000000000002,0.9957653044919359
681,-2.504,0.9957651551308313
682,-2.502,0.9957650042577443
683,-2.5,0.9957648521188845
684,-2.498,0.9957646989677771
685,-2.496,0.9957645450652626
686,-2.4939999999999998,0.995764390679497
687,-2.492,0.9957642360859513
688,-2.49,0.9957640815674125
689,-2.488,0.9957639274139825
690,-2.4859999999999998,0.9957637739230786
691,-2.484,0.9957636213994339
692,-2.482,0.9957634701550964
693,-2.48,0.9957633205094297
694,-2.4779999999999998,0.9957631727891129
695,-2.476,0.9957630273281403
696,-2.474,0.9957628844678216
697,-2.472,0.9957627445567819
698,-2.4699999999999998,0.9957626079509618
699,-2.468,0.9957624750136171
700,-2.466,0.9957623461153192
701,-2.464,0.9957622216339548
702,-2.4619999999999997,0.9957621019547257
703,-2.46,0.9957619874701495
704,-2.458,0.995761878580059
705,-2.4560000000000004,0.9957617756916025
706,-2.454,0.9957616792192434
707,-2.452,0.9957615895847608
708,-2.45,0.9957615072172491
709,-2.4480000000000004,0.9957614325531178
710,-2.446,0.9957613660360922
711,-2.444,0.9957613081172129
712,-2.442,0.9957612592548356
713,-2.4400000000000004,0.9957612199146317
714,-2.438,0.9957611905695878
715,-2.436,0.995761171700006
716,-2.434,0.9957611637935037
717,-2.4320000000000004,0.9957611673450136
718,-2.43,0.9957611828567842
719,-2.428,0.9957612108383788
720,-2.426,0.9957612518066765
721,-2.4240000000000004,0.9957613062858716
722,-2.422,0.9957613748074738
723,-2.42,0.9957614579103085
724,-2.418,0.9957615515186465
725,-2.4160000000000004,0.9957616505398087
726,-2.414,0.9957617546064315
727,-2.412,0.9957618633598837
728,-2.41,0.9957619764479715
729,-2.4080000000000004,0.9957620935249378
730,-2.406,0.9957622142514635
731,-2.404,0.9957623382946663
732,-2.402,0.9957624653281013
733,-2.4000000000000004,0.995762595031761
734,-2.398,0.995762727092075
735,-2.396,0.9957628612019103
736,-2.394,0.995762997060571
737,-2.3920000000000003,0.9957631343737988
738,-2.39,0.9957632728537724
739,-2.388,0.995763412219108
740,-2.386,0.9957635521948588
741,-2.3840000000000003,0.9957636925125154
742,-2.382,0.9957638329100058
743,-2.38,0.9957639731316952
744,-2.378,0.995764112928386
745,-2.3760000000000003,0.995764252057318
746,-2.374,0.9957643902821681
747,-2.372,0.9957645273730509
748,-2.37,0.9957646631065176
749,-2.3680000000000003,0.9957647972655573
750,-2.366,0.9957649296395961
751,-2.364,0.9957650600244973
752,-2.362,0.9957651882225617
753,-2.3600000000000003,0.9957653140425272
754,-2.358,0.9957654372995691
755,-2.356,0.9957655578153001
756,-2.354,0.9957656754177696
757,-2.3520000000000003,0.995765789941465
758,-2.35,0.9957659012273107
759,-2.348,0.9957660091226681
760,-2.346,0.9957661134813363
761,-2.3440000000000003,0.9957662141635514
762,-2.342,0.9957663110359869
763,-2.34,0.9957664039717536
764,-2.338,0.9957664928503995
765,-2.3360000000000003,0.99576657755791
766,-2.334,0.9957666579867076
767,-2.332,0.9957667340356522
768,-2.33,0.9957668056100408
769,-2.3280000000000003,0.9957668726216081
770,-2.326,0.9957669349885258
771,-2.324,0.9957669926354026
772,-2.322,0.9957670454932849
773,-2.3200000000000003,0.9957670934996563
774,-2.318,0.9957671365984376
775,-2.316,0.9957671747399869
776,-2.314,0.9957672078810995
777,-2.3120000000000003,0.9957672359850083
778,-2.31,0.9957672590213829
779,-2.308,0.9957672769663307
780,-2.306,0.9957672898023961
781,-2.3040000000000003,0.9957672975185611
782,-2.302,0.9957673001102444
783,-2.3,0.9957672975793026
784,-2.298,0.9957672899340293
785,-2.2960000000000003,0.9957672771891551
786,-2.294,0.9957672593658485
787,-2.292,0.9957672364917148
788,-2.29,0.9957672086007968
789,-2.2880000000000003,0.9957671757335743
790,-2.286,0.9957671379369647
791,-2.284,0.9957670952643226
792,-2.282,0.9957670477754399
793,-2.2800000000000002,0.9957669955365455
794,-2.278,0.9957669386203059
795,-2.276,0.9957668771058248
796,-2.274,0.9957668110786431
797,-2.2720000000000002,0.995766740630739
798,-2.27,0.9957666658605281
799,-2.268,0.9957665868728631
800,-2.266,0.9957665037790341
801,-2.2640000000000002,0.9957664166967685
802,-2.262,0.9957663257502308
803,-2.26,0.9957662310700229
804,-2.258,0.9957661327931842
805,-2.2560000000000002,0.995766031063191
806,-2.254,0.9957659260299568
807,-2.252,0.995765817849833
808,-2.25,0.9957657066856077
809,-2.248,0.9957655927065066
810,-2.246,0.9957654760881922
811,-2.2439999999999998,0.9957653570127651
812,-2.242,0.9957652356687624
813,-2.24,0.9957651122511588
814,-2.238,0.9957649869613665
815,-2.2359999999999998,0.9957648600072344
816,-2.234,0.9957647316030492
817,-2.232,0.9957646019695348
818,-2.23,0.9957644713338522
819,-2.2279999999999998,0.9957643399295996
820,-2.226,0.9957642079968126
821,-2.224,0.9957640757819645
822,-2.222,0.9957639435379652
823,-2.2199999999999998,0.9957638115241622
824,-2.218,0.9957636800063403
825,-2.216,0.9957635492567215
826,-2.214,0.9957634195539651
827,-2.2119999999999997,0.9957632911831676
828,-2.21,0.995763164435863
829,-2.208,0.9957630396100224
830,-2.206,0.9957629170100543
831,-2.2039999999999997,0.9957627969468041
832,-2.202,0.9957626797375552
833,-2.2,0.9957625657060275
834,-2.1980000000000004,0.9957624551823787
835,-2.196,0.9957623485032037
836,-2.194,0.9957622460115343
837,-2.192,0.9957621480568402
838,-2.1900000000000004,0.9957620549950278
839,-2.188,0.9957619671884411
840,-2.186,0.9957618850058614
841,-2.184,0.995761808822507
842,-2.1820000000000004,0.9957617390200338
843,-2.18,0.9957616759865349
844,-2.178,0.9957616201165403
845,-2.176,0.995761571811018
846,-2.1740000000000004,0.9957615314773727
847,-2.172,0.9957614995294465
848,-2.17,0.9957614763875189
849,-2.168,0.9957614624783067
850,-2.1660000000000004,0.9957614582349636
851,-2.164,0.9957614640970812
852,-2.162,0.9957614805106878
853,-2.16,0.9957615079282495
854,-2.1580000000000004,0.995761546808669
855,-2.156,0.9957615976172871
856,-2.154,0.9957616608258812
857,-2.152,0.9957617368557256
858,-2.1500000000000004,0.9957618214436398
859,-2.148,0.9957619114575714
860,-2.146,0.9957620065552402
861,-2.144,0.9957621064001305
862,-2.1420000000000003,0.9957622106614921
863,-2.14,0.9957623190143394
864,-2.138,0.9957624311394522
865,-2.136,0.9957625467233747
866,-2.1340000000000003,0.9957626654584167
867,-2.132,0.9957627870426525
868,-2.13,0.9957629111799218
869,-2.128,0.9957630375798288
870,-2.1260000000000003,0.9957631659577431
871,-2.124,0.9957632960347989
872,-2.122,0.9957634275378958
873,-2.12,0.9957635601996982
874,-2.1180000000000003,0.9957636937586354
875,-2.116,0.9957638279589017
876,-2.114,0.9957639625504565
877,-2.112,0.995764097289024
878,-2.1100000000000003,0.9957642319360936
879,-2.108,0.9957643662589195
880,-2.106,0.995764500030521
881,-2.104,0.9957646330296823
882,-2.1020000000000003,0.9957647650409527
883,-2.1,0.9957648958546461
884,-2.098,0.9957650252668421
885,-2.096,0.9957651530793845
886,-2.0940000000000003,0.9957652790998827
887,-2.092,0.9957654031417107
888,-2.09,0.9957655250240075
889,-2.088,0.9957656445716774
890,-2.0860000000000003,0.9957657616153892
891,-2.084,0.9957658759915773
892,-2.082,0.9957659875424404
893,-2.08,0.9957660961159427
894,-2.0780000000000003,0.9957662015658131
895,-2.076,0.9957663037515455
896,-2.074,0.9957664025383991
897,-2.072,0.9957664977973976
898,-2.0700000000000003,0.99576658940533
899,-2.068,0.9957666772447502
900,-2.066,0.9957667612039771
901,-2.064,0.9957668411770946
902,-2.0620000000000003,0.9957669170639514
903,-2.06,0.9957669887701613
904,-2.058,0.9957670562071034
905,-2.056,0.9957671192919212
906,-2.0540000000000003,0.9957671779475236
907,-2.052,0.9957672321025842
908,-2.05,0.9957672816915419
909,-2.048,0.9957673266546004
910,-2.0460000000000003,0.9957673669377283
911,-2.044,0.9957674024926594
912,-2.042,0.9957674332768921
913,-2.04,0.9957674592536904
914,-2.0380000000000003,0.9957674803920826
915,-2.036,0.9957674966668625
916,-2.034,0.9957675080585885
917,-2.032,0.9957675145535844
918,-2.0300000000000002,0.9957675161439385
919,-2.028,0.9957675128275045
920,-2.026,0.995767504607901
921,-2.024,0.9957674914945112
922,-2.0220000000000002,0.9957674735024837
923,-2.02,0.995767450652732
924,-2.018,0.9957674229719344
925,-2.016,0.9957673904925346
926,-2.0140000000000002,0.9957673532527407
927,-2.012,0.9957673112965262
928,-2.01,0.9957672646736294
929,-2.008,0.9957672134395537
930,-2.0060000000000002,0.9957671576555674
931,-2.004,0.9957670973887038
932,-2.002,0.9957670327117613
933,-2.0,0.995766963703303
934,-1.998,0.9957668904476572
935,-1.996,0.9957668130349171
936,-1.994,0.995766731560941
937,-1.992,0.995766646127352
938,-1.99,0.9957665568415384
939,-1.988,0.9957664638166531
940,-1.986,0.9957663671716145
941,-1.984,0.9957662670311056
942,-1.982,0.9957661635255746
943,-1.98,0.9957660567912344
944,-1.978,0.9957659469700632
945,-1.976,0.995765834209804
946,-1.974,0.9957657186639648
947,-1.972,0.9957656004918187
948,-1.97,0.9957654798584036
949,-1.968,0.9957653569345225
950,-1.966,0.9957652318967433
951,-1.964,0.995765104927399
952,-1.962,0.9957649762145875
953,-1.96,0.9957648459521716
954,-1.958,0.9957647143397794
955,-1.956,0.9957645815828036
956,-1.954,0.9957644478924019
957,-1.952,0.9957643134854974
958,-1.95,0.9957641785847777
959,-1.948,0.9957640434186958
960,-1.9460000000000002,0.9957639082214692
961,-1.9440000000000002,0.9957637732330809
962,-1.9420000000000002,0.9957636386992783
963,-1.9400000000000002,0.9957635048715745
964,-1.9380000000000002,0.995763372007247
965,-1.9360000000000002,0.9957632403693383
966,-1.9340000000000002,0.9957631102266563
967,-1.9320000000000002,0.9957629818537737
968,-1.9300000000000002,0.9957628555310277
969,-1.9280000000000002,0.9957627315445214
970,-1.9260000000000002,0.9957626101861221
971,-1.9240000000000002,0.9957624917534623
972,-1.9220000000000002,0.9957623765499398
973,-1.9200000000000002,0.995762264884717
974,-1.9180000000000001,0.9957621570727213
975,-1.9160000000000001,0.9957620534346453
976,-1.9140000000000001,0.9957619542969464
977,-1.9120000000000001,0.9957618599918471
978,-1.9100000000000001,0.9957617708573349
979,-1.9080000000000001,0.995761687237162
980,-1.9060000000000001,0.9957616094808459
981,-1.9040000000000001,0.9957615379436692
982,-1.9020000000000001,0.9957614729866788
983,-1.9000000000000001,0.9957614149766875
984,-1.8980000000000001,0.9957613642862723
985,-1.8960000000000001,0.9957613212937757
986,-1.8940000000000001,0.9957612863833049
987,-1.8920000000000001,0.995761259944732
988,-1.8900000000000001,0.9957612423736945
989,-1.8880000000000001,0.9957612340715946
990,-1.8860000000000001,0.9957612354455994
991,-1.8840000000000001,0.995761246908641
992,-1.8820000000000001,0.9957612688794167
993,-1.8800000000000001,0.9957613017823889
994,-1.8780000000000001,0.9957613460477842
995,-1.8760000000000001,0.9957614021115951
996,-1.874,0.9957614704155787
997,-1.872,0.9957615510395855
998,-1.87,0.9957616342040472
999,-1.868,0.9957617154213833
1000,-1.866,0.9957617947371392
1001,-1.8639999999999999,0.9957619108622782
1002,-1.862,0.9957573069487972
1003,-1.8599999999999999,0.9956871648793835
1004,-1.858,0.995299486353292
1005,-1.8559999999999999,0.9943109370892114
1006,-1.854,0.9926231339986966
1007,-1.8519999999999999,0.9902429255107773
1008,-1.85,0.9871995178881006
1009,-1.8479999999999999,0.9835270872859857
1010,-1.846,0.9792609571904108
1011,-1.8439999999999999,0.9744365747208568
1012,-1.842,0.9690894413228699
1013,-1.8399999999999999,0.9632552266460702
1014,-1.838,0.9569709061323916
1015,-1.8359999999999999,0.9502686646668415
1016,-1.834,0.9431794843875477
1017,-1.8319999999999999,0.9357348447011098
1018,-1.83,0.9279667222826111
1019,-1.8279999999999998,0.9199075910756062
1020,-1.826,0.911590422292134
1021,-1.8239999999999998,0.9030486844127043
1022,-1.822,0.8943585718474779
1023,-1.8199999999999998,0.8857582736061865
1024,-1.818,0.8773906753837732
1025,-1.8160000000000003,0.8693597182354894
1026,-1.814,0.86174157803571
1027,-1.8120000000000003,0.8545846654779378
1028,-1.81,0.8479096260747913
1029,-1.8080000000000003,0.8417093401580182
1030,-1.806,0.8359489203660987
1031,-1.8040000000000003,0.8305743885612032
1032,-1.802,0.8255573578505032
1033,-1.8000000000000003,0.8208806100765631
1034,-1.798,0.8165276678968268
1035,-1.7960000000000003,0.8124827947836255
1036,-1.794,0.8087309950241702
1037,-1.7920000000000003,0.8052580137205587
1038,-1.79,0.8020503367897688
1039,-1.7880000000000003,0.7990951909636648
1040,-1.786,0.7963804024285607
1041,-1.7840000000000003,0.7938891754067491
1042,-1.782,0.7916098288278968
1043,-1.7800000000000002,0.7895344236548417
1044,-1.778,0.7876551653422441
1045,-1.7760000000000002,0.78596440383659
1046,-1.774,0.7844546335761883
1047,-1.7720000000000002,0.783118493491173
1048,-1.77,0.7819487670035017
1049,-1.7680000000000002,0.7809383820269568
1050,-1.766,0.7800804109671442
1051,-1.7640000000000002,0.7793680707214946
1052,-1.762,0.7787947226792625
1053,-1.7600000000000002,0.7783538727215269
1054,-1.758,0.7780391712211906
1055,-1.7560000000000002,0.777844413042981
1056,-1.754,0.7777635375434495
1057,-1.7520000000000002,0.7777906285709717
1058,-1.75,0.7779199144657474
1059,-1.7480000000000002,0.7781457680598006
1060,-1.746,0.7784627066769797
1061,-1.7440000000000002,0.7788653921329568
1062,-1.742,0.7793486307352288
1063,-1.7400000000000002,0.7799073732831162
1064,-1.738,0.7805367150677642
1065,-1.7360000000000002,0.7812318958721419
1066,-1.734,0.7819882999710428
1067,-1.7320000000000002,0.7828014561310843
1068,-1.73,0.7836698485635547
1069,-1.7280000000000002,0.784595087433119
1070,-1.726,0.7855744403241154
1071,-1.7240000000000002,0.7866051534924478
1072,-1.722,0.7876845511856171
1073,-1.7200000000000002,0.7888100356427201
1074,-1.718,0.7899790870944507
1075,-1.7160000000000002,0.7911892637630982
1076,-1.714,0.7924382018625491
1077,-1.7120000000000002,0.7937236155982857
1078,-1.71,0.7950432971673875
1079,-1.7080000000000002,0.7963951167585293
1080,-1.706,0.7977770225519832
1081,-1.7040000000000002,0.7991870407196169
1082,-1.702,0.8006232754248955
1083,-1.7000000000000002,0.8020839088228793
1084,-1.698,0.8035783593490294
1085,-1.6960000000000002,0.8051308716219123
1086,-1.694,0.8066190663540561
1087,-1.6920000000000002,0.807885245471276
1088,-1.69,0.8087556138050856
1089,-1.6880000000000002,0.8090492706503407
1090,-1.686,0.8087630409755285
1091,-1.6840000000000002,0.8079462329544143
1092,-1.682,0.8066228797221765
1093,-1.6800000000000002,0.8048189987725348
1094,-1.678,0.8025627781001864
1095,-1.6760000000000002,0.7998827622411545
1096,-1.674,0.7968033345683382
1097,-1.6720000000000002,0.793348601688035
1098,-1.67,0.7895428919029626
1099,-1.6680000000000001,0.7854107552122642
1100,-1.666,0.7809769633115028
1101,-1.6640000000000001,0.7762665095926675
1102,-1.662,0.7713046091441661
1103,-1.6600000000000001,0.7661166987508338
1104,-1.658,0.7607284368939234
1105,-1.6560000000000001,0.7551928939552275
1106,-1.654,0.7496941643791132
1107,-1.6520000000000001,0.7443707951742811
1108,-1.65,0.739326414085328
1109,-1.6480000000000001,0.7346369859633994
1110,-1.646,0.7303508127661803
1111,-1.6440000000000001,0.7264885335579034
1112,-1.642,0.7230431245093419
1113,-1.6400000000000001,0.7199798988978161
1114,-1.638,0.7172365071071872
1115,-1.6360000000000001,0.7147229366278629
1116,-1.634,0.7123824527872493
1117,-1.6320000000000001,0.7102914230080978
1118,-1.63,0.7084425185410309
1119,-1.6280000000000001,0.7068235205482998
1120,-1.626,0.7054227440523075
1121,-1.624,0.7042290379356118
1122,-1.6219999999999999,0.7032317849409223
1123,-1.62,0.7024209016711037
1124,-1.6179999999999999,0.7017868385891726
1125,-1.616,0.7013205800182997
1126,-1.6139999999999999,0.7010135846353213
1127,-1.612,0.7008529172291171
1128,-1.6099999999999999,0.7008295033488874
1129,-1.608,0.7009382572326824
1130,-1.6059999999999999,0.7011741554222469
1131,-1.604,0.7015322367630189
1132,-1.6019999999999999,0.7020076024041306
1133,-1.6,0.7025954157984075
1134,-1.5979999999999999,0.7032909027023693
1135,-1.596,0.7040893511762293
1136,-1.5939999999999999,0.7049861115838949
1137,-1.592,0.7059765965929667
1138,-1.5899999999999999,0.7070562811747398
1139,-1.588,0.7082207026042023
1140,-1.5859999999999999,0.7094654604600369
1141,-1.584,0.7107862166246193
1142,-1.5819999999999999,0.7121786952840198
1143,-1.58,0.7136386829280015
1144,-1.5779999999999998,0.7151620283500225
1145,-1.576,0.7167446426472335
1146,-1.5739999999999998,0.7183824992204799
1147,-1.572,0.7200716337743002
1148,-1.5699999999999998,0.7218081443169275
1149,-1.568,0.7235881911602875
1150,-1.5659999999999998,0.725407996920001
1151,-1.564,0.7272638465153815
1152,-1.5619999999999998,0.7291520871694372
1153,-1.56,0.7310691284088691
1154,-1.5580000000000003,0.7330114420640728
1155,-1.556,0.7349767751579395
1156,-1.5540000000000003,0.7369692021967944
1157,-1.552,0.7389877701978432
1158,-1.5500000000000003,0.7410305355461834
1159,-1.548,0.7430956247388598
1160,-1.5460000000000003,0.7451812343848618
1161,-1.544,0.7472856312051266
1162,-1.5420000000000003,0.7494071520325355
1163,-1.54,0.7515440806012219
1164,-1.5380000000000003,0.7536944219623632
1165,-1.536,0.7558584081556872
1166,-1.5340000000000003,0.7580346592489349
1167,-1.532,0.7602193797779195
1168,-1.5300000000000002,0.7624118491592613
1169,-1.528,0.7645368471994941
1170,-1.5260000000000002,0.7664198245766419
1171,-1.524,0.7679066611041159
1172,-1.5220000000000002,0.7688690026007641
1173,-1.52,0.7692657926418572
1174,-1.5180000000000002,0.7691478817910755
1175,-1.516,0.7685384094934196
1176,-1.5140000000000002,0.7674616120458351
1177,-1.512,0.7659427079602897
1178,-1.5100000000000002,0.7640066217705027
1179,-1.508,0.7616780367198763
1180,-1.5060000000000002,0.7589812350160001
1181,-1.504,0.7559400285117756
1182,-1.5020000000000002,0.7525777587054208
1183,-1.5,0.7489172967404658
1184,-1.4980000000000002,0.7449810434057578
1185,-1.496,0.740790929135455
1186,-1.4940000000000002,0.7363684140090337
1187,-1.492,0.7317114484844127
1188,-1.4900000000000002,0.7268653910431828
1189,-1.488,0.7219647250740516
1190,-1.4860000000000002,0.7171327927593028
1191,-1.484,0.7124800325362602
1192,-1.4820000000000002,0.7081039790972968
1193,-1.48,0.7040892633898259
1194,-1.4780000000000002,0.7004841682915673
1195,-1.476,0.6972211554146118
1196,-1.4740000000000002,0.6942745670587624
1197,-1.472,0.691627824232819
1198,-1.4700000000000002,0.6892651370706064
1199,-1.468,0.6871715048309706
1200,-1.4660000000000002,0.6853327158977817
1201,-1.464,0.6837343941573134
1202,-1.4620000000000002,0.6823554419574571
1203,-1.46,0.6811849496192663
1204,-1.4580000000000002,0.6802149639020566
1205,-1.456,0.6794376493425294
1206,-1.4540000000000002,0.6788452882547743
1207,-1.452,0.6784302807302673
1208,-1.4500000000000002,0.6781851446378716
1209,-1.448,0.6781025156238376
1210,-1.4460000000000002,0.6781751471118025
1211,-1.444,0.6783959103027908
1212,-1.4420000000000002,0.6787577941752138
1213,-1.44,0.6792539054848702
1214,-1.4380000000000002,0.6798774687649454
1215,-1.436,0.6806218263260122
1216,-1.4340000000000002,0.6814804382560301
1217,-1.432,0.682446882420346
1218,-1.4300000000000002,0.6835148544616936
1219,-1.428,0.6846781678001939
1220,-1.4260000000000002,0.6859307536333544
1221,-1.424,0.6872666609360707
1222,-1.4220000000000002,0.6886800564606241
1223,-1.42,0.6901652247366844
1224,-1.4180000000000001,0.6917165680713071
1225,-1.416,0.693328606548936
1226,-1.4140000000000001,0.6949959780314007
1227,-1.412,0.6967134381579192
1228,-1.4100000000000001,0.6984758603450951
1229,-1.408,0.7002802752510002
1230,-1.4060000000000001,0.7021325158231789
1231,-1.404,0.704030954787558
1232,-1.4020000000000001,0.7059727918116182
1233,-1.4,0.7079553223995304
1234,-1.3980000000000001,0.7099759378921516
1235,-1.396,0.7120321254670288
1236,-1.3940000000000001,0.7141214681383952
1237,-1.392,0.7162416447571739
1238,-1.3900000000000001,0.7183904300109747
1239,-1.388,0.7205656944240967
1240,-1.3860000000000001,0.7227650131541916
1241,-1.384,0.7249856459751617
1242,-1.3820000000000001,0.7272269056416963
1243,-1.38,0.7294879445165222
1244,-1.3780000000000001,0.7317675628892146
1245,-1.376,0.7340642089762016
1246,-1.374,0.7363759789207596
1247,-1.3719999999999999,0.7387006167930176
1248,-1.37,0.7410355145899531
1249,-1.3679999999999999,0.7433777122353964
1250,-1.366,0.745723897580026
1251,-1.3639999999999999,0.7480652908591625
1252,-1.362,0.7502757792990713
1253,-1.3599999999999999,0.7521621710488029
1254,-1.358,0.7535835218047161
1255,-1.3559999999999999,0.754454220808599
1256,-1.354,0.7547439908476673
1257,-1.3519999999999999,0.7544778882545649
1258,-1.35,0.753736302907364
1259,-1.3479999999999999,0.7526493653074788
1260,-1.346,0.7511946649251616
1261,-1.3439999999999999,0.7493385764235929
1262,-1.342,0.7471049364031458
1263,-1.3399999999999999,0.7445171748970448
1264,-1.338,0.7415983153713701
1265,-1.3359999999999999,0.7383709747250529
1266,-1.334,0.7348573632898802
1267,-1.3319999999999999,0.7310792848304899
1268,-1.33,0.7270252551838498
1269,-1.3279999999999998,0.7226701875119019
1270,-1.326,0.7181040077094104
1271,-1.3239999999999998,0.7134235228146137
1272,-1.322,0.7087276240803624
1273,-1.3199999999999998,0.7041172869741099
1274,-1.318,0.6996955711779215
1275,-1.3159999999999998,0.695567620588466
1276,-1.314,0.6918406633170233
1277,-1.3119999999999998,0.6885606912605478
1278,-1.31,0.6856093885944505
1279,-1.3079999999999998,0.6829629810953046
1280,-1.306,0.680605463060618
1281,-1.3040000000000003,0.6785215778965761
1282,-1.302,0.6766968181180429
1283,-1.3000000000000003,0.6751174253485631
1284,-1.298,0.6737703903203581
1285,-1.2960000000000003,0.6726419047352664
1286,-1.294,0.6717090884800526
1287,-1.2920000000000003,0.6709623951255567
1288,-1.29,0.6703955193758465
1289,-1.2880000000000003,0.6700021949757796
1290,-1.286,0.6697761947110012
1291,-1.2840000000000003,0.6697113304079461
1292,-1.282,0.669801452933837
1293,-1.2800000000000002,0.6700404521966855
1294,-1.278,0.6704222571452922
1295,-1.2760000000000002,0.670940835769246
1296,-1.274,0.6715901950989245
1297,-1.2720000000000002,0.6723643812054938
1298,-1.27,0.6732574792009093
1299,-1.2680000000000002,0.6742636132379141
1300,-1.266,0.6753769465100409
1301,-1.2640000000000002,0.6765916812516102
1302,-1.262,0.6779020587377321
1303,-1.2600000000000002,0.6793023592843044
1304,-1.258,0.6807869022480144
1305,-1.2560000000000002,0.6823500460263371
1306,-1.254,0.6839861880575373
1307,-1.2520000000000002,0.6856897648206673
1308,-1.25,0.6874552518355693
1309,-1.2480000000000002,0.6892771636628727
1310,-1.246,0.6911500539039973
1311,-1.2440000000000002,0.6930685152011495
1312,-1.242,0.6950271792373265
1313,-1.2400000000000002,0.6970207167363122
1314,-1.238,0.699043837462681
1315,-1.2360000000000002,0.701091290221794
1316,-1.234,0.7031638493066196
1317,-1.2320000000000002,0.7052713931880965
1318,-1.23,0.7074121885878181
1319,-1.2280000000000002,0.7095840677637092
1320,-1.226,0.7117849197528279
1321,-1.2240000000000002,0.7140126903713611
1322,-1.222,0.7162653822146288
1323,-1.2200000000000002,0.7185410546570802
1324,-1.218,0.7208378238522972
1325,-1.2160000000000002,0.7231538627329913
1326,-1.214,0.7254874010110066
1327,-1.2120000000000002,0.7278367251773163
1328,-1.21,0.730200178502027
1329,-1.2080000000000002,0.7325761610343738
1330,-1.206,0.7349631296027255
1331,-1.2040000000000002,0.7373595978145794
1332,-1.202,0.7397641360565661
1333,-1.2000000000000002,0.7421995974954454
1334,-1.198,0.7446613002761175
1335,-1.1960000000000002,0.7470267221915708
1336,-1.194,0.7491450922166507
1337,-1.1920000000000002,0.75084007488041
1338,-1.19,0.7519634784661139
1339,-1.1880000000000002,0.7525599808509179
1340,-1.186,0.7526531047072874
1341,-1.1840000000000002,0.7522640269967052
1342,-1.182,0.751416824688829
1343,-1.1800000000000002,0.7501367210572881
1344,-1.178,0.7484473521457293
1345,-1.1760000000000002,0.7463726331282045
1346,-1.174,0.7439360733411411
1347,-1.1720000000000002,0.7411607729031692
1348,-1.17,0.7380694227151169
1349,-1.1680000000000001,0.7346843044600153
1350,-1.166,0.7310272906030932
1351,-1.1640000000000001,0.7271162485311693
1352,-1.162,0.722904179229637
1353,-1.1600000000000001,0.7184450203153924
1354,-1.158,0.7138391476523465
1355,-1.1560000000000001,0.7091881645704856
1356,-1.154,0.7045949018658628
1357,-1.1520000000000001,0.7001634178006061
1358,-1.15,0.6959989981029104
1359,-1.1480000000000001,0.6922081559670457
1360,-1.146,0.6888679980188335
1361,-1.1440000000000001,0.6858722652370558
1362,-1.142,0.6831838915576713
1363,-1.1400000000000001,0.6807867225297134
1364,-1.138,0.6786653640374095
1365,-1.1360000000000001,0.676805182300186
1366,-1.134,0.6751923038726644
1367,-1.1320000000000001,0.6738136156446639
1368,-1.13,0.6726549403314549
1369,-1.1280000000000001,0.6716942007364466
1370,-1.126,0.6709222705425109
1371,-1.124,0.6703325297806849
1372,-1.1219999999999999,0.6699184142265895
1373,-1.12,0.6696734154004298
1374,-1.1179999999999999,0.6695910805669951
1375,-1.116,0.6696650127356587
1376,-1.1139999999999999,0.669888870660378
1377,-1.112,0.6702563688396946
1378,-1.1099999999999999,0.6707612775167344
1379,-1.108,0.671397422679207
1380,-1.1059999999999999,0.6721586860594064
1381,-1.104,0.6730390051342106
1382,-1.1019999999999999,0.674032373125082
1383,-1.1,0.6751328389980665
1384,-1.0979999999999999,0.6763345074637952
1385,-1.096,0.6776315389774819
1386,-1.0939999999999999,0.6790181497389258
1387,-1.092,0.6804886116925093
1388,-1.0899999999999999,0.6820372525271998
1389,-1.088,0.6836584556765478
1390,-1.0859999999999999,0.685346660318689
1391,-1.084,0.687096361376342
1392,-1.0819999999999999,0.688902109516811
1393,-1.08,0.6907585111519826
1394,-1.0779999999999998,0.6926602284383294
1395,-1.076,0.6946019792769063
1396,-1.0739999999999998,0.696578537313354
1397,-1.072,0.6985847319378955
1398,-1.0699999999999998,0.7006178302857884
1399,-1.068,0.7026871777033956
1400,-1.0659999999999998,0.7047924328748382
1401,-1.064,0.706931334060039
1402,-1.0619999999999998,0.7091016782329542
1403,-1.06,0.711301321081569
1404,-1.0579999999999998,0.7135281770079018
1405,-1.056,0.7157802191280008
1406,-1.0539999999999998,0.7180554792719468
1407,-1.052,0.7203520479838503
1408,-1.0500000000000003,0.7226680745218547
1409,-1.048,0.725001766858134
1410,-1.0460000000000003,0.7273513916788926
1411,-1.044,0.7297152743843681
1412,-1.0420000000000003,0.7320917990888272
1413,-1.04,0.7344794086205697
1414,-1.0380000000000003,0.736876604521925
1415,-1.036,0.7392889989551727
1416,-1.0340000000000003,0.741756340410065
1417,-1.032,0.7442049794612845
1418,-1.0300000000000002,0.7465158002927451
1419,-1.028,0.7485456226325963
1420,-1.0260000000000002,0.7501272017532183
1421,-1.024,0.751137648277396
1422,-1.0220000000000002,0.7516302595366169
1423,-1.02,0.7516257813424158
1424,-1.0180000000000002,0.7511451669425657
1425,-1.016,0.7502121037786265
1426,-1.0140000000000002,0.7488521998971452
1427,-1.012,0.7470890004533557
1428,-1.0100000000000002,0.7449462055354208
1429,-1.008,0.7424472200470329
1430,-1.0060000000000002,0.7396150167653223
1431,-1.004,0.7364721363408527
1432,-1.0020000000000002,0.7330406872976264
1433,-1.0,0.729342346033078
1434,-0.9980000000000002,0.7253951019392866
1435,-0.996,0.7211529030180182
1436,-0.9940000000000002,0.7166694215749603
1437,-0.992,0.7120465451961818
1438,-0.9900000000000002,0.707388108550875
1439,-0.988,0.7027998933913476
1440,-0.9860000000000002,0.6983896285530317
1441,-0.984,0.6942669899544743
1442,-0.9820000000000002,0.6905436005973467
1443,-0.98,0.6872584690625045
1444,-0.9780000000000002,0.6843001949876928
1445,-0.976,0.6816480173787085
1446,-0.9740000000000002,0.6792858226852948
1447,-0.972,0.6771982585469869
1448,-0.9700000000000002,0.6753707337931156
1449,-0.968,0.6737894184428044
1450,-0.9660000000000002,0.672441243704972
1451,-0.964,0.6713089700419062
1452,-0.9620000000000002,0.6703766454194516
1453,-0.96,0.6696366065753624
1454,-0.9580000000000002,0.6690813423976567
1455,-0.956,0.6687034546431361
1456,-0.9540000000000002,0.6684956579373872
1457,-0.952,0.6684507797747803
1458,-0.9500000000000002,0.66856176051847
1459,-0.948,0.6688216534003957
1460,-0.9460000000000002,0.6692236245212799
1461,-0.944,0.6697609528506306
1462,-0.9420000000000002,0.6704270302267389
1463,-0.94,0.671215361356681
1464,-0.9380000000000002,0.6721195638163165
1465,-0.9359999999999999,0.6731333680502902
1466,-0.9340000000000002,0.67425061737203
1467,-0.9319999999999999,0.6754652679637492
1468,-0.9300000000000002,0.6767713888764441
1469,-0.9279999999999999,0.6781631620298963
1470,-0.9260000000000002,0.6796348822126709
1471,-0.9239999999999999,0.6811809570821179
1472,-0.9220000000000002,0.6827959071643704
1473,-0.9199999999999999,0.6844743658543474
1474,-0.9180000000000001,0.6862110794157501
1475,-0.9159999999999999,0.6880009069810659
1476,-0.9140000000000001,0.6898388205515646
1477,-0.9119999999999999,0.6917199049973021
1478,-0.9100000000000001,0.6936403155000928
1479,-0.9079999999999999,0.6956050139176225
1480,-0.9060000000000001,0.6976133366669489
1481,-0.9039999999999999,0.6996625741335883
1482,-0.9020000000000001,0.701750108636779
1483,-0.8999999999999999,0.703873414429484
1484,-0.8980000000000001,0.7060300576983882
1485,-0.8959999999999999,0.7082176965639013
1486,-0.8940000000000001,0.7104340810801548
1487,-0.8919999999999999,0.7126770532350054
1488,-0.8900000000000001,0.7149445469500308
1489,-0.8879999999999999,0.7172342555507865
1490,-0.8860000000000001,0.7195429860350434
1491,-0.8839999999999999,0.7218703355369479
1492,-0.8820000000000001,0.7242158849253222
1493,-0.8799999999999999,0.7265787220325165
1494,-0.8780000000000001,0.7289574416544053
1495,-0.8759999999999999,0.7313501455503917
1496,-0.8740000000000001,0.7337544424434025
1497,-0.8719999999999999,0.7361674480198929
1498,-0.8700000000000001,0.7385857849298423
1499,-0.8679999999999999,0.7410055827867584
1500,-0.8660000000000001,0.7434185042846788
1501,-0.8639999999999999,0.7457066307456348
1502,-0.8620000000000001,0.7476719793556936
1503,-0.8599999999999999,0.7491689234709101
1504,-0.8580000000000001,0.7501097437532227
1505,-0.8559999999999999,0.7504646281704558
1506,-0.8540000000000001,0.7502616719963189
1507,-0.8519999999999999,0.7495868778104062
1508,-0.8500000000000001,0.7485742242405186
1509,-0.8479999999999999,0.7471882694545497
1510,-0.8460000000000001,0.7454024928970745
1511,-0.8439999999999999,0.7432405338786298
1512,-0.8420000000000001,0.7407256392017211
1513,-0.8399999999999999,0.7378806631608185
1514,-0.8380000000000001,0.734728067542361
1515,-0.8359999999999999,0.7312899216247518
1516,-0.8340000000000001,0.7275879021783639
1517,-0.8319999999999999,0.7235877261055381
1518,-0.8300000000000001,0.719295070215709
1519,-0.8279999999999998,0.7148009069562613
1520,-0.8260000000000001,0.7101975061068582
1521,-0.8239999999999998,0.705578403380873
1522,-0.8220000000000001,0.701038400425398
1523,-0.8199999999999998,0.6966735648212358
1524,-0.8180000000000001,0.692581230082907
1525,-0.8159999999999998,0.6888599956586433
1526,-0.8140000000000001,0.685593718283394
1527,-0.8119999999999998,0.6826831389390428
1528,-0.81,0.6800767317909753
1529,-0.8079999999999998,0.6777585293770098
1530,-0.806,0.6757133041872347
1531,-0.8039999999999998,0.6739265686640044
1532,-0.802,0.6723845752019426
1533,-0.7999999999999998,0.6710743161479397
1534,-0.798,0.6699835238011549
1535,-0.7959999999999998,0.6690976416166463
1536,-0.794,0.6683980232573354
1537,-0.7920000000000003,0.6678772320594464
1538,-0.79,0.6675286912958653
1539,-0.7880000000000003,0.6673458963104237
1540,-0.786,0.6673224145178984
1541,-0.7840000000000003,0.6674518854040111
1542,-0.782,0.6677280205254293
1543,-0.7800000000000002,0.6681446035097652
1544,-0.778,0.6686954900555769
1545,-0.7760000000000002,0.6693746079323671
1546,-0.774,0.6701759569805844
1547,-0.7720000000000002,0.671093609111622
1548,-0.77,0.6721217083078193
1549,-0.7680000000000002,0.6732544706224597
1550,-0.766,0.6744861841797731
1551,-0.7640000000000002,0.6758112091749339
1552,-0.762,0.6772239778740623
1553,-0.7600000000000002,0.678718994614223
1554,-0.758,0.6802908358034271
1555,-0.7560000000000002,0.6819341499206295
1556,-0.754,0.6836436575157321
1557,-0.7520000000000002,0.6854141512095803
1558,-0.75,0.6872404956939664
1559,-0.7480000000000002,0.6891176277316263
1560,-0.746,0.6910405561562432
1561,-0.7440000000000002,0.6930043618724432
1562,-0.742,0.6950041978557999
1563,-0.7400000000000002,0.6970352891528304
1564,-0.738,0.699096606253227
1565,-0.7360000000000002,0.7011948708996015
1566,-0.734,0.7033283544551722
1567,-0.7320000000000002,0.7054948122430351
1568,-0.73,0.7076920580397191
1569,-0.7280000000000002,0.7099179640751818
1570,-0.726,0.7121704610328136
1571,-0.7240000000000002,0.7144475380494336
1572,-0.722,0.7167472427152938
1573,-0.7200000000000002,0.7190676810740747
1574,-0.718,0.7214070176228901
1575,-0.7160000000000002,0.7237634753122818
1576,-0.714,0.7261353355462252
1577,-0.7120000000000002,0.728520938182124
1578,-0.71,0.7309186815308146
1579,-0.7080000000000002,0.7333270223565626
1580,-0.706,0.7357444758770658
1581,-0.7040000000000002,0.7381862675432281
1582,-0.702,0.7406876217545383
1583,-0.7000000000000002,0.7431630076309997
1584,-0.698,0.7455005586350645
1585,-0.6960000000000002,0.747572854526372
1586,-0.694,0.7492369213617533
1587,-0.6920000000000002,0.7503455525378514
1588,-0.69,0.7509131376479424
1589,-0.6880000000000002,0.750981602802738
1590,-0.6859999999999999,0.7505723241941304
1591,-0.6840000000000002,0.7497079138995506
1592,-0.6819999999999999,0.7484122198819662
1593,-0.6800000000000002,0.7467088623219561
1594,-0.6779999999999999,0.7445441909874517
1595,-0.6760000000000002,0.7419313640512581
1596,-0.6739999999999999,0.7389405881805601
1597,-0.6720000000000002,0.735640228313508
1598,-0.6699999999999999,0.7320968076592126
1599,-0.6680000000000001,0.7283750076977507
1600,-0.6659999999999999,0.7245376681801592
1601,-0.6640000000000001,0.7206457871284413
1602,-0.6619999999999999,0.7167585208355599
1603,-0.6600000000000001,0.7129331838654447
1604,-0.6579999999999999,0.7092252490529848
1605,-0.6560000000000001,0.705688347504036
1606,-0.6539999999999999,0.7023742685954137
1607,-0.6520000000000001,0.6993329599749001
1608,-0.6499999999999999,0.6966125275612369
1609,-0.6480000000000001,0.6942576090292909
1610,-0.6459999999999999,0.6922092383641508
1611,-0.6440000000000001,0.6904091835414844
1612,-0.6419999999999999,0.6888452583550102
1613,-0.6400000000000001,0.6875057251783687
1614,-0.6379999999999999,0.6863792949651193
1615,-0.6360000000000001,0.6854551272487427
1616,-0.6339999999999999,0.6847228301426391
1617,-0.6320000000000001,0.6841724603401297
1618,-0.6299999999999999,0.6837945231144553
1619,-0.6280000000000001,0.6835799723187774
1620,-0.6259999999999999,0.6835202103861777
1621,-0.6240000000000001,0.6836070883296581
1622,-0.6219999999999999,0.6838329057421408
1623,-0.6200000000000001,0.6841904107964683
1624,-0.6179999999999999,0.6846717476426623
1625,-0.6160000000000001,0.6852662209427738
1626,-0.6139999999999999,0.6859688721026375
1627,-0.6120000000000001,0.6867755372380665
1628,-0.6099999999999999,0.6876820998563273
1629,-0.6080000000000001,0.6886844908561381
1630,-0.6059999999999999,0.68977868852767
1631,-0.6040000000000001,0.6909607185525456
1632,-0.6019999999999999,0.6922266540038409
1633,-0.6000000000000001,0.6935726153460832
1634,-0.5979999999999999,0.694994770435253
1635,-0.5960000000000001,0.6964893345187825
1636,-0.5939999999999999,0.698052570235557
1637,-0.5920000000000001,0.6996807876159131
1638,-0.5899999999999999,0.7013703440816411
1639,-0.5880000000000001,0.703117644445982
1640,-0.5859999999999999,0.704919140913631
1641,-0.5840000000000001,0.7067713330807337
1642,-0.5819999999999999,0.7086707679348899
1643,-0.5800000000000001,0.7106140398551501
1644,-0.5779999999999998,0.7125977906120189
1645,-0.5760000000000001,0.7146187093674512
1646,-0.5739999999999998,0.7166735326748563
1647,-0.5720000000000001,0.7187590444790939
1648,-0.5699999999999998,0.7208720761164781
1649,-0.5680000000000001,0.7230095063147731
1650,-0.5659999999999998,0.7251682611931979
1651,-0.5640000000000001,0.7273453142624212
1652,-0.5619999999999998,0.7295379770698835
1653,-0.56,0.7317490169125651
1654,-0.5579999999999998,0.733978628461817
1655,-0.556,0.736225139467321
1656,-0.5539999999999998,0.7384869381966177
1657,-0.552,0.7407624734351027
1658,-0.5499999999999998,0.743050254486031
1659,-0.548,0.7453488511705123
1660,-0.5459999999999998,0.7476568956565564
1661,-0.544,0.7499730851202909
1662,-0.5419999999999998,0.7522961660988012
1663,-0.54,0.7546249330276451
1664,-0.5379999999999998,0.7569582284190564
1665,-0.536,0.7592952872490171
1666,-0.5340000000000003,0.7616322474391658
1667,-0.532,0.7638963550235933
1668,-0.5300000000000002,0.7659148623679266
1669,-0.528,0.7674817069868246
1670,-0.5260000000000002,0.7685078021133156
1671,-0.524,0.768989127021511
1672,-0.5220000000000002,0.7689543272425383
1673,-0.52,0.768424405066244
1674,-0.5180000000000002,0.7674235713863045
1675,-0.516,0.7659764212127661
1676,-0.5140000000000002,0.7641079336720475
1677,-0.512,0.7618017512434898
1678,-0.5100000000000002,0.7590360099640568
1679,-0.508,0.7558776498638254
1680,-0.5060000000000002,0.7523939953874507
1681,-0.504,0.7486513072422503
1682,-0.5020000000000002,0.7447147823982112
1683,-0.5,0.7406485540879824
1684,-0.4980000000000002,0.7365156918068823
1685,-0.496,0.7323782013128911
1686,-0.4940000000000002,0.7282970246266589
1687,-0.492,0.7243320400314973
1688,-0.4900000000000002,0.7205420620733874
1689,-0.488,0.7169848415609729
1690,-0.4860000000000002,0.7137170655655659
1691,-0.484,0.7107943032946996
1692,-0.4820000000000002,0.7081982766465049
1693,-0.48,0.7058721093940017
1694,-0.4780000000000002,0.7038027157206975
1695,-0.476,0.7019774854773981
1696,-0.4740000000000002,0.7003842841822114
1697,-0.472,0.6990114530205443
1698,-0.4700000000000002,0.6978478088451052
1699,-0.46799999999999997,0.6968826441759017
1700,-0.4660000000000002,0.6961057272002429
1701,-0.46399999999999997,0.6955073017727372
1702,-0.4620000000000002,0.6950780874152943
1703,-0.45999999999999996,0.6948092793171236
1704,-0.4580000000000002,0.6946925483347349
1705,-0.45599999999999996,0.6947200409919387
1706,-0.4540000000000002,0.6948841908456285
1707,-0.45199999999999996,0.6951729833527316
1708,-0.4500000000000002,0.6955791902175468
1709,-0.44799999999999995,0.6960985296104346
1710,-0.4460000000000002,0.696726760999522
1711,-0.44399999999999995,0.6974596851507029
1712,-0.44200000000000017,0.6982931441276372
1713,-0.43999999999999995,0.699223021291752
1714,-0.43800000000000017,0.7002452413022402
1715,-0.43599999999999994,0.7013557701160622
1716,-0.43400000000000016,0.7025506149879439
1717,-0.43199999999999994,0.703825824470379
1718,-0.43000000000000016,0.7051774884136264
1719,-0.42799999999999994,0.7066017379657129
1720,-0.42600000000000016,0.7080947455724307
1721,-0.42399999999999993,0.7096527249773396
1722,-0.42200000000000015,0.7112719312217648
1723,-0.41999999999999993,0.7129486606447994
1724,-0.41800000000000015,0.7146792508833018
1725,-0.4159999999999999,0.7164600808718982
1726,-0.41400000000000015,0.7182875708429799
1727,-0.4119999999999999,0.7201581823267064
1728,-0.41000000000000014,0.7220684181510021
1729,-0.4079999999999999,0.7240148224415597
1730,-0.40600000000000014,0.7259939806218367
1731,-0.4039999999999999,0.7280025194130589
1732,-0.40200000000000014,0.730037106834217
1733,-0.3999999999999999,0.7320944522020697
1734,-0.39800000000000013,0.7341713061311409
1735,-0.3959999999999999,0.7362644605337227
1736,-0.39400000000000013,0.7383743069931328
1737,-0.3919999999999999,0.7405044706122005
1738,-0.3900000000000001,0.7426533217524579
1739,-0.3879999999999999,0.7448192019278093
1740,-0.3860000000000001,0.7470005138654695
1741,-0.3839999999999999,0.7491957215059688
1742,-0.3820000000000001,0.751403350003148
1743,-0.3799999999999999,0.7536194110634713
1744,-0.3780000000000001,0.755799825296623
1745,-0.3759999999999999,0.7579834371361974
1746,-0.3740000000000001,0.7602176123504677
1747,-0.3719999999999999,0.7625191951282035
1748,-0.3700000000000001,0.7648745080786681
1749,-0.3679999999999999,0.7672393522316215
1750,-0.3660000000000001,0.7695390070373169
1751,-0.3639999999999999,0.7716293890308894
1752,-0.3620000000000001,0.7732683240707336
1753,-0.3599999999999999,0.7744134836451556
1754,-0.3580000000000001,0.7750502503944849
1755,-0.35599999999999987,0.7751719405784271
1756,-0.3540000000000001,0.7747798040760621
1757,-0.35199999999999987,0.7738830243858449
1758,-0.3500000000000001,0.7724987186256063
1759,-0.34799999999999986,0.770658056355369
1760,-0.3460000000000001,0.7684092165217041
1761,-0.34399999999999986,0.7657787970674551
1762,-0.3420000000000001,0.7627911594058983
1763,-0.33999999999999986,0.759470183763787
1764,-0.3380000000000001,0.755839269181358
1765,-0.33599999999999985,0.7519213335123247
1766,-0.3340000000000001,0.7477388134238839
1767,-0.33199999999999985,0.7433014154899868
1768,-0.33000000000000007,0.7385760140389986
1769,-0.32799999999999985,0.7336584532151064
1770,-0.32600000000000007,0.7286689040658962
1771,-0.32399999999999984,0.7237296470186688
1772,-0.32200000000000006,0.7189650718804486
1773,-0.31999999999999984,0.7145016778379749
1774,-0.31800000000000006,0.7104667490376079
1775,-0.31599999999999984,0.7068398564506968
1776,-0.31400000000000006,0.7035446401828538
1777,-0.31199999999999983,0.7005639849976019
1778,-0.31000000000000005,0.6978815238814349
1779,-0.30799999999999983,0.6954816380438115
1780,-0.30600000000000005,0.6933494569171608
1781,-0.3039999999999998,0.6914708048237806
1782,-0.30200000000000005,0.6898257410788635
1783,-0.2999999999999998,0.6883997861210043
1784,-0.29800000000000004,0.6871844455728443
1785,-0.2959999999999998,0.6861713657908275
1786,-0.29400000000000004,0.6853523338652017
1787,-0.2919999999999998,0.6847192776200173
1788,-0.29000000000000004,0.6842642656131287
1789,-0.2879999999999998,0.6839795071361933
1790,-0.28600000000000003,0.6838573522146716
1791,-0.2839999999999998,0.6838902916078279
1792,-0.28200000000000003,0.6840709568087293
1793,-0.28000000000000025,0.6843921200442467
1794,-0.278,0.6848466942750537
1795,-0.27600000000000025,0.6854277331956279
1796,-0.274,0.6861284312342497
1797,-0.27200000000000024,0.6869421235530029
1798,-0.27,0.6878622860477748
1799,-0.26800000000000024,0.6888825353482556
1800,-0.266,0.6899966288179396
1801,-0.26400000000000023,0.6911984645541233
1802,-0.262,0.6924820813879076
1803,-0.26000000000000023,0.6938416588841956
1804,-0.258,0.6952715173416949
1805,-0.2560000000000002,0.6967661177929153
1806,-0.254,0.698320062004171
1807,-0.2520000000000002,0.6999280924755782
1808,-0.25,0.7015850924410578
1809,-0.24800000000000022,0.7032913908202368
1810,-0.246,0.70505000672576
1811,-0.24400000000000022,0.706857952127719
1812,-0.242,0.7087123134354527
1813,-0.2400000000000002,0.7106102752287596
1814,-0.238,0.7125491202579012
1815,-0.2360000000000002,0.7145262294435978
1816,-0.23399999999999999,0.7165390818770325
1817,-0.2320000000000002,0.7185852548198483
1818,-0.22999999999999998,0.7206624237041501
1819,-0.2280000000000002,0.7227683621325027
1820,-0.22599999999999998,0.724900941340287
1821,-0.2240000000000002,0.7270553591197829
1822,-0.22199999999999998,0.729229772540876
1823,-0.2200000000000002,0.7314255978074691
1824,-0.21799999999999997,0.733643301969222
1825,-0.2160000000000002,0.7358824029215469
1826,-0.21399999999999997,0.7381414694056123
1827,-0.2120000000000002,0.7404181210083398
1828,-0.20999999999999996,0.7427090281624074
1829,-0.20800000000000018,0.7450099121462453
1830,-0.20599999999999996,0.7473155450840411
1831,-0.20400000000000018,0.7496197499457343
1832,-0.20199999999999996,0.7519152090083181
1833,-0.20000000000000018,0.7541211242161703
1834,-0.19799999999999995,0.7560358486383292
1835,-0.19600000000000017,0.7575020516191955
1836,-0.19399999999999995,0.7584221092617071
1837,-0.19200000000000017,0.7587581044273364
1838,-0.18999999999999995,0.7585318267360924
1839,-0.18800000000000017,0.7578247725665198
1840,-0.18599999999999994,0.7567455412492715
1841,-0.18400000000000016,0.7552529051585982
1842,-0.18199999999999994,0.7533555768662459
1843,-0.18000000000000016,0.7510775589141202
1844,-0.17799999999999994,0.7484424942028951
1845,-0.17600000000000016,0.745473665992017
1846,-0.17399999999999993,0.7421939978997
1847,-0.17200000000000015,0.7386260399043674
1848,-0.16999999999999993,0.734736605970254
1849,-0.16800000000000015,0.7305389959256895
1850,-0.16599999999999993,0.7261210322113586
1851,-0.16400000000000015,0.7215724400965957
1852,-0.16199999999999992,0.716984847679377
1853,-0.16000000000000014,0.7124517858863282
1854,-0.15799999999999992,0.7080686884727165
1855,-0.15600000000000014,0.703932892022459
1856,-0.15399999999999991,0.7001436359481145
1857,-0.15200000000000014,0.6967829525286292
1858,-0.1499999999999999,0.6937658711242146
1859,-0.14800000000000013,0.691051975048189
1860,-0.1459999999999999,0.6886258069648796
1861,-0.14400000000000013,0.686472551347562
1862,-0.1419999999999999,0.6845780344784556
1863,-0.14000000000000012,0.6829287244487275
1864,-0.1379999999999999,0.6815117311584896
1865,-0.13600000000000012,0.6803148063168006
1866,-0.1339999999999999,0.6793262653942118
1867,-0.13200000000000012,0.6785290050441837
1868,-0.1299999999999999,0.6779111857093624
1869,-0.1280000000000001,0.6774660205072268
1870,-0.1259999999999999,0.6771868175042205
1871,-0.12400000000000011,0.6770669797157511
1872,-0.12199999999999989,0.6771000051061913
1873,-0.1200000000000001,0.6772794865888775
1874,-0.11799999999999988,0.6775991120261114
1875,-0.1160000000000001,0.6780526642291586
1876,-0.11399999999999988,0.6786340209582494
1877,-0.1120000000000001,0.6793371549225786
1878,-0.10999999999999988,0.6801561337803055
1879,-0.1080000000000001,0.6810851201385535
1880,-0.10599999999999987,0.6821183715534114
1881,-0.10400000000000009,0.6832502405299311
1882,-0.10199999999999987,0.6844751745221306
1883,-0.10000000000000009,0.6857877159329908
1884,-0.09799999999999986,0.6871825021144584
1885,-0.09600000000000009,0.6886542653674436
1886,-0.09399999999999986,0.6901978329418219
1887,-0.09200000000000008,0.6918081270364324
1888,-0.08999999999999986,0.6934801647990797
1889,-0.08800000000000008,0.6952090583265317
1890,-0.08599999999999985,0.6969900146645222
1891,-0.08400000000000007,0.6988183358077478
1892,-0.08199999999999985,0.7006894186998712
1893,-0.08000000000000007,0.7025987552335184
1894,-0.07799999999999985,0.7045422967935426
1895,-0.07600000000000007,0.7065239651079692
1896,-0.07399999999999984,0.7085442056829967
1897,-0.07200000000000006,0.7106005521256583
1898,-0.06999999999999984,0.7126906183665431
1899,-0.06800000000000006,0.7148120986597915
1900,-0.06599999999999984,0.7169627675830994
1901,-0.06400000000000006,0.7191404800377146
1902,-0.06199999999999983,0.7213431712484402
1903,-0.06000000000000005,0.7235688567636309
1904,-0.05799999999999983,0.7258156324551972
1905,-0.05600000000000005,0.728081674518601
1906,-0.053999999999999826,0.7303652508447768
1907,-0.052000000000000046,0.7326647502743426
1908,-0.04999999999999982,0.7349786056011495
1909,-0.04800000000000004,0.7373053020738503
1910,-0.04599999999999982,0.7396433799303672
1911,-0.04400000000000004,0.741991434397888
1912,-0.041999999999999815,0.7443481156928691
1913,-0.040000000000000036,0.7467121290210328
1914,-0.03799999999999981,0.7491145712649414
1915,-0.03600000000000003,0.7515487787614232
1916,-0.03399999999999981,0.7538940448730724
1917,-0.03200000000000003,0.756011899325717
1918,-0.029999999999999805,0.7577475889542798
1919,-0.028000000000000025,0.7589321831664726
1920,-0.026000000000000245,0.7595423423871871
1921,-0.02400000000000002,0.7596400645985754
1922,-0.02200000000000024,0.7592475544549352
1923,-0.020000000000000018,0.7583882894995384
1924,-0.018000000000000238,0.7570870201646311
1925,-0.016000000000000014,0.7553133097427701
1926,-0.014000000000000234,0.7530575874993491
1927,-0.01200000000000001,0.7503864185783251
1928,-0.010000000000000231,0.7473649108393985
1929,-0.008000000000000007,0.74405666484149
1930,-0.006000000000000227,0.7405237738427456
1931,-0.0040000000000000036,0.7368268238005304
1932,-0.002000000000000224,0.7330248933714354
1933,0.0,0.7291755539112704
1934,0.0019999999999997797,0.7253348694750713
1935,0.0040000000000000036,0.7215573968170927
1936,0.005999999999999783,0.7178961853908155
1937,0.008000000000000007,0.7144027773489391
1938,0.009999999999999787,0.7111272075433888
1939,0.01200000000000001,0.7081180035253094
1940,0.01399999999999979,0.7054221855450707
1941,0.016000000000000014,0.7030547953204034
1942,0.017999999999999794,0.7009502783424728
1943,0.020000000000000018,0.6990924699640201
1944,0.021999999999999797,0.6974694046953323
1945,0.02400000000000002,0.6960695449969878
1946,0.0259999999999998,0.6948817812798594
1947,0.028000000000000025,0.6938954319051116
1948,0.029999999999999805,0.6931002431842025
1949,0.03200000000000003,0.6924863893788827
1950,0.03399999999999981,0.6920444727011962
1951,0.03600000000000003,0.6917655233134792
1952,0.03799999999999981,0.6916409993283612
1953,0.040000000000000036,0.6916627868087648
1954,0.041999999999999815,0.6918231997679051
1955,0.04400000000000004,0.6921149801692902
1956,0.04599999999999982,0.6925312979267211
1957,0.04800000000000004,0.6930638603010251
1958,0.04999999999999982,0.6937031287549352
1959,0.052000000000000046,0.6944449361999725
1960,0.053999999999999826,0.6952853705546386
1961,0.05600000000000005,0.6962205604397074
1962,0.05799999999999983,0.6972466751782233
1963,0.06000000000000005,0.6983599247955026
1964,0.06199999999999983,0.6995565600191324
1965,0.06400000000000006,0.700832872278972
1966,0.06599999999999984,0.7021851937071507
1967,0.06800000000000006,0.7036098971380708
1968,0.06999999999999984,0.7051033961084041
1969,0.07200000000000006,0.7066621448570957
1970,0.07399999999999984,0.7082826383253599
1971,0.07600000000000007,0.7099614121566843
1972,0.07799999999999985,0.7116950426968263
1973,0.08000000000000007,0.7134801469938159
1974,0.08199999999999985,0.7153133827979531
1975,0.08400000000000007,0.7171914485618107
1976,0.08599999999999985,0.7191110834402313
1977,0.08800000000000008,0.7210690672903305
1978,0.08999999999999986,0.7230622206714934
1979,0.09200000000000008,0.7250874048453783
1980,0.09399999999999986,0.7271415217759127
1981,0.09600000000000009,0.729221514129298
1982,0.09799999999999986,0.7313243652740044
1983,0.10000000000000009,0.7334470992807753
1984,0.10199999999999987,0.7355867809226242
1985,0.10400000000000009,0.7377405156748371
1986,0.10599999999999987,0.7399079739816394
1987,0.1080000000000001,0.74209054911095
1988,0.10999999999999988,0.7442872305293857
1989,0.1120000000000001,0.7464970036947057
1990,0.11399999999999988,0.7487188566556332
1991,0.1160000000000001,0.7509517800518597
1992,0.11799999999999988,0.7531947671140409
1993,0.1200000000000001,0.7554468136638011
1994,0.12199999999999989,0.7577069181137286
1995,0.12400000000000011,0.7599740814673805
1996,0.1259999999999999,0.7622473073192778
1997,0.1280000000000001,0.7645256018549099
1998,0.1299999999999999,0.7668079738507309
1999,0.13200000000000012,0.7690934346741625
2000,0.1339999999999999,0.7713809982835914
2001,0.13599999999999968,0.7736696812283719
2002,0.13800000000000034,0.7759585026488249
2003,0.14000000000000012,0.778246484276235
2004,0.1419999999999999,0.7805326504328559
2005,0.14399999999999968,0.7828160280319068
2006,0.14600000000000035,0.7850956465775738
2007,0.14800000000000013,0.7873705381650069
2008,0.1499999999999999,0.789639737480325
2009,0.1519999999999997,0.7919022818006126
2010,0.15400000000000036,0.7941572109939212
2011,0.15600000000000014,0.7964035675192661
2012,0.15799999999999992,0.7986403964266315
2013,0.1599999999999997,0.8008667453569671
2014,0.16200000000000037,0.8030816645421899
2015,0.16400000000000015,0.8052842347886594
2016,0.16599999999999993,0.8074746536263705
2017,0.1679999999999997,0.80965316945667
2018,0.17000000000000037,0.8118196504618075
2019,0.17200000000000015,0.8139739595497181
2020,0.17399999999999993,0.8161159543540285
2021,0.1759999999999997,0.818245487234053
2022,0.17800000000000038,0.8203624052747953
2023,0.18000000000000016,0.822466550286945
2024,0.18199999999999994,0.8245577588068831
2025,0.18399999999999972,0.826635862096678
2026,0.1860000000000004,0.8287006861440881
2027,0.18800000000000017,0.830752051662557
2028,0.18999999999999995,0.8327897740912201
2029,0.19199999999999973,0.8348136635949003
2030,0.1940000000000004,0.83682352506411
2031,0.19600000000000017,0.8388191581150474
2032,0.19799999999999995,0.8408003570896021
2033,0.19999999999999973,0.8427669110553514
2034,0.2020000000000004,0.844718603805562
2035,0.20400000000000018,0.8466552138591864
2036,0.20599999999999996,0.8485765144608686
2037,0.20799999999999974,0.85048227358094
2038,0.2100000000000004,0.8523722539154217
2039,0.2120000000000002,0.8542462128860207
2040,0.21399999999999997,0.8561039026401351
2041,0.21599999999999975,0.857945070050851
2042,0.21800000000000042,0.8597694567169433
2043,0.2200000000000002,0.8615767989628736
2044,0.22199999999999998,0.8633668278387946
2045,0.22399999999999975,0.8651392691205461
2046,0.22600000000000042,0.8668938433096578
2047,0.2280000000000002,0.8686302656333456
2048,0.22999999999999998,0.8703482499949451
2049,0.23199999999999976,0.8720482298967628
2050,0.23399999999999954,0.8737307442606682
2051,0.2360000000000002,0.8753959195998123
2052,0.238,0.8770438782206688
2053,0.23999999999999977,0.8786747382230378
2054,0.24199999999999955,0.8802886135000441
2055,0.24400000000000022,0.8818856137381372
2056,0.246,0.88346584441709
2057,0.24799999999999978,0.8850294068100015
2058,0.24999999999999956,0.8865763979832952
2059,0.2520000000000002,0.8881069107967199
2060,0.254,0.8896210339033469
2061,0.2559999999999998,0.8911188517495746
2062,0.25799999999999956,0.8926004445751251
2063,0.26000000000000023,0.894065888413046
2064,0.262,0.8955152550897079
2065,0.2639999999999998,0.8969486122248078
2066,0.26599999999999957,0.8983660232313667
2067,0.26800000000000024,0.8997675473157314
2068,0.27,0.9011532394775711
2069,0.2719999999999998,0.9025231505098817
2070,0.2739999999999996,0.9038773269989834
2071,0.27600000000000025,0.9052158113245216
2072,0.278,0.9065386416594645
2073,0.2799999999999998,0.9078458519701071
2074,0.2819999999999996,0.9091374720160683
2075,0.28400000000000025,0.9104135273502924
2076,0.28600000000000003,0.9116740393190466
2077,0.2879999999999998,0.9129190250619247
2078,0.2899999999999996,0.9141484975118446
2079,0.29200000000000026,0.9153624653950494
2080,0.29400000000000004,0.9165609332311054
2081,0.2959999999999998,0.9177439013329052
2082,0.2979999999999996,0.9189113658066655
2083,0.30000000000000027,0.920063349000049
2084,0.30200000000000005,0.9212003171911781
2085,0.3039999999999998,0.9223225624475846
2086,0.3059999999999996,0.9234302518484945
2087,0.3080000000000003,0.9245235495863001
2088,0.31000000000000005,0.9256026169665587
2089,0.31199999999999983,0.9266676124079951
2090,0.3139999999999996,0.9277186914424997
2091,0.3160000000000003,0.9287560067151299
2092,0.31800000000000006,0.9297797079841073
2093,0.31999999999999984,0.9307899421208214
2094,0.3219999999999996,0.9317868531098276
2095,0.3240000000000003,0.9327705820488474
2096,0.32600000000000007,0.9337412671487675
2097,0.32799999999999985,0.9346990437336421
2098,0.3299999999999996,0.9356440442406909
2099,0.3320000000000003,0.9365763982203004
2100,0.3340000000000001,0.9374962323360218
2101,0.33599999999999985,0.938403670364574
2102,0.33799999999999963,0.9392988331958414
2103,0.3400000000000003,0.940181838832875
2104,0.3420000000000001,0.941052802391891
2105,0.34399999999999986,0.9419118361022727
2106,0.34599999999999964,0.9427590493065693
2107,0.3480000000000003,0.9435945484604965
2108,0.3500000000000001,0.9444184371329349
2109,0.35199999999999987,0.9452308160059327
2110,0.35399999999999965,0.9460317828747038
2111,0.3560000000000003,0.9468214326476283
2112,0.3580000000000001,0.9475998573462519
2113,0.3599999999999999,0.948367146105287
2114,0.36199999999999966,0.9491233851726124
2115,0.3640000000000003,0.9498686579092729
2116,0.3660000000000001,0.9506030447894787
2117,0.3679999999999999,0.9513266234006071
2118,0.36999999999999966,0.9520394684432014
2119,0.37200000000000033,0.9527417393617974
2120,0.3740000000000001,0.9534337383399103
2121,0.3759999999999999,0.954115606817322
2122,0.37799999999999967,0.9547874775359445
2123,0.38000000000000034,0.9554494814734008
2124,0.3820000000000001,0.9561017478430227
2125,0.3839999999999999,0.9567444040938532
2126,0.3859999999999997,0.9573775759106451
2127,0.38800000000000034,0.9580013872138619
2128,0.3900000000000001,0.958615960159676
2129,0.3919999999999999,0.959221415139971
2130,0.3939999999999997,0.9598178707823404
2131,0.39600000000000035,0.9604054439500879
2132,0.39800000000000013,0.9609842497422268
2133,0.3999999999999999,0.9615544014934814
2134,0.4019999999999997,0.9621160107742854
2135,0.40400000000000036,0.9626691873907834
2136,0.40600000000000014,0.9632140393848292
2137,0.4079999999999999,0.9637506730339874
2138,0.4099999999999997,0.9642791928515327
2139,0.41200000000000037,0.9647997015864501
2140,0.41400000000000015,0.965312300223434
2141,0.4159999999999999,0.9658170879828896
2142,0.4179999999999997,0.966314162320932
2143,0.4200000000000004,0.966803618929387
2144,0.42200000000000015,0.9672855517357895
2145,0.42399999999999993,0.9677600529033853
2146,0.4259999999999997,0.9682272128311302
2147,0.4280000000000004,0.9686871201536903
2148,0.43000000000000016,0.9691398617414413
2149,0.43199999999999994,0.9695855227004695
2150,0.4339999999999997,0.9700241863725714
2151,0.4360000000000004,0.9704559343352535
2152,0.43800000000000017,0.9708808464017321
2153,0.43999999999999995,0.9712990283379022
2154,0.4419999999999997,0.9717106050636122
2155,0.4440000000000004,0.972115674533201
2156,0.4460000000000002,0.9725143333248035
2157,0.44799999999999995,0.9729066767187959
2158,0.44999999999999973,0.9732927986977961
2159,0.4520000000000004,0.9736727919466629
2160,0.4540000000000002,0.9740467478524963
2161,0.45599999999999996,0.9744147565046382
2162,0.45799999999999974,0.974776906694671
2163,0.4600000000000004,0.9751332859164192
2164,0.4620000000000002,0.9754839803659479
2165,0.46399999999999997,0.9758290749415638
2166,0.46599999999999975,0.9761686532438149
2167,0.4680000000000004,0.9765027975754907
2168,0.4700000000000002,0.9768315889416216
2169,0.472,0.9771551070494793
2170,0.47399999999999975,0.9774734303085773
2171,0.4760000000000004,0.9777866358306699
2172,0.4780000000000002,0.9780947994297529
2173,0.48,0.9783979956220633
2174,0.48199999999999976,0.9786962976260795
2175,0.48400000000000043,0.9789897773625211
2176,0.4860000000000002,0.979278505454349
2177,0.488,0.9795625512267656
2178,0.48999999999999977,0.9798419827072143
2179,0.49199999999999955,0.98011686662538
2180,0.4940000000000002,0.980387268413189
2181,0.496,0.9806532522048083
2182,0.4979999999999998,0.9809148808366469
2183,0.49999999999999956,0.9811722158473547
2184,0.5020000000000002,0.9814253174778232
2185,0.504,0.9816742446711848
2186,0.5059999999999998,0.9819190550728134
2187,0.5079999999999996,0.9821598050303243
2188,0.5100000000000002,0.9823965495935741
2189,0.512,0.9826293425146604
2190,0.5139999999999998,0.9828582362479222
2191,0.5159999999999996,0.9830832819499402
2192,0.5180000000000002,0.9833045294795358
2193,0.52,0.9835220285137929
2194,0.5219999999999998,0.9837358757275831
2195,0.5239999999999996,0.9839461509660342
2196,0.5260000000000002,0.9841529095453238
2197,0.528,0.9843562061130416
2198,0.5299999999999998,0.9845560946481909
2199,0.5319999999999996,0.9847526284611875
2200,0.5340000000000003,0.9849458601938597
2201,0.536,0.9851358418194485
2202,0.5379999999999998,0.985322624642608
2203,0.5399999999999996,0.9855062592994048
2204,0.5420000000000003,0.9856867957573188
2205,0.544,0.9858642833152416
2206,0.5459999999999998,0.9860387706034783
2207,0.5479999999999996,0.9862103055837468
2208,0.5500000000000003,0.9863789355491774
2209,0.552,0.9865447071243134
2210,0.5539999999999998,0.9867076662651106
2211,0.5559999999999996,0.986867858258938
2212,0.5580000000000003,0.9870253277245767
2213,0.56,0.9871801186122211
2214,0.5619999999999998,0.9873322742034782
2215,0.5639999999999996,0.9874818371113676
2216,0.5660000000000003,0.9876288492803218
2217,0.5680000000000001,0.9877733519861861
2218,0.5699999999999998,0.9879153858362183
2219,0.5719999999999996,0.9880549907690893
2220,0.5740000000000003,0.9881922060548824
2221,0.5760000000000001,0.988327070295094
2222,0.5779999999999998,0.988459621422633
2223,0.5799999999999996,0.9885898967018211
2224,0.5820000000000003,0.9887179327283927
2225,0.5840000000000001,0.9888437654294951
2226,0.5859999999999999,0.9889674300636885
2227,0.5879999999999996,0.9890889612209453
2228,0.5900000000000003,0.9892083928226512
2229,0.5920000000000001,0.9893257581216042
2230,0.5939999999999999,0.9894410897020155
2231,0.5959999999999996,0.9895544194795088
2232,0.5980000000000003,0.9896657787011207
2233,0.6000000000000001,0.9897751979453001
2234,0.6019999999999999,0.9898827071219094
2235,0.6039999999999996,0.989988335472223
2236,0.6060000000000003,0.9900921115689286
2237,0.6080000000000001,0.9901940715569614
2238,0.6099999999999999,0.9902942647659747
2239,0.6119999999999997,0.9903927199560372
2240,0.6140000000000003,0.9904894644510034
2241,0.6160000000000001,0.9905845252771488
2242,0.6179999999999999,0.9906779291631703
2243,0.6199999999999997,0.9907697025401857
2244,0.6220000000000003,0.9908598715417342
2245,0.6240000000000001,0.9909484620037758
2246,0.6259999999999999,0.991035499464692
2247,0.6279999999999997,0.9911210091652856
2248,0.6300000000000003,0.9912050160487799
2249,0.6320000000000001,0.9912875447608199
2250,0.6339999999999999,0.9913686196494716
2251,0.6359999999999997,0.9914482647652222
2252,0.6380000000000003,0.9915265038609801
2253,0.6400000000000001,0.9916033603920746
2254,0.6419999999999999,0.9916788575162564
2255,0.6439999999999997,0.9917530180936974
2256,0.6460000000000004,0.9918258646869904
2257,0.6480000000000001,0.9918974195611496
2258,0.6499999999999999,0.9919677046836102
2259,0.6519999999999997,0.9920367417242287
2260,0.6540000000000004,0.9921045520552826
2261,0.6560000000000001,0.9921711567514706
2262,0.6579999999999999,0.9922365765899127
2263,0.6599999999999997,0.99230083205015
2264,0.6620000000000004,0.9923639433141445
2265,0.6640000000000001,0.9924259302662796
2266,0.6659999999999999,0.9924868124933598
2267,0.6679999999999997,0.9925466092846109
2268,0.6700000000000004,0.9926053396316796
2269,0.6720000000000002,0.9926630222286341
2270,0.6739999999999999,0.9927196754719633
2271,0.6759999999999997,0.9927753174605775
2272,0.6780000000000004,0.9928299659958083
2273,0.6800000000000002,0.9928836385814083
2274,0.6819999999999999,0.992936352423551
2275,0.6839999999999997,0.9929881244308317
2276,0.6860000000000004,0.9930389712142662
2277,0.6880000000000002,0.993088909087292
2278,0.69,0.9931379540657672
2279,0.6919999999999997,0.9931861218679715
2280,0.6940000000000004,0.9932334279146056
2281,0.6960000000000002,0.9932798873287914
2282,0.698,0.9933255149360717
2283,0.6999999999999997,0.9933703252644109
2284,0.7020000000000004,0.993414333479514
2285,0.7040000000000002,0.993457561052882
2286,0.706,0.9935000218971889
2287,0.7079999999999997,0.9935417278191622
2288,0.7100000000000004,0.9935826905172116
2289,0.7120000000000002,0.9936229215814285
2290,0.714,0.9936624324935869
2291,0.7159999999999997,0.9937012346271424
2292,0.7180000000000004,0.9937393392472332
2293,0.7200000000000002,0.9937767575106793
2294,0.722,0.9938135004659828
2295,0.7239999999999998,0.993849579053328
2296,0.7260000000000004,0.9938850041045815
2297,0.7280000000000002,0.9939197863432916
2298,0.73,0.9939539363846889
2299,0.7319999999999998,0.9939874647356861
2300,0.7340000000000004,0.9940203817948782
2301,0.7360000000000002,0.9940526978525419
2302,0.738,0.9940844230906364
2303,0.7399999999999998,0.9941155675828027
2304,0.7420000000000004,0.9941461412943642
2305,0.7440000000000002,0.9941761540823262
2306,0.746,0.994205615695376
2307,0.7479999999999998,0.9942345357738834
2308,0.7499999999999996,0.9942629238498999
2309,0.7520000000000002,0.9942907893471594
2310,0.754,0.9943181415810778
2311,0.7559999999999998,0.994344989758753
2312,0.7579999999999996,0.9943713429789651
2313,0.7600000000000002,0.9943972102321764
2314,0.762,0.9944226004005311
2315,0.7639999999999998,0.9944475222578557
2316,0.7659999999999996,0.9944719844696587
2317,0.7680000000000002,0.9944959955931306
2318,0.77,0.9945195640771444
2319,0.7719999999999998,0.9945426982622548
2320,0.7739999999999996,0.9945654063806987
2321,0.7760000000000002,0.9945876965563953
2322,0.778,0.9946095768049457
2323,0.7799999999999998,0.9946310550336331
2324,0.7819999999999996,0.994652139041423
2325,0.7840000000000003,0.9946728365189628
2326,0.786,0.9946931550485821
2327,0.7879999999999998,0.9947131021042926
2328,0.7899999999999996,0.9947326850517882
2329,0.7920000000000003,0.9947519111484447
2330,0.794,0.9947707875433202
2331,0.7959999999999998,0.9947893212771547
2332,0.7979999999999996,0.9948075192823705
2333,0.8000000000000003,0.9948253883830721
2334,0.802,0.9948429352950457
2335,0.8039999999999998,0.99486016662576
2336,0.8059999999999996,0.9948770888105937
2337,0.8080000000000003,0.9948937066254373
2338,0.81,0.9949100244061866
2339,0.8119999999999998,0.9949260467294737
2340,0.8139999999999996,0.9949417781348752
2341,0.8160000000000003,0.9949572231249112
2342,0.8180000000000001,0.9949723861650464
2343,0.8199999999999998,0.994987271683689
2344,0.8219999999999996,0.9950018840721916
2345,0.8240000000000003,0.9950162276848507
2346,0.8260000000000001,0.9950303068389068
2347,0.8279999999999998,0.9950441258145447
2348,0.8299999999999996,0.9950576888548929
2349,0.8320000000000003,0.9950710001660239
2350,0.8340000000000001,0.9950840639169547
2351,0.8359999999999999,0.9950968842396458
2352,0.8379999999999996,0.995109465229002
2353,0.8400000000000003,0.9951218109428723
2354,0.8420000000000001,0.9951339254020494
2355,0.8439999999999999,0.99514581259027
2356,0.8459999999999996,0.9951574764542154
2357,0.8480000000000003,0.9951689209035102
2358,0.8500000000000001,0.9951801498107236
2359,0.8519999999999999,0.9951911670113684
2360,0.8539999999999996,0.995201976303902
2361,0.8560000000000003,0.9952125814497251
2362,0.8580000000000001,0.995222986173183
2363,0.8599999999999999,0.9952331941615651
2364,0.8619999999999997,0.9952432090651041
2365,0.8640000000000003,0.9952530344969777
2366,0.8660000000000001,0.9952626740333068
2367,0.8679999999999999,0.9952721312131569
2368,0.8699999999999997,0.9952814095385374
2369,0.8720000000000003,0.9952905124744016
2370,0.8740000000000001,0.9952994434486467
2371,0.8759999999999999,0.9953082058521144
2372,0.8779999999999997,0.9953168030385903
2373,0.8800000000000003,0.9953252383248035
2374,0.8820000000000001,0.9953335149904279
2375,0.8839999999999999,0.9953416362780809
2376,0.8859999999999997,0.9953496053933242
2377,0.8880000000000003,0.9953574255046634
2378,0.8900000000000001,0.9953650997435484
2379,0.8919999999999999,0.9953726312043726
2380,0.8939999999999997,0.995380022944474
2381,0.8960000000000004,0.9953872779841344
2382,0.8980000000000001,0.9953943993065795
2383,0.8999999999999999,0.9954013898579792
2384,0.9019999999999997,0.9954082525474475
2385,0.9040000000000004,0.9954149902470423
2386,0.9060000000000001,0.9954216057917655
2387,0.9079999999999999,0.9954281019795632
2388,0.9099999999999997,0.9954344815713255
2389,0.9120000000000004,0.9954407481036908
2390,0.9140000000000001,0.9954469061433452
2391,0.9159999999999999,0.9954529571099038
2392,0.9179999999999997,0.9954589022095081
2393,0.9200000000000004,0.9954647426492543
2394,0.9220000000000002,0.9954704796371934
2395,0.9239999999999999,0.9954761143823305
2396,0.9259999999999997,0.9954816480946255
2397,0.9280000000000004,0.9954870819849928
2398,0.9300000000000002,0.9954924172653014
2399,0.9319999999999999,0.9954976551483747
2400,0.9339999999999997,0.995502796847991
2401,0.9360000000000004,0.9955078435788829
2402,0.9380000000000002,0.9955127965567373
2403,0.94,0.9955176569981962
2404,0.9419999999999997,0.9955224261208557
2405,0.9440000000000004,0.9955271051432668
2406,0.9460000000000002,0.9955316952849347
2407,0.948,0.9955361977663195
2408,0.9499999999999997,0.9955406138088355
2409,0.9520000000000004,0.995544944634852
2410,0.9540000000000002,0.9955491914676924
2411,0.956,0.9955533555316348
2412,0.9579999999999997,0.995557438051912
2413,0.9600000000000004,0.9955614402547113
2414,0.9620000000000002,0.9955653633671744
2415,0.964,0.9955692086173975
2416,0.9659999999999997,0.9955729772344318
2417,0.9680000000000004,0.9955766704482827
2418,0.9700000000000002,0.99558028948991
2419,0.972,0.9955838355912283
2420,0.9739999999999998,0.9955873099851069
2421,0.9760000000000004,0.9955907139053694
2422,0.9780000000000002,0.9955940485867939
2423,0.98,0.9955973152651132
2424,0.9819999999999998,0.9956005151770146
2425,0.9840000000000004,0.9956036495601401
2426,0.9860000000000002,0.995606719653086
2427,0.988,0.9956097266954033
2428,0.9899999999999998,0.9956126719275975
2429,0.9920000000000004,0.9956155565911287
2430,0.9940000000000002,0.9956183819284115
2431,0.996,0.9956211491828151
2432,0.9979999999999998,0.9956238595986632
2433,0.9999999999999996,0.9956265144212342
2434,1.0020000000000002,0.9956291148967608
2435,1.004,0.9956316622724304
2436,1.0059999999999998,0.9956341577963851
2437,1.0079999999999996,0.9956366027177211
2438,1.0100000000000002,0.9956389982864897
2439,1.012,0.9956413457536964
2440,1.0139999999999998,0.9956436463713013
2441,1.0159999999999996,0.9956459013922192
2442,1.0180000000000002,0.9956481120703193
2443,1.02,0.9956502796604253
2444,1.0219999999999998,0.9956524054183158
2445,1.0239999999999996,0.9956544906007234
2446,1.0260000000000002,0.9956565364653358
2447,1.028,0.9956585442707949
2448,1.0299999999999998,0.9956605152766973
2449,1.0319999999999996,0.995662450743594
2450,1.0340000000000003,0.9956643519329909
2451,1.036,0.995666220107348
2452,1.0379999999999998,0.9956680565300801
2453,1.0399999999999996,0.9956698624655566
2454,1.0420000000000003,0.9956716391791013
2455,1.044,0.9956733879369927
2456,1.0459999999999998,0.9956751100064637
2457,1.0479999999999996,0.9956768066557019
2458,1.0500000000000003,0.9956784791538493
2459,1.052,0.9956801287710026
2460,1.0539999999999998,0.9956817561349993
2461,1.0559999999999996,0.9956833587103349
2462,1.0580000000000003,0.9956849361555846
2463,1.06,0.9956864885713249
2464,1.0619999999999998,0.9956880160631624
2465,1.0639999999999996,0.9956895187417345
2466,1.0660000000000003,0.9956909967227091
2467,1.068,0.9956924501267848
2468,1.0699999999999998,0.9956938790796906
2469,1.0719999999999996,0.9956952837121865
2470,1.0740000000000003,0.9956966641600626
2471,1.076,0.9956980205641399
2472,1.0779999999999998,0.9956993530702699
2473,1.0799999999999996,0.9957006618293348
2474,1.0820000000000003,0.9957019469972471
2475,1.084,0.9957032087349503
2476,1.0859999999999999,0.9957044472084182
2477,1.0879999999999996,0.9957056625886553
2478,1.0900000000000003,0.9957068550516966
2479,1.092,0.995708024778608
2480,1.0939999999999999,0.9957091719554855
2481,1.0959999999999996,0.995710296773456
2482,1.0980000000000003,0.995711399428677
2483,1.1,0.9957124801223367
2484,1.1019999999999999,0.9957135390606535
2485,1.1039999999999996,0.9957145764548768
2486,1.1060000000000003,0.9957155925212864
2487,1.108,0.9957165874811925
2488,1.1099999999999999,0.9957175615609365
2489,1.1119999999999997,0.9957185149918897
2490,1.1140000000000003,0.9957194480104544
2491,1.116,0.9957203608580634
2492,1.1179999999999999,0.9957212537811801
2493,1.1199999999999997,0.9957221270312985
2494,1.1220000000000003,0.9957229808649432
2495,1.124,0.9957238155436692
2496,1.126,0.9957246313340624
2497,1.1279999999999997,0.9957254285077392
2498,1.1300000000000003,0.9957262073413464
2499,1.1320000000000001,0.9957269681165617
2500,1.134,0.9957277111200932
2501,1.1359999999999997,0.9957284366436796
2502,1.1380000000000003,0.9957291449840903
2503,1.1400000000000001,0.9957298364431251
2504,1.142,0.9957305113276145
2505,1.1439999999999997,0.9957311699494197
2506,1.1460000000000004,0.9957318126254324
2507,1.1480000000000001,0.9957324396775749
2508,1.15,0.9957330514328
2509,1.1519999999999997,0.9957336482230913
2510,1.1540000000000004,0.9957342303854628
2511,1.1560000000000001,0.9957347982619592
2512,1.158,0.9957353521996558
2513,1.1599999999999997,0.9957358925506583
2514,1.1620000000000004,0.9957364196721034
2515,1.1640000000000001,0.9957369339261579
2516,1.166,0.9957374356800196
2517,1.1679999999999997,0.9957379253059166
2518,1.1700000000000004,0.9957384031811078
2519,1.1720000000000002,0.9957388696878827
2520,1.174,0.9957393252135612
2521,1.1759999999999997,0.995739770150494
2522,1.1780000000000004,0.9957402048960622
2523,1.1800000000000002,0.9957406298526776
2524,1.182,0.9957410454277826
2525,1.1839999999999997,0.9957414520338503
2526,1.1860000000000004,0.9957418500883842
2527,1.1880000000000002,0.9957422400139184
2528,1.19,0.9957426222380177
2529,1.1919999999999997,0.9957429971932775
2530,1.1940000000000004,0.9957433653173237
2531,1.1960000000000002,0.9957437270528129
2532,1.198,0.9957440828474321
2533,1.1999999999999997,0.9957444331538993
2534,1.2020000000000004,0.9957447784299626
2535,1.2040000000000002,0.9957451191384008
2536,1.206,0.9957454557470238
2537,1.2079999999999997,0.9957457887286715
2538,1.2100000000000004,0.9957461185612144
2539,1.2120000000000002,0.9957464457275542
2540,1.214,0.9957467707156226
2541,1.2159999999999997,0.9957470940183819
2542,1.2180000000000004,0.9957474161338253
2543,1.2200000000000002,0.9957477375649767
2544,1.222,0.99574805881989
2545,1.2239999999999998,0.9957483804116504
2546,1.2260000000000004,0.9957487020612654
2547,1.2280000000000002,0.9957490207142983
2548,1.23,0.9957493359470511
2549,1.2319999999999998,0.9957496476877586
2550,1.2340000000000004,0.9957499558672288
2551,1.2360000000000002,0.9957502604188421
2552,1.238,0.9957505612785518
2553,1.2399999999999998,0.9957508583848843
2554,1.2420000000000004,0.9957511516789386
2555,1.2440000000000002,0.9957514411043867
2556,1.246,0.9957517266074735
2557,1.2479999999999998,0.9957520081370165
2558,1.2500000000000004,0.9957522856444062
2559,1.2520000000000002,0.9957525590836062
2560,1.254,0.9957528284111523
2561,1.2559999999999998,0.9957530935861538
2562,1.2579999999999996,0.9957533545702926
2563,1.2600000000000002,0.9957536113278233
2564,1.262,0.9957538638255736
2565,1.2639999999999998,0.995754112032944
2566,1.2659999999999996,0.9957543559219076
2567,1.2680000000000002,0.9957545954670107
2568,1.27,0.9957548306453723
2569,1.2719999999999998,0.9957550614366841
2570,1.2739999999999996,0.9957552878232109
2571,1.2760000000000002,0.9957555097897902
2572,1.278,0.9957557273238324
2573,1.2799999999999998,0.9957559404153208
2574,1.2819999999999996,0.9957561490568113
2575,1.2840000000000003,0.9957563532434329
2576,1.286,0.9957565529728875
2577,1.2879999999999998,0.9957567482454497
2578,1.2899999999999996,0.9957569390639668
2579,1.2920000000000003,0.9957571254338593
2580,1.294,0.9957573073631203
2581,1.2959999999999998,0.995757484862316
2582,1.2979999999999996,0.9957576579445849
2583,1.3000000000000003,0.9957578266256392
2584,1.302,0.995757990923763
2585,1.3039999999999998,0.9957581508598141
2586,1.3059999999999996,0.9957583064572225
2587,1.3080000000000003,0.9957584577419916
2588,1.31,0.9957586047426971
2589,1.3119999999999998,0.9957587474904879
2590,1.3139999999999996,0.9957588860190857
2591,1.3160000000000003,0.995759020364785
2592,1.318,0.9957591505664533
2593,1.3199999999999998,0.9957592766655305
2594,1.3219999999999996,0.99575939870603
2595,1.3240000000000003,0.9957595167345374
2596,1.326,0.9957596308002118
2597,1.3279999999999998,0.9957597409547845
2598,1.3299999999999996,0.9957598472525601
2599,1.3320000000000003,0.9957599497504159
2600,1.334,0.9957600485078021
2601,1.3359999999999999,0.9957601435867416
2602,1.3379999999999996,0.9957602350518303
2603,1.3400000000000003,0.9957603229702369
2604,1.342,0.995760407411703
2605,1.3439999999999999,0.9957604884485429
2606,1.3459999999999996,0.995760566155644
2607,1.3480000000000003,0.9957606406104663
2608,1.35,0.9957607118930427
2609,1.3519999999999999,0.9957607800859791
2610,1.3539999999999996,0.9957608452744541
2611,1.3560000000000003,0.9957609075462192
2612,1.358,0.9957609669915987
2613,1.3599999999999999,0.9957610237034898
2614,1.3619999999999997,0.9957610777773627
2615,1.3640000000000003,0.99576112931126
2616,1.366,0.9957611784057977
2617,1.3679999999999999,0.9957612251641643
2618,1.3699999999999997,0.9957612696921212
2619,1.3720000000000003,0.9957613120980028
2620,1.374,0.995761352492716
2621,1.376,0.995761390989741
2622,1.3779999999999997,0.9957614277051307
2623,1.3800000000000003,0.9957614627575105
2624,1.3820000000000001,0.9957614962680791
2625,1.384,0.9957615283606079
2626,1.3859999999999997,0.9957615591614412
2627,1.3880000000000003,0.9957615887994957
2628,1.3900000000000001,0.9957616174062618
2629,1.392,0.9957616451158021
2630,1.3939999999999997,0.9957616720647521
2631,1.3960000000000004,0.9957616983923204
2632,1.3980000000000001,0.9957617242402883
2633,1.4,0.99576174975301
2634,1.4019999999999997,0.9957617750774125
2635,1.4040000000000004,0.9957618003629956
2636,1.4060000000000001,0.9957618257618321
2637,1.408,0.9957618514285675
2638,1.4099999999999997,0.9957618775204203
2639,1.4120000000000004,0.9957619041971818
2640,1.4140000000000001,0.9957619316212161
2641,1.416,0.99576195995746
2642,1.4179999999999997,0.9957619893734234
2643,1.4200000000000004,0.995762020039189
2644,1.4220000000000002,0.9957620521274123
2645,1.424,0.9957620858133217
2646,1.4259999999999997,0.9957621212747183
2647,1.4280000000000004,0.9957621586919763
2648,1.4300000000000002,0.9957621982480425
2649,1.432,0.9957622401284366
2650,1.4339999999999997,0.9957622845212514
2651,1.4360000000000004,0.9957623316171521
2652,1.4380000000000002,0.9957623816093772
2653,1.44,0.9957624333649718
2654,1.4419999999999997,0.9957624850163989
2655,1.4440000000000004,0.995762536519478
2656,1.4460000000000002,0.9957625878462709
2657,1.448,0.9957626389694241
2658,1.4499999999999997,0.9957626898621692
2659,1.4520000000000004,0.9957627404983225
2660,1.4540000000000002,0.9957627908522853
2661,1.456,0.9957628408990435
2662,1.4579999999999997,0.9957628906141684
2663,1.4600000000000004,0.9957629399738159
2664,1.4620000000000002,0.9957629889547268
2665,1.464,0.9957630375342268
2666,1.4659999999999997,0.9957630856902264
2667,1.4680000000000004,0.9957631334012212
2668,1.4700000000000002,0.9957631806462917
2669,1.472,0.9957632274051028
2670,1.4739999999999998,0.9957632736579051
2671,1.4760000000000004,0.9957633193855332
2672,1.4780000000000002,0.9957633645694074
2673,1.48,0.9957634091915324
2674,1.4819999999999998,0.9957634532344979
2675,1.4840000000000004,0.9957634966814786
2676,1.4860000000000002,0.9957635395162339
2677,1.488,0.9957635817231083
2678,1.4899999999999998,0.9957636232870309
2679,1.4920000000000004,0.9957636641935161
2680,1.4940000000000002,0.9957637044286629
2681,1.496,0.9957637439791552
2682,1.4979999999999998,0.9957637828322619
2683,1.5000000000000004,0.9957638209758366
2684,1.5020000000000002,0.9957638583983182
2685,1.504,0.99576389508873
2686,1.5059999999999998,0.9957639310366805
2687,1.5080000000000005,0.9957639662323629
2688,1.5100000000000002,0.9957640006665555
2689,1.512,0.9957640343306213
2690,1.5139999999999998,0.9957640672165085
2691,1.5159999999999996,0.9957640993167496
2692,1.5180000000000002,0.9957641306244626
2693,1.52,0.9957641611333501
2694,1.5219999999999998,0.9957641908376995
2695,1.5239999999999996,0.9957642197323835
2696,1.5260000000000002,0.9957642478128592
2697,1.528,0.9957642750751688
2698,1.5299999999999998,0.9957643015159395
2699,1.5319999999999996,0.9957643271323834
2700,1.5340000000000003,0.9957643519222971
2701,1.536,0.9957643758840624
2702,1.5379999999999998,0.9957643990166462
2703,1.5399999999999996,0.9957644213195999
2704,1.5420000000000003,0.9957644427930599
2705,1.544,0.9957644634377475
2706,1.5459999999999998,0.995764483254969
2707,1.5479999999999996,0.9957645022466156
2708,1.5500000000000003,0.9957645204151633
2709,1.552,0.9957645377636728
2710,1.5539999999999998,0.9957645542957899
2711,1.5559999999999996,0.9957645700157456
2712,1.5580000000000003,0.9957645849283551
2713,1.56,0.9957645990390189
2714,1.5619999999999998,0.9957646123537226
2715,1.5639999999999996,0.9957646248790362
2716,1.5660000000000003,0.9957646366221148
2717,1.568,0.9957646475906986
2718,1.5699999999999998,0.9957646577931125
2719,1.5719999999999996,0.9957646672382662
2720,1.5740000000000003,0.9957646759356543
2721,1.576,0.9957646838953566
2722,1.5779999999999998,0.9957646911280374
2723,1.5799999999999996,0.9957646976449462
2724,1.5820000000000003,0.9957647034579171
2725,1.584,0.9957647085793694
2726,1.5859999999999999,0.9957647130223071
2727,1.5879999999999996,0.995764716800319
2728,1.5900000000000003,0.995764719927579
2729,1.592,0.9957647224188457
2730,1.5939999999999999,0.9957647242894629
2731,1.5959999999999996,0.995764725555359
2732,1.5980000000000003,0.9957647262330473
2733,1.6,0.9957647263396262
2734,1.6019999999999999,0.9957647258927788
2735,1.6039999999999996,0.9957647249107731
2736,1.6060000000000003,0.995764723412462
2737,1.608,0.9957647214172836
2738,1.6099999999999999,0.9957647189452602
2739,1.6119999999999997,0.9957647160169998
2740,1.6140000000000003,0.9957647126536946
2741,1.616,0.9957647088771222
2742,1.6179999999999999,0.9957647047096448
2743,1.6199999999999997,0.9957647001742096
2744,1.6220000000000003,0.9957646952943486
2745,1.624,0.9957646900941789
2746,1.626,0.9957646845984022
2747,1.6279999999999997,0.9957646788323052
2748,1.6300000000000003,0.9957646728217597
2749,1.6320000000000001,0.995764666593222
2750,1.634,0.9957646601737338
2751,1.6359999999999997,0.9957646535909211
2752,1.6380000000000003,0.9957646468729954
2753,1.6400000000000001,0.9957646400487524
2754,1.642,0.9957646331475735
2755,1.6439999999999997,0.9957646261994242
2756,1.6460000000000004,0.9957646192348553
2757,1.6480000000000001,0.9957646122850026
2758,1.65,0.9957646053815865
2759,1.6519999999999997,0.9957645985569126
2760,1.6540000000000004,0.995764591843871
2761,1.6560000000000001,0.995764585275937
2762,1.658,0.9957645788871707
2763,1.6599999999999997,0.9957645727122171
2764,1.6620000000000004,0.995764566786306
2765,1.6640000000000001,0.9957645611452522
2766,1.666,0.9957645558254554
2767,1.6679999999999997,0.9957645508639001
2768,1.6700000000000004,0.9957645462981558
2769,1.6720000000000002,0.9957645421663768
2770,1.674,0.9957645385073023
2771,1.6759999999999997,0.9957645353602563
2772,1.6780000000000004,0.995764532765148
2773,1.6800000000000002,0.9957645307624713
2774,1.682,0.9957645293933047
2775,1.6839999999999997,0.9957645286993122
2776,1.6860000000000004,0.9957645287227421
2777,1.6880000000000002,0.9957645295064281
2778,1.69,0.9957645310937884
2779,1.6919999999999997,0.9957645335288262
2780,1.6940000000000004,0.9957645368561296
2781,1.6960000000000002,0.9957645411208719
2782,1.698,0.9957645463688106
2783,1.6999999999999997,0.9957645526462888
2784,1.7020000000000004,0.9957645600002341
2785,1.7040000000000002,0.9957645684291585
2786,1.706,0.9957645765849443
2787,1.7079999999999997,0.995764583866626
2788,1.7100000000000004,0.9957645903085847
2789,1.7120000000000002,0.9957645959447421
2790,1.714,0.9957646008085611
2791,1.7159999999999997,0.995764604933045
2792,1.7180000000000004,0.9957646083507381
2793,1.7200000000000002,0.9957646110937255
2794,1.722,0.995764613193633
2795,1.7239999999999998,0.9957646146816272
2796,1.7260000000000004,0.9957646155884159
2797,1.7280000000000002,0.9957646159442471
2798,1.73,0.9957646157789102
2799,1.7319999999999998,0.9957646151217348
2800,1.7340000000000004,0.9957646140015917
2801,1.7360000000000002,0.9957646124468923
2802,1.738,0.9957646104855892
2803,1.7399999999999998,0.9957646081451753
2804,1.7420000000000004,0.9957646054526847
2805,1.7440000000000002,0.995764602434692
2806,1.746,0.9957645991173127
2807,1.7479999999999998,0.9957645955262033
2808,1.7500000000000004,0.995764591686561
2809,1.7520000000000002,0.9957645876231235
2810,1.754,0.9957645833601698
2811,1.7559999999999998,0.9957645789215193
2812,1.7580000000000005,0.9957645743305324
2813,1.7600000000000002,0.9957645696101105
2814,1.762,0.9957645647826953
2815,1.7639999999999998,0.9957645598702697
2816,1.7659999999999996,0.9957645548943573
2817,1.7680000000000002,0.9957645498760226
2818,1.77,0.9957645448358706
2819,1.7719999999999998,0.9957645397940476
2820,1.7739999999999996,0.9957645347702401
2821,1.7760000000000002,0.9957645297836758
2822,1.778,0.9957645248531234
2823,1.7799999999999998,0.9957645199968918
2824,1.7819999999999996,0.9957645152328312
2825,1.7840000000000003,0.9957645105783324
2826,1.786,0.9957645060503271
2827,1.7879999999999998,0.9957645016652876
2828,1.7899999999999996,0.9957644974392275
2829,1.7920000000000003,0.9957644933877006
2830,1.794,0.9957644895258018
2831,1.7959999999999998,0.9957644858681668
2832,1.7979999999999996,0.9957644824289721
2833,1.8000000000000003,0.9957644792219349
2834,1.802,0.9957644762603135
2835,1.8039999999999998,0.9957644735569067
2836,1.8059999999999996,0.9957644711240541
2837,1.8080000000000003,0.9957644689736362
2838,1.81,0.9957644671170746
2839,1.8119999999999998,0.9957644655653312
2840,1.8139999999999996,0.995764464328909
2841,1.8160000000000003,0.9957644634178515
2842,1.818,0.9957644628417437
2843,1.8199999999999998,0.9957644626097105
2844,1.8219999999999996,0.9957644627304183
2845,1.8240000000000003,0.995764463212074
2846,1.826,0.9957644640624254
2847,1.8279999999999998,0.9957644652887608
2848,1.8299999999999996,0.99576446689791
2849,1.8320000000000003,0.9957644688962429
2850,1.834,0.9957644712896706
2851,1.8359999999999999,0.9957644740836448
2852,1.8379999999999996,0.9957644772831581
2853,1.8400000000000003,0.9957644808927439
2854,1.842,0.9957644849164765
2855,1.8439999999999999,0.9957644893579708
2856,1.8459999999999996,0.9957644942203827
2857,1.8480000000000003,0.9957644995064088
2858,1.85,0.9957645052182864
2859,1.8519999999999999,0.995764511357794
2860,1.8539999999999996,0.9957645179262503
2861,1.8560000000000003,0.9957645249245155
2862,1.858,0.99576453235299
2863,1.8599999999999999,0.9957645402116153
2864,1.8619999999999997,0.9957645484998737
2865,1.8640000000000003,0.9957645572167882
2866,1.866,0.9957645663609228
2867,1.8679999999999999,0.9957645759303821
2868,1.8699999999999997,0.9957645859228116
2869,1.8720000000000003,0.9957645963353975
2870,1.874,0.9957646071648669
2871,1.876,0.9957646184074879
2872,1.8779999999999997,0.9957646300590689
2873,1.8800000000000003,0.9957646421149597
2874,1.8820000000000001,0.9957646545700505
2875,1.884,0.9957646674187722
2876,1.8859999999999997,0.9957646806550972
2877,1.8880000000000003,0.9957646942725378
2878,1.8900000000000001,0.9957647082641478
2879,1.892,0.9957647226225212
2880,1.8939999999999997,0.9957647373397936
2881,1.8960000000000004,0.9957647524076407
2882,1.8980000000000001,0.9957647678172793
2883,1.9,0.995764783559467
2884,1.9019999999999997,0.995764799624502
2885,1.9040000000000004,0.9957648160022237
2886,1.9060000000000001,0.995764832682012
2887,1.908,0.9957648496527876
2888,1.9099999999999997,0.9957648669030122
2889,1.9120000000000004,0.9957648844206881
2890,1.9140000000000001,0.9957649021933587
2891,1.916,0.9957649202081078
2892,1.9179999999999997,0.9957649384515602
2893,1.9200000000000004,0.9957649569098816
2894,1.9220000000000002,0.9957649755687786
2895,1.924,0.9957649944134982
2896,1.9259999999999997,0.9957650134288284
2897,1.9280000000000004,0.9957650325990981
2898,1.9300000000000002,0.9957650519081771
2899,1.932,0.9957650713394757
2900,1.9339999999999997,0.9957650908759451
2901,1.9360000000000004,0.9957651105000775
2902,1.9380000000000002,0.9957651301939057
2903,1.94,0.9957651499390034
2904,1.9419999999999997,0.9957651697164851
2905,1.9440000000000004,0.995765189507006
2906,1.9460000000000002,0.9957652092907623
2907,1.948,0.9957652290474908
2908,1.9499999999999997,0.9957652487564692
2909,1.9520000000000004,0.9957652683965161
2910,1.9540000000000002,0.9957652879459907
2911,1.956,0.9957653073827932
2912,1.9579999999999997,0.9957653266843646
2913,1.9600000000000004,0.9957653458276864
2914,1.9620000000000002,0.9957653647892813
2915,1.964,0.9957653835452126
2916,1.9659999999999997,0.9957654020710844
2917,1.9680000000000004,0.9957654203420417
2918,1.9700000000000002,0.9957654383327703
2919,1.972,0.9957654560174968
2920,1.9739999999999998,0.9957654733699883
2921,1.9760000000000004,0.9957654903635532
2922,1.9780000000000002,0.9957655069710405
2923,1.98,0.9957655231648398
2924,1.9819999999999998,0.9957655389168818
2925,1.9840000000000004,0.995765554198638
2926,1.9860000000000002,0.9957655689811205
2927,1.988,0.9957655832348822
2928,1.9899999999999998,0.995765596930017
2929,1.9920000000000004,0.9957656100361595
2930,1.9940000000000002,0.9957656225224852
2931,1.996,0.9957656343577103
2932,1.9979999999999998,0.9957656455100917
2933,2.0000000000000004,0.9957656559474275
2934,2.0020000000000002,0.9957656656370562
2935,2.004,0.9957656745458571
2936,2.006,0.9957656826402506
2937,2.0080000000000005,0.9957656898861977
2938,2.0100000000000002,0.9957656962492004
2939,2.012,0.9957657016943013
2940,2.014,0.9957657061860838
2941,2.0160000000000005,0.9957657096886723
2942,2.0180000000000002,0.9957657121657318
2943,2.02,0.9957657135804683
2944,2.022,0.9957657138956283
2945,2.0239999999999996,0.9957657130734995
2946,2.0260000000000002,0.9957657110759102
2947,2.028,0.9957657078642292
2948,2.03,0.9957657033993669
2949,2.0319999999999996,0.9957656976417737
2950,2.0340000000000003,0.9957656905514413
2951,2.036,0.995765682087902
2952,2.038,0.9957656722102287
2953,2.0399999999999996,0.9957656608770357
2954,2.0420000000000003,0.9957656480464776
2955,2.044,0.9957656336762499
2956,2.046,0.9957656177235891
2957,2.0479999999999996,0.9957656010020935
2958,2.0500000000000003,0.995765584736568
2959,2.052,0.9957655689275977
2960,2.054,0.9957655535653351
2961,2.0559999999999996,0.9957655386400179
2962,2.0580000000000003,0.995765524141969
2963,2.06,0.9957655100615963
2964,2.062,0.9957654963893935
2965,2.0639999999999996,0.9957654831159389
2966,2.0660000000000003,0.9957654702318968
2967,2.068,0.9957654577280161
2968,2.07,0.9957654455951311
2969,2.0719999999999996,0.9957654338241617
2970,2.0740000000000003,0.9957654224061125
2971,2.076,0.9957654113320741
2972,2.078,0.9957654005932214
2973,2.0799999999999996,0.9957653901808153
2974,2.0820000000000003,0.9957653800862017
2975,2.084,0.9957653703008117
2976,2.086,0.9957653608161616
2977,2.0879999999999996,0.9957653516238534
2978,2.0900000000000003,0.9957653427155736
2979,2.092,0.9957653340830945
2980,2.094,0.9957653257182736
2981,2.0959999999999996,0.9957653176130533
2982,2.0980000000000003,0.9957653097594619
2983,2.1,0.9957653021496122
2984,2.102,0.9957652947757027
2985,2.1039999999999996,0.9957652876300173
2986,2.1060000000000003,0.9957652807049244
2987,2.108,0.9957652739928787
2988,2.11,0.9957652674864192
2989,2.1119999999999997,0.9957652611781709
2990,2.1140000000000003,0.9957652550608435
2991,2.116,0.9957652491272321
2992,2.118,0.9957652433702172
2993,2.1199999999999997,0.9957652377827646
2994,2.1220000000000003,0.995765232357925
2995,2.124,0.9957652270888346
