,dynamic_x,dynamic_y,fixed _x,fixed _y
0,-2.722,0.23655219882064468,-2.722,0.0
1,-2.72,0.23045717877104513,-2.72,-0.006095026060913191
2,-2.718,0.2245039247104213,-2.718,-0.012048320955281798
3,-2.716,0.21868917820110462,-2.716,-0.017863174650266083
4,-2.714,0.21300975412259068,-2.714,-0.023542800438915212
5,-2.712,0.20746253412193377,-2.712,-0.029090341724597846
6,-2.71,0.20204446683688498,-2.71,-0.03450887202100213
7,-2.708,0.19675256810779612,-2.708,-0.039801394952135694
8,-2.706,0.19158392117872913,-2.706,-0.04497084425232569
9,-2.704,0.1865356606355597,-2.704,-0.05002009998414763
10,-2.702,0.18160491240659604,-2.702,-0.05495204856181847
11,-2.7,0.17678899632970624,-2.7,-0.05976938079582139
12,-2.698,0.17208530655592902,-2.698,-0.06447471145156523
13,-2.696,0.16749128423759416,-2.696,-0.06907060663915467
14,-2.694,0.16300441765270646,-2.694,-0.07355958381339016
15,-2.692,0.15862224232316813,-2.692,-0.07794411177376805
16,-2.69,0.15434234112706705,-2.69,-0.08222661066448049
17,-2.688,0.15016234440525136,-2.688,-0.08640945197441546
18,-2.686,0.14607993006240735,-2.686,-0.09049495853715674
19,-2.684,0.14209282366285142,-2.684,-0.09448540453098399
20,-2.682,0.13819879852124226,-2.682,-0.09838301547887265
21,-2.68,0.1343956757884148,-2.68,-0.10218996824849408
22,-2.678,0.13068132453253156,-2.678,-0.10590839105221528
23,-2.676,0.12705366181574237,-2.676,-0.10954036344709935
24,-2.674,0.12351065276653897,-2.674,-0.11308791633490495
25,-2.672,0.12005031064798435,-2.672,-0.11655303196208676
26,-2.67,0.11667066364369202,-2.67,-0.11993767705400822
27,-2.668,0.11336964406681894,-2.668,-0.12324391317989399
28,-2.666,0.11014548029341009,-2.666,-0.12647350660062215
29,-2.664,0.10699647533114051,-2.664,-0.12962814882439105
30,-2.662,0.10392095859844913,-2.662,-0.13270950465696282
31,-2.66,0.10091728595848282,-2.66,-0.1357192122016634
32,-2.658,0.09798383975125136,-2.658,-0.13865888285938247
33,-2.656,0.09511902882405532,-2.656,-0.14153010132857347
34,-2.654,0.09232128856024827,-2.654,-0.14433442560525364
35,-2.652,0.08958908090639328,-2.652,-0.147073386983004
36,-2.65,0.08692089439787234,-2.65,-0.1497484900529693
37,-2.648,0.08431524418300693,-2.648,-0.1523612127038581
38,-2.646,0.0817706720457454,-2.646,-0.15491300612194273
39,-2.644,0.0792857464269735,-2.644,-0.15740529479105925
40,-2.642,0.07685906244450144,-2.642,-0.15983947649260755
41,-2.64,0.0744892419117805,-2.64,-0.1622169223055513
42,-2.638,0.07217493335540165,-2.638,-0.1645389766064178
43,-2.636,0.06991481203142613,-2.636,-0.1668069570692983
44,-2.634,0.06770757994059781,-2.634,-0.1690221546658478
45,-2.632,0.0655519658424854,-2.632,-0.17118583366528495
46,-2.63,0.06344672526860204,-2.63,-0.17329923163439226
47,-2.628,0.06139064053454754,-2.628,-0.17536355943751603
48,-2.626,0.05938252075121897,-2.626,-0.17738000123656622
49,-2.624,0.057421201835131885,-2.624,-0.17934971449101678
50,-2.622,0.055505546517896714,-2.622,-0.1812738299579052
51,-2.62,0.05363436377717343,-2.62,-0.1831535319399782
52,-2.618,0.051806471982496216,-2.618,-0.18498999559774815
53,-2.616,0.05002096080527152,-2.616,-0.1867841261101362
54,-2.614,0.04827693997269816,-2.614,-0.1885368087335344
55,-2.612,0.04657353053740276,-2.612,-0.1902489174948068
56,-2.61,0.044909864878750844,-2.61,-0.19192131519128977
57,-2.608,0.04328508670397521,-2.608,-0.1935548533907918
58,-2.606,0.04169835104912742,-2.606,-0.19515037243159353
59,-2.604,0.04014882427985969,-2.604,-0.1967087014224479
60,-2.602,0.03863568409204238,-2.602,-0.19823065824257985
61,-2.6,0.037158119512223864,-2.6,-0.19971704954168662
62,-2.598,0.035715330897939185,-2.598,-0.2011686707399376
63,-2.596,0.03430652993787234,-2.596,-0.20258630602797437
64,-2.594,0.032930939651879765,-2.594,-0.20397072836691074
65,-2.592,0.03158779439087919,-2.592,-0.20532269948833248
66,-2.59,0.030276339836610683,-2.59,-0.20664296989429773
67,-2.588,0.028995833001275173,-2.588,-0.2079322788573369
68,-2.586,0.027745542227055914,-2.586,-0.20919135442045222
69,-2.584,0.026524747185528413,-2.584,-0.21042091339711858
70,-2.582,0.02533273887696441,-2.582,-0.2116216613712826
71,-2.58,0.024168819629534627,-2.58,-0.21279429269736336
72,-2.578,0.023032303098416057,-2.578,-0.21393949050025196
73,-2.576,0.021922514264808818,-2.576,-0.2150579266753118
74,-2.574,0.020838789434866944,-2.574,-0.21615026188837835
75,-2.572,0.019780476238548728,-2.572,-0.21721714557575936
76,-2.57,0.018746933628391416,-2.57,-0.2182592159442347
77,-2.568,0.01773753187821417,-2.568,-0.21927709997105646
78,-2.566,0.01675165258175501,-2.566,-0.2202714134039488
79,-2.564,0.01578868865124572,-2.564,-0.22124276076110816
80,-2.562,0.014848044315928899,-2.562,-0.22219173533120318
81,-2.56,0.013929135120522268,-2.56,-0.2231189191733745
82,-2.558,0.013031387923633675,-2.558,-0.22402488311723517
83,-2.556,0.012154234143759907,-2.556,-0.2249101935387262
84,-2.554,0.011297075068195106,-2.554,-0.2257754476482584
85,-2.552,0.010459491443585017,-2.552,-0.22662106371892127
86,-2.55,0.009641112223648662,-2.55,-0.22744741184896122
87,-2.548,0.008841569527115178,-2.548,-0.22825485902740583
88,-2.546,0.008060498635623276,-2.546,-0.22904376913406407
89,-2.544,0.00729753799166688,-2.544,-0.2298145029395259
90,-2.542,0.0065523291965867425,-2.542,-0.23056741810516246
91,-2.54,0.005824517008606256,-2.54,-0.2313028691831261
92,-2.538,0.005113749340911605,-2.538,-0.23202120761635034
93,-2.536,0.00441967725977363,-2.536,-0.23272278173854974
94,-2.534,0.003741954982711654,-2.534,-0.23340793677422025
95,-2.532,0.0030802398766980876,-2.532,-0.2340770148386389
96,-2.53,0.002434192456401668,-2.53,-0.23473035493786384
97,-2.528,0.0018034763824702205,-2.528,-0.23536829296873438
98,-2.526,0.0011877584598502244,-2.526,-0.23599116171887108
99,-2.524,0.0005867086361436569,-2.524,-0.23659929086667555
100,-2.522,0.0,-2.522,-0.2371930069813308
101,-2.52,-0.0005726912204568335,-2.52,-0.23777263352280073
102,-2.518,-0.0011316856591672975,-2.518,-0.23833849084183056
103,-2.516,-0.0016773008136426737,-2.516,-0.23889089617994666
104,-2.514,-0.002209851046439004,-2.514,-0.23943016366945666
105,-2.512,-0.002729647586599826,-2.512,-0.2399566043334491
106,-2.51,-0.00323699853106843,-2.51,-0.24047052608579392
107,-2.508,-0.00373220884607095,-2.508,-0.24097223373114218
108,-2.506,-0.004215580368470029,-2.506,-0.24146202896492613
109,-2.504,-0.004687411807091119,-2.504,-0.24194021037335905
110,-2.502,-0.0051479987440212205,-2.502,-0.24240707343343557
111,-2.5,-0.0055976336358811996,-2.5,-0.24286291051293132
112,-2.4979999999999998,-0.006036605815072954,-2.4979999999999998,-0.2433080108704033
113,-2.496,-0.006465201491000716,-2.496,-0.24374266065518954
114,-2.4939999999999998,-0.00688370375126926,-2.4939999999999998,-0.24416714290740918
115,-2.492,-0.007292392562857797,-2.492,-0.24458173755796275
116,-2.4899999999999998,-0.0076915447732712194,-2.4899999999999998,-0.24498672142853165
117,-2.488,-0.00808143411166981,-2.488,-0.24538236823157877
118,-2.4859999999999998,-0.008462331189976607,-2.4859999999999998,-0.24576894857034792
119,-2.484,-0.00883450350396478,-2.484,-0.24614672993886422
120,-2.482,-0.009198215434324336,-2.482,-0.24651597672193387
121,-2.48,-0.009553728247709392,-2.48,-0.24687695019514433
122,-2.4779999999999998,-0.009901300097766713,-2.4779999999999998,-0.24722990852486412
123,-2.476,-0.010241186026145793,-2.476,-0.24757510676824301
124,-2.474,-0.01057363294842184,-2.474,-0.24791279205418562
125,-2.472,-0.010898801684912113,-2.472,-0.248243127064306
126,-2.4699999999999998,-0.011216799864173926,-2.4699999999999998,-0.24856622044799048
127,-2.468,-0.011527736546334127,-2.468,-0.2488821819693172
128,-2.466,-0.011831720755594105,-2.466,-0.24919112135916235
129,-2.464,-0.012128861480867142,-2.464,-0.24949314831520006
130,-2.4619999999999997,-0.012419267676399476,-2.4619999999999997,-0.24978837250190244
131,-2.46,-0.01270304826237581,-2.46,-0.25007690355053963
132,-2.458,-0.012980312125508903,-2.458,-0.2503588510591795
133,-2.456,-0.013251168119613993,-2.456,-0.2506343245926882
134,-2.4539999999999997,-0.013515725066168743,-2.4539999999999997,-0.25090343368272966
135,-2.452,-0.013774091754857581,-2.452,-0.25116628782776584
136,-2.45,-0.014026376944102331,-2.45,-0.2514229964930567
137,-2.448,-0.014272689361578966,-2.448,-0.2516736691106601
138,-2.4459999999999997,-0.01451313770471982,-2.4459999999999997,-0.2519184150794319
139,-2.444,-0.014747830641202525,-2.444,-0.2521573437650259
140,-2.442,-0.014976876809426748,-2.442,-0.252390564499894
141,-2.44,-0.015200384818976537,-2.44,-0.2526181865832859
142,-2.4379999999999997,-0.015418463251070963,-2.4379999999999997,-0.25284031928124934
143,-2.436,-0.015631220659002437,-2.436,-0.25305707182663
144,-2.434,-0.015838765568562535,-2.434,-0.2532685534190717
145,-2.432,-0.016041206478456888,-2.432,-0.25347487322501594
146,-2.43,-0.016238651860707803,-2.43,-0.2536761403777024
147,-2.428,-0.0164312101610464,-2.428,-0.2538724639771687
148,-2.426,-0.01661898979929352,-2.426,-0.25406395309025037
149,-2.424,-0.016802099169730383,-2.424,-0.254250716750581
150,-2.422,-0.016980646641459013,-2.422,-0.25443286395859194
151,-2.42,-0.01715474055875235,-2.42,-0.2546105036815129
152,-2.418,-0.017324489241395152,-2.418,-0.25478374485337113
153,-2.416,-0.01749000098501516,-2.416,-0.254952696374992
154,-2.414,-0.0176513840614059,-2.414,-0.2551174671139991
155,-2.412,-0.01780874671883967,-2.412,-0.25527816590481367
156,-2.41,-0.017962197182372602,-2.41,-0.25543490154865495
157,-2.408,-0.018111843654142284,-2.408,-0.25558778281354044
158,-2.406,-0.018257794313655845,-2.406,-0.2557369184342852
159,-2.404,-0.01840015731807207,-2.404,-0.2558824171125026
160,-2.402,-0.01853904080247501,-2.402,-0.2560243875166038
161,-2.4,-0.018674552880141443,-2.4,-0.25616293828179787
162,-2.398,-0.01880680164280088,-2.398,-0.2562981780100921
163,-2.396,-0.018935895160890143,-2.396,-0.2564302152702915
164,-2.394,-0.019061941483800388,-2.394,-0.25655915859799927
165,-2.392,-0.019185048640119745,-2.392,-0.2566851164956163
166,-2.39,-0.01930532463786952,-2.39,-0.2568081974323418
167,-2.388,-0.019422877464735283,-2.388,-0.25692850984417254
168,-2.386,-0.019537815088293192,-2.386,-0.2570461621339037
169,-2.384,-0.019650245456231702,-2.384,-0.2571612626711281
170,-2.382,-0.019760276496568224,-2.382,-0.2572739197922366
171,-2.38,-0.01986801611786279,-2.38,-0.2573842418004182
172,-2.378,-0.019973572209426887,-2.378,-0.25749233696565965
173,-2.376,-0.02007705264152934,-2.376,-0.2575983135247458
174,-2.374,-0.020178565265598997,-2.374,-0.2577022796812594
175,-2.372,-0.02027821414791578,-2.372,-0.2578043398956179
176,-2.37,-0.020375967622179386,-2.37,-0.257904464622461
177,-2.368,-0.020471792122531612,-2.368,-0.25800262164450494
178,-2.366,-0.020565699181797042,-2.366,-0.25809882304211534
179,-2.364,-0.02065770091284999,-2.364,-0.2581930814712265
180,-2.362,-0.020747810008669404,-2.362,-0.2582854101633415
181,-2.36,-0.02083603974239337,-2.36,-0.2583758229255319
182,-2.358,-0.020922403967373077,-2.358,-0.2584643341404379
183,-2.356,-0.021006917117225715,-2.356,-0.2585509587662686
184,-2.354,-0.02108959420588738,-2.354,-0.2586357123368014
185,-2.352,-0.02117045082766497,-2.352,-0.25871861096138254
186,-2.35,-0.021249503157287103,-2.35,-0.25879967132492704
187,-2.348,-0.02132676794995511,-2.348,-0.2588789106879183
188,-2.346,-0.021402262541392186,-2.346,-0.25895634688640834
189,-2.344,-0.021476004847893165,-2.344,-0.2590319983320181
190,-2.342,-0.021548013366371938,-2.342,-0.25910588401193707
191,-2.34,-0.021618307174409795,-2.34,-0.25917802348892327
192,-2.338,-0.021686905930301398,-2.338,-0.25924843690130345
193,-2.336,-0.021753829873101233,-2.336,-0.2593171449629729
194,-2.334,-0.021819099822668192,-2.334,-0.2593841689633959
195,-2.332,-0.02188273717971026,-2.332,-0.25944953076760485
196,-2.33,-0.021944763925827643,-2.33,-0.25951325281620125
197,-2.328,-0.022005202623555736,-2.328,-0.259575358125355
198,-2.326,-0.022064076416406314,-2.326,-0.25963587028680474
199,-2.324,-0.02212140902890894,-2.324,-0.25969481346785767
200,-2.322,-0.022177224766650988,-2.322,-0.25975221241138974
201,-2.32,-0.02223154851631684,-2.32,-0.25980809243584563
202,-2.318,-0.02228440574572607,-2.318,-0.25986247943523827
203,-2.316,-0.022335822503871422,-2.316,-0.25991539987914974
204,-2.314,-0.022385825420955435,-2.314,-0.25996688081273045
205,-2.312,-0.022434441708425984,-2.312,-0.2600169498566996
206,-2.31,-0.02248169915901202,-2.31,-0.2600656352073449
207,-2.308,-0.02252762614675749,-2.308,-0.26011296563652275
208,-2.306,-0.022572251627055034,-2.306,-0.2601589704916583
209,-2.304,-0.022615605136678568,-2.304,-0.2602036796957453
210,-2.302,-0.022657716793815313,-2.302,-0.26024712374734604
211,-2.3,-0.022698617298097162,-2.3,-0.26028933372059165
212,-2.298,-0.02273833793063071,-2.298,-0.2603303412651817
213,-2.296,-0.02277691055402767,-2.296,-0.2603701786063845
214,-2.294,-0.022814367612433467,-2.294,-0.2604088785450371
215,-2.292,-0.02285074213155583,-2.292,-0.260446474457545
216,-2.29,-0.022886067718692366,-2.29,-0.2604830002958825
217,-2.288,-0.02292037856275761,-2.288,-0.2605184905875925
218,-2.286,-0.022953709434309938,-2.286,-0.26055298043578656
219,-2.284,-0.022986095685577107,-2.284,-0.26058650551914475
220,-2.282,-0.02301757325048162,-2.282,-0.2606191020919161
221,-2.28,-0.023048178644665768,-2.28,-0.2606508069839179
222,-2.278,-0.023077948965515876,-2.278,-0.26068165760053646
223,-2.276,-0.02310692189218619,-2.276,-0.2607116919227264
224,-2.274,-0.023135135685622227,-2.274,-0.2607409485070112
225,-2.272,-0.023162629188584444,-2.272,-0.26076946648548294
226,-2.27,-0.023189441825670037,-2.27,-0.26079728556580234
227,-2.268,-0.02321561360333632,-2.268,-0.26082444603119875
228,-2.266,-0.023241185109922152,-2.266,-0.26085098874047014
229,-2.264,-0.023266197515670467,-2.264,-0.26087695512798326
230,-2.262,-0.023290692572749433,-2.262,-0.2609023872036733
231,-2.26,-0.02331471261527443,-2.26,-0.26092732755304426
232,-2.258,-0.023338300559329644,-2.258,-0.26095181933716877
233,-2.256,-0.023361499902989052,-2.256,-0.2609759062926879
234,-2.254,-0.02338435472633857,-2.254,-0.26099963273181176
235,-2.252,-0.023406909691496752,-2.252,-0.26102304354231876
236,-2.25,-0.023429210042637177,-2.25,-0.26104618418755604
237,-2.2479999999999998,-0.023451301606009695,-2.2479999999999998,-0.2610691007064395
238,-2.246,-0.023473230789962635,-2.246,-0.2610918397134536
239,-2.2439999999999998,-0.023495044584964903,-2.2439999999999998,-0.2611144483986515
240,-2.242,-0.023516790563628792,-2.242,-0.2611369745276548
241,-2.24,-0.02353844179264339,-2.24,-0.26115939193805415
242,-2.238,-0.02355984731467828,-2.238,-0.2611815511427466
243,-2.2359999999999998,-0.023580991504465548,-2.2359999999999998,-0.26120343669960844
244,-2.234,-0.023601864967676328,-2.234,-0.26122503934736657
245,-2.232,-0.023622458694525256,-2.232,-0.2612463502089888
246,-2.23,-0.023642764059765148,-2.23,-0.2612673607916838
247,-2.2279999999999998,-0.023662772822681116,-2.2279999999999998,-0.26128806298690105
248,-2.226,-0.02368247712708585,-2.226,-0.261308449070331
249,-2.224,-0.02370186950131467,-2.224,-0.2613285117019051
250,-2.222,-0.023720942858220545,-2.222,-0.2613482439257954
251,-2.2199999999999998,-0.023739690495170745,-2.2199999999999998,-0.2613676391704151
252,-2.218,-0.02375810609404208,-2.218,-0.2613866912484181
253,-2.216,-0.02377618372121762,-2.216,-0.2614053943566994
254,-2.214,-0.02379391782758286,-2.214,-0.26142374307639465
255,-2.2119999999999997,-0.023811303248523014,-2.2119999999999997,-0.26144173237288054
256,-2.21,-0.02382833520391972,-2.21,-0.2614593575957746
257,-2.208,-0.023845009298148118,-2.208,-0.2614766144789352
258,-2.206,-0.02386132152007467,-2.206,-0.2614934991404617
259,-2.2039999999999997,-0.0238772682430545,-2.2039999999999997,-0.26151000808269437
260,-2.202,-0.02389284622492946,-2.202,-0.26152613819221404
261,-2.2,-0.02390805260802628,-2.2,-0.2615418867398429
262,-2.198,-0.02392288491915437,-2.198,-0.26155725138064384
263,-2.1959999999999997,-0.023937341069604406,-2.1959999999999997,-0.26157223015392045
264,-2.194,-0.02395141935514719,-2.194,-0.2615868214832174
265,-2.192,-0.02396511845603197,-2.192,-0.2616010241763202
266,-2.19,-0.023978437436985328,-2.19,-0.26161483742525526
267,-2.1879999999999997,-0.02399137574721058,-2.1879999999999997,-0.2616282608062899
268,-2.186,-0.02400393322038638,-2.186,-0.2616412942799323
269,-2.184,-0.024016110074666336,-2.184,-0.26165393819093147
270,-2.182,-0.024027906912678282,-2.182,-0.2616661932682774
271,-2.1799999999999997,-0.024039324721523786,-2.1799999999999997,-0.2616780606252009
272,-2.178,-0.024050364872777813,-2.178,-0.26168954175917375
273,-2.176,-0.02406102912248828,-2.176,-0.26170063855190845
274,-2.174,-0.024071319611176117,-2.174,-0.26171135326935857
275,-2.1719999999999997,-0.024081238863834925,-2.1719999999999997,-0.2617216885617185
276,-2.17,-0.024090789789930983,-2.17,-0.2617316474634235
277,-2.168,-0.024099975683403635,-2.168,-0.26174123339314975
278,-2.166,-0.02410880022266479,-2.166,-0.2617504501538142
279,-2.1639999999999997,-0.024117267470599862,-2.1639999999999997,-0.2617593019325749
280,-2.162,-0.024125381874567392,-2.162,-0.2617677933008306
281,-2.16,-0.024133148266399812,-2.16,-0.26177592921422105
282,-2.158,-0.024140571862403676,-2.158,-0.2617837150126268
283,-2.1559999999999997,-0.024147658263360045,-2.1559999999999997,-0.2617911564201693
284,-2.154,-0.024154413454525042,-2.154,-0.2617982595452111
285,-2.152,-0.02416084380563041,-2.152,-0.26180503088035517
286,-2.15,-0.024166956070884066,-2.15,-0.2618114773024459
287,-2.1479999999999997,-0.02417275738897043,-2.1479999999999997,-0.26181760607256815
288,-2.146,-0.024178255283051592,-2.146,-0.2618234248360479
289,-2.144,-0.024183457660767543,-2.144,-0.2618289416224519
290,-2.142,-0.024188372814237274,-2.142,-0.26183416484558797
291,-2.14,-0.024193009420058836,-2.14,-0.2618391033035046
292,-2.138,-0.02419737653931084,-2.138,-0.26184376617849114
293,-2.136,-0.024201483617552894,-2.136,-0.26184816303707814
294,-2.134,-0.024205340484826116,-2.134,-0.2618523038300367
295,-2.132,-0.02420895735565451,-2.132,-0.261856198892379
296,-2.13,-0.024212344829045412,-2.13,-0.261859858943358
297,-2.128,-0.024215513888490275,-2.128,-0.2618632950864676
298,-2.126,-0.024218475901965936,-2.126,-0.2618665188094427
299,-2.124,-0.024221242621934952,-2.124,-0.2618695419842589
300,-2.122,-0.02422382618534677,-2.122,-0.26187237686713266
301,-2.12,-0.024226239113638665,-2.12,-0.26187503609852153
302,-2.118,-0.0242284943127363,-2.118,-0.2618775327031237
303,-2.116,-0.024230605073055272,-2.116,-0.2618798800898786
304,-2.114,-0.024232585069501184,-2.114,-0.2618820920519662
305,-2.112,-0.02423444836147129,-2.112,-0.2618841827668076
306,-2.11,-0.024236209392855063,-2.11,-0.2618861667960645
307,-2.108,-0.024237882992035192,-2.108,-0.2618880590856398
308,-2.106,-0.024239484371888748,-2.106,-0.26188987496567706
309,-2.104,-0.024241029129787844,-2.104,-0.26189163015056094
310,-2.102,-0.024242533247600867,-2.102,-0.2618933407389168
311,-2.1,-0.02424401309169341,-2.1,-0.26189502321361097
312,-2.098,-0.024245485412929174,-2.098,-0.26189669444175057
313,-2.096,-0.024246967346671394,-2.096,-0.2618983716746837
314,-2.094,-0.02424847641278341,-2.094,-0.26190007254799946
315,-2.092,-0.0242500305156301,-2.092,-0.2619018150815276
316,-2.09,-0.02425164794407883,-2.09,-0.2619036176793389
317,-2.088,-0.024253347371500894,-2.088,-0.261905499129745
318,-2.086,-0.02425514785577207,-2.086,-0.26190747860529834
319,-2.084,-0.024257068839274504,-2.084,-0.2619095756627925
320,-2.082,-0.024259130148897773,-2.082,-0.2619118102432616
321,-2.08,-0.024261351996039654,-2.08,-0.2619142026719809
322,-2.078,-0.024263754976608293,-2.078,-0.2619167736584665
323,-2.076,-0.024266360071023035,-2.076,-0.2619195442964753
324,-2.074,-0.02426918864421604,-2.074,-0.2619225360640051
325,-2.072,-0.024272262445633713,-2.072,-0.26192577082329477
326,-2.07,-0.024275603609238333,-2.07,-0.2619292708208238
327,-2.068,-0.024279232020749247,-2.068,-0.2619330560541377
328,-2.066,-0.0242830026820888,-2.066,-0.26193698158601436
329,-2.064,-0.024286817187248594,-2.064,-0.2619409490038064
330,-2.062,-0.0242906690082155,-2.062,-0.2619449517738756
331,-2.06,-0.024294551761719102,-2.06,-0.26194898350783674
332,-2.058,-0.024298459209230544,-2.058,-0.2619530379625576
333,-2.056,-0.024302385256962183,-2.056,-0.26195710904015934
334,-2.054,-0.024306323955865988,-2.054,-0.2619611907880159
335,-2.052,-0.02431026950163337,-2.052,-0.26196527739875447
336,-2.05,-0.024314216234693847,-2.05,-0.2619693632102552
337,-2.048,-0.024318158640214887,-2.048,-0.26197344270565137
338,-2.046,-0.024322091348100566,-2.046,-0.26197751051332935
339,-2.044,-0.02432600913299124,-2.044,-0.2619815614069287
340,-2.042,-0.024329906914262595,-2.042,-0.26198559030534174
341,-2.04,-0.02433377975602527,-2.04,-0.26198959227271423
342,-2.038,-0.024337622867123904,-2.038,-0.2619935625184448
343,-2.036,-0.024341431601136693,-2.036,-0.2619974963971852
344,-2.034,-0.024345201456374616,-2.034,-0.2620013894088403
345,-2.032,-0.024348928075881265,-2.032,-0.26200523719856805
346,-2.03,-0.024352607247431796,-2.03,-0.2620090355567794
347,-2.028,-0.024356234903532642,-2.028,-0.2620127804191385
348,-2.026,-0.024359807121421023,-2.026,-0.2620164678665624
349,-2.024,-0.02436332012306433,-2.024,-0.2620200941252215
350,-2.022,-0.024366770275159738,-2.022,-0.2620236555665389
351,-2.02,-0.02437015408913365,-2.02,-0.2620271487071912
352,-2.018,-0.024373468221141475,-2.018,-0.2620305702091078
353,-2.016,-0.024376709472067132,-2.016,-0.26203391687947125
354,-2.0140000000000002,-0.02437987478752232,-2.0140000000000002,-0.2620371856707172
355,-2.012,-0.02438296125784664,-2.012,-0.26204037368053434
356,-2.01,-0.024385966118106922,-2.01,-0.2620434781518646
357,-2.008,-0.024388886748097166,-2.008,-0.2620464964729027
358,-2.0060000000000002,-0.02439172067233772,-2.0060000000000002,-0.2620494261770966
359,-2.004,-0.024394465560075435,-2.004,-0.26205226494314743
360,-2.002,-0.024397119225283176,-2.002,-0.26205501059500924
361,-2.0,-0.02439967962665965,-2.0,-0.26205766110188927
362,-1.998,-0.0244021448676289,-1.998,-0.26206021457824774
363,-1.996,-0.02440451319634032,-1.996,-0.26206266928379807
364,-1.994,-0.02440678300566826,-1.994,-0.26206502362350664
365,-1.992,-0.02440895283321201,-1.992,-0.262067276147593
366,-1.99,-0.02441102136129511,-1.99,-0.2620694255515297
367,-1.988,-0.02441298741696582,-1.988,-0.2620714706760424
368,-1.986,-0.024414849971996527,-1.986,-0.26207341050710997
369,-1.984,-0.024416608142883517,-1.984,-0.2620752441759641
370,-1.982,-0.024418261190846974,-1.982,-0.2620769709590897
371,-1.98,-0.024419808521830982,-1.98,-0.26207859027822494
372,-1.978,-0.024421249686503027,-1.978,-0.2620801017003607
373,-1.976,-0.02442258438025416,-1.976,-0.26208150493774124
374,-1.974,-0.024423812443198772,-1.974,-0.2620827998478637
375,-1.972,-0.024424933860174386,-1.972,-0.26208398643347847
376,-1.97,-0.024425948760742028,-1.97,-0.26208506484258887
377,-1.968,-0.024426857419185294,-1.968,-0.2620860353684514
378,-1.966,-0.02442766025451118,-1.966,-0.2620868984495756
379,-1.964,-0.024428357830449526,-1.964,-0.26208765466972406
380,-1.962,-0.024428950855452908,-1.962,-0.26208830475791256
381,-1.96,-0.024429440182696854,-1.96,-0.2620888495884099
382,-1.958,-0.02442982681007963,-1.958,-0.2620892901807378
383,-1.956,-0.024430111880222344,-1.956,-0.2620896276996713
384,-1.954,-0.02443029668046867,-1.954,-0.2620898634552385
385,-1.952,-0.02443038264288508,-1.952,-0.2620899989027204
386,-1.95,-0.024430371344260765,-1.95,-0.26209003564265115
387,-1.948,-0.024430264506107496,-1.948,-0.2620899754208181
388,-1.946,-0.02443006399465983,-1.946,-0.26208982012826154
389,-1.944,-0.02442977182087494,-1.944,-0.26208957180127496
390,-1.942,-0.024429390140432744,-1.942,-0.26208923262140477
391,-1.94,-0.02442892125373583,-1.94,-0.26208880491545056
392,-1.938,-0.02442836760590958,-1.938,-0.26208829115546506
393,-1.936,-0.024427731786801993,-1.936,-0.2620876939587539
394,-1.934,-0.02442701653098403,-1.934,-0.2620870160878761
395,-1.932,-0.02442622471774933,-1.932,-0.2620862604506433
396,-1.93,-0.02442535937111437,-1.93,-0.2620854301001207
397,-1.928,-0.024424423659818534,-1.928,-0.2620845282346262
398,-1.926,-0.024423420897324383,-1.926,-0.26208355819773094
399,-1.924,-0.024422354541816987,-1.924,-0.2620825234782593
400,-1.922,-0.024421228196204764,-1.922,-0.2620814277102884
401,-1.92,-0.024420045608119084,-1.92,-0.2620802746731487
402,-1.918,-0.024418810669914387,-1.918,-0.2620790682914236
403,-1.916,-0.024417527418668455,-1.916,-0.26207781263494967
404,-1.914,-0.024416200036182084,-1.914,-0.2620765119188166
405,-1.912,-0.024414832848979523,-1.912,-0.2620751705033669
406,-1.91,-0.024413430328308144,-1.91,-0.26207379289419647
407,-1.908,-0.024411997090138943,-1.908,-0.2620723837421542
408,-1.906,-0.0244105378951662,-1.906,-0.2620709478433419
409,-1.904,-0.02440905764880766,-1.904,-0.2620694901391147
410,-1.902,-0.024407561401204786,-1.902,-0.26206801571608057
411,-1.9,-0.024406054347222567,-1.9,-0.26206652980610073
412,-1.898,-0.024404541826449605,-1.898,-0.2620650377862895
413,-1.896,-0.024403029323198294,-1.896,-0.2620635451790141
414,-1.894,-0.024401522466504816,-1.894,-0.262062057651895
415,-1.892,-0.024400027030128973,-1.892,-0.26206058101780566
416,-1.89,-0.02439854893255486,-1.89,-0.2620591212348727
417,-1.888,-0.02439709423699002,-1.888,-0.2620576844064757
418,-1.8860000000000001,-0.0243956691513664,-1.8860000000000001,-0.26205627678124743
419,-1.884,-0.024394280028339627,-1.884,-0.2620549047530737
420,-1.8820000000000001,-0.02439293336528961,-1.8820000000000001,-0.2620535748610933
421,-1.88,-0.02439163580432016,-1.88,-0.26205229378969835
422,-1.8780000000000001,-0.02439039413225949,-1.8780000000000001,-0.26205106836853376
423,-1.876,-0.02438921528065982,-1.876,-0.2620499055724978
424,-1.874,-0.024388106325797437,-1.874,-0.26204881252174145
425,-1.8719999999999999,-0.02438707448867325,-1.8719999999999999,-0.2620477964816692
426,-1.87,-0.024386127135012065,-1.87,-0.2620468648629383
427,-1.8679999999999999,-0.02438527177526309,-1.8679999999999999,-0.2620460252214593
428,-1.866,-0.024384516064599876,-1.866,-0.2620452852583956
429,-1.8639999999999999,-0.024383867802920373,-1.8639999999999999,-0.26204465282016387
430,-1.862,-0.024383334934846485,-1.862,-0.2620441358984337
431,-1.8599999999999999,-0.02438292554972485,-1.8599999999999999,-0.26204374263012803
432,-1.858,-0.02438264788162628,-1.858,-0.26204348129742255
433,-1.8559999999999999,-0.02438251030934588,-1.8559999999999999,-0.2620433603277463
434,-1.854,-0.02438252135640298,-1.854,-0.2620433882937811
435,-1.8519999999999999,-0.02438268969104143,-1.8519999999999999,-0.2620435739134621
436,-1.85,-0.024383024126229252,-1.85,-0.26204392604997756
437,-1.8479999999999999,-0.024383533619658587,-1.8479999999999999,-0.2620444537117686
438,-1.846,-0.02438422727374609,-1.846,-0.2620451660525296
439,-1.8439999999999999,-0.02438511433563237,-1.8439999999999999,-0.26204607237120786
440,-1.842,-0.024386203936532486,-1.842,-0.2620471818470703
441,-1.8399999999999999,-0.02438744728485745,-1.8399999999999999,-0.26204844482895945
442,-1.838,-0.02438879866522639,-1.838,-0.2620498149506684
443,-1.8359999999999999,-0.02439025201987874,-1.8359999999999999,-0.26205128618784007
444,-1.834,-0.02439180138597488,-1.834,-0.26205285261054384
445,-1.8319999999999999,-0.02439344089559567,-1.8319999999999999,-0.26205450838327515
446,-1.83,-0.024395164775741968,-1.83,-0.2620562477649558
447,-1.8279999999999998,-0.02439696734833438,-1.8279999999999998,-0.2620580651089338
448,-1.826,-0.02439884303021264,-1.826,-0.26205995486298356
449,-1.8239999999999998,-0.02440078633313522,-1.8239999999999998,-0.2620619115693054
450,-1.822,-0.024402791863779166,-1.822,-0.26206392986452626
451,-1.8199999999999998,-0.024404854323739816,-1.8199999999999998,-0.2620660044796991
452,-1.818,-0.024406968509530363,-1.818,-0.2620681302403031
453,-1.8159999999999998,-0.024409129312581906,-1.8159999999999998,-0.262070302066244
454,-1.814,-0.02441133171924295,-1.814,-0.2620725149718535
455,-1.8119999999999998,-0.024413570810779245,-1.8119999999999998,-0.26207476406588953
456,-1.81,-0.024415841763373775,-1.81,-0.2620770445515365
457,-1.8079999999999998,-0.024418139848126602,-1.8079999999999998,-0.26207935172640495
458,-1.806,-0.02442046043105464,-1.806,-0.2620816809825315
459,-1.8039999999999998,-0.02442279897309166,-1.8039999999999998,-0.26208402780637935
460,-1.802,-0.02442515103008816,-1.802,-0.2620863877788377
461,-1.7999999999999998,-0.024427512252811284,-1.7999999999999998,-0.2620887565752221
462,-1.798,-0.02442987838694491,-1.798,-0.2620911299652744
463,-1.7959999999999998,-0.024432245273089376,-1.7959999999999998,-0.26209350381316254
464,-1.794,-0.024434608846761713,-1.794,-0.2620958740774808
465,-1.7919999999999998,-0.02443696513839569,-1.7919999999999998,-0.26209823681124983
466,-1.79,-0.024439310273341536,-1.79,-0.26210058816191634
467,-1.7879999999999998,-0.02444164047186617,-1.7879999999999998,-0.2621029243713534
468,-1.786,-0.024443952049153256,-1.786,-0.26210524177586025
469,-1.7839999999999998,-0.024446241415303244,-1.7839999999999998,-0.2621075368061625
470,-1.782,-0.024448505075333388,-1.782,-0.26210980598741185
471,-1.7799999999999998,-0.024450739629177737,-1.7799999999999998,-0.2621120459391864
472,-1.778,-0.02445294177168758,-1.778,-0.2621142533754905
473,-1.7759999999999998,-0.02445510829263095,-1.7759999999999998,-0.2621164251047546
474,-1.774,-0.024457236076693173,-1.774,-0.26211855802983547
475,-1.7719999999999998,-0.02445932210347676,-1.7719999999999998,-0.26212064914801614
476,-1.77,-0.02446136344750191,-1.77,-0.2621226955510061
477,-1.7679999999999998,-0.024463357278205783,-1.7679999999999998,-0.2621246944249407
478,-1.766,-0.02446530085994339,-1.766,-0.2621266430503818
479,-1.7639999999999998,-0.02446719155198737,-1.7639999999999998,-0.26212853880231746
480,-1.762,-0.024469026808528277,-1.762,-0.2621303791501619
481,-1.76,-0.024470804178674282,-1.76,-0.2621321616577558
482,-1.758,-0.024472521306451916,-1.758,-0.26213388398336585
483,-1.756,-0.02447417593080567,-1.756,-0.26213554387968513
484,-1.754,-0.024475765885598272,-1.754,-0.2621371391938329
485,-1.752,-0.02447728909961097,-1.752,-0.2621386678673548
486,-1.75,-0.024478743596543423,-1.75,-0.26214012793622254
487,-1.748,-0.024480127495013798,-1.748,-0.2621415175308343
488,-1.746,-0.02448143900855912,-1.746,-0.2621428348760142
489,-1.744,-0.02448267644563515,-1.744,-0.26214407829101294
490,-1.742,-0.024483838209616443,-1.742,-0.26214524618950724
491,-1.74,-0.0244849227987968,-1.74,-0.26214633707960017
492,-1.738,-0.024485928806388974,-1.738,-0.2621473495638211
493,-1.736,-0.024486854920524853,-1.736,-0.2621482823391254
494,-1.734,-0.024487699924255785,-1.734,-0.2621491341968951
495,-1.732,-0.024488462695552243,-1.732,-0.2621499040229382
496,-1.73,-0.024489142207304276,-1.73,-0.2621505907974889
497,-1.728,-0.02448973752732128,-1.728,-0.26215119359520783
498,-1.726,-0.02449024781833234,-1.726,-0.2621517115851818
499,-1.724,-0.024490672337985936,-1.724,-0.26215214403092385
500,-1.722,-0.024491010438850463,-1.722,-0.2621524902903733
501,-1.72,-0.024491261568413608,-1.72,-0.2621527498158957
502,-1.718,-0.024491425269083072,-1.718,-0.2621529221542828
503,-1.716,-0.024491501178186187,-1.716,-0.26215300694675286
504,-1.714,-0.02449148902797002,-1.714,-0.26215300392895
505,-1.712,-0.02449138864560127,-1.712,-0.2621529129309448
506,-1.71,-0.024491199953166648,-1.71,-0.26215273387723415
507,-1.708,-0.02449092296767222,-1.708,-0.2621524667867411
508,-1.706,-0.024490557801044116,-1.706,-0.2621521117728149
509,-1.704,-0.024490104660128104,-1.704,-0.2621516690432312
510,-1.702,-0.024489563846689516,-1.702,-0.2621511389001917
511,-1.7,-0.024488935757413205,-1.7,-0.26215052174032455
512,-1.698,-0.024488220883903872,-1.698,-0.26214981805468407
513,-1.696,-0.024487419812685512,-1.696,-0.26214902842875076
514,-1.694,-0.024486533225201862,-1.694,-0.26214815354243154
515,-1.692,-0.024485561897815616,-1.692,-0.2621471941700594
516,-1.69,-0.024484506701809267,-1.69,-0.2621461511803937
517,-1.688,-0.024483368603384098,-1.688,-0.26214502553661995
518,-1.686,-0.024482148663660858,-1.686,-0.26214381829635
519,-1.684,-0.024480848038679087,-1.684,-0.26214253061162196
520,-1.682,-0.024479467979397512,-1.682,-0.2621411637289001
521,-1.68,-0.02447800983169343,-1.68,-0.262139718989075
522,-1.678,-0.024476475036362938,-1.678,-0.26213819782746356
523,-1.676,-0.024474865129120643,-1.676,-0.2621366017738087
524,-1.674,-0.024473181740599897,-1.674,-0.26213493245227987
525,-1.672,-0.024471426596351903,-1.672,-0.26213319158147264
526,-1.67,-0.02446960151684638,-1.67,-0.26213138097440875
527,-1.668,-0.024467708417470896,-1.668,-0.2621295025385364
528,-1.666,-0.024465749308530987,-1.666,-0.26212755827572976
529,-1.664,-0.024463726295249927,-1.664,-0.26212555028228957
530,-1.662,-0.02446164157776845,-1.662,-0.2621234807489425
531,-1.66,-0.024459497451144813,-1.66,-0.2621213519608417
532,-1.658,-0.02445729630535451,-1.658,-0.2621191662975665
533,-1.656,-0.024455040625290164,-1.656,-0.26211692623312255
534,-1.654,-0.024452732990761256,-1.654,-0.2621146343359415
535,-1.652,-0.024450376076494,-1.652,-0.2621122932688816
536,-1.65,-0.02444797265213136,-1.65,-0.2621099057892271
537,-1.648,-0.024445525582232647,-1.648,-0.2621074747486886
538,-1.646,-0.024443037826273634,-1.646,-0.26210500309340296
539,-1.644,-0.02444051243864584,-1.644,-0.26210249386393325
540,-1.642,-0.02443795256865708,-1.642,-0.2620999501952687
541,-1.64,-0.024435361460530797,-1.64,-0.2620973753168251
542,-1.638,-0.024432742453406403,-1.638,-0.26209477255244407
543,-1.636,-0.02443009898133844,-1.636,-0.2620921453203938
544,-1.634,-0.024427434573297074,-1.634,-0.26208949713336865
545,-1.632,-0.024424752853167725,-1.632,-0.26208683159848917
546,-1.63,-0.02442205753975077,-1.63,-0.26208415241730226
547,-1.628,-0.024419352446761772,-1.628,-0.26208146338578087
548,-1.626,-0.024416641482831153,-1.626,-0.2620787683943244
549,-1.6239999999999999,-0.02441392865150402,-1.6239999999999999,-0.2620760714277585
550,-1.6219999999999999,-0.024411218051240385,-1.6219999999999999,-0.262073376565335
551,-1.6199999999999999,-0.02440851387541479,-1.6199999999999999,-0.2620706879807319
552,-1.6179999999999999,-0.024405820412316287,-1.6179999999999999,-0.26206800994205365
553,-1.6159999999999999,-0.024403142045148568,-1.6159999999999999,-0.26206534681183075
554,-1.6139999999999999,-0.024400483252029842,-1.6139999999999999,-0.26206270304702006
555,-1.6119999999999999,-0.024397848605992617,-1.6119999999999999,-0.2620600831990047
556,-1.6099999999999999,-0.024395242774983977,-1.6099999999999999,-0.262057491913594
557,-1.6079999999999999,-0.024392670521865528,-1.6079999999999999,-0.2620549339310236
558,-1.6059999999999999,-0.024390136704413118,-1.6059999999999999,-0.2620524140859552
559,-1.6039999999999999,-0.024387646275317615,-1.6039999999999999,-0.2620499373074771
560,-1.6019999999999999,-0.02438520428218413,-1.6019999999999999,-0.26204750861910353
561,-1.5999999999999999,-0.02438281586753263,-1.5999999999999999,-0.26204513313877503
562,-1.5979999999999999,-0.024380486268797935,-1.5979999999999999,-0.26204281607885854
563,-1.5959999999999999,-0.02437822081832977,-1.5959999999999999,-0.26204056274614723
564,-1.5939999999999999,-0.024376024943393165,-1.5939999999999999,-0.26203837854186024
565,-1.5919999999999999,-0.02437390416616833,-1.5919999999999999,-0.2620362689616433
566,-1.5899999999999999,-0.024371864103751223,-1.5899999999999999,-0.26203423959556826
567,-1.5879999999999999,-0.024369910468153372,-1.5879999999999999,-0.26203229612813317
568,-1.5859999999999999,-0.024368049066302716,-1.5859999999999999,-0.26203044433826245
569,-1.5839999999999999,-0.024366285800043325,-1.5839999999999999,-0.2620286900993067
570,-1.5819999999999999,-0.024364626666136285,-1.5819999999999999,-0.2620270393790426
571,-1.5799999999999998,-0.024363077756259538,-1.5799999999999998,-0.26202549823967347
572,-1.5779999999999998,-0.024361645257008985,-1.5779999999999998,-0.2620240728378285
573,-1.5759999999999998,-0.024360335449898157,-1.5759999999999998,-0.2620227694245635
574,-1.5739999999999998,-0.02435915471135927,-1.5739999999999998,-0.26202159434536004
575,-1.5719999999999998,-0.02435810951274367,-1.5719999999999998,-0.26202055404012653
576,-1.5699999999999998,-0.02435720642032227,-1.5699999999999998,-0.26201965504319713
577,-1.568,-0.02435645209528617,-1.568,-0.26201890398333244
578,-1.566,-0.02435585329374748,-1.566,-0.26201830758371936
579,-1.564,-0.024355416866739893,-1.564,-0.262017872661971
580,-1.562,-0.02435514976021949,-1.562,-0.2620176061301268
581,-1.56,-0.024355059015065544,-1.56,-0.2620175149946522
582,-1.558,-0.024355151767081445,-1.558,-0.2620176063564392
583,-1.556,-0.024355435246995544,-1.556,-0.26201788741080584
584,-1.554,-0.02435591678046209,-1.554,-0.26201836544749657
585,-1.552,-0.024356603788062287,-1.552,-0.2620190478506818
586,-1.55,-0.024357503785305518,-1.55,-0.2620199420989586
587,-1.548,-0.02435862438263023,-1.548,-0.26202105576535006
588,-1.546,-0.024359973285405373,-1.546,-0.26202239651730536
589,-1.544,-0.024361558293931412,-1.544,-0.2620239721167003
590,-1.542,-0.024363331836834284,-1.542,-0.2620257349048828
591,-1.54,-0.0243651917880143,-1.54,-0.26202758269764187
592,-1.538,-0.024367130098850193,-1.538,-0.26202950752915366
593,-1.536,-0.024369140999927624,-1.536,-0.26203150371386275
594,-1.534,-0.024371218825616797,-1.534,-0.2620335656685179
595,-1.532,-0.02437335801407217,-1.532,-0.26203568791217136
596,-1.53,-0.024375553107232023,-1.53,-0.2620378650661796
597,-1.528,-0.02437779875081794,-1.528,-0.2620400918542027
598,-1.526,-0.02438008969433461,-1.526,-0.26204236310220475
599,-1.524,-0.02438242079106953,-1.524,-0.2620446737384536
600,-1.522,-0.024384786998092906,-1.522,-0.26204701879352094
601,-1.52,-0.02438718337625742,-1.52,-0.26204939340028244
602,-1.518,-0.024389605090198135,-1.518,-0.26205179279391755
603,-1.516,-0.024392047408332312,-1.516,-0.26205421231190956
604,-1.514,-0.02439450570285953,-1.514,-0.2620566473940457
605,-1.512,-0.024396975449761632,-1.512,-0.262059093582417
606,-1.51,-0.024399452228802715,-1.51,-0.26206154652141833
607,-1.508,-0.024401931723529363,-1.508,-0.26206400195774837
608,-1.506,-0.024404409721270476,-1.506,-0.2620664557404098
609,-1.504,-0.0244068821131376,-1.504,-0.26206890382070913
610,-1.502,-0.02440934489402516,-1.502,-0.26207134225225664
611,-1.5,-0.024411794162610218,-1.5,-0.2620737671909665
612,-1.498,-0.024414226121353105,-1.498,-0.26207617489505675
613,-1.496,-0.024416637076497577,-1.496,-0.2620785617250493
614,-1.494,-0.024419023438070814,-1.494,-0.26208092414376993
615,-1.492,-0.0244213817198837,-1.492,-0.26208325871634824
616,-1.49,-0.02442370853953149,-1.49,-0.2620855621102177
617,-1.488,-0.02442600061839348,-1.488,-0.2620878310951157
618,-1.486,-0.024428254781633657,-1.486,-0.2620900625430833
619,-1.484,-0.024430467958201058,-1.484,-0.2620922534284657
620,-1.482,-0.02443263718082969,-1.482,-0.26209440082791174
621,-1.48,-0.024434759586039384,-1.48,-0.26209650192037426
622,-1.478,-0.024436832414135273,-1.478,-0.26209855398710974
623,-1.476,-0.024438853009209144,-1.476,-0.2621005544116788
624,-1.474,-0.02444081881913887,-1.474,-0.2621025006799457
625,-1.472,-0.024442727395589142,-1.472,-0.26210439038007866
626,-1.47,-0.02444457639401179,-1.47,-0.2621062212025498
627,-1.468,-0.024446363573645796,-1.468,-0.262107990940135
628,-1.466,-0.024448086797517893,-1.466,-0.26210969748791396
629,-1.464,-0.02444974403244274,-1.464,-0.2621113388432705
630,-1.462,-0.024451333349023135,-1.462,-0.26211291310589185
631,-1.46,-0.02445285292165042,-1.46,-0.26211441847776956
632,-1.458,-0.024454301028504627,-1.458,-0.2621158532631988
633,-1.456,-0.024455676051554992,-1.456,-0.2621172158687787
634,-1.454,-0.024456976476559783,-1.454,-0.262118504803412
635,-1.452,-0.0244582008930668,-1.452,-0.2621197186783057
636,-1.45,-0.02445934799441371,-1.45,-0.2621208562069703
637,-1.448,-0.02446041657772799,-1.448,-0.2621219162052203
638,-1.446,-0.02446140554392731,-1.446,-0.26212289759117413
639,-1.444,-0.024462313897719606,-1.444,-0.262123799385254
640,-1.442,-0.024463140747603446,-1.442,-0.26212462071018594
641,-1.44,-0.024463885305867655,-1.44,-0.2621253607909999
642,-1.438,-0.02446454688859237,-1.438,-0.2621260189550298
643,-1.436,-0.0244651249156482,-1.436,-0.26212659463191307
644,-1.434,-0.024465618910697012,-1.434,-0.26212708735359136
645,-1.432,-0.02446602850119159,-1.432,-0.2621274967543101
646,-1.43,-0.02446635341837597,-1.43,-0.26212782257061823
647,-1.428,-0.024466593497285444,-1.428,-0.2621280646413692
648,-1.426,-0.024466748676746447,-1.426,-0.2621282229077197
649,-1.424,-0.024466818999376833,-1.424,-0.26212829741313065
650,-1.422,-0.02446680461158543,-1.422,-0.2621282883033667
651,-1.42,-0.024466705763572766,-1.42,-0.2621281958264963
652,-1.418,-0.024466522809330177,-1.418,-0.26212802033289195
653,-1.416,-0.02446625620664042,-1.416,-0.26212776227522977
654,-1.414,-0.024465906517077335,-1.414,-0.2621274222084899
655,-1.412,-0.024465474406005522,-1.412,-0.26212700078995627
656,-1.41,-0.02446496064258083,-1.41,-0.2621264987792167
657,-1.408,-0.024464366099749696,-1.408,-0.26212591703816285
658,-1.406,-0.02446369175424931,-1.406,-0.26212525653099034
659,-1.404,-0.024462938686607177,-1.404,-0.2621245183241984
660,-1.402,-0.02446210808114138,-1.402,-0.2621237035865904
661,-1.4,-0.0244612012259601,-1.4,-0.2621228135892734
662,-1.398,-0.024460219512961262,-1.398,-0.2621218497056583
663,-1.396,-0.02445916443783272,-1.396,-0.26212081341146004
664,-1.394,-0.024458037600051913,-1.394,-0.2621197062846972
665,-1.392,-0.02445684070288548,-1.392,-0.2621185300056924
666,-1.39,-0.02445557555338898,-1.39,-0.26211728635707193
667,-1.388,-0.02445424406240701,-1.388,-0.2621159772237661
668,-1.386,-0.024452848244572473,-1.386,-0.26211460459300906
669,-1.384,-0.02445139021830664,-1.384,-0.2621131705543387
670,-1.382,-0.02444987220581865,-1.382,-0.2621116772995969
671,-1.38,-0.024448296533105457,-1.38,-0.2621101271229293
672,-1.378,-0.02444666562995132,-1.378,-0.26210852242078553
673,-1.376,-0.02444498202992748,-1.376,-0.26210686569191893
674,-1.3739999999999999,-0.024443248370391996,-1.3739999999999999,-0.2621051595373867
675,-1.3719999999999999,-0.024441467392489674,-1.3719999999999999,-0.2621034066605501
676,-1.3699999999999999,-0.024439641941150975,-1.3699999999999999,-0.26210160986707404
677,-1.3679999999999999,-0.024437774965092668,-1.3679999999999999,-0.2620997720649273
678,-1.3659999999999999,-0.02443586951681695,-1.3659999999999999,-0.2620978962643827
679,-1.3639999999999999,-0.024433928752611217,-1.3639999999999999,-0.26209598557801667
680,-1.3619999999999999,-0.024431955932547905,-1.3619999999999999,-0.26209404322070967
681,-1.3599999999999999,-0.024429954420483985,-1.3599999999999999,-0.262092072509646
682,-1.3579999999999999,-0.02442792768406113,-1.3579999999999999,-0.2620900768643137
683,-1.3559999999999999,-0.024425879294704994,-1.3559999999999999,-0.2620880598065049
684,-1.3539999999999999,-0.024423812927624994,-1.3539999999999999,-0.2620860249603153
685,-1.3519999999999999,-0.024421732361814302,-1.3519999999999999,-0.2620839760521447
686,-1.3499999999999999,-0.024419641480049686,-1.3499999999999999,-0.2620819169106966
687,-1.3479999999999999,-0.02441754426889073,-1.3479999999999999,-0.26207985146697843
688,-1.3459999999999999,-0.02441544481868027,-1.3459999999999999,-0.2620777837543015
689,-1.3439999999999999,-0.024413347323544138,-1.3439999999999999,-0.26207571790828094
690,-1.3419999999999999,-0.02441125608139047,-1.3419999999999999,-0.2620736581668357
691,-1.3399999999999999,-0.024409175493910445,-1.3399999999999999,-0.2620716088701887
692,-1.3379999999999999,-0.02440711006657728,-1.3379999999999999,-0.26206957446086665
693,-1.3359999999999999,-0.02440506440864701,-1.3359999999999999,-0.26206755948370003
694,-1.3339999999999999,-0.024403043233157645,-1.3339999999999999,-0.26206556858582336
695,-1.3319999999999999,-0.02440105135693013,-1.3319999999999999,-0.26206360651667493
696,-1.3299999999999998,-0.024399093700567226,-1.3299999999999998,-0.26206167812799674
697,-1.3279999999999998,-0.024397175288454725,-1.3279999999999998,-0.26205978837383503
698,-1.3259999999999998,-0.024395301248760798,-1.3259999999999998,-0.26205794231053947
699,-1.3239999999999998,-0.024393476813436482,-1.3239999999999998,-0.2620561450967639
700,-1.3219999999999998,-0.0243917073182158,-1.3219999999999998,-0.26205440199346575
701,-1.3199999999999998,-0.02438999820261603,-1.3199999999999998,-0.26205271836390664
702,-1.3179999999999998,-0.024388355009938106,-1.3179999999999998,-0.2620510996736517
703,-1.3159999999999998,-0.02438678338726677,-1.3159999999999998,-0.2620495514905702
704,-1.314,-0.024385289085471357,-1.314,-0.2620480794848351
705,-1.312,-0.024383877959205796,-1.312,-0.2620466894289233
706,-1.31,-0.02438255596690972,-1.31,-0.2620453871976155
707,-1.308,-0.024381329170808513,-1.308,-0.2620441787679963
708,-1.306,-0.02438020373691438,-1.306,-0.2620430702194541
709,-1.304,-0.024379185935026887,-1.304,-0.26204206773368127
710,-1.302,-0.024378282138734136,-1.302,-0.262041177594674
711,-1.3,-0.024377498825413096,-1.3,-0.2620404061887322
712,-1.298,-0.024376842576231156,-1.298,-0.26203976000445983
713,-1.296,-0.024376320076146846,-1.296,-0.2620392456327646
714,-1.294,-0.024375938113911116,-1.294,-0.2620388697668581
715,-1.292,-0.024375703582068725,-1.292,-0.26203863920225584
716,-1.29,-0.024375623476959235,-1.29,-0.26203856083677707
717,-1.288,-0.024375704898718847,-1.288,-0.2620386416705449
718,-1.286,-0.024375955051281845,-1.286,-0.2620388888059865
719,-1.284,-0.024376381242381867,-1.284,-0.26203930944783277
720,-1.282,-0.0243769908835543,-1.282,-0.2620399109031183
721,-1.28,-0.024377791490137773,-1.28,-0.26204070058118173
722,-1.278,-0.024378790681276158,-1.278,-0.2620416859936656
723,-1.276,-0.024379996179920732,-1.276,-0.2620428747545162
724,-1.274,-0.024381343356609103,-1.274,-0.2620442030316407
725,-1.272,-0.024382752995710938,-1.272,-0.26204559261234966
726,-1.27,-0.024384220669266127,-1.27,-0.2620470391464716
727,-1.268,-0.02438574206328112,-1.268,-0.26204853839599074
728,-1.266,-0.02438731294157989,-1.266,-0.26205008619934855
729,-1.264,-0.02438892914580368,-1.264,-0.2620516784714434
730,-1.262,-0.024390586595410685,-1.262,-0.2620533112036309
731,-1.26,-0.024392281287676038,-1.26,-0.26205498046372383
732,-1.258,-0.02439400929769145,-1.258,-0.2620566823959919
733,-1.256,-0.02439576677836522,-1.256,-0.2620584132211621
734,-1.254,-0.024397549960422066,-1.254,-0.26206016923641845
735,-1.252,-0.02439935515240302,-1.252,-0.2620619468154021
736,-1.25,-0.024401178740665413,-1.25,-0.26206374240821145
737,-1.248,-0.024403017189382953,-1.248,-0.2620655525414017
738,-1.246,-0.024404867040545536,-1.246,-0.26206737381798545
739,-1.244,-0.024406724913959538,-1.244,-0.2620692029174323
740,-1.242,-0.02440858750724753,-1.242,-0.26207103659566905
741,-1.24,-0.02441045159584862,-1.24,-0.26207287168507937
742,-1.238,-0.024412314033018384,-1.238,-0.26207470509450437
743,-1.236,-0.02441417174982921,-1.236,-0.26207653380924206
744,-1.234,-0.024416021755170075,-1.234,-0.26207835489104764
745,-1.232,-0.024417861135746927,-1.232,-0.26208016547813334
746,-1.23,-0.024419687056082634,-1.23,-0.26208196278516865
747,-1.228,-0.024421496758517652,-1.228,-0.2620837441032801
748,-1.226,-0.024423287563209356,-1.226,-0.2620855068000513
749,-1.224,-0.024425056868132983,-1.224,-0.26208724831952307
750,-1.222,-0.024426802149081356,-1.222,-0.2620889661821932
751,-1.22,-0.024428520959665384,-1.22,-0.2620906579850166
752,-1.218,-0.024430210931314006,-1.218,-0.26209232140140554
753,-1.216,-0.024431869773274634,-1.216,-0.2620939541812291
754,-1.214,-0.024433495272613154,-1.214,-0.26209555415081365
755,-1.212,-0.024435085294214315,-1.212,-0.2620971192129426
756,-1.21,-0.024436637780781728,-1.21,-0.26209864734685656
757,-1.208,-0.024438150752838422,-1.208,-0.26210013660825315
758,-1.206,-0.024439622308726622,-1.206,-0.26210158512928716
759,-1.204,-0.024441050624608357,-1.204,-0.2621029911185705
760,-1.202,-0.02444243395446541,-1.202,-0.26210435286117206
761,-1.2,-0.024443770630099698,-1.2,-0.2621056687186181
762,-1.198,-0.02444505906113334,-1.198,-0.2621069371288919
763,-1.196,-0.024446297735008976,-1.196,-0.2621081566064336
764,-1.194,-0.024447485216989834,-1.194,-0.26210932574214085
765,-1.192,-0.02444862015016011,-1.192,-0.26211044320336807
766,-1.19,-0.024449701255424977,-1.19,-0.2621115077339271
767,-1.188,-0.024450727331510796,-1.188,-0.26211251815408665
768,-1.186,-0.02445169725496535,-1.186,-0.2621134733605727
769,-1.184,-0.02445260998015794,-1.184,-0.26211437232656826
770,-1.182,-0.024453464539279685,-1.182,-0.2621152141017134
771,-1.18,-0.024454260042343384,-1.18,-0.26211599781210543
772,-1.178,-0.02445499567718376,-1.178,-0.2621167226602988
773,-1.176,-0.02445567070945806,-1.176,-0.26211738792530487
774,-1.174,-0.024456284482645335,-1.174,-0.2621179929625923
775,-1.172,-0.02445683641804705,-1.172,-0.26211853720408684
776,-1.17,-0.0244573260147872,-1.17,-0.2621190201581713
777,-1.168,-0.024457752849812192,-1.168,-0.26211944140968557
778,-1.166,-0.024458116577891126,-1.166,-0.26211980061992673
779,-1.164,-0.024458416931615573,-1.164,-0.262120097526649
780,-1.162,-0.024458653721399964,-1.162,-0.2621203319440636
781,-1.16,-0.024458826835481257,-1.16,-0.2621205037628389
782,-1.158,-0.024458936239919266,-1.158,-0.26212061295010053
783,-1.156,-0.024458981978596667,-1.156,-0.26212065954943103
784,-1.154,-0.024458964173218717,-1.154,-0.2621206436808701
785,-1.152,-0.024458883023313477,-1.152,-0.26212056554091473
786,-1.15,-0.02445873880623181,-1.15,-0.26212042540251884
787,-1.148,-0.02445853187714722,-1.148,-0.2621202236150934
788,-1.146,-0.024458262669055847,-1.146,-0.26211996060450676
789,-1.144,-0.024457931692776352,-1.144,-0.2621196368730841
790,-1.142,-0.024457539536949985,-1.142,-0.26211925299960787
791,-1.14,-0.024457086868040684,-1.14,-0.2621188096393177
792,-1.138,-0.024456574430334194,-1.138,-0.26211830752391013
793,-1.136,-0.02445600304593895,-1.136,-0.262117747461539
794,-1.134,-0.02445537361478542,-1.134,-0.2621171303368151
795,-1.132,-0.024454687114626034,-1.132,-0.26211645711080656
796,-1.13,-0.024453944601035033,-1.13,-0.26211572882103834
797,-1.128,-0.024453147207408626,-1.128,-0.26211494658149276
798,-1.126,-0.02445229614496444,-1.126,-0.2621141115826091
799,-1.1239999999999999,-0.024451392702741576,-1.1239999999999999,-0.2621132250912838
800,-1.1219999999999999,-0.024450438247600376,-1.1219999999999999,-0.2621122884508706
801,-1.1199999999999999,-0.02444943422422244,-1.1199999999999999,-0.26211130308117986
802,-1.1179999999999999,-0.02444838215511011,-1.1179999999999999,-0.26211027047847957
803,-1.1159999999999999,-0.024447283640586598,-1.1159999999999999,-0.2621091922154946
804,-1.1139999999999999,-0.02444614035879558,-1.1139999999999999,-0.262108069941407
805,-1.1119999999999999,-0.024444954065701213,-1.1119999999999999,-0.2621069053818558
806,-1.1099999999999999,-0.024443726595087673,-1.1099999999999999,-0.2621057003389374
807,-1.1079999999999999,-0.024442459858559223,-1.1079999999999999,-0.262104456691205
808,-1.1059999999999999,-0.02444115584553977,-1.1059999999999999,-0.26210317639366915
809,-1.1039999999999999,-0.024439816623272964,-1.1039999999999999,-0.2621018614777974
810,-1.1019999999999999,-0.024438444336821658,-1.1019999999999999,-0.2621005140515146
811,-1.0999999999999999,-0.02443704120906795,-1.0999999999999999,-0.26209913629920234
812,-1.0979999999999999,-0.02443560954071275,-1.0979999999999999,-0.26209773048169965
813,-1.0959999999999999,-0.024434151710275936,-1.0959999999999999,-0.26209629893630265
814,-1.0939999999999999,-0.024432670174095922,-1.0939999999999999,-0.2620948440767643
815,-1.0919999999999999,-0.024431167466329312,-1.0919999999999999,-0.26209336839329506
816,-1.0899999999999999,-0.02442964619895102,-1.0899999999999999,-0.2620918744525622
817,-1.0879999999999999,-0.02442810906175405,-1.0879999999999999,-0.26209036489769033
818,-1.0859999999999999,-0.024426558822349148,-1.0859999999999999,-0.262088842448261
819,-1.0839999999999999,-0.024424998326164765,-1.0839999999999999,-0.26208730990031287
820,-1.0819999999999999,-0.02442343049644677,-1.0819999999999999,-0.2620857701263418
821,-1.0799999999999998,-0.024421858334258723,-1.0799999999999998,-0.26208422607530085
822,-1.0779999999999998,-0.02442028491848111,-1.0779999999999998,-0.2620826807726
823,-1.0759999999999998,-0.024418713405811837,-1.0759999999999998,-0.26208113732010646
824,-1.0739999999999998,-0.024417147030765723,-1.0739999999999998,-0.2620795988961445
825,-1.0719999999999998,-0.024415589105674623,-1.0719999999999998,-0.2620780687554955
826,-1.0699999999999998,-0.024414043020687254,-1.0699999999999998,-0.26207655022939813
827,-1.0679999999999998,-0.024412512243769252,-1.0679999999999998,-0.2620750467255479
828,-1.0659999999999998,-0.02441100032070312,-1.0659999999999998,-0.2620735617280975
829,-1.0639999999999998,-0.02440951087508822,-1.0639999999999998,-0.26207209879765686
830,-1.0619999999999998,-0.024408047608340783,-1.0619999999999998,-0.26207066157129305
831,-1.0599999999999998,-0.024406614299694068,-1.0599999999999998,-0.2620692537625301
832,-1.0579999999999998,-0.024405214806198144,-1.0579999999999998,-0.2620678791613491
833,-1.056,-0.024403853062720388,-1.056,-0.2620665416341886
834,-1.054,-0.024402533081945482,-1.054,-0.26206524512394386
835,-1.052,-0.024401258954375532,-1.052,-0.2620639936499674
836,-1.05,-0.024400034848330115,-1.05,-0.26206279130806903
837,-1.048,-0.024398865009947007,-1.048,-0.2620616422705155
838,-1.046,-0.024397753763181956,-1.046,-0.2620605507860305
839,-1.044,-0.02439670550980924,-1.044,-0.2620595211797953
840,-1.042,-0.02439572472942217,-1.042,-0.26205855785344784
841,-1.04,-0.024394815979433132,-1.04,-0.26205766528508345
842,-1.038,-0.02439398389507444,-1.038,-0.26205684802925444
843,-1.036,-0.02439323318939854,-1.036,-0.26205611071697027
844,-1.034,-0.024392568653278685,-1.034,-0.26205545805569747
845,-1.032,-0.0243919951554096,-1.032,-0.26205489482935973
846,-1.03,-0.024391517642307986,-1.03,-0.26205442589833794
847,-1.028,-0.024391141138313338,-1.028,-0.2620540561994699
848,-1.026,-0.024390870745588794,-1.026,-0.2620537907460508
849,-1.024,-0.024390711644121738,-1.024,-0.2620536346278326
850,-1.022,-0.024390669091724965,-1.022,-0.2620535930110247
851,-1.02,-0.024390748424037295,-1.02,-0.2620536711382933
852,-1.018,-0.024390955054525126,-1.018,-0.2620538743287621
853,-1.016,-0.024391294474483155,-1.016,-0.2620542079780115
854,-1.014,-0.024391772253035376,-1.014,-0.2620546775580793
855,-1.012,-0.024392394037136972,-1.012,-0.2620552886174604
856,-1.01,-0.024393165551574808,-1.01,-0.26205604678110656
857,-1.008,-0.024394091873278095,-1.008,-0.2620569570366319
858,-1.006,-0.02439511853842366,-1.006,-0.26205796581028884
859,-1.004,-0.024396206013915595,-1.004,-0.2620590342249489
860,-1.002,-0.024397350414557345,-1.002,-0.26206015846892605
861,-1.0,-0.0243985479206891,-1.0,-0.26206133479483407
862,-0.998,-0.02439979477818796,-0.998,-0.26206255951958685
863,-0.996,-0.02440108729846749,-0.996,-0.2620638290243983
864,-0.994,-0.024402421858477713,-0.994,-0.2620651397547824
865,-0.992,-0.024403794900704573,-0.992,-0.2620664882205532
866,-0.99,-0.024405202933169973,-0.99,-0.2620678709958244
867,-0.988,-0.024406642529431394,-0.988,-0.26206928471901025
868,-0.986,-0.024408110328582283,-0.986,-0.26207072609282467
869,-0.984,-0.02440960303525133,-0.984,-0.2620721918842816
870,-0.982,-0.024411117419602862,-0.982,-0.2620736789246952
871,-0.98,-0.024412650317336443,-0.98,-0.26207518410967945
872,-0.978,-0.024414198629687273,-0.978,-0.2620767043991484
873,-0.976,-0.024415759323425684,-0.976,-0.2620782368173162
874,-0.974,-0.024417329430857587,-0.974,-0.26207977845269687
875,-0.972,-0.02441890604982408,-0.972,-0.26208132645810456
876,-0.97,-0.024420486343702114,-0.97,-0.2620828780506535
877,-0.968,-0.02442206754140372,-0.968,-0.2620844305117577
878,-0.966,-0.02442364693737678,-0.966,-0.26208598118713144
879,-0.964,-0.024425221891604815,-0.964,-0.2620875274867889
880,-0.962,-0.024426789829607137,-0.962,-0.2620890668850442
881,-0.96,-0.024428348242438974,-0.96,-0.2620905969205116
882,-0.958,-0.02442989468669146,-0.958,-0.26209211519610537
883,-0.956,-0.024431426784492033,-0.956,-0.2620936193790397
884,-0.954,-0.024432942223504422,-0.954,-0.2620951072008289
885,-0.952,-0.024434438756928606,-0.952,-0.2620965764572873
886,-0.95,-0.024435914203501302,-0.95,-0.2620980250085291
887,-0.948,-0.02443736644749603,-0.948,-0.2620994507789687
888,-0.946,-0.024438793438722933,-0.946,-0.26210085175732034
889,-0.944,-0.024440193192529686,-0.944,-0.2621022259965985
890,-0.942,-0.024441563789800752,-0.942,-0.2621035716141175
891,-0.94,-0.02444290337695823,-0.94,-0.2621048867914917
892,-0.938,-0.024444210165961794,-0.938,-0.26210616977463547
893,-0.9359999999999999,-0.024445482434308802,-0.9359999999999999,-0.2621074188737634
894,-0.9339999999999999,-0.024446718525034633,-0.9339999999999999,-0.26210863246338967
895,-0.9319999999999999,-0.02444791684671263,-0.9319999999999999,-0.26210980898232894
896,-0.9299999999999999,-0.0244490758734546,-0.9299999999999999,-0.2621109469336956
897,-0.9279999999999999,-0.024450194144910592,-0.9279999999999999,-0.26211204488490414
898,-0.9259999999999999,-0.024451270266269337,-0.9259999999999999,-0.2621131014676691
899,-0.9239999999999999,-0.02445230290825831,-0.9239999999999999,-0.26211411537800483
900,-0.9219999999999999,-0.02445329080714395,-0.9219999999999999,-0.26211508537622613
901,-0.9199999999999999,-0.02445423276473177,-0.9199999999999999,-0.2621160102869475
902,-0.9179999999999999,-0.02445512764836641,-0.9179999999999999,-0.26211688899908325
903,-0.9159999999999999,-0.02445597439093186,-0.9159999999999999,-0.2621177204658482
904,-0.9139999999999999,-0.02445677199085186,-0.9139999999999999,-0.262118503704757
905,-0.9119999999999999,-0.024457519512089493,-0.9119999999999999,-0.262119237797624
906,-0.9099999999999999,-0.02445821608414775,-0.9099999999999999,-0.2621199218905642
907,-0.9079999999999999,-0.024458860902069363,-0.9079999999999999,-0.26212055519399197
908,-0.9059999999999999,-0.02445945322643725,-0.9059999999999999,-0.26212113698262207
909,-0.9039999999999999,-0.024459992383374124,-0.9039999999999999,-0.2621216665954692
910,-0.9019999999999999,-0.02446047776454327,-0.9019999999999999,-0.26212214343584805
911,-0.8999999999999999,-0.02446090882714788,-0.8999999999999999,-0.2621225669713733
912,-0.8979999999999999,-0.024461285093931612,-0.8979999999999999,-0.2621229367339598
913,-0.8959999999999999,-0.02446160615317869,-0.8959999999999999,-0.2621232523198222
914,-0.8939999999999999,-0.02446187165871347,-0.8939999999999999,-0.26212351338947526
915,-0.8919999999999999,-0.024462081329901048,-0.8919999999999999,-0.26212371966773385
916,-0.8899999999999999,-0.024462234951647205,-0.8899999999999999,-0.26212387094371276
917,-0.8879999999999999,-0.024462332374398016,-0.8879999999999999,-0.26212396707082675
918,-0.8859999999999999,-0.02446237351414035,-0.8859999999999999,-0.2621240079667906
919,-0.8839999999999999,-0.02446235835240171,-0.8839999999999999,-0.2621239936136193
920,-0.8819999999999999,-0.024462286936250216,-0.8819999999999999,-0.2621239240576277
921,-0.8799999999999999,-0.024462159378294462,-0.8799999999999999,-0.26212379940943065
922,-0.8779999999999999,-0.024461975856684,-0.8779999999999999,-0.26212361984394306
923,-0.8759999999999999,-0.024461736615108504,-0.8759999999999999,-0.2621233856003798
924,-0.8739999999999999,-0.02446144196279873,-0.8739999999999999,-0.2621230969822559
925,-0.8719999999999999,-0.024461092274525448,-0.8719999999999999,-0.26212275435738625
926,-0.8699999999999999,-0.02446068799060022,-0.8699999999999999,-0.2621223581578858
927,-0.8679999999999999,-0.0244602296168748,-0.8679999999999999,-0.26212190888016956
928,-0.8659999999999999,-0.02445971772474151,-0.8659999999999999,-0.26212140708495263
929,-0.8639999999999999,-0.02445915295113263,-0.8639999999999999,-0.26212085339724983
930,-0.8619999999999999,-0.024458535998520742,-0.8619999999999999,-0.26212024850637644
931,-0.8599999999999999,-0.024457867634918612,-0.8599999999999999,-0.2621195931659473
932,-0.8579999999999999,-0.02445714869387869,-0.8579999999999999,-0.2621188881938776
933,-0.8559999999999999,-0.024456380074493606,-0.8559999999999999,-0.26211813447238236
934,-0.8539999999999999,-0.024455562741395348,-0.8539999999999999,-0.2621173329479767
935,-0.8519999999999999,-0.024454697724755753,-0.8519999999999999,-0.2621164846314758
936,-0.8499999999999999,-0.02445378612028623,-0.8499999999999999,-0.2621155905979947
937,-0.8479999999999999,-0.02445282908923721,-0.8479999999999999,-0.2621146519869486
938,-0.8459999999999999,-0.024451827858398584,-0.8459999999999999,-0.2621136700020527
939,-0.8439999999999999,-0.024450783720099095,-0.8439999999999999,-0.26211264591132216
940,-0.8419999999999999,-0.024449698032206563,-0.8419999999999999,-0.26211158104707216
941,-0.8399999999999999,-0.024448572218127435,-0.8399999999999999,-0.2621104768059179
942,-0.8379999999999999,-0.024447407766806678,-0.8379999999999999,-0.2621093346487748
943,-0.8359999999999999,-0.02444620623272789,-0.8359999999999999,-0.26210815610085786
944,-0.8339999999999999,-0.024444969235912523,-0.8339999999999999,-0.26210694275168245
945,-0.8319999999999999,-0.024443698461920488,-0.8319999999999999,-0.26210569625506386
946,-0.8299999999999998,-0.024442395661849442,-0.8299999999999998,-0.26210441832911746
947,-0.8279999999999998,-0.024441062652334672,-0.8279999999999998,-0.2621031107562585
948,-0.8259999999999998,-0.02443970131554926,-0.8259999999999998,-0.2621017753832023
949,-0.8239999999999998,-0.024438313599203426,-0.8239999999999998,-0.2621004141209642
950,-0.8219999999999998,-0.024436901516544735,-0.8219999999999998,-0.26209902894485965
951,-0.8199999999999998,-0.02443546714635783,-0.8199999999999998,-0.262097621894504
952,-0.8179999999999998,-0.02443401263296427,-0.8179999999999998,-0.26209619507381265
953,-0.8159999999999998,-0.02443254018622218,-0.8159999999999998,-0.26209475065100096
954,-0.8139999999999998,-0.024431052081526433,-0.8139999999999998,-0.2620932908585845
955,-0.8119999999999998,-0.024429550659808258,-0.8119999999999998,-0.2620918179933786
956,-0.8099999999999998,-0.024428038327535234,-0.8099999999999998,-0.2620903344164988
957,-0.8079999999999998,-0.02442651755671102,-0.8079999999999998,-0.2620888425533605
958,-0.8059999999999998,-0.02442499088487529,-0.8059999999999998,-0.26208734489367935
959,-0.8039999999999998,-0.02442346091510375,-0.8039999999999998,-0.2620858439914708
960,-0.802,-0.024421930316007784,-0.802,-0.26208434246505025
961,-0.8,-0.024420401821734522,-0.8,-0.26208284299703355
962,-0.798,-0.02441887823196673,-0.798,-0.262081348334336
963,-0.796,-0.0244173624119228,-0.796,-0.26207986128817323
964,-0.794,-0.02441585729235643,-0.794,-0.2620783847340609
965,-0.792,-0.024414365869557003,-0.792,-0.26207692161181473
966,-0.79,-0.024412891205349257,-0.79,-0.26207547492555017
967,-0.788,-0.02441143642709334,-0.788,-0.26207404774368304
968,-0.786,-0.02441000472768487,-0.786,-0.2620726431989288
969,-0.784,-0.024408599365554978,-0.784,-0.26207126448830337
970,-0.782,-0.02440722366467038,-0.782,-0.26206991487312226
971,-0.78,-0.02440588101453331,-0.78,-0.2620685976790013
972,-0.778,-0.02440457487018191,-0.778,-0.2620673162958562
973,-0.776,-0.024403308752190017,-0.776,-0.2620660741779028
974,-0.774,-0.024402086246667593,-0.774,-0.26206487484365665
975,-0.772,-0.0244009110052609,-0.772,-0.26206372187593374
976,-0.77,-0.02439978674515239,-0.77,-0.2620626189218498
977,-0.768,-0.02439871724906148,-0.768,-0.26206156969282063
978,-0.766,-0.024397706365244326,-0.766,-0.2620605779645621
979,-0.764,-0.024396758007494607,-0.764,-0.26205964757709005
980,-0.762,-0.024395876155143298,-0.762,-0.2620587824347204
981,-0.76,-0.02439506485305984,-0.76,-0.262057986506069
982,-0.758,-0.02439432821165169,-0.758,-0.26205726382405164
983,-0.756,-0.024393670406865547,-0.756,-0.2620566184858844
984,-0.754,-0.024393095680187354,-0.754,-0.2620560546530832
985,-0.752,-0.02439260833864318,-0.752,-0.2620555765514639
986,-0.75,-0.024392212754799608,-0.75,-0.26205518847114256
987,-0.748,-0.024391913366764467,-0.748,-0.26205489476653504
988,-0.746,-0.024391714678187543,-0.746,-0.26205469985635754
989,-0.744,-0.024391621258261303,-0.744,-0.2620546082236259
990,-0.742,-0.024391637741721733,-0.742,-0.26205462441565625
991,-0.74,-0.024391768828849164,-0.74,-0.26205475304406467
992,-0.738,-0.024392019285469052,-0.738,-0.2620549987847672
993,-0.736,-0.02439239394295331,-0.736,-0.2620553663779798
994,-0.734,-0.024392897698220978,-0.734,-0.2620558606282188
995,-0.732,-0.02439353551373938,-0.732,-0.2620564864043001
996,-0.73,-0.024394312417525404,-0.73,-0.26205724863934
997,-0.728,-0.02439522932807711,-0.728,-0.26205814823467516
998,-0.726,-0.02439617520157042,-0.726,-0.2620590762475011
999,-0.724,-0.0243970990756375,-0.724,-0.262059982679545
1000,-0.722,-0.024398001461971824,-0.722,-0.2620608680327025
1001,-0.7199999999999998,-0.024867987148716103,-0.7199999999999998,-0.2625328308733152
1002,-0.718,-0.06868948014647461,-0.718,-0.3065423076600673
1003,-0.7159999999999997,-0.6455346982013694,-0.7159999999999997,-0.8859169834025122
1004,-0.714,-2.313465143528202,-0.714,-2.5622347571455295
1005,-0.7119999999999997,-4.512199962939228,-0.7119999999999997,-4.776564943162836
1006,-0.71,-6.80155352925071,-0.71,-7.092021197740218
1007,-0.7079999999999997,-9.010646482510115,-0.7079999999999997,-9.341531635122472
1008,-0.706,-11.177928118423036,-0.706,-11.567438117819844
1009,-0.7039999999999997,-13.279697947342276,-0.7039999999999997,-13.749573608707912
1010,-0.702,-15.30837520467133,-0.702,-15.883325241168635
1011,-0.6999999999999997,-17.261207218590506,-0.6999999999999997,-17.968439778535377
1012,-0.698,-19.136724369231516,-0.698,-20.005504684663638
1013,-0.6959999999999997,-20.934274047095123,-0.6959999999999997,-21.99551449765606
1014,-0.694,-22.653537299064652,-0.694,-23.939412044263182
1015,-0.6919999999999997,-24.294615788714243,-0.6919999999999997,-25.838208431375286
1016,-0.69,-25.857925908695137,-0.69,-27.692905453952484
1017,-0.6879999999999997,-27.344172269918463,-0.6879999999999997,-29.504495595028075
1018,-0.6859999999999999,-28.754322457656873,-0.6859999999999999,-31.273962025705245
1019,-0.6839999999999997,-30.08958301459405,-0.6839999999999997,-33.00227860516034
1020,-0.6819999999999999,-31.351568703815676,-0.6819999999999999,-34.690627234987886
1021,-0.6799999999999997,-32.5592863018615,-0.6799999999999997,-36.36092153741118
1022,-0.6779999999999999,-33.53425797343506,-0.6779999999999999,-37.81038866537847
1023,-0.6759999999999997,-34.08266985427908,-0.6759999999999997,-38.807266362025516
1024,-0.6739999999999999,-34.113104021335126,-0.6739999999999999,-39.22728025759926
1025,-0.6720000000000002,-33.63102669002091,-0.6720000000000002,-39.05364386945958
1026,-0.6699999999999999,-32.733396177416914,-0.6699999999999999,-38.37705860207802
1027,-0.6680000000000001,-31.603865218276876,-0.6680000000000001,-37.395713747038855
1028,-0.6659999999999999,-30.508930231075084,-0.6659999999999999,-36.41528648303789
1029,-0.6640000000000001,-29.569180912978805,-0.6640000000000001,-35.582831287648474
1030,-0.6619999999999999,-28.650358152289368,-0.6619999999999999,-34.744205405635434
1031,-0.6600000000000001,-27.750972168257253,-0.6600000000000001,-33.898594143040164
1032,-0.6579999999999999,-26.926600167911648,-0.6579999999999999,-33.11615857723639
1033,-0.6560000000000001,-26.28822236565881,-0.6560000000000001,-32.538014086665235
1034,-0.6539999999999999,-26.038352662529565,-0.6539999999999999,-32.42267937631155
1035,-0.6520000000000001,-26.598749272986247,-0.6520000000000001,-33.31021914100873
1036,-0.6499999999999999,-27.624659328590912,-0.6499999999999999,-34.79606925899451
1037,-0.6480000000000001,-28.75339761749163,-0.6480000000000001,-36.44101867570455
1038,-0.6459999999999999,-29.809933808439073,-0.6459999999999999,-38.02945156062852
1039,-0.6440000000000001,-30.800588100287893,-0.6440000000000001,-39.56735304072419
1040,-0.6419999999999999,-31.760565606554753,-0.6419999999999999,-41.09817455538745
1041,-0.6400000000000001,-32.66901739710325,-0.6400000000000001,-42.5956749350896
1042,-0.6379999999999999,-33.5264839493393,-0.6379999999999999,-44.05969368382243
1043,-0.6360000000000001,-34.333811809918245,-0.6360000000000001,-45.490309902113104
1044,-0.6339999999999999,-35.09213442259631,-0.6339999999999999,-46.887842287026714
1045,-0.6320000000000001,-35.80285286225684,-0.6320000000000001,-48.252849132163746
1046,-0.6299999999999999,-36.46761662412677,-0.6299999999999999,-49.58612832766261
1047,-0.6280000000000001,-37.17224292888764,-0.6280000000000001,-51.00592618709669
1048,-0.6259999999999999,-37.97853429148107,-0.6259999999999999,-52.602749376089776
1049,-0.6240000000000001,-38.73082424364143,-0.6240000000000001,-54.161333443436675
1050,-0.6219999999999999,-39.30646338279,-0.6219999999999999,-55.50364182262652
1051,-0.6200000000000001,-39.61968187713274,-0.6200000000000001,-56.49635046262155
1052,-0.6179999999999999,-39.61981144986376,-0.6179999999999999,-57.05084782785947
1053,-0.6160000000000001,-39.28940059314627,-0.6160000000000001,-57.12323489825175
1054,-0.6139999999999999,-38.6423286735073,-0.6139999999999999,-56.71432516918451
1055,-0.6120000000000001,-37.72202190283152,-0.6120000000000001,-55.86964465151845
1056,-0.6099999999999999,-36.59987146168806,-0.6099999999999999,-54.67943187158818
1057,-0.6080000000000001,-35.373951374281525,-0.6080000000000001,-53.27863787120357
1058,-0.6059999999999999,-34.168131046859536,-0.6059999999999999,-51.84692620764779
1059,-0.6040000000000001,-33.10399729826836,-0.6040000000000001,-50.56703608488589
1060,-0.6019999999999999,-31.974874586674115,-0.6019999999999999,-49.13298281860719
1061,-0.6000000000000001,-30.84106025655234,-0.6000000000000001,-47.643889707120756
1062,-0.5979999999999999,-29.848972260623924,-0.5979999999999999,-46.33251569756417
1063,-0.5960000000000001,-29.10503792241291,-0.5960000000000001,-45.37317243835189
1064,-0.5939999999999999,-28.676945807463238,-0.5939999999999999,-44.881724279173085
1065,-0.5920000000000001,-28.594431449970674,-0.5920000000000001,-44.91558827099319
1066,-0.5899999999999999,-28.849745547502657,-0.5899999999999999,-45.47373416605319
1067,-0.5880000000000001,-29.397956393636935,-0.5880000000000001,-46.49668441786942
1068,-0.5859999999999999,-30.157241475497454,-0.5859999999999999,-47.86651418123461
1069,-0.5840000000000001,-31.009326320314994,-0.5840000000000001,-49.40685131221616
1070,-0.5819999999999999,-31.800231832296102,-0.5819999999999999,-50.88287636815835
1071,-0.5800000000000001,-32.44308110927812,-0.5800000000000001,-52.157471233214096
1072,-0.5779999999999998,-33.04891073611162,-0.5779999999999998,-53.3974144202092
1073,-0.5760000000000001,-33.62283446300876,-0.5760000000000001,-54.60980986624599
1074,-0.5739999999999998,-34.165494517296985,-0.5739999999999998,-55.79486361097559
1075,-0.5720000000000001,-34.67762753662005,-0.5720000000000001,-56.952854603708005
1076,-0.5699999999999998,-35.160057023708326,-0.5699999999999998,-58.08413470341421
1077,-0.5680000000000001,-35.61368595040324,-0.5680000000000001,-59.18912867872399
1078,-0.5659999999999998,-36.0394895348844,-0.5659999999999998,-60.26833420792812
1079,-0.5640000000000001,-36.438508213702384,-0.5640000000000001,-61.322321878976254
1080,-0.5619999999999998,-36.811840827887515,-0.5619999999999998,-62.351735189478916
1081,-0.56,-37.163676715679635,-0.56,-63.362581054694466
1082,-0.5579999999999998,-37.60231984168335,-0.5579999999999998,-64.54442558495678
1083,-0.556,-38.046215812389285,-0.556,-65.75866144662201
1084,-0.5539999999999998,-38.3476841807304,-0.5539999999999998,-66.74323984402349
1085,-0.552,-38.40666966548517,-0.552,-67.31139454361326
1086,-0.5499999999999998,-38.168952209302745,-0.5499999999999998,-67.35164187396359
1087,-0.548,-37.62425279205719,-0.548,-66.82778072576609
1088,-0.5459999999999998,-36.804407028177245,-0.5459999999999998,-65.77889255183189
1089,-0.544,-35.78176955932456,-0.544,-64.31934136709226
1090,-0.5419999999999998,-34.66800323651278,-0.5419999999999998,-62.638773748597174
1091,-0.54,-33.61339806849332,-0.54,-61.002118835517415
1092,-0.5379999999999998,-32.64048348690573,-0.5379999999999998,-59.45130699462525
1093,-0.536,-31.60478225969938,-0.536,-57.735741984164235
1094,-0.5339999999999998,-30.66957669834657,-0.5339999999999998,-56.161586866232746
1095,-0.532,-29.96130994105573,-0.532,-54.969714705416074
1096,-0.5299999999999998,-29.558928383347155,-0.5299999999999998,-54.314727934681585
1097,-0.528,-29.494314119713795,-0.528,-54.26495835538075
1098,-0.5259999999999998,-29.7523303856651,-0.5259999999999998,-54.80246713724793
1099,-0.524,-30.270698490600886,-0.524,-55.82304481840055
1100,-0.5219999999999998,-30.939930308821705,-0.5219999999999998,-57.13621130533997
1101,-0.52,-31.60354597284364,-0.52,-58.46521587294981
1102,-0.5179999999999998,-32.13162843470848,-0.5179999999999998,-59.57631687577938
1103,-0.516,-32.624476989557635,-0.516,-60.6438182392767
1104,-0.5139999999999998,-33.09375455007595,-0.5139999999999998,-61.68776407895595
1105,-0.512,-33.53985048518864,-0.512,-62.70825085553686
1106,-0.5099999999999998,-33.96323565939383,-0.5099999999999998,-63.70546034646497
1107,-0.508,-34.364457600228015,-0.508,-64.67965964590977
1108,-0.5059999999999998,-34.744135686122306,-0.5059999999999998,-65.63120116476647
1109,-0.504,-35.10295637920864,-0.504,-66.5605226306543
1110,-0.5019999999999998,-35.44166852567615,-0.5019999999999998,-67.46814708791821
1111,-0.5,-35.761078744308385,-0.5,-68.35468289762711
1112,-0.4979999999999998,-36.12036592451039,-0.4979999999999998,-69.33633145796529
1113,-0.496,-36.54275369544393,-0.496,-70.46212504684601
1114,-0.4939999999999998,-36.918312825365085,-0.4939999999999998,-71.51609879100072
1115,-0.492,-37.16163206065753,-0.492,-72.32529216614721
1116,-0.48999999999999977,-37.213250890285934,-0.48999999999999977,-72.7637251865844
1117,-0.488,-37.03891722893174,-0.488,-72.75239840519109
1118,-0.48599999999999977,-36.62878193915444,-0.48599999999999977,-72.25929291342665
1119,-0.484,-35.99661294152412,-0.484,-71.29937034133107
1120,-0.48199999999999976,-35.179107017835655,-0.48199999999999976,-69.9345728575241
1121,-0.48,-34.23537276868543,-0.48,-68.27382316920686
1122,-0.47799999999999976,-33.24665354285009,-0.47799999999999976,-66.4730245221596
1123,-0.476,-32.31635451208253,-0.476,-64.73506070074444
1124,-0.47399999999999975,-31.536545556030678,-0.47399999999999975,-63.243690139035806
1125,-0.472,-30.8838654252145,-0.472,-61.96455957108613
1126,-0.46999999999999975,-30.37929278235987,-0.46999999999999975,-60.95432214228725
1127,-0.46799999999999997,-30.04184095631379,-0.46799999999999997,-60.26265647955663
1128,-0.46599999999999975,-29.880962371766433,-0.46599999999999975,-59.91762713739778
1129,-0.46399999999999997,-29.89626611210655,-0.46399999999999997,-59.92568459790152
1130,-0.46199999999999974,-30.07725927123045,-0.46199999999999974,-60.27166527074534
1131,-0.45999999999999996,-30.403163016374258,-0.45999999999999996,-60.918791493193375
1132,-0.45799999999999974,-30.84283508443244,-0.45799999999999974,-61.80867153009709
1133,-0.45599999999999996,-31.354811234618836,-0.45599999999999996,-62.861299573894044
1134,-0.45399999999999974,-31.887458980724542,-0.45399999999999974,-63.975055744609506
1135,-0.45199999999999996,-32.37921772661594,-0.45199999999999996,-65.02670608985464
1136,-0.44999999999999973,-32.80854130204393,-0.44999999999999973,-65.97155056720933
1137,-0.44799999999999995,-33.2195000775783,-0.44799999999999995,-66.89764995517739
1138,-0.44599999999999973,-33.613242838772905,-0.44599999999999973,-67.80755307273043
1139,-0.44399999999999995,-33.98945835921084,-0.44399999999999995,-68.70059607867567
1140,-0.4419999999999997,-34.34694910224384,-0.4419999999999997,-69.5740159811425
1141,-0.43999999999999995,-34.683651856332546,-0.43999999999999995,-70.42295063758087
1142,-0.4379999999999997,-34.99666048114024,-0.4379999999999997,-71.24043875476288
1143,-0.43599999999999994,-35.28224987417243,-0.43599999999999994,-72.01741988878128
1144,-0.4339999999999997,-35.535899996037855,-0.4339999999999997,-72.74273444505086
1145,-0.43199999999999994,-35.752318520679694,-0.43199999999999994,-73.40312367830721
1146,-0.4299999999999997,-35.92546040520717,-0.4299999999999997,-73.98322969260778
1147,-0.42799999999999994,-35.826472169143,-0.42799999999999994,-74.00666988729611
1148,-0.4259999999999997,-35.28673346255007,-0.4259999999999997,-73.10315305306777
1149,-0.42399999999999993,-34.49183223504708,-0.42399999999999993,-71.63213503661412
1150,-0.4219999999999997,-33.58779912933369,-0.4219999999999997,-69.88295258482573
1151,-0.41999999999999993,-32.68033397635607,-0.41999999999999993,-68.07099173078872
1152,-0.4179999999999997,-31.83602779418135,-0.4179999999999997,-66.33768779378185
1153,-0.4159999999999999,-31.083335358170796,-0.4159999999999999,-64.7505253792796
1154,-0.41400000000000015,-30.413114932761207,-0.41400000000000015,-63.303038378949466
1155,-0.4119999999999999,-29.77874146804507,-0.4119999999999999,-61.914809970653316
1156,-0.41000000000000014,-29.166075519891546,-0.41000000000000014,-60.56543450177444
1157,-0.4079999999999999,-28.73428208465801,-0.4079999999999999,-59.570209405627
1158,-0.40600000000000014,-28.50773352258356,-0.40600000000000014,-58.989189306613554
1159,-0.4039999999999999,-28.487339469730276,-0.4039999999999999,-58.83264560081605
1160,-0.40200000000000014,-28.661092813621586,-0.40200000000000014,-59.08200628818794
1161,-0.3999999999999999,-29.003643713732867,-0.3999999999999999,-59.68985597255393
1162,-0.39800000000000013,-29.476042190571604,-0.39800000000000013,-60.579935861609535
1163,-0.3959999999999999,-30.025673630926338,-0.3959999999999999,-61.647143766922106
1164,-0.39400000000000013,-30.58637657224841,-0.39400000000000013,-62.757534103929316
1165,-0.3919999999999999,-31.090761380267327,-0.3919999999999999,-63.773173707932905
1166,-0.3900000000000001,-31.56345179489221,-0.3900000000000001,-64.7443706353161
1167,-0.3879999999999999,-32.01555925524064,-0.3879999999999999,-65.69360238544989
1168,-0.3860000000000001,-32.44744879316746,-0.3860000000000001,-66.62116868955033
1169,-0.3839999999999999,-32.859535015511376,-0.3839999999999999,-67.52740195359483
1170,-0.3820000000000001,-33.2522783439331,-0.3820000000000001,-68.41266725832041
1171,-0.3799999999999999,-33.62618134428947,-0.3799999999999999,-69.2773623592254
1172,-0.3780000000000001,-33.98178515196915,-0.3780000000000001,-70.12191768656777
1173,-0.3759999999999999,-34.3196659989751,-0.3759999999999999,-70.94679634536674
1174,-0.3740000000000001,-34.6404318478859,-0.3740000000000001,-71.75249411540122
1175,-0.3719999999999999,-34.969784194047115,-0.3719999999999999,-72.59412616501207
1176,-0.3700000000000001,-35.30198433352959,-0.3700000000000001,-73.46206573576056
1177,-0.3679999999999999,-35.52704571160182,-0.3679999999999999,-74.11922625227389
1178,-0.3660000000000001,-35.565689362312085,-0.3660000000000001,-74.38971667426385
1179,-0.3639999999999999,-35.37354051660687,-0.3639999999999999,-74.16916930975013
1180,-0.3620000000000001,-34.94040157429253,-0.3620000000000001,-73.42473981506008
1181,-0.3599999999999999,-34.289561075785926,-0.3599999999999999,-72.19510719482808
1182,-0.3580000000000001,-33.47727652438402,-0.3580000000000001,-70.5904738019971
1183,-0.35599999999999987,-32.592544329853176,-0.35599999999999987,-68.79256533781637
1184,-0.3540000000000001,-31.757245564222206,-0.3540000000000001,-67.05463085184418
1185,-0.35199999999999987,-30.9489308572232,-0.35199999999999987,-65.32998358315746
1186,-0.3500000000000001,-30.08980473599355,-0.3500000000000001,-63.46390101386716
1187,-0.34799999999999986,-29.332563145996662,-0.34799999999999986,-61.786728246866495
1188,-0.3460000000000001,-28.788408935469118,-0.3460000000000001,-60.539500121914436
1189,-0.34399999999999986,-28.524786527015323,-0.34399999999999986,-59.869261866062
1190,-0.3420000000000001,-28.564878832572543,-0.3420000000000001,-59.829069093654404
1191,-0.33999999999999986,-28.886834169821782,-0.33999999999999986,-60.37798780632986
1192,-0.3380000000000001,-29.422931413785328,-0.3380000000000001,-61.381094393019715
1193,-0.33599999999999985,-30.058902458153558,-0.33599999999999985,-62.60947562994929
1194,-0.3340000000000001,-30.6340560300031,-0.3340000000000001,-63.74104962647402
1195,-0.33199999999999985,-31.11703225508693,-0.33199999999999985,-64.70967898768396
1196,-0.33000000000000007,-31.580230930502967,-0.33000000000000007,-65.65779584202738
1197,-0.32799999999999985,-32.023749213933755,-0.32799999999999985,-66.58523811450036
1198,-0.32600000000000007,-32.447775396027104,-0.32600000000000007,-67.49195682456966
1199,-0.32399999999999984,-32.8525858745979,-0.32399999999999984,-68.37801608617445
1200,-0.32200000000000006,-33.23854197438035,-0.32200000000000006,-69.24359310772476
1201,-0.31999999999999984,-33.60608664683145,-0.31999999999999984,-70.08897819210289
1202,-0.31800000000000006,-33.95574108249199,-0.31800000000000006,-70.914574736662
1203,-0.31599999999999984,-34.28810126642807,-0.31599999999999984,-71.72089923322757
1204,-0.31400000000000006,-34.610947872410264,-0.31400000000000006,-72.5238249840318
1205,-0.31199999999999983,-35.032073175665325,-0.31199999999999983,-73.55527522222181
1206,-0.31000000000000005,-35.475840618476994,-0.31000000000000005,-74.65636671453028
1207,-0.30799999999999983,-35.822843777959285,-0.30799999999999983,-75.57040566052682
1208,-0.30600000000000005,-35.98738863001596,-0.30600000000000005,-76.10845140023314
1209,-0.3039999999999998,-35.917047816194994,-0.3039999999999998,-76.1493164141243
1210,-0.30200000000000005,-35.59204292692052,-0.30200000000000005,-75.63956632312812
1211,-0.2999999999999998,-35.024570506411905,-0.2999999999999998,-74.59351988862498
1212,-0.29800000000000004,-34.2581891963522,-0.29800000000000004,-73.09324901244881
1213,-0.2959999999999998,-33.36738714711822,-0.2959999999999998,-71.2885787368853
1214,-0.29400000000000004,-32.45745053714278,-0.29400000000000004,-69.39708724467444
1215,-0.2919999999999998,-31.654032131057082,-0.2919999999999998,-67.68155576283972
1216,-0.29000000000000004,-30.82135749463308,-0.29000000000000004,-65.85967092723472
1217,-0.2879999999999998,-29.976055340192566,-0.2879999999999998,-63.97888015426292
1218,-0.28600000000000003,-29.238089446599844,-0.28600000000000003,-62.30324048427167
1219,-0.2839999999999998,-28.695340432948733,-0.2839999999999998,-61.02631484794341
1220,-0.28200000000000003,-28.40350729552158,-0.28200000000000003,-60.27117206629836
1221,-0.2799999999999998,-28.38566756588341,-0.2799999999999998,-60.0903868506924
1222,-0.278,-28.631631155411696,-0.278,-60.46603980281833
1223,-0.2759999999999998,-29.09722854337134,-0.2759999999999998,-61.30971741470566
1224,-0.274,-29.7036795574606,-0.274,-62.46251206871983
1225,-0.2719999999999998,-30.337194587569513,-0.2719999999999998,-63.69502203756373
1226,-0.27,-30.863525773407456,-0.27,-64.73635505068295
1227,-0.2679999999999998,-31.333181026939762,-0.2679999999999998,-65.68388998889428
1228,-0.266,-31.78308848633947,-0.266,-66.61053102810551
1229,-0.2639999999999998,-32.21350355244295,-0.2639999999999998,-67.51640911018583
1230,-0.262,-32.624741964642325,-0.262,-68.40171031312663
1231,-0.2599999999999998,-33.017176522254964,-0.2599999999999998,-69.26667585104308
1232,-0.258,-33.391233811651674,-0.258,-70.11160207417261
1233,-0.2559999999999998,-33.7473909536853,-0.2559999999999998,-70.93684046887635
1234,-0.254,-34.08617238496687,-0.254,-71.74279765763778
1235,-0.2519999999999998,-34.40814668555219,-0.2519999999999998,-72.529935399064
1236,-0.25,-34.713923464607745,-0.25,-73.29877058788449
1237,-0.24799999999999978,-35.025350278611846,-0.24799999999999978,-74.0970554215776
1238,-0.246,-35.34005720527183,-0.246,-74.92238966620897
1239,-0.24399999999999977,-35.55028622769225,-0.24399999999999977,-75.53796064622236
1240,-0.242,-35.577240592232585,-0.242,-75.76578489259116
1241,-0.23999999999999977,-35.376942190470736,-0.23999999999999977,-75.50079023772538
1242,-0.238,-34.939558928779114,-0.238,-74.71081581547148
1243,-0.23599999999999977,-34.28877090380055,-0.23599999999999977,-73.43661206111166
1244,-0.23399999999999999,-33.48131425916016,-0.23399999999999999,-71.79184071136542
1245,-0.23199999999999976,-32.606815723852655,-0.23199999999999976,-69.96307480438729
1246,-0.22999999999999998,-31.788004957858572,-0.22999999999999998,-68.20979867976955
1247,-0.22799999999999976,-30.98056956472762,-0.22799999999999976,-66.43821918794984
1248,-0.22599999999999998,-30.132703484392913,-0.22599999999999998,-64.54684700677775
1249,-0.22399999999999975,-29.395876752078152,-0.22399999999999975,-62.86849158248211
1250,-0.22199999999999998,-28.877838409265443,-0.22199999999999998,-61.64019739053424
1251,-0.21999999999999975,-28.642163613853686,-0.21999999999999975,-61.002579827474634
1252,-0.21799999999999997,-28.70765763604013,-0.21799999999999997,-60.999825210914935
1253,-0.21599999999999975,-29.047506113569828,-0.21599999999999975,-61.57969077953693
1254,-0.21399999999999997,-29.588384666078213,-0.21399999999999997,-62.59350469309254
1255,-0.21199999999999974,-30.20975331902274,-0.21199999999999974,-63.79616603240475
1256,-0.20999999999999996,-30.749954116524833,-0.20999999999999996,-64.85896957720101
1257,-0.20799999999999974,-31.220458548960824,-0.20799999999999974,-65.80126206110448
1258,-0.20599999999999996,-31.671855103835963,-0.20599999999999996,-66.72388712616491
1259,-0.20399999999999974,-32.10418953554638,-0.20399999999999974,-67.6265610680074
1260,-0.20199999999999996,-32.51760801936514,-0.20199999999999996,-68.50913864937603
1261,-0.19999999999999973,-32.91235451249184,-0.19999999999999973,-69.37161310013529
1262,-0.19799999999999995,-33.28876789055821,-0.19799999999999995,-70.21411611726874
1263,-0.19599999999999973,-33.64727890155739,-0.19599999999999973,-71.03691786488032
1264,-0.19399999999999995,-33.988406976846605,-0.19399999999999995,-71.840426974193
1265,-0.19199999999999973,-34.31275693656565,-0.19199999999999973,-72.62519054355018
1266,-0.18999999999999995,-34.63591747782109,-0.18999999999999995,-73.42464893593903
1267,-0.18799999999999972,-35.03423315603739,-0.18799999999999972,-74.40758305213762
1268,-0.18599999999999994,-35.44448901794009,-0.18599999999999994,-75.43767085550382
1269,-0.18399999999999972,-35.79235878633645,-0.18399999999999972,-76.35144718195447
1270,-0.18199999999999994,-36.020302990177434,-0.18199999999999994,-77.01937802110436
1271,-0.17999999999999972,-36.08737173630818,-0.17999999999999972,-77.34586051626779
1272,-0.17799999999999994,-35.968903380759336,-0.17799999999999994,-77.26922296445747
1273,-0.1759999999999997,-35.65617154249906,-0.1759999999999997,-76.76172481638497
1274,-0.17399999999999993,-35.15603017368955,-0.17399999999999993,-75.82955667646098
1275,-0.1719999999999997,-34.49060367161709,-0.1719999999999997,-74.51284030279434
1276,-0.16999999999999993,-33.69706628859293,-0.16999999999999993,-72.8856286071937
1277,-0.1679999999999997,-32.82755236724271,-0.1679999999999997,-71.0559056551652
1278,-0.16599999999999993,-31.949236199735584,-0.16599999999999993,-69.16558666591531
1279,-0.1639999999999997,-31.14461758061982,-0.1639999999999997,-67.39051801234773
1280,-0.16199999999999992,-30.514466916377163,-0.16199999999999992,-65.94902668558557
1281,-0.16000000000000014,-30.106895023065753,-0.16000000000000014,-64.96012013195518
1282,-0.15799999999999992,-29.90451016738324,-0.15799999999999992,-64.40089813971218
1283,-0.15600000000000014,-29.885995977075826,-0.15600000000000014,-64.23617435205004
1284,-0.15399999999999991,-30.026973908915014,-0.15399999999999991,-64.42147418277862
1285,-0.15200000000000014,-30.299695968022824,-0.15200000000000014,-64.90303481632445
1286,-0.1499999999999999,-30.672909970451958,-0.1499999999999999,-65.6178052077311
1287,-0.14800000000000013,-31.111876005448657,-0.14800000000000013,-66.49344608265832
1288,-0.1459999999999999,-31.578499682168108,-0.1459999999999999,-67.44832993738324
1289,-0.14400000000000013,-32.03153467394723,-0.14400000000000013,-68.39154103879889
1290,-0.1419999999999999,-32.442782313134124,-0.1419999999999999,-69.26010005337102
1291,-0.14000000000000012,-32.833767510084236,-0.14000000000000012,-70.10432740420192
1292,-0.1379999999999999,-33.20692508295071,-0.1379999999999999,-70.9292669643997
1293,-0.13600000000000012,-33.56269265329262,-0.13600000000000012,-71.73524804753161
1294,-0.1339999999999999,-33.90153442635058,-0.1339999999999999,-72.52261500561097
1295,-0.13200000000000012,-34.2239383094222,-0.13200000000000012,-73.2917272290958
1296,-0.1299999999999999,-34.53041313172698,-0.1299999999999999,-74.04295914689017
1297,-0.1280000000000001,-34.82148596639714,-0.1280000000000001,-74.77670022634284
1298,-0.1259999999999999,-35.09769955496335,-0.1259999999999999,-75.49335497324857
1299,-0.12400000000000011,-35.359609834427,-0.12400000000000011,-76.19334293184689
1300,-0.12199999999999989,-35.55568670152547,-0.12199999999999989,-76.76548444126118
1301,-0.1200000000000001,-35.520873384798016,-0.1200000000000001,-76.84715071940569
1302,-0.11799999999999988,-35.27372925714377,-0.11799999999999988,-76.4613636915053
1303,-0.1160000000000001,-34.84983094405976,-0.1160000000000001,-75.67089287894014
1304,-0.11399999999999988,-34.285474700871845,-0.11399999999999988,-74.54425366445973
1305,-0.1120000000000001,-33.61762967150517,-0.1120000000000001,-73.15570729218446
1306,-0.10999999999999988,-32.88405485551127,-0.10999999999999988,-71.58526086760345
1307,-0.1080000000000001,-32.123543397302505,-0.1080000000000001,-69.91866735757709
1308,-0.10599999999999987,-31.376251044250782,-0.10599999999999987,-68.2474255903343
1309,-0.10400000000000009,-30.653631279653364,-0.10400000000000009,-66.6013300645423
1310,-0.10199999999999987,-29.848904336943168,-0.10199999999999987,-64.74715565775736
1311,-0.10000000000000009,-29.09991067784893,-0.10000000000000009,-62.990819408120664
1312,-0.09799999999999986,-28.54299895153839,-0.09799999999999986,-61.6341921630353
1313,-0.09600000000000009,-28.26347981508359,-0.09600000000000009,-60.86591991973318
1314,-0.09399999999999986,-28.294892021546598,-0.09399999999999986,-60.76142382527287
1315,-0.09200000000000008,-28.61793897286564,-0.09200000000000008,-61.28290017654091
1316,-0.08999999999999986,-29.159350697454073,-0.08999999999999986,-62.27932042025152
1317,-0.08800000000000008,-29.790940052548528,-0.08800000000000008,-63.486431152945876
1318,-0.08599999999999985,-30.339514057814227,-0.08599999999999985,-64.54787426366194
1319,-0.08400000000000007,-30.82327380522391,-0.08400000000000007,-65.49737571569675
1320,-0.08199999999999985,-31.287849540536012,-0.08199999999999985,-66.42713225689995
1321,-0.08000000000000007,-31.73322641803565,-0.08000000000000007,-67.33678711376238
1322,-0.07799999999999985,-32.159504694890494,-0.07799999999999985,-68.22614892782711
1323,-0.07600000000000007,-32.56689729363677,-0.07600000000000007,-69.09519175568786
1324,-0.07399999999999984,-32.955727057893554,-0.07399999999999984,-69.94405506899056
1325,-0.07200000000000006,-33.32642375289669,-0.07200000000000006,-70.77304375443184
1326,-0.06999999999999984,-33.67952085975596,-0.06999999999999984,-71.58262811376048
1327,-0.06800000000000006,-34.01568143409124,-0.06800000000000006,-72.37350763911722
1328,-0.06599999999999984,-34.418040612676855,-0.06599999999999984,-73.3272618633293
1329,-0.06400000000000006,-34.882368375001334,-0.06400000000000006,-74.43748587974127
1330,-0.06199999999999983,-35.305828511818476,-0.06199999999999983,-75.48056782171682
1331,-0.06000000000000005,-35.608703020911825,-0.06000000000000005,-76.28001965849386
1332,-0.05799999999999983,-35.734255419125645,-0.05799999999999983,-76.70647719518611
1333,-0.05600000000000005,-35.64842178928646,-0.05600000000000005,-76.67770007278187
1334,-0.053999999999999826,-35.33940181618399,-0.053999999999999826,-76.15857176814467
1335,-0.052000000000000046,-34.81722188453462,-0.052000000000000046,-75.16109959401335
1336,-0.04999999999999982,-34.11334213060717,-0.04999999999999982,-73.74441469900118
1337,-0.04800000000000004,-33.280379157950414,-0.04800000000000004,-72.01477206759753
1338,-0.04599999999999982,-32.39201594641252,-0.04599999999999982,-70.12555052016549
1339,-0.04400000000000004,-31.54317030240798,-0.04400000000000004,-68.27725271294479
1340,-0.041999999999999815,-30.80274358347445,-0.041999999999999815,-66.61626307787867
1341,-0.040000000000000036,-30.02966627847839,-0.040000000000000036,-64.84936907149358
1342,-0.03799999999999981,-29.286219297559942,-0.03799999999999981,-63.12168607770522
1343,-0.03600000000000003,-28.65426688429663,-0.03600000000000003,-61.61734471177209
1344,-0.03399999999999981,-28.194758629696963,-0.03399999999999981,-60.472890280330276
1345,-0.03200000000000003,-27.947486499055195,-0.03200000000000003,-59.777282781395904
1346,-0.029999999999999805,-27.93064887109287,-0.029999999999999805,-59.57189690436323
1347,-0.028000000000000025,-28.14031435286866,-0.028000000000000025,-59.850522030005806
1348,-0.0259999999999998,-28.549872706391515,-0.0259999999999998,-60.55936223047615
1349,-0.02400000000000002,-29.10955479533135,-0.02400000000000002,-61.597036269305306
1350,-0.021999999999999797,-29.74609803268051,-0.021999999999999797,-62.814577601403926
1351,-0.020000000000000018,-30.36262838267334,-0.020000000000000018,-64.0154343730607
1352,-0.017999999999999794,-30.868616488947556,-0.017999999999999794,-65.01522758044538
1353,-0.016000000000000014,-31.337796516380283,-0.016000000000000014,-65.9597697422216
1354,-0.01399999999999979,-31.788119240229452,-0.01399999999999979,-66.8850616137415
1355,-0.01200000000000001,-32.21976296245128,-0.01200000000000001,-67.79140288398946
1356,-0.009999999999999787,-32.632551084876326,-0.009999999999999787,-68.67816485281496
1357,-0.008000000000000007,-33.025954835331,-0.008000000000000007,-69.5437904309309
1358,-0.005999999999999783,-33.399097517297825,-0.005999999999999783,-70.38579413991522
1359,-0.0040000000000000036,-33.75075997833946,-0.0040000000000000036,-71.20076211220939
1360,-0.0019999999999997797,-34.079386947122785,-0.0019999999999997797,-71.98435209111986
1361,0.0,-34.38309384347996,0.0,-72.7312934308166
1362,0.002000000000000224,-34.65967362055435,0.002000000000000224,-73.43538709633461
1363,0.0040000000000000036,-34.89796484802198,0.0040000000000000036,-74.071191729722
1364,0.006000000000000227,-34.77037048432219,0.006000000000000227,-73.93605565918038
1365,0.008000000000000007,-34.25116523270047,0.008000000000000007,-72.9531368131843
1366,0.010000000000000231,-33.50488859977776,0.010000000000000231,-71.45424842776097
1367,0.01200000000000001,-32.66059734782307,0.01200000000000001,-69.70418412731821
1368,0.014000000000000234,-31.81260099503429,0.014000000000000234,-67.90071792464211
1369,0.016000000000000014,-31.02127559254249,0.016000000000000014,-66.17460422089988
1370,0.018000000000000238,-30.313683570430168,0.018000000000000238,-64.5895778056368
1371,0.020000000000000018,-29.683860536460884,0.020000000000000018,-63.14235385677921
1372,0.02200000000000024,-29.092763002602076,0.02200000000000024,-61.762627940631766
1373,0.02400000000000002,-28.48631623174894,0.02400000000000002,-60.34723624235611
1374,0.026000000000000245,-27.894698728635834,0.026000000000000245,-58.95022793716113
1375,0.028000000000000025,-27.324421629956845,0.028000000000000025,-57.585587733275716
1376,0.03000000000000025,-26.774075133600807,0.03000000000000025,-56.25260620203806
1377,0.03200000000000003,-26.24235649524478,0.03200000000000003,-54.950581150839824
1378,0.03400000000000025,-25.72806292862389,0.03400000000000025,-53.67881762312379
1379,0.03600000000000003,-25.23008487234052,0.03600000000000003,-52.43662789838619
1380,0.038000000000000256,-24.747399609152716,0.038000000000000256,-51.223331492174374
1381,0.040000000000000036,-24.279065223936247,0.040000000000000036,-50.03825515608911
1382,0.04200000000000026,-23.82421488675459,0.04200000000000026,-48.88073287778235
1383,0.04400000000000004,-23.38185154758784,0.04400000000000004,-47.75005517679542
1384,0.04600000000000026,-22.95110601448891,0.04600000000000026,-46.645553104517255
1385,0.04800000000000004,-22.531454523334496,0.04800000000000004,-45.56665455929317
1386,0.050000000000000266,-22.12239905203105,0.050000000000000266,-44.512796351596194
1387,0.052000000000000046,-21.723465462907747,0.052000000000000046,-43.483424004942904
1388,0.05400000000000027,-21.33420243081587,0.05400000000000027,-42.47799175589154
1389,0.05600000000000005,-20.95418041358928,0.05600000000000005,-41.49596255404384
1390,0.058000000000000274,-20.582990664043727,0.058000000000000274,-40.53680806204332
1391,0.06000000000000005,-20.22024428269283,0.06000000000000005,-39.600008655576886
1392,0.06200000000000028,-19.86557131034776,0.06200000000000028,-38.68505342337324
1393,0.06400000000000006,-19.51861985976753,0.06400000000000006,-37.791440167204506
1394,0.06600000000000028,-19.17905528551608,0.06600000000000028,-36.918675401884606
1395,0.06800000000000006,-18.84655939118229,0.06800000000000006,-36.06627435527084
1396,0.07000000000000028,-18.52082967310833,0.07000000000000028,-35.23376096826234
1397,0.07200000000000006,-18.201578599771437,0.07200000000000006,-34.42066789480159
1398,0.07400000000000029,-17.888532925953967,0.07400000000000029,-33.62653650187298
1399,0.07600000000000007,-17.58143304083581,0.07600000000000007,-32.85091686950416
1400,0.07800000000000029,-17.28003234913322,0.07800000000000029,-32.09336779076471
1401,0.08000000000000007,-16.98409668440734,0.08000000000000007,-31.353456771767483
1402,0.0820000000000003,-16.693403753655716,0.0820000000000003,-30.630760031667304
1403,0.08400000000000007,-16.407742612298982,0.08400000000000007,-29.92486250266219
1404,0.0860000000000003,-16.126913168665553,0.0860000000000003,-29.23535782999217
1405,0.08800000000000008,-15.850725717075443,0.08800000000000008,-28.56184837194049
1406,0.0900000000000003,-15.579000498615198,0.0900000000000003,-27.903945199832357
1407,0.09200000000000008,-15.311567288694388,0.09200000000000008,-27.26126809803621
1408,0.09399999999999986,-15.048266748781325,0.09399999999999986,-26.63344566482261
1409,0.09600000000000009,-14.78908168694025,0.09600000000000009,-26.020130977550384
1410,0.09799999999999986,-14.534008121307055,0.09799999999999986,-25.421009416494947
1411,0.10000000000000009,-14.282981736141053,0.10000000000000009,-24.8357723401401
1412,0.10199999999999987,-14.035938437486095,0.10199999999999987,-24.264115709894366
1413,0.10400000000000009,-13.792814375465843,0.10400000000000009,-23.70574009008989
1414,0.10599999999999987,-13.553545966828377,0.10599999999999987,-23.160350647983506
1415,0.1080000000000001,-13.318069917872554,0.1080000000000001,-22.627657153755745
1416,0.10999999999999988,-13.086323247883684,0.10999999999999988,-22.107373980511756
1417,0.1120000000000001,-12.858243313194706,0.1120000000000001,-21.599220104280413
1418,0.11399999999999988,-12.633767831983922,0.11399999999999988,-21.102919104015207
1419,0.1160000000000001,-12.412834909909028,0.1160000000000001,-20.618199161593353
1420,0.11799999999999988,-12.195383066672159,0.11799999999999988,-20.144793061816674
1421,0.1200000000000001,-11.981351263599231,0.1200000000000001,-19.682438192410743
1422,0.12199999999999989,-11.770678932311919,0.12199999999999989,-19.230876544025712
1423,0.12400000000000011,-11.563306004559092,0.12400000000000011,-18.78985471023549
1424,0.1259999999999999,-11.359172943269682,0.1259999999999999,-18.359123887538566
1425,0.1280000000000001,-11.158220774877394,0.1280000000000001,-17.93843987535721
1426,0.1299999999999999,-10.960391122962713,0.1299999999999999,-17.527563076038238
1427,0.13200000000000012,-10.765626243246425,0.13200000000000012,-17.126258494852262
1428,0.1339999999999999,-10.573869059963453,0.1339999999999999,-16.73429573999443
1429,0.13600000000000012,-10.385063203634981,0.13600000000000012,-16.35144902258371
1430,0.1379999999999999,-10.199153050251162,0.1379999999999999,-15.977497156663578
1431,0.14000000000000012,-10.016083761866032,0.14000000000000012,-15.612223559201352
1432,0.1419999999999999,-9.83580132860047,0.1419999999999999,-15.255416250088835
1433,0.14400000000000013,-9.658252612038444,0.14400000000000013,-14.906867852141696
1434,0.1459999999999999,-9.483385389995943,0.1459999999999999,-14.566375591100076
1435,0.14800000000000013,-9.311151398434472,0.14800000000000013,-14.233741880779952
1436,0.1499999999999999,-9.141542884045897,0.1499999999999999,-13.908787437800328
1437,0.15200000000000014,-8.974548525917056,0.15200000000000014,-13.59134777257138
1438,0.15399999999999991,-8.810148998515022,0.15399999999999991,-13.28126077874154
1439,0.15600000000000014,-8.648323636915983,0.15600000000000014,-12.97836668439333
1440,0.15799999999999992,-8.48905051296779,0.15799999999999992,-12.682508052043886
1441,0.16000000000000014,-8.332306509865797,0.16000000000000014,-12.393529778644426
1442,0.16199999999999992,-8.178067395209624,0.16199999999999992,-12.111279095580786
1443,0.16400000000000015,-8.02630789260377,0.16400000000000015,-11.835605568672888
1444,0.16599999999999993,-7.877001751864729,0.16599999999999993,-11.566361098175255
1445,0.16800000000000015,-7.730121817892632,0.16800000000000015,-11.303399918776517
1446,0.16999999999999993,-7.5856400982651655,0.16999999999999993,-11.046578599599894
1447,0.17200000000000015,-7.443527829606847,0.17200000000000015,-10.79575604420272
1448,0.17399999999999993,-7.303755542786467,0.17399999999999993,-10.550793490576904
1449,0.17600000000000016,-7.166293126990947,0.17600000000000016,-10.311554511148486
1450,0.17799999999999994,-7.031109892723392,0.17799999999999994,-10.077905012778071
1451,0.18000000000000016,-6.898174633768739,0.18000000000000016,-9.849713236760401
1452,0.18199999999999994,-6.76745568816982,0.18199999999999994,-9.626849758824777
1453,0.18400000000000016,-6.638920998252356,0.18400000000000016,-9.409187489134643
1454,0.18599999999999994,-6.512538169736766,0.18599999999999994,-9.19660167228799
1455,0.18800000000000017,-6.388274529970376,0.18800000000000017,-8.988969887316973
1456,0.18999999999999995,-6.26609718531299,0.18999999999999995,-8.786172047688279
1457,0.19200000000000017,-6.145973077704509,0.19200000000000017,-8.58809040130276
1458,0.19399999999999995,-6.027869040442643,0.19399999999999995,-8.394609530495796
1459,0.19600000000000017,-5.911751853194454,0.19600000000000017,-8.205616352036948
1460,0.19799999999999995,-5.797588296264854,0.19799999999999995,-8.021000117130292
1461,0.20000000000000018,-5.68534520414092,0.20000000000000018,-7.840652411414088
1462,0.20199999999999996,-5.574989518330186,0.20199999999999996,-7.664467154961106
1463,0.20400000000000018,-5.466488762949039,0.20400000000000018,-7.492340905550383
1464,0.20599999999999996,-5.359831634861541,0.20599999999999996,-7.324188326870368
1465,0.20800000000000018,-5.2550072777208,0.20800000000000018,-7.159928572220699
1466,0.20999999999999996,-5.1519961465916335,0.20999999999999996,-6.999476704481734
1467,0.2120000000000002,-5.050778111498691,0.2120000000000002,-6.8427490697872955
1468,0.21399999999999997,-4.951332500368727,0.21399999999999997,-6.689663297524961
1469,0.2160000000000002,-4.853638141228844,0.2160000000000002,-6.540138300335776
1470,0.21799999999999997,-4.7576734036749535,0.21799999999999997,-6.394094274114529
1471,0.2200000000000002,-4.663416239622863,0.2200000000000002,-6.251452698009491
1472,0.22199999999999998,-4.570844223355412,0.22199999999999998,-6.112136334422666
1473,0.2240000000000002,-4.4799345908772965,0.2240000000000002,-5.976069229009547
1474,0.22599999999999998,-4.390664278590184,0.22599999999999998,-5.843176710679357
1475,0.2280000000000002,-4.30300996129898,0.2280000000000002,-5.713385391594808
1476,0.22999999999999998,-4.216948089561037,0.22999999999999998,-5.586623167172338
1477,0.2320000000000002,-4.132454926388388,0.2320000000000002,-5.462819216081883
1478,0.23399999999999999,-4.04950658331398,0.23399999999999999,-5.341904000247095
1479,0.2360000000000002,-3.968079055831201,0.2360000000000002,-5.223809264845134
1480,0.238,-3.888148258216867,0.238,-5.108468038306872
1481,0.2400000000000002,-3.8096900577462116,0.2400000000000002,-4.9958146323166845
1482,0.242,-3.7326803083091677,0.242,-4.885784641812659
1483,0.24400000000000022,-3.657094883435771,0.24400000000000022,-4.778314944986399
1484,0.246,-3.582909708739115,0.246,-4.673343703283208
1485,0.24800000000000022,-3.5101007937829203,0.24800000000000022,-4.570810361401905
1486,0.25,-3.4386442633813576,0.25,-4.470655647295012
1487,0.2520000000000002,-3.3685163883373663,0.2520000000000002,-4.372821572168573
1488,0.254,-3.299693615626325,0.254,-4.277251430482327
1489,0.2560000000000002,-3.2321525980305106,0.2560000000000002,-4.183889799949534
1490,0.258,-3.1658685250567036,0.258,-4.092680123879039
1491,0.26000000000000023,-3.1008206511071856,0.26000000000000023,-4.003570711375302
1492,0.262,-3.0369938379522887,0.262,-3.9165176034161906
1493,0.26400000000000023,-2.974372676519242,0.26400000000000023,-3.8314774632347497
1494,0.266,-2.912941465496848,0.266,-3.7484075192986333
1495,0.26800000000000024,-2.852684234158357,0.26800000000000024,-3.667265565309961
1496,0.27,-2.7935847646514143,0.27,-3.5880099602054623
1497,0.27200000000000024,-2.7356266137667022,0.27200000000000024,-3.5105996281563274
1498,0.274,-2.678793134197565,0.274,-3.434994058568358
1499,0.27600000000000025,-2.62306749530181,0.27600000000000025,-3.361153306081821
1500,0.278,-2.5684327033775123,0.278,-3.289037990571589
1501,0.28000000000000025,-2.514871621463581,0.28000000000000025,-3.2186092971470033
1502,0.28200000000000003,-2.4623669886764543,0.28200000000000003,-3.1498289761520093
1503,0.28400000000000025,-2.4109014390932537,0.28400000000000025,-3.0826593431650235
1504,0.28600000000000003,-2.3604575201922917,0.28600000000000003,-3.0170632789990606
1505,0.28800000000000026,-2.3110177108608436,0.28800000000000026,-2.9530042297016137
1506,0.29000000000000004,-2.2625644389806028,0.29000000000000004,-2.8904462065547705
1507,0.29200000000000026,-2.21508009860031,0.29200000000000026,-2.829353786075096
1508,0.29400000000000004,-2.1685470667055107,0.29400000000000004,-2.769692110013751
1509,0.29600000000000026,-2.1229477195944915,0.29600000000000026,-2.711426885356377
1510,0.29800000000000004,-2.0782644488698967,0.29800000000000004,-2.654524384323205
1511,0.30000000000000027,-2.034479677054639,0.30000000000000027,-2.5989514443689505
1512,0.30200000000000005,-1.9915758728411463,0.30200000000000005,-2.544675468182918
1513,0.30400000000000027,-1.949535565982124,0.30400000000000027,-2.491664423688897
1514,0.30600000000000005,-1.9083413618314145,0.30600000000000005,-2.439886844045263
1515,0.3080000000000003,-1.8679759555426985,0.3080000000000003,-2.3893118276448817
1516,0.31000000000000005,-1.8284221459341643,0.31000000000000005,-2.3399090381152012
1517,0.3120000000000003,-1.7896628490264466,0.3120000000000003,-2.2916487043181606
1518,0.31400000000000006,-1.7516811112615065,0.31400000000000006,-2.244501620350279
1519,0.3160000000000003,-1.7144601224093314,0.3160000000000003,-2.1984391455425705
1520,0.31800000000000006,-1.6779832281696385,0.31800000000000006,-2.1534332044606277
1521,0.3200000000000003,-1.6422339528835679,0.3200000000000003,-2.109456283059465
1522,0.32200000000000006,-1.6071978787004373,0.32200000000000006,-2.0664829455087004
1523,0.3240000000000003,-1.5728646862135245,0.3240000000000003,-2.0244926495484035
1524,0.32600000000000007,-1.5392244842181166,0.32600000000000007,-1.9834658506125302
1525,0.3280000000000003,-1.5062672803666628,0.3280000000000003,-1.9433832107296796
1526,0.33000000000000007,-1.4739829899016221,0.33000000000000007,-1.9042255985231678
1527,0.3320000000000003,-1.4423614441660249,0.3320000000000003,-1.8659740892109555
1528,0.3340000000000001,-1.411392398896931,0.3340000000000001,-1.828609964605719
1529,0.3360000000000003,-1.38106554230646,0.3360000000000003,-1.7921147131147817
1530,0.3380000000000001,-1.3513705029554128,0.3380000000000001,-1.756470029740179
1531,0.3400000000000003,-1.3222968574240375,0.3400000000000003,-1.7216578160785965
1532,0.3420000000000001,-1.293834137784811,0.3420000000000001,-1.68766018032143
1533,0.3440000000000003,-1.2659718388816492,0.3440000000000003,-1.6544594372547263
1534,0.3460000000000001,-1.238699425420281,0.3460000000000001,-1.6220381082592423
1535,0.3480000000000003,-1.212006338874053,0.3480000000000003,-1.5903789213103856
1536,0.3500000000000001,-1.1858820042097669,0.3500000000000001,-1.5594648109782738
1537,0.35199999999999987,-1.1603158364376802,0.35199999999999987,-1.5292789184276827
1538,0.3540000000000001,-1.135297246990085,0.3540000000000001,-1.4998045914180707
1539,0.35599999999999987,-1.110815649932587,0.35599999999999987,-1.4710253843035948
1540,0.3580000000000001,-1.0868604680121507,0.3580000000000001,-1.442925058033067
1541,0.3599999999999999,-1.063421138546098,0.3599999999999999,-1.415487580150006
1542,0.3620000000000001,-1.0404871191558664,0.3620000000000001,-1.388697124792585
1543,0.3639999999999999,-1.0180478933496038,0.3639999999999999,-1.3625380726936827
1544,0.3660000000000001,-0.9960929759572774,0.3660000000000001,-1.336995011180834
1545,0.3679999999999999,-0.9746119184222204,0.3679999999999999,-1.3120527341762778
1546,0.3700000000000001,-0.9535943139526588,0.3700000000000001,-1.2876962421969116
1547,0.3719999999999999,-0.933029802537001,0.3719999999999999,-1.263910742354334
1548,0.3740000000000001,-0.9129080758262953,0.3740000000000001,-1.240681648354804
1549,0.3759999999999999,-0.8932188818874911,0.3759999999999999,-1.2179945804992807
1550,0.3780000000000001,-0.8739520298307797,0.3780000000000001,-1.195835365683384
1551,0.3799999999999999,-0.8550973943144993,0.3799999999999999,-1.1741900373974343
1552,0.3820000000000001,-0.8366449199307469,0.3820000000000001,-1.1530448357264134
1553,0.3839999999999999,-0.8185846254750375,0.3839999999999999,-1.1323862073500015
1554,0.3860000000000001,-0.8009066081030214,0.3860000000000001,-1.1122008055425416
1555,0.3879999999999999,-0.7836010473774471,0.3879999999999999,-1.0924754901730749
1556,0.3900000000000001,-0.7666582092082517,0.3900000000000001,-1.0731973277053057
1557,0.3919999999999999,-0.7500684496888235,0.3919999999999999,-1.0543535911976358
1558,0.39400000000000013,-0.7338227576089857,0.39400000000000013,-1.0359323015268829
1559,0.3959999999999999,-0.7179183138222964,0.3959999999999999,-1.017927847207856
1560,0.39800000000000013,-0.702350888395507,0.39800000000000013,-1.0003333714456057
1561,0.3999999999999999,-0.6871151345861182,0.3999999999999999,-0.9831409888335705
1562,0.40200000000000014,-0.6722056954160036,0.40200000000000014,-0.9663428862962624
1563,0.4039999999999999,-0.657617206072061,0.4039999999999999,-0.9499313230892983
1564,0.40600000000000014,-0.643344296245229,0.40600000000000014,-0.9338986307993689
1565,0.4079999999999999,-0.6293815924092662,0.4079999999999999,-0.9182372133442689
1566,0.41000000000000014,-0.6157237200404533,0.41000000000000014,-0.9029395469728683
1567,0.4119999999999999,-0.6023653057795835,0.4119999999999999,-0.8879981802651395
1568,0.41400000000000015,-0.5893009795373725,0.41400000000000015,-0.8734057341321316
1569,0.4159999999999999,-0.5765253765446178,0.4159999999999999,-0.8591549018159951
1570,0.41800000000000015,-0.5640331393482192,0.41800000000000015,-0.8452384488899574
1571,0.41999999999999993,-0.5518189197543469,0.41999999999999993,-0.8316492132583475
1572,0.42200000000000015,-0.5398773807198483,0.42200000000000015,-0.8183801051565717
1573,0.42399999999999993,-0.5282031981931433,0.42399999999999993,-0.8054241071511368
1574,0.42600000000000016,-0.5167910629056747,0.42600000000000016,-0.7927742741396276
1575,0.42799999999999994,-0.5056356821151275,0.42799999999999994,-0.7804237333507298
1576,0.43000000000000016,-0.49473178130145623,0.43000000000000016,-0.7683656843442065
1577,0.43199999999999994,-0.48407410581690313,0.43199999999999994,-0.7565933990109215
1578,0.43400000000000016,-0.47365742249101606,0.43400000000000016,-0.7451002215728169
1579,0.43599999999999994,-0.46347652119181915,0.43599999999999994,-0.7338795685829343
1580,0.43800000000000017,-0.45352621634411283,0.43800000000000017,-0.7229249289253947
1581,0.43999999999999995,-0.44380134840602625,0.43999999999999995,-0.7122298638154181
1582,0.44200000000000017,-0.4342967853047731,0.44200000000000017,-0.7017880067993038
1583,0.44399999999999995,-0.4250074238326931,0.44399999999999995,-0.6915930637544503
1584,0.4460000000000002,-0.41592819100451073,0.4460000000000002,-0.6816388128893354
1585,0.44799999999999995,-0.40705404537685874,0.44799999999999995,-0.6719191047435356
1586,0.4500000000000002,-0.3983799783309643,0.4500000000000002,-0.662427862187708
1587,0.45199999999999996,-0.3899010153195174,0.45199999999999996,-0.6531590804236069
1588,0.4540000000000002,-0.3816122170785944,0.4540000000000002,-0.644106826984068
1589,0.45599999999999996,-0.37350868080561705,0.45599999999999996,-0.6352652417330241
1590,0.4580000000000002,-0.3655855413041931,0.4580000000000002,-0.6266285368654891
1591,0.45999999999999996,-0.35783797209679,0.45999999999999996,-0.6181909969075745
1592,0.4620000000000002,-0.350261186506058,0.4620000000000002,-0.6099469787164727
1593,0.46399999999999997,-0.3428504387057181,0.46399999999999997,-0.6018909114804734
1594,0.4660000000000002,-0.33560102474180664,0.4660000000000002,-0.5940172967189477
1595,0.46799999999999997,-0.32850828352516015,0.46799999999999997,-0.5863207082823635
1596,0.4700000000000002,-0.3215675977958995,0.4700000000000002,-0.5787957923522704
1597,0.472,-0.314774395060769,0.472,-0.5714372674413147
1598,0.4740000000000002,-0.3081262421176515,0.4740000000000002,-0.5642420422329704
1599,0.476,-0.3016234058931624,0.476,-0.5572097915477103
1600,0.4780000000000002,-0.29526347634055117,0.4780000000000002,-0.5503375105709065
1601,0.48,-0.2890439945527833,0.48,-0.5436221642390134
1602,0.4820000000000002,-0.28296250873454576,0.4820000000000002,-0.5370607432257078
1603,0.484,-0.27701657474599184,0.484,-0.5306502639418993
1604,0.4860000000000002,-0.2712037566325336,0.4860000000000002,-0.5243877685357192
1605,0.488,-0.26552162714099914,0.488,-0.518270324892532
1606,0.4900000000000002,-0.25996776822238454,0.4900000000000002,-0.5122950266349241
1607,0.492,-0.2545397715215162,0.492,-0.5064589931227148
1608,0.4940000000000002,-0.24923523885384916,0.4940000000000002,-0.5007593694529453
1609,0.496,-0.24405178266970554,0.496,-0.4951933264598898
1610,0.4980000000000002,-0.23898702650617717,0.4980000000000002,-0.4897580607150445
1611,0.5,-0.23403860542698987,0.5,-0.48445079452713824
1612,0.5020000000000002,-0.22920416645054667,0.5020000000000002,-0.4792687759421226
1613,0.504,-0.2244813689664414,0.504,-0.47420927874318064
1614,0.5060000000000002,-0.21986788514065578,0.5060000000000002,-0.4692696024507191
1615,0.508,-0.21536140030972453,0.508,-0.46444707232237614
1616,0.5100000000000002,-0.21095961336407446,0.5100000000000002,-0.459739039353013
1617,0.512,-0.2066602371208173,0.512,-0.45514288027472305
1618,0.5140000000000002,-0.20246099868619963,0.5140000000000002,-0.4506559975568225
1619,0.516,-0.19835963980797547,0.516,-0.4462758194058589
1620,0.5180000000000002,-0.19435391721790848,0.5180000000000002,-0.441999799765604
1621,0.52,-0.19044160296465742,0.52,-0.4378254183170602
1622,0.5220000000000002,-0.18662048473724682,0.5220000000000002,-0.4337501804784538
1623,0.524,-0.18288836617937312,0.524,-0.42977161740524217
1624,0.5260000000000002,-0.17924306719473995,0.5260000000000002,-0.42588728599010683
1625,0.528,-0.17568242424366634,0.528,-0.4220947688629597
1626,0.5300000000000002,-0.17220429063116002,0.5300000000000002,-0.41839167439093705
1627,0.532,-0.16880653678668764,0.532,-0.41477563667840595
1628,0.5340000000000003,-0.16548705053583188,0.5340000000000003,-0.4112443155669576
1629,0.536,-0.16224373736406286,0.536,-0.4077953966354139
1630,0.5380000000000003,-0.15907452067280284,0.5380000000000003,-0.4044265911998207
1631,0.54,-0.1559773420280103,0.54,-0.40113563631345495
1632,0.5420000000000003,-0.15295016140145504,0.5420000000000003,-0.3979202947668174
1633,0.544,-0.1499909574049039,0.544,-0.39477835508763964
1634,0.5460000000000003,-0.14709772751738306,0.5460000000000003,-0.39170763154087784
1635,0.548,-0.14426848830573083,0.548,-0.3887059641287181
1636,0.5500000000000003,-0.14150127563860296,0.5500000000000003,-0.3857712185905714
1637,0.552,-0.13879414489413414,0.552,-0.38290128640307874
1638,0.5540000000000003,-0.13614517233927212,0.5540000000000003,-0.38009408596389466
1639,0.556,-0.13355386086981083,0.556,-0.377348976484546
1640,0.5580000000000003,-0.13102017425721865,0.5580000000000003,-0.37466579022273183
1641,0.56,-0.1285431155380152,0.56,-0.37204339913699525
1642,0.5620000000000003,-0.12612169193398762,0.5620000000000003,-0.36948068332662276
1643,0.5640000000000001,-0.12375491496321264,0.5640000000000001,-0.36697653103164835
1644,0.5660000000000003,-0.12144180054828849,0.5660000000000003,-0.36452983863284905
1645,0.5680000000000001,-0.11918136912184865,0.5680000000000001,-0.3621395106517497
1646,0.5700000000000003,-0.11697264572938634,0.5700000000000003,-0.35980445975061826
1647,0.5720000000000001,-0.11481466012946348,0.5720000000000001,-0.3575236067324701
1648,0.5740000000000003,-0.112706446891331,0.5740000000000003,-0.3552958805410641
1649,0.5760000000000001,-0.1106470454900326,0.5760000000000001,-0.35312021826090634
1650,0.5780000000000003,-0.1086355003990204,0.5780000000000003,-0.3509955651172465
1651,0.5800000000000001,-0.10667086118034921,0.5800000000000001,-0.34892087447608144
1652,0.5820000000000003,-0.10475218257248145,0.5820000000000003,-0.34689510784415156
1653,0.5840000000000001,-0.10287852457576677,0.5840000000000001,-0.3449172348689445
1654,0.5860000000000003,-0.10104895253562615,0.5860000000000003,-0.34298623333869144
1655,0.5880000000000001,-0.09926253722350506,0.5880000000000001,-0.34110108918237075
1656,0.5900000000000003,-0.09751835491562469,0.5900000000000003,-0.33926079646970436
1657,0.5920000000000001,-0.09581548746959415,0.5920000000000001,-0.33746435741116154
1658,0.5940000000000003,-0.09415302239891168,0.5940000000000003,-0.3357107823579549
1659,0.5960000000000001,-0.09253005294541686,0.5960000000000001,-0.3339990898020444
1660,0.5980000000000003,-0.09094567814972224,0.5980000000000003,-0.3323283063761335
1661,0.6000000000000001,-0.08939900291968292,0.6000000000000001,-0.33069746685367285
1662,0.6020000000000003,-0.0878891380969338,0.6020000000000003,-0.3291056141488569
1663,0.6040000000000001,-0.08641520052155074,0.6040000000000001,-0.3275517993166269
1664,0.6060000000000003,-0.08497631309486578,0.6060000000000003,-0.326035081552668
1665,0.6080000000000001,-0.08357160484048956,0.6080000000000001,-0.32455452819341235
1666,0.6099999999999999,-0.08220021096357225,0.6099999999999999,-0.32310921471603615
1667,0.6120000000000001,-0.08086127290835318,0.6120000000000001,-0.3216982247384612
1668,0.6139999999999999,-0.07955393841403433,0.6139999999999999,-0.32032065001935567
1669,0.6160000000000001,-0.07827736156901718,0.6160000000000001,-0.31897559045813173
1670,0.6179999999999999,-0.07703070286354888,0.6179999999999999,-0.31766215409494825
1671,0.6200000000000001,-0.07581312924080716,0.6200000000000001,-0.31637945711070814
1672,0.6219999999999999,-0.07462381414647426,0.6219999999999999,-0.31512662382706114
1673,0.6240000000000001,-0.07346193757682642,0.6240000000000001,-0.313902786706401
1674,0.6259999999999999,-0.07232668612538676,0.6259999999999999,-0.31270708635186795
1675,0.6280000000000001,-0.07121725302817075,0.6280000000000001,-0.3115386715073468
1676,0.6299999999999999,-0.0701328382075688,0.6299999999999999,-0.3103966990574685
1677,0.6320000000000001,-0.06907264831489365,0.6320000000000001,-0.3092803340276083
1678,0.6339999999999999,-0.06803589677163771,0.6339999999999999,-0.3081887495838882
1679,0.6360000000000001,-0.06702180380946701,0.6360000000000001,-0.3071211270331744
1680,0.6379999999999999,-0.06602959650899456,0.6379999999999999,-0.30607665582307936
1681,0.6400000000000001,-0.06505853312084933,0.6400000000000001,-0.30505455784900176
1682,0.6419999999999999,-0.06410866313027588,0.6419999999999999,-0.30405484911416797
1683,0.6440000000000001,-0.06317992318400437,0.6440000000000001,-0.3030774360614341
1684,0.6459999999999999,-0.062271965003178525,0.6459999999999999,-0.3021219410815998
1685,0.6480000000000001,-0.06138444126270806,0.6480000000000001,-0.30118798825528514
1686,0.6499999999999999,-0.060517005609591085,0.6499999999999999,-0.3002752033529334
1687,0.6520000000000001,-0.05966931268080197,0.6520000000000001,-0.2993832138348084
1688,0.6539999999999999,-0.05884101812076034,0.6539999999999999,-0.2985116488509971
1689,0.6560000000000001,-0.05803177859837924,0.6560000000000001,-0.29766013924140705
1690,0.6579999999999999,-0.05724125182370768,0.6579999999999999,-0.29682831753576855
1691,0.6600000000000001,-0.05646909656416679,0.6600000000000001,-0.29601581795363296
1692,0.6619999999999999,-0.05571497266039324,0.6619999999999999,-0.2952222764043742
1693,0.6640000000000001,-0.05497854104168984,0.6640000000000001,-0.29444733048718724
1694,0.6659999999999999,-0.05425946374109705,0.6659999999999999,-0.29369061949108977
1695,0.6680000000000001,-0.05355740391008454,0.6680000000000001,-0.2929517843949203
1696,0.6699999999999999,-0.05287202583287706,0.6699999999999999,-0.2922304678673401
1697,0.6720000000000002,-0.05220299494041378,0.6720000000000002,-0.2915263142668314
1698,0.6739999999999999,-0.0515499778239539,0.6739999999999999,-0.29083896964169903
1699,0.6760000000000002,-0.05091264224833006,0.6760000000000002,-0.290168081730069
1700,0.6779999999999999,-0.050290657164859615,0.6779999999999999,-0.28951329995988967
1701,0.6800000000000002,-0.049683692723917344,0.6800000000000002,-0.28887427544893074
1702,0.6819999999999999,-0.04909142028717775,0.6819999999999999,-0.28825066100478414
1703,0.6840000000000002,-0.04851351243953225,0.6840000000000002,-0.28764211112486326
1704,0.6859999999999999,-0.0479496430006883,0.6859999999999999,-0.2870482819964037
1705,0.6880000000000002,-0.04739948703645483,0.6880000000000002,-0.28646883149646246
1706,0.69,-0.046862720869723345,0.69,-0.2859034191919187
1707,0.6920000000000002,-0.04633902209114618,0.6920000000000002,-0.28535170633947315
1708,0.694,-0.04582806956952365,0.694,-0.28481335588564866
1709,0.6960000000000002,-0.04532954346189974,0.6960000000000002,-0.28428803246678946
1710,0.698,-0.044843125223378494,0.698,-0.2837754024090621
1711,0.7000000000000002,-0.04436849761666148,0.7000000000000002,-0.28327513372845453
1712,0.702,-0.04390534472131716,0.702,-0.28278689613077684
1713,0.7040000000000002,-0.043453351942783075,0.7040000000000002,-0.2823103610116606
1714,0.706,-0.043012206021111526,0.706,-0.28184520145655967
1715,0.7080000000000002,-0.042581595039459824,0.7080000000000002,-0.28139109224074904
1716,0.71,-0.042161208432335034,0.71,-0.2809477098293264
1717,0.7120000000000002,-0.04175073699359502,0.7120000000000002,-0.28051473237721036
1718,0.714,-0.04134987288421468,0.714,-0.28009183972914214
1719,0.7160000000000002,-0.040958309639820195,0.7160000000000002,-0.2796787134196842
1720,0.718,-0.040575742177999,0.718,-0.27927503667322107
1721,0.7200000000000002,-0.04020186680538915,0.7200000000000002,-0.2788804944039591
1722,0.722,-0.03983638122455521,0.722,-0.2784947732159266
1723,0.7240000000000002,-0.03947898454065343,0.7240000000000002,-0.2781175614029731
1724,0.726,-0.039129377267895976,0.726,-0.2777485489487708
1725,0.7280000000000002,-0.03878726133581353,0.7280000000000002,-0.27738742752681306
1726,0.73,-0.038452340095327414,0.73,-0.27703389050041544
1727,0.7320000000000002,-0.03812431832463156,0.7320000000000002,-0.276687632922715
1728,0.734,-0.03780297319735551,0.734,-0.2763484225003701
1729,0.7360000000000002,-0.03748851688256219,0.7360000000000002,-0.27601646293493726
1730,0.738,-0.03718091808497939,0.738,-0.2756917158006253
1731,0.7400000000000002,-0.03688008066861351,0.7400000000000002,-0.2753740780356953
1732,0.742,-0.036585908177511034,0.742,-0.27506344637577645
1733,0.7440000000000002,-0.036298303837935114,0.7440000000000002,-0.2747597173538652
1734,0.746,-0.03601717056050188,0.746,-0.27446278730032614
1735,0.7480000000000002,-0.035742410942274955,0.7480000000000002,-0.27417255234289123
1736,0.75,-0.03547392726881912,0.75,-0.27388890840666064
1737,0.7520000000000002,-0.0352116215162139,0.7520000000000002,-0.27361175121410164
1738,0.754,-0.03495539535302669,0.754,-0.27334097628504983
1739,0.7560000000000002,-0.03470515014224709,0.7560000000000002,-0.27307647893670817
1740,0.758,-0.03446078694318086,0.758,-0.2728181542836476
1741,0.7600000000000002,-0.034222206513306014,0.7600000000000002,-0.27256589723780644
1742,0.762,-0.033989309310090005,0.762,-0.27231960250849124
1743,0.7640000000000002,-0.03376199549276862,0.7640000000000002,-0.27207916460237586
1744,0.766,-0.03354016492408854,0.766,-0.2718444778235022
1745,0.7680000000000002,-0.03332371717201035,0.7680000000000002,-0.2716154362732795
1746,0.77,-0.03311255151137735,0.77,-0.27139193385048527
1747,0.7720000000000002,-0.032906566925545694,0.7720000000000002,-0.2711738642512642
1748,0.774,-0.03270566210798018,0.774,-0.2709611209691293
1749,0.7760000000000002,-0.03250973546381311,0.7760000000000002,-0.2707535972949606
1750,0.778,-0.03231868511136912,0.778,-0.27055118631700664
1751,0.7800000000000002,-0.032132408883654234,0.7800000000000002,-0.27035378092088314
1752,0.782,-0.031950804329811316,0.782,-0.2701612737895738
1753,0.7840000000000003,-0.03177376871654078,0.7840000000000003,-0.2699735574034298
1754,0.786,-0.03160119902948885,0.786,-0.2697905240401705
1755,0.7880000000000003,-0.03143299197460167,0.7880000000000003,-0.26961206577488256
1756,0.79,-0.03126904397944716,0.79,-0.2694380744800206
1757,0.7920000000000003,-0.031109251194504667,0.7920000000000003,-0.26926844182540693
1758,0.794,-0.030953509494422687,0.794,-0.26910305927823164
1759,0.7960000000000003,-0.030801714479245207,0.7960000000000003,-0.2689418181030524
1760,0.798,-0.030653761475607028,0.798,-0.2687846093617947
1761,0.8000000000000003,-0.030509545537898725,0.8000000000000003,-0.2686313239137519
1762,0.802,-0.030368961449400905,0.802,-0.2684818524155849
1763,0.8040000000000003,-0.03023190372338999,0.8040000000000003,-0.2683360853213225
1764,0.806,-0.03009826660421308,0.806,-0.26819391288236105
1765,0.8080000000000003,-0.029967944068335833,0.8080000000000003,-0.2680552251474647
1766,0.81,-0.029840829825360377,0.81,-0.2679199119627655
1767,0.8120000000000003,-0.02971681731901668,0.8120000000000003,-0.2677878629717629
1768,0.8140000000000001,-0.029595799728125233,0.8140000000000001,-0.26765896761532443
1769,0.8160000000000003,-0.029477669967533898,0.8160000000000003,-0.2675331151316852
1770,0.8180000000000001,-0.029362320689027083,0.8180000000000001,-0.26741019455644804
1771,0.8200000000000003,-0.029249644282209636,0.8200000000000003,-0.2672900947225835
1772,0.8220000000000001,-0.029139532875364887,0.8220000000000001,-0.26717270426042994
1773,0.8240000000000003,-0.029031878336286815,0.8240000000000003,-0.26705791159769343
1774,0.8260000000000001,-0.02892657227308862,0.8260000000000001,-0.26694560495944775
1775,0.8280000000000003,-0.02882350603498615,0.8280000000000003,-0.2668356723681343
1776,0.8300000000000001,-0.02872257071305781,0.8300000000000001,-0.2667280016435625
1777,0.8320000000000003,-0.028623657140981,0.8320000000000003,-0.2666224804029093
1778,0.8340000000000001,-0.028526655895745906,0.8340000000000001,-0.2665189960607194
1779,0.8360000000000003,-0.02843145729834637,0.8360000000000003,-0.26641743582890526
1780,0.8380000000000001,-0.02833795141444953,0.8380000000000001,-0.2663176867167471
1781,0.8400000000000003,-0.028246055717289525,0.8400000000000003,-0.2662196632785963
1782,0.8420000000000001,-0.02815597181393062,0.8420000000000001,-0.266123565424919
1783,0.8440000000000003,-0.028067750657305962,0.8440000000000003,-0.2660294425511029
1784,0.8460000000000001,-0.0279813750140758,0.8460000000000001,-0.26593727573092496
1785,0.8480000000000003,-0.02789682726805484,0.8480000000000003,-0.265847045669042
1786,0.8500000000000001,-0.02781408942035843,0.8500000000000001,-0.26575873270099115
1787,0.8520000000000003,-0.027733143089547413,0.8520000000000003,-0.2656723167931894
1788,0.8540000000000001,-0.02765396951177304,0.8540000000000001,-0.26558777754293406
1789,0.8560000000000003,-0.027576549540919454,0.8560000000000003,-0.2655050941784022
1790,0.8580000000000001,-0.02750086364874657,0.8580000000000001,-0.265424245558651
1791,0.8600000000000003,-0.02742689192503109,0.8600000000000003,-0.26534521017361795
1792,0.8620000000000001,-0.027354614077706257,0.8620000000000001,-0.26526796614412035
1793,0.8639999999999999,-0.02728400943300177,0.8639999999999999,-0.2651924912218557
1794,0.8660000000000001,-0.02721505693558049,0.8660000000000001,-0.26511876278940133
1795,0.8679999999999999,-0.027147735148675772,0.8679999999999999,-0.2650467578602151
1796,0.8700000000000001,-0.027082022254226595,0.8700000000000001,-0.26497645307863443
1797,0.8719999999999999,-0.027017896053011387,0.8719999999999999,-0.26490782471987717
1798,0.8740000000000001,-0.02695533396478081,0.8740000000000001,-0.2648408486900409
1799,0.8759999999999999,-0.026894313028389488,0.8759999999999999,-0.2647755005261036
1800,0.8780000000000001,-0.026834809901925244,0.8780000000000001,-0.264711755395923
1801,0.8799999999999999,-0.02677680086283804,0.8799999999999999,-0.2646495880982372
1802,0.8820000000000001,-0.026720261808066942,0.8820000000000001,-0.26458897306266416
1803,0.8839999999999999,-0.0266651682541654,0.8839999999999999,-0.26452988434970187
1804,0.8860000000000001,-0.026611495337425267,0.8860000000000001,-0.26447229565072844
1805,0.8879999999999999,-0.026559217813999475,0.8879999999999999,-0.26441618028800223
1806,0.8900000000000001,-0.026508310060022383,0.8900000000000001,-0.26436151121466134
1807,0.8919999999999999,-0.026458746071729072,0.8919999999999999,-0.2643082610147242
1808,0.8940000000000001,-0.026410499465572973,0.8940000000000001,-0.2642564019030891
1809,0.8959999999999999,-0.02636354347834144,0.8959999999999999,-0.2642059057255345
1810,0.8980000000000001,-0.026317850967269935,0.8980000000000001,-0.2641567439587189
1811,0.8999999999999999,-0.02627339441015422,0.8999999999999999,-0.2641088877101809
1812,0.9020000000000001,-0.026230145905461105,0.9020000000000001,-0.264062307718339
1813,0.9039999999999999,-0.026188077172436958,0.9039999999999999,-0.2640169743524921
1814,0.9060000000000001,-0.026147159551214577,0.9060000000000001,-0.2639728576128188
1815,0.9079999999999999,-0.02610736400291866,0.9079999999999999,-0.26392992713037783
1816,0.9100000000000001,-0.02606866110976855,0.9100000000000001,-0.2638881521671083
1817,0.9119999999999999,-0.02603102107517971,0.9119999999999999,-0.263847501615829
1818,0.9140000000000001,-0.025994413723862936,0.9140000000000001,-0.26380794400023894
1819,0.9159999999999999,-0.025958808501922143,0.9159999999999999,-0.26376944747491715
1820,0.9180000000000001,-0.025924174476949585,0.9180000000000001,-0.2637319798253228
1821,0.9199999999999999,-0.02589048033811922,0.9199999999999999,-0.2636955084677951
1822,0.9220000000000002,-0.025857694396278524,0.9220000000000002,-0.2636600004495532
1823,0.9239999999999999,-0.02582578458403792,0.9239999999999999,-0.26362542244869647
1824,0.9260000000000002,-0.025794718455857818,0.9260000000000002,-0.2635917407742043
1825,0.9279999999999999,-0.025764463188134662,0.9279999999999999,-0.263558921365936
1826,0.9300000000000002,-0.025734985579283803,0.9300000000000002,-0.26352692979463116
1827,0.9319999999999999,-0.025706252049820938,0.9319999999999999,-0.2634957312619094
1828,0.9340000000000002,-0.025678228642441153,0.9340000000000002,-0.2634652906002702
1829,0.9359999999999999,-0.0256508810220962,0.9359999999999999,-0.2634355722730933
1830,0.9380000000000002,-0.02562417447606921,0.9380000000000002,-0.2634065403746384
1831,0.94,-0.025598073914047642,0.94,-0.2633781586300454
1832,0.9420000000000002,-0.02557254386819377,0.9420000000000002,-0.2633503903953341
1833,0.944,-0.025547548493213418,0.944,-0.26332319865740433
1834,0.9460000000000002,-0.025523051566422345,0.9460000000000002,-0.2632965460340363
1835,0.948,-0.025499016487810028,0.948,-0.26327039477388986
1836,0.9500000000000002,-0.02547540628010206,0.9500000000000002,-0.26324470675650524
1837,0.952,-0.025452183588819816,0.952,-0.2632194434923025
1838,0.9540000000000002,-0.025429310682338196,0.9540000000000002,-0.263194566122582
1839,0.956,-0.025406749451940908,0.956,-0.263170035419524
1840,0.9580000000000002,-0.025384461411873477,0.9580000000000002,-0.26314581178618873
1841,0.96,-0.02536240769939499,0.96,-0.2631218552565168
1842,0.9620000000000002,-0.02534055797896842,0.9620000000000002,-0.26309813448150593
1843,0.964,-0.025319052620096566,0.964,-0.26307479049430016
1844,0.9660000000000002,-0.02529795220105016,0.9660000000000002,-0.26305188403088875
1845,0.968,-0.02527725604198952,0.968,-0.26302941403721464
1846,0.9700000000000002,-0.02525696328636365,0.9700000000000002,-0.26300737928221957
1847,0.972,-0.02523707290091229,0.972,-0.26298577835784354
1848,0.9740000000000002,-0.025217583675667704,0.9740000000000002,-0.2629646096790254
1849,0.976,-0.02519849422395662,0.976,-0.26294387148370224
1850,0.9780000000000002,-0.025179802982402938,0.9780000000000002,-0.26292356183281007
1851,0.98,-0.025161508210930245,0.98,-0.2629036786102833
1852,0.9820000000000002,-0.025143607992764633,0.9820000000000002,-0.2628842195230547
1853,0.984,-0.025126100234437926,0.984,-0.262865182101056
1854,0.9860000000000002,-0.02510898266579084,0.9860000000000002,-0.2628465636972172
1855,0.988,-0.02509225283997643,0.988,-0.262828361487467
1856,0.9900000000000002,-0.025075908133464192,0.9900000000000002,-0.2628105724707326
1857,0.992,-0.02505994574604345,0.992,-0.26279319346893976
1858,0.9940000000000002,-0.025044362700827633,0.9940000000000002,-0.2627762211270128
1859,0.996,-0.02502915584425866,0.996,-0.26275965191287476
1860,0.9980000000000002,-0.025014321846110993,0.9980000000000002,-0.26274348211744697
1861,1.0,-0.024999857199496517,1.0,-0.26272770785464955
1862,1.0020000000000002,-0.024985758220869042,1.0020000000000002,-0.2627123250614011
1863,1.004,-0.024972021050029353,1.004,-0.26269732949761865
1864,1.0060000000000002,-0.024958641650129704,1.0060000000000002,-0.2626827167462181
1865,1.008,-0.024945615807679483,1.008,-0.2626684822131136
1866,1.0100000000000002,-0.02493293913255004,1.0100000000000002,-0.2626546211272182
1867,1.012,-0.024920607057980132,1.012,-0.262641128540443
1868,1.0140000000000002,-0.02490861484058124,1.0140000000000002,-0.2626279993276983
1869,1.016,-0.024896957560343075,1.016,-0.2626152281868925
1870,1.0180000000000002,-0.024885630120639185,1.0180000000000002,-0.2626028096389327
1871,1.02,-0.0248746272482325,1.02,-0.26259073802772454
1872,1.0220000000000002,-0.02486394349328111,1.0220000000000002,-0.2625790075201723
1873,1.024,-0.024853573229344034,1.024,-0.2625676121061788
1874,1.0260000000000002,-0.024843510653387052,1.0260000000000002,-0.26255654559864533
1875,1.028,-0.024833749785788256,1.028,-0.2625458016334718
1876,1.0300000000000002,-0.02482428447034432,1.0300000000000002,-0.2625353736695568
1877,1.032,-0.024815108374276,1.032,-0.2625252549887973
1878,1.0340000000000003,-0.02480621498823457,1.0340000000000003,-0.26251543869608895
1879,1.036,-0.02479759762630704,1.036,-0.2625059177193259
1880,1.0380000000000003,-0.024789249426022703,1.0380000000000003,-0.26249668480940086
1881,1.04,-0.024781163348358642,1.04,-0.26248773254020524
1882,1.0420000000000003,-0.02477333217774566,1.0420000000000003,-0.2624790533086287
1883,1.044,-0.024765748522074277,1.044,-0.2624706393345599
1884,1.0460000000000003,-0.024758404812700446,1.0460000000000003,-0.2624624826608857
1885,1.048,-0.024751293304451166,1.048,-0.26245457515349163
1886,1.0500000000000003,-0.024744406075630748,1.0500000000000003,-0.2624469085012619
1887,1.052,-0.024737735028025704,1.052,-0.26243947421607916
1888,1.0540000000000003,-0.024731271886911016,1.0540000000000003,-0.2624322636328246
1889,1.056,-0.024725008201055027,1.056,-0.26242526790937815
1890,1.0580000000000003,-0.02471893534272565,1.0580000000000003,-0.26241847802661805
1891,1.06,-0.024713044507694876,1.06,-0.2624118847884213
1892,1.0620000000000003,-0.0247073267152447,1.0620000000000003,-0.2624054788216634
1893,1.064,-0.024701772808171735,1.064,-0.2623992505762183
1894,1.0660000000000003,-0.024696373452792603,1.0660000000000003,-0.26239319032495884
1895,1.068,-0.02469111913894853,1.068,-0.26238728816375606
1896,1.0700000000000003,-0.024686000180010298,1.0700000000000003,-0.2623815340114797
1897,1.072,-0.024681006712882786,1.072,-0.2623759176099981
1898,1.0740000000000003,-0.024676128698009364,1.0740000000000003,-0.2623704285241782
1899,1.076,-0.024671355919376498,1.076,-0.2623650561418853
1900,1.0780000000000003,-0.0246666779845173,1.0780000000000003,-0.2623597896739836
1901,1.08,-0.024662084324516192,1.08,-0.26235461815433553
1902,1.0820000000000003,-0.024657564194012244,1.0820000000000003,-0.2623495304398022
1903,1.084,-0.024653106671202712,1.084,-0.26234451521024343
1904,1.0860000000000003,-0.024648700657846717,1.0860000000000003,-0.2623395609685173
1905,1.088,-0.024644334879268398,1.088,-0.2623346560404808
1906,1.0900000000000003,-0.024639997884359804,1.0900000000000003,-0.26232978857498923
1907,1.092,-0.024635678045583392,1.092,-0.26232494654389654
1908,1.0940000000000003,-0.024631363558974967,1.0940000000000003,-0.26232011774205527
1909,1.096,-0.024627042444145902,1.096,-0.2623152897873164
1910,1.0980000000000003,-0.024622702544284863,1.0980000000000003,-0.2623104501205297
1911,1.1,-0.02461833152615986,1.1,-0.2623055860055433
1912,1.1020000000000003,-0.024613968091742627,1.1020000000000003,-0.262300736537305
1913,1.104,-0.024609663536293097,1.104,-0.2622959536992148
1914,1.1060000000000003,-0.02460541940208885,1.1060000000000003,-0.26229123899908346
1915,1.108,-0.02460123714737847,1.108,-0.2622865938589568
1916,1.1100000000000003,-0.024597118159597114,1.1100000000000003,-0.2622820196285321
1917,1.112,-0.0245930637553666,1.112,-0.2622775175851583
1918,1.1140000000000003,-0.024589075180493886,1.1140000000000003,-0.262273088933836
1919,1.116,-0.02458515360997013,1.116,-0.2622687348072172
1920,1.1179999999999999,-0.024581300147969692,1.1179999999999999,-0.2622644562656057
1921,1.12,-0.024577515827850088,1.12,-0.2622602542969567
1922,1.1219999999999999,-0.024573801612150364,1.1219999999999999,-0.2622561298168772
1923,1.124,-0.024570158392590552,1.124,-0.26225208366862546
1924,1.126,-0.024566586990071332,1.126,-0.26224811662311165
1925,1.1280000000000001,-0.024563088154672924,1.1280000000000001,-0.2622442293788974
1926,1.13,-0.024559662565654533,1.13,-0.2622404225621959
1927,1.1320000000000001,-0.02455631083145396,1.1320000000000001,-0.2622366967268718
1928,1.134,-0.024553033489686987,1.134,-0.26223305235444155
1929,1.1360000000000001,-0.02454983100714661,1.1360000000000001,-0.2622294898540733
1930,1.138,-0.024546703779802753,1.138,-0.2622260095625864
1931,1.1400000000000001,-0.024543652132801713,1.1400000000000001,-0.26222261174445194
1932,1.142,-0.02454067632046611,1.142,-0.2622192965917928
1933,1.1440000000000001,-0.024537776526293714,1.1440000000000001,-0.26221606422438315
1934,1.146,-0.024534952862957843,1.146,-0.26221291468964897
1935,1.1480000000000001,-0.024532205372306742,1.1480000000000001,-0.2622098479626677
1936,1.15,-0.024529534025363314,1.15,-0.2622068639461683
1937,1.1520000000000001,-0.024526938722324726,1.1520000000000001,-0.26220396247053157
1938,1.154,-0.024524419292562466,1.154,-0.26220114329378963
1939,1.1560000000000001,-0.024521975494621956,1.1560000000000001,-0.2621984061016263
1940,1.158,-0.02451960701622216,1.158,-0.26219575050737703
1941,1.1600000000000001,-0.024517313474256314,1.1600000000000001,-0.26219317605202874
1942,1.162,-0.024515094414790634,1.162,-0.26219068220422004
1943,1.1640000000000001,-0.024512949313064886,1.1640000000000001,-0.262188268360241
1944,1.166,-0.024510877573492657,1.166,-0.2621859338440335
1945,1.1680000000000001,-0.0245088785296603,1.1680000000000001,-0.2621836779071907
1946,1.17,-0.024506951444328046,1.17,-0.26218149972895766
1947,1.1720000000000002,-0.024505095509429226,1.1720000000000002,-0.2621793984162307
1948,1.174,-0.02450330984607077,1.174,-0.2621773730035581
1949,1.1760000000000002,-0.024501593504532876,1.1760000000000002,-0.2621754224531393
1950,1.178,-0.02449994546426945,1.178,-0.2621735456548257
1951,1.1800000000000002,-0.024498364633908115,1.1800000000000002,-0.26217174142612004
1952,1.182,-0.02449684985125014,1.182,-0.2621700085121768
1953,1.1840000000000002,-0.024495399883270846,1.1840000000000002,-0.26216834558580193
1954,1.186,-0.024494013426119537,1.186,-0.26216675124745314
1955,1.1880000000000002,-0.024492689105119786,1.1880000000000002,-0.2621652240252394
1956,1.19,-0.02449142547476954,1.19,-0.2621637623749216
1957,1.1920000000000002,-0.024490221018741626,1.1920000000000002,-0.26216236467991205
1958,1.194,-0.0244890741498833,1.194,-0.2621610292512747
1959,1.1960000000000002,-0.024487983210217362,1.1960000000000002,-0.26215975432772504
1960,1.198,-0.0244869464709416,1.198,-0.2621585380756301
1961,1.2000000000000002,-0.024485962132429456,1.2000000000000002,-0.2621573785890086
1962,1.202,-0.024485028324230135,1.202,-0.26215627388953094
1963,1.2040000000000002,-0.024484143105068773,1.2040000000000002,-0.26215522192651874
1964,1.206,-0.024483304462847105,1.206,-0.2621542205769456
1965,1.2080000000000002,-0.024482510314643186,1.2080000000000002,-0.2621532676454365
1966,1.21,-0.024481758506712054,1.21,-0.262152360864268
1967,1.2120000000000002,-0.0244810468144859,1.2120000000000002,-0.26215149789336833
1968,1.214,-0.02448037294257402,1.214,-0.26215067632031724
1969,1.2160000000000002,-0.02447973452476368,1.2160000000000002,-0.26214989366034613
1970,1.218,-0.024479129124020033,1.218,-0.26214914735633793
1971,1.2200000000000002,-0.0244785542324861,1.2200000000000002,-0.26214843477882716
1972,1.222,-0.02447800727148361,1.222,-0.2621477532259999
1973,1.2240000000000002,-0.024477485591512943,1.2240000000000002,-0.26214709992369395
1974,1.226,-0.024476986472253243,1.226,-0.2621464720253985
1975,1.2280000000000002,-0.024476507122562968,1.2280000000000002,-0.2621458666122544
1976,1.23,-0.02447604468047984,1.23,-0.26214528069305426
1977,1.2320000000000002,-0.024475596213221068,1.2320000000000002,-0.262144711204242
1978,1.234,-0.024475158717183726,1.234,-0.2621441550099132
1979,1.2360000000000002,-0.024474729117944655,1.2360000000000002,-0.26214360890181515
1980,1.238,-0.024474304270260844,1.238,-0.26214306959934663
1981,1.2400000000000002,-0.024473880958069544,1.2400000000000002,-0.26214253374955804
1982,1.242,-0.02447345589448799,1.242,-0.26214199792715126
1983,1.2440000000000002,-0.024473025721814173,1.2440000000000002,-0.2621414586344799
1984,1.246,-0.024472587011526298,1.246,-0.2621409123015492
1985,1.2480000000000002,-0.02447213626428299,1.2480000000000002,-0.26214035528601565
1986,1.25,-0.024471669909923582,1.25,-0.26213978387318776
1987,1.2520000000000002,-0.024471184307467614,1.2520000000000002,-0.2621391942760253
1988,1.254,-0.024470675745115106,1.254,-0.2621385826351398
1989,1.2560000000000002,-0.024470140440246285,1.2560000000000002,-0.2621379450187942
1990,1.258,-0.024469574539421585,1.258,-0.2621372774229034
1991,1.2600000000000002,-0.024468974118381365,1.2600000000000002,-0.2621365757710334
1992,1.262,-0.024468335182045803,1.262,-0.2621358359144021
1993,1.2640000000000002,-0.02446765366451467,1.2640000000000002,-0.2621350536318789
1994,1.266,-0.02446692546879828,1.266,-0.26213422467078423
1995,1.2680000000000002,-0.02446617576005153,1.2680000000000002,-0.26213337483434257
1996,1.27,-0.0244654289877497,1.27,-0.26213252921673647
1997,1.2720000000000002,-0.02446468585536274,1.2720000000000002,-0.2621316885337834
1998,1.274,-0.024463947046276663,1.274,-0.2621308534805428
1999,1.2760000000000002,-0.024463213223792885,1.2760000000000002,-0.262130024731316
2000,1.278,-0.02446248503112816,1.278,-0.26212920293964626
2001,1.2799999999999998,-0.02446176309141493,1.2799999999999998,-0.26212838873831873
2002,1.2820000000000005,-0.024461048007700575,1.2820000000000005,-0.26212758273936054
2003,1.2840000000000003,-0.024460340362948058,1.2840000000000003,-0.2621267855340407
2004,1.286,-0.024459640720035286,1.286,-0.2621259976928701
2005,1.2879999999999998,-0.024458949621755516,1.2879999999999998,-0.2621252197656018
2006,1.2900000000000005,-0.024458267590816735,1.2900000000000005,-0.26212445228123055
2007,1.2920000000000003,-0.024457595129841997,1.2920000000000003,-0.26212369574799305
2008,1.294,-0.024456932721369312,1.294,-0.26212295065336816
2009,1.2959999999999998,-0.024456280827851368,1.2959999999999998,-0.2621222174640762
2010,1.2980000000000005,-0.02445563989165575,1.2980000000000005,-0.26212149662608003
2011,1.3000000000000003,-0.02445501033506467,1.3000000000000003,-0.26212078856458393
2012,1.302,-0.024454392560274846,1.302,-0.2621200936840344
2013,1.3039999999999998,-0.024453786949397843,1.3039999999999998,-0.2621194123681197
2014,1.3060000000000005,-0.024453193864459516,1.3060000000000005,-0.2621187449797701
2015,1.3080000000000003,-0.024452613647400118,1.3080000000000003,-0.26211809186115786
2016,1.31,-0.024452046620074636,1.31,-0.2621174533336971
2017,1.3119999999999998,-0.02445149308425207,1.3119999999999998,-0.2621168296980438
2018,1.3140000000000005,-0.02445095332161587,1.3140000000000005,-0.2621162212340959
2019,1.3160000000000003,-0.024450427593763785,1.3160000000000003,-0.26211562820099343
2020,1.318,-0.024449916142207623,1.318,-0.2621150508371181
2021,1.3199999999999998,-0.024449419188373595,1.3199999999999998,-0.26211448936009385
2022,1.3220000000000005,-0.024448936933601922,1.3220000000000005,-0.2621139439667863
2023,1.3240000000000003,-0.02444846955914695,1.3240000000000003,-0.26211341483330297
2024,1.326,-0.024448017226176927,1.326,-0.26211290211499355
2025,1.3279999999999998,-0.024447580075774383,1.3279999999999998,-0.26211240594644947
2026,1.3300000000000005,-0.024447158228935645,1.3300000000000005,-0.26211192644150416
2027,1.3320000000000003,-0.02444675178657127,1.3320000000000003,-0.26211146369323296
2028,1.334,-0.024446360829505326,1.334,-0.2621110177739531
2029,1.3359999999999999,-0.024445985418476285,1.3359999999999999,-0.2621105887352239
2030,1.3380000000000005,-0.024445625594136128,1.3380000000000005,-0.2621101766078464
2031,1.3400000000000003,-0.024445281377051015,1.3400000000000003,-0.26210978140186375
2032,1.342,-0.024444952767700617,1.342,-0.2621094031065608
2033,1.3439999999999999,-0.024444639746478786,1.3439999999999999,-0.2621090416904645
2034,1.3460000000000005,-0.024444342273692993,1.3460000000000005,-0.2621086971013439
2035,1.3480000000000003,-0.024444060289564612,1.3480000000000003,-0.2621083692662095
2036,1.35,-0.024443793714228806,1.35,-0.26210805809131416
2037,1.3519999999999999,-0.02444354244773453,1.3519999999999999,-0.2621077634621526
2038,1.3540000000000005,-0.024443306370044465,1.3540000000000005,-0.2621074852434612
2039,1.3560000000000003,-0.024443085341035203,1.3560000000000003,-0.26210722327921854
2040,1.358,-0.024442879200496898,1.358,-0.2621069773926451
2041,1.3599999999999999,-0.024442687768133825,1.3599999999999999,-0.26210674738620315
2042,1.3620000000000005,-0.024442510843563664,1.3620000000000005,-0.26210653304159703
2043,1.3640000000000003,-0.024442348206318104,1.3640000000000003,-0.26210633411977297
2044,1.366,-0.02444219961584268,1.366,-0.26210615036091905
2045,1.3679999999999999,-0.02444206481149644,1.3679999999999999,-0.26210598148446546
2046,1.3700000000000006,-0.02444194351255255,1.3700000000000006,-0.26210582718908404
2047,1.3720000000000003,-0.024441835418197694,1.3720000000000003,-0.26210568715268884
2048,1.374,-0.02444174020753251,1.374,-0.2621055610324357
2049,1.376,-0.024441657539571587,1.376,-0.26210544846472245
2050,1.3779999999999997,-0.02444158705324298,1.3779999999999997,-0.26210534906518873
2051,1.3800000000000003,-0.02444152836738897,1.3800000000000003,-0.26210526242871623
2052,1.3820000000000001,-0.024441481080765465,1.3820000000000001,-0.2621051881294285
2053,1.384,-0.02444144477204238,1.384,-0.2621051257206911
2054,1.3859999999999997,-0.024441418999803427,1.3859999999999997,-0.2621050747351115
2055,1.3880000000000003,-0.024441403302546266,1.3880000000000003,-0.262105034684539
2056,1.3900000000000001,-0.024441397198682352,1.3900000000000001,-0.2621050050600649
2057,1.392,-0.024441400186537315,1.392,-0.2621049853320225
2058,1.3939999999999997,-0.024441411744350522,1.3939999999999997,-0.2621049749499868
2059,1.3960000000000004,-0.02444143133027535,1.3960000000000004,-0.2621049733427751
2060,1.3980000000000001,-0.024441458382379183,1.3980000000000001,-0.2621049799184463
2061,1.4,-0.02444149231864337,1.4,-0.2621049940643013
2062,1.4019999999999997,-0.02444153253696338,1.4019999999999997,-0.26210501514688306
2063,1.4040000000000004,-0.02444157841514863,1.4040000000000004,-0.26210504251197636
2064,1.4060000000000001,-0.024441629310922502,1.4060000000000001,-0.2621050754846079
2065,1.408,-0.024441684561922555,1.408,-0.2621051133690464
2066,1.4099999999999997,-0.0244417434857003,1.4099999999999997,-0.2621051554488024
2067,1.4120000000000004,-0.024441805379721543,1.4120000000000004,-0.2621052009866285
2068,1.4140000000000001,-0.024441869521365983,1.4140000000000001,-0.26210524922451905
2069,1.416,-0.024441935167927448,1.416,-0.2621052993837105
2070,1.4179999999999997,-0.02444200155661405,1.4179999999999997,-0.26210535066468116
2071,1.4200000000000004,-0.02444206790454781,1.4200000000000004,-0.26210540224715123
2072,1.4220000000000002,-0.024442133408765027,1.4220000000000002,-0.26210545329008295
2073,1.424,-0.024442197246216074,1.424,-0.2621055029316803
2074,1.4259999999999997,-0.024442258573765502,1.4259999999999997,-0.26210555028938937
2075,1.4280000000000004,-0.024442316528191926,1.4280000000000004,-0.2621055944598982
2076,1.4300000000000002,-0.024442370226188198,1.4300000000000002,-0.26210563451913654
2077,1.432,-0.024442418764361346,1.432,-0.2621056695222764
2078,1.4339999999999997,-0.024442461219232353,1.4339999999999997,-0.2621056985037313
2079,1.4360000000000004,-0.024442496647236328,1.4360000000000004,-0.262105720477157
2080,1.4380000000000002,-0.024442524084722722,1.4380000000000002,-0.2621057344354511
2081,1.44,-0.024442542547954887,1.44,-0.26210573935075326
2082,1.4419999999999997,-0.0244425510331103,1.4419999999999997,-0.26210573417444477
2083,1.4440000000000004,-0.024442548516280443,1.4440000000000004,-0.26210571783714903
2084,1.4460000000000002,-0.024442533953470985,1.4460000000000002,-0.26210568924873157
2085,1.448,-0.024442506280601267,1.448,-0.2621056472982994
2086,1.4499999999999997,-0.024442464413504977,1.4499999999999997,-0.26210559085420176
2087,1.4520000000000004,-0.024442407247929482,1.4520000000000004,-0.26210551876402993
2088,1.4540000000000002,-0.024442333659536103,1.4540000000000002,-0.26210542985461677
2089,1.456,-0.024442242503899897,1.456,-0.2621053229320372
2090,1.4579999999999997,-0.024442132616509987,1.4579999999999997,-0.2621051967816083
2091,1.4600000000000004,-0.024442002812768843,1.4600000000000004,-0.2621050501678888
2092,1.4620000000000002,-0.024441856538575085,1.4620000000000002,-0.2621048866646609
2093,1.464,-0.02444170618139971,1.464,-0.2621047191327095
2094,1.4659999999999997,-0.024441552800156002,1.4659999999999997,-0.2621045486677313
2095,1.4680000000000004,-0.024441396723007297,1.4680000000000004,-0.2621043756065477
2096,1.4700000000000002,-0.0244412382712966,1.4700000000000002,-0.2621042002789476
2097,1.472,-0.024441077759546265,1.472,-0.26210402300768815
2098,1.4739999999999998,-0.024440915495457766,1.4739999999999998,-0.26210384410849435
2099,1.4760000000000004,-0.024440751779912145,1.4760000000000004,-0.26210366389005896
2100,1.4780000000000002,-0.02444058690696968,1.4780000000000002,-0.2621034826540427
2101,1.48,-0.024440421163870157,1.48,-0.2621033006950743
2102,1.4819999999999998,-0.024440254831032487,1.4819999999999998,-0.2621031183007503
2103,1.4840000000000004,-0.024440088182055036,1.4840000000000004,-0.26210293575163507
2104,1.4860000000000002,-0.024439921483715626,1.4860000000000002,-0.26210275332126115
2105,1.488,-0.024439754995971147,1.488,-0.26210257127612857
2106,1.4899999999999998,-0.024439588971958,1.4899999999999998,-0.2621023898757056
2107,1.4920000000000004,-0.02443942365799187,1.4920000000000004,-0.26210220937242834
2108,1.4940000000000002,-0.024439259293567744,1.4940000000000002,-0.2621020300117008
2109,1.496,-0.024439096111359943,1.496,-0.26210185203189473
2110,1.4979999999999998,-0.024438934337222024,1.4979999999999998,-0.26210167566435
2111,1.5000000000000004,-0.024438774190187,1.5000000000000004,-0.2621015011333742
2112,1.5020000000000002,-0.024438615882466957,1.5020000000000002,-0.2621013286562431
2113,1.504,-0.02443845961945354,1.504,-0.2621011584432
2114,1.5059999999999998,-0.02443830559971752,1.5059999999999998,-0.2621009906974564
2115,1.5080000000000005,-0.0244381540150089,1.5080000000000005,-0.26210082561519155
2116,1.5100000000000002,-0.0244380050502572,1.5100000000000002,-0.26210066338555266
2117,1.512,-0.024437858883570834,1.512,-0.2621005041906549
2118,1.5139999999999998,-0.024437715686237954,1.5139999999999998,-0.2621003482055811
2119,1.5160000000000005,-0.02443757562272572,1.5160000000000005,-0.2621001955983824
2120,1.5180000000000002,-0.02443743885068042,1.5180000000000002,-0.2621000465300774
2121,1.52,-0.024437305520927904,1.52,-0.262099901154653
2122,1.5219999999999998,-0.024437175777473202,1.5219999999999998,-0.2620997596190637
2123,1.5240000000000005,-0.024437049757500412,1.5240000000000005,-0.26209962206323206
2124,1.5260000000000002,-0.024436927591373142,1.5260000000000002,-0.2620994886200486
2125,1.528,-0.024436809402633958,1.528,-0.2620993594153715
2126,1.5299999999999998,-0.02443669530800499,1.5299999999999998,-0.26209923456802703
2127,1.5320000000000005,-0.02443658541738733,1.5320000000000005,-0.2620991141898094
2128,1.5340000000000003,-0.024436479833861574,1.5340000000000003,-0.2620989983854806
2129,1.536,-0.024436378653687224,1.536,-0.2620988872527707
2130,1.5379999999999998,-0.024436281966303347,1.5379999999999998,-0.2620987808823773
2131,1.5400000000000005,-0.024436189854328022,1.5400000000000005,-0.2620986793579664
2132,1.5420000000000003,-0.024436102393558617,1.5420000000000003,-0.2620985827561714
2133,1.544,-0.02443601965297179,1.544,-0.26209849114659417
2134,1.5459999999999998,-0.024435941694723268,1.5459999999999998,-0.26209840459180395
2135,1.5480000000000005,-0.024435868574148117,1.5480000000000005,-0.2620983231473381
2136,1.5500000000000003,-0.02443580033976059,1.5500000000000003,-0.2620982468617021
2137,1.552,-0.024435737033254162,1.552,-0.2620981757763689
2138,1.5539999999999998,-0.0244356786895015,1.5539999999999998,-0.2620981099257797
2139,1.5560000000000005,-0.02443562533655455,1.5560000000000005,-0.2620980493373434
2140,1.5580000000000003,-0.024435576995644387,1.5580000000000003,-0.2620979940314369
2141,1.56,-0.024435533681181315,1.56,-0.262097944021405
2142,1.5619999999999998,-0.02443549540075493,1.5619999999999998,-0.2620978993135605
2143,1.5640000000000005,-0.024435462155133897,1.5640000000000005,-0.26209785990718387
2144,1.5660000000000003,-0.024435433938266166,1.5660000000000003,-0.2620978257945236
2145,1.568,-0.02443541073727898,1.568,-0.2620977969607962
2146,1.5699999999999998,-0.02443539253247859,1.5699999999999998,-0.2620977733841859
2147,1.5720000000000005,-0.024435379297350596,1.5720000000000005,-0.2620977550358448
2148,1.5740000000000003,-0.02443537099855983,1.5740000000000003,-0.26209774187989326
2149,1.576,-0.02443536759595019,1.576,-0.2620977338734191
2150,1.5779999999999998,-0.024435369042544924,1.5779999999999998,-0.2620977309664783
2151,1.5800000000000005,-0.02443537528454634,1.5800000000000005,-0.2620977331020947
2152,1.5820000000000003,-0.02443538626133615,1.5820000000000003,-0.26209774021626003
2153,1.584,-0.02443540190547508,1.584,-0.26209775223793386
2154,1.5859999999999999,-0.024435422142703195,1.5859999999999999,-0.26209776908904375
2155,1.5880000000000005,-0.024435446891939744,1.5880000000000005,-0.2620977906844852
2156,1.5900000000000003,-0.02443547606528315,1.5900000000000003,-0.2620978169321215
2157,1.592,-0.02443550956801102,1.592,-0.2620978477327839
2158,1.5939999999999999,-0.02443554729858019,1.5939999999999999,-0.2620978829802715
2159,1.5960000000000005,-0.02443558914862695,1.5960000000000005,-0.2620979225613514
2160,1.5980000000000003,-0.024435635002966388,1.5980000000000003,-0.2620979663557585
2161,1.6,-0.024435684739593094,1.6,-0.26209801423619583
2162,1.6019999999999999,-0.02443573822968073,1.6019999999999999,-0.2620980660683339
2163,1.6040000000000005,-0.024435795337582417,1.6040000000000005,-0.26209812171081154
2164,1.6060000000000003,-0.02443585592083017,1.6060000000000003,-0.26209818101523535
2165,1.608,-0.02443591983013535,1.608,-0.26209824382617963
2166,1.6099999999999999,-0.024435986909388724,1.6099999999999999,-0.2620983099811869
2167,1.6120000000000005,-0.024436056995660066,1.6120000000000005,-0.26209837931076735
2168,1.6140000000000003,-0.024436129919198607,1.6140000000000003,-0.2620984516383993
2169,1.616,-0.024436205503432368,1.616,-0.26209852678052864
2170,1.6179999999999999,-0.024436283564969102,1.6179999999999999,-0.2620986045465696
2171,1.6200000000000006,-0.02443636391359552,1.6200000000000006,-0.26209868473890374
2172,1.6220000000000003,-0.02443644635227768,1.6220000000000003,-0.26209876715288116
2173,1.624,-0.024436530677160756,1.624,-0.26209885157681945
2174,1.626,-0.02443661667756933,1.626,-0.26209893779200416
2175,1.6280000000000006,-0.024436704136007154,1.6280000000000006,-0.2620990255726889
2176,1.6300000000000003,-0.024436792828157,1.6300000000000003,-0.262099114686095
2177,1.6320000000000001,-0.02443688252288137,1.6320000000000001,-0.26209920489241184
2178,1.634,-0.024436972982221555,1.634,-0.26209929594479653
2179,1.6359999999999997,-0.024437063961398303,1.6359999999999997,-0.2620993875893743
2180,1.6380000000000003,-0.024437155208811595,1.6380000000000003,-0.26209947956523816
2181,1.6400000000000001,-0.024437246466040646,1.6400000000000001,-0.2620995716044489
2182,1.642,-0.024437337467843906,1.642,-0.26209966343203556
2183,1.6439999999999997,-0.024437427942159057,1.6439999999999997,-0.2620997547659948
2184,1.6460000000000004,-0.024437517610103127,1.6460000000000004,-0.26209984531729114
2185,1.6480000000000001,-0.02443760618597232,1.6480000000000001,-0.26209993478985727
2186,1.65,-0.024437693377242137,1.65,-0.2621000228805936
2187,1.6519999999999997,-0.0244377788845673,1.6519999999999997,-0.2621001092793684
2188,1.6540000000000004,-0.02443786240178178,1.6540000000000004,-0.262100193669018
2189,1.6560000000000001,-0.02443794361589882,1.6560000000000001,-0.2621002757253465
2190,1.658,-0.02443802220711086,1.658,-0.2621003551171261
2191,1.6599999999999997,-0.024438097848789725,1.6599999999999997,-0.2621004315060966
2192,1.6620000000000004,-0.02443817020748637,1.6620000000000004,-0.2621005045469659
2193,1.6640000000000001,-0.024438238942930984,1.6640000000000001,-0.26210057388740976
2194,1.666,-0.0244383037080331,1.666,-0.2621006391680719
2195,1.6679999999999997,-0.02443836414888148,1.6679999999999997,-0.2621007000225639
2196,1.6700000000000004,-0.024438419904744074,1.6700000000000004,-0.26210075607746525
2197,1.6720000000000002,-0.024438470608068003,1.6720000000000002,-0.2621008069523233
2198,1.674,-0.0244385158844799,1.674,-0.2621008522596533
2199,1.6759999999999997,-0.0244385553527853,1.6759999999999997,-0.2621008916049385
2200,1.6780000000000004,-0.024438588624969143,1.6780000000000004,-0.26210092458663
2201,1.6800000000000002,-0.024438615306195538,1.6800000000000002,-0.26210095079614676
2202,1.682,-0.02443863499480789,1.682,-0.2621009698178757
2203,1.6839999999999997,-0.024438647282328668,1.6839999999999997,-0.2621009812291715
2204,1.6860000000000004,-0.0244386517534598,1.6860000000000004,-0.26210098460035713
2205,1.6880000000000002,-0.024438647986082057,1.6880000000000002,-0.26210097949472305
2206,1.69,-0.02443863555125561,1.69,-0.26210096546852774
2207,1.6919999999999997,-0.024438614013220034,1.6919999999999997,-0.2621009420709976
2208,1.6940000000000004,-0.024438582929393576,1.6940000000000004,-0.2621009088443271
2209,1.6960000000000002,-0.024438541850374,1.6960000000000002,-0.2621008653236783
2210,1.698,-0.024438490319938083,1.698,-0.26210081103718147
2211,1.6999999999999997,-0.024438428709823462,1.6999999999999997,-0.26210074640031306
2212,1.7020000000000004,-0.024438360249804808,1.7020000000000004,-0.26210067487360017
2213,1.7040000000000002,-0.02443828561537023,1.7040000000000002,-0.26210059715937656
2214,1.706,-0.02443820514822967,1.706,-0.26210051360167214
2215,1.7079999999999997,-0.024438119184806734,1.7079999999999997,-0.26210042453919186
2216,1.7100000000000004,-0.024438028056239153,1.7100000000000004,-0.26210033030531577
2217,1.7120000000000002,-0.024437932088378495,1.7120000000000002,-0.26210023122809895
2218,1.714,-0.02443783160179,1.714,-0.26210012763027146
2219,1.7159999999999997,-0.024437726911753083,1.7159999999999997,-0.2621000198292386
2220,1.7180000000000004,-0.02443761832826083,1.7180000000000004,-0.26209990813708056
2221,1.7200000000000002,-0.02443750615602011,1.7200000000000002,-0.2620997928605527
2222,1.722,-0.024437390694452027,1.722,-0.26209967430108533
2223,1.7239999999999998,-0.024437272237691127,1.7239999999999998,-0.26209955275478397
2224,1.7260000000000004,-0.02443715107458619,1.7260000000000004,-0.262099428512429
2225,1.7280000000000002,-0.024437027488699775,1.7280000000000002,-0.26209930185947605
2226,1.73,-0.024436901758307955,1.73,-0.2620991730760557
2227,1.7319999999999998,-0.024436774156401248,1.7319999999999998,-0.2620990424369736
2228,1.7340000000000004,-0.024436644950683678,1.7340000000000004,-0.2620989102117105
2229,1.7360000000000002,-0.024436514403573167,1.7360000000000002,-0.26209877666442216
2230,1.738,-0.024436382772201587,1.738,-0.2620986420539394
2231,1.7399999999999998,-0.024436250308414703,1.7399999999999998,-0.26209850663376816
2232,1.7420000000000004,-0.024436117258771956,1.7420000000000004,-0.26209837065208935
2233,1.7440000000000002,-0.024435983864546956,1.7440000000000002,-0.262098234351759
2234,1.746,-0.02443585036172699,1.746,-0.2620980979703082
2235,1.7479999999999998,-0.024435716981013184,1.7479999999999998,-0.26209796173994304
2236,1.7500000000000004,-0.02443558394782061,1.7500000000000004,-0.26209782588754477
2237,1.7520000000000002,-0.024435451482278076,1.7520000000000002,-0.2620976906346696
2238,1.754,-0.024435319799228555,1.754,-0.26209755619754876
2239,1.7559999999999998,-0.02443518910822859,1.7559999999999998,-0.26209742278708875
2240,1.7580000000000005,-0.024435059613548665,1.7580000000000005,-0.26209729060887094
2241,1.7600000000000002,-0.02443493151417317,1.7600000000000002,-0.26209715986315174
2242,1.762,-0.024434805003800325,1.762,-0.2620970307448628
2243,1.7639999999999998,-0.024434680270842196,1.7639999999999998,-0.2620969034436106
2244,1.7660000000000005,-0.024434557498424853,1.7660000000000005,-0.2620967781436769
2245,1.7680000000000002,-0.024434436864388037,1.7680000000000002,-0.2620966550240183
2246,1.77,-0.024434318541285388,1.77,-0.2620965342582667
2247,1.7719999999999998,-0.024434202696384383,1.7719999999999998,-0.26209641601472883
2248,1.7740000000000005,-0.024434089491666616,1.7740000000000005,-0.2620963004563866
2249,1.7760000000000002,-0.02443397908382719,1.7760000000000002,-0.262096187740897
2250,1.778,-0.024433871624275322,1.778,-0.262096078020592
2251,1.7799999999999998,-0.02443376725913385,1.7799999999999998,-0.2620959714424786
2252,1.7820000000000005,-0.024433666129239667,1.7820000000000005,-0.262095868148239
2253,1.7840000000000003,-0.024433568370143516,1.7840000000000003,-0.2620957682742304
2254,1.786,-0.024433474112109804,1.786,-0.26209567195148503
2255,1.7879999999999998,-0.02443338348011706,1.7879999999999998,-0.26209557930571004
2256,1.7900000000000005,-0.02443329659385754,1.7900000000000005,-0.262095490457288
2257,1.7920000000000003,-0.024433213567737228,1.7920000000000003,-0.2620954055212762
2258,1.794,-0.024433134510876225,1.794,-0.26209532460740703
2259,1.7959999999999998,-0.024433059527108253,1.7959999999999998,-0.26209524782008814
2260,1.7980000000000005,-0.024432988714981146,1.7980000000000005,-0.26209517525840215
2261,1.8000000000000003,-0.02443292216775625,1.8000000000000003,-0.2620951070161066
2262,1.802,-0.02443285997340902,1.802,-0.2620950431816343
2263,1.8039999999999998,-0.024432802214628763,1.8039999999999998,-0.26209498383809293
2264,1.8060000000000005,-0.024432748968818446,1.8060000000000005,-0.26209492906326526
2265,1.8080000000000003,-0.024432700308095107,1.8080000000000003,-0.2620948789296093
2266,1.81,-0.024432656299289562,1.81,-0.26209483350425794
2267,1.8119999999999998,-0.02443261700394636,1.8119999999999998,-0.2620947928490191
2268,1.8140000000000005,-0.02443258247832411,1.8140000000000005,-0.26209475702037593
2269,1.8160000000000003,-0.02443255277339504,1.8160000000000003,-0.26209472606948647
2270,1.818,-0.024432527934845544,1.818,-0.26209470004218394
2271,1.8199999999999998,-0.02443250800307553,1.8199999999999998,-0.2620946789789766
2272,1.8220000000000005,-0.024432493013198914,1.8220000000000005,-0.2620946629150475
2273,1.8240000000000003,-0.024432482995043497,1.8240000000000003,-0.2620946518802553
2274,1.826,-0.024432477973150984,1.826,-0.2620946458991333
2275,1.8279999999999998,-0.024432477966776694,1.8279999999999998,-0.26209464499088986
2276,1.8300000000000005,-0.024432482989890064,1.8300000000000005,-0.2620946491694086
2277,1.8320000000000003,-0.024432493051174092,1.8320000000000003,-0.2620946584432481
2278,1.834,-0.024432508154026006,1.834,-0.26209467281564186
2279,1.8359999999999999,-0.024432528296556538,1.8359999999999999,-0.2620946922844987
2280,1.8380000000000005,-0.02443255347159043,1.8380000000000005,-0.26209471684240243
2281,1.8400000000000003,-0.024432583666666313,1.8400000000000003,-0.2620947464766117
2282,1.842,-0.024432618864036665,1.842,-0.26209478116906054
2283,1.8439999999999999,-0.024432659040667576,1.8439999999999999,-0.2620948208963577
2284,1.8460000000000005,-0.024432704168239255,1.8460000000000005,-0.2620948656297873
2285,1.8480000000000003,-0.02443275421314564,1.8480000000000003,-0.26209491533530827
2286,1.85,-0.024432809136494676,1.85,-0.2620949699735548
2287,1.8519999999999999,-0.02443286889410798,1.8519999999999999,-0.2620950294998361
2288,1.8540000000000005,-0.024432933436521004,1.8540000000000005,-0.26209509386413626
2289,1.8560000000000003,-0.02443300270898327,1.8560000000000003,-0.2620951630111147
2290,1.858,-0.02443307665145797,1.858,-0.2620952368801056
2291,1.8599999999999999,-0.024433155198622075,1.8599999999999999,-0.2620953154051184
2292,1.8620000000000005,-0.024433238279866626,1.8620000000000005,-0.2620953985148376
2293,1.8640000000000003,-0.024433325819296386,1.8640000000000003,-0.2620954861326227
2294,1.866,-0.024433417735730073,1.866,-0.26209557817650825
2295,1.8679999999999999,-0.02443351394270002,1.8679999999999999,-0.26209567455920385
2296,1.8700000000000006,-0.024433614348452676,1.8700000000000006,-0.26209577518809424
2297,1.8720000000000003,-0.024433718855948222,1.8720000000000003,-0.26209587996523914
2298,1.874,-0.024433827362860733,1.874,-0.2620959887873733
2299,1.876,-0.02443393976157801,1.876,-0.2620961015459067
2300,1.8780000000000006,-0.024434055939201976,1.8780000000000006,-0.26209621812692413
2301,1.8800000000000003,-0.02443417577754811,1.8800000000000003,-0.26209633841118557
2302,1.8820000000000001,-0.024434299153145905,1.8820000000000001,-0.2620964622741262
2303,1.884,-0.02443442593723863,1.884,-0.26209658958585597
2304,1.8860000000000006,-0.02443455599578362,1.8860000000000006,-0.2620967202111601
2305,1.8880000000000003,-0.02443468918945177,1.8880000000000003,-0.2620968540094987
2306,1.8900000000000001,-0.024434825373627928,1.8900000000000001,-0.2620969908350072
2307,1.892,-0.02443496439841089,1.892,-0.26209713053649575
2308,1.8939999999999997,-0.024435106108613297,1.8939999999999997,-0.2620972729574499
2309,1.8960000000000004,-0.024435250343761455,1.8960000000000004,-0.26209741793603
2310,1.8980000000000001,-0.024435396938095794,1.8980000000000001,-0.2620975653050715
2311,1.9,-0.024435545720570412,1.9,-0.26209771489208505
2312,1.9019999999999997,-0.024435696514853306,1.9019999999999997,-0.26209786651925626
2313,1.9040000000000004,-0.02443584913932642,1.9040000000000004,-0.26209802000344573
2314,1.9060000000000001,-0.024436003407085377,1.9060000000000001,-0.26209817515618933
2315,1.908,-0.024436159125939855,1.908,-0.26209833178369774
2316,1.9099999999999997,-0.024436316098413263,1.9099999999999997,-0.2620984896868568
2317,1.9120000000000004,-0.02443647412174285,1.9120000000000004,-0.2620986486612275
2318,1.9140000000000001,-0.02443663298787982,1.9140000000000001,-0.2620988084970457
2319,1.916,-0.02443679248348915,1.916,-0.2620989689792225
2320,1.9179999999999997,-0.024436952389949723,1.9179999999999997,-0.262099129887344
2321,1.9200000000000004,-0.024437112483354312,1.9200000000000004,-0.2620992909956713
2322,1.9220000000000002,-0.02443727253450953,1.9220000000000002,-0.26209945207314067
2323,1.924,-0.02443743230893572,1.924,-0.2620996128833632
2324,1.9259999999999997,-0.02443759156686723,1.9259999999999997,-0.2620997731846254
2325,1.9280000000000004,-0.02443775006325219,1.9280000000000004,-0.2620999327298885
2326,1.9300000000000002,-0.02443790754775274,1.9300000000000002,-0.262100091266789
2327,1.932,-0.02443806376474464,1.932,-0.2621002485376384
2328,1.9339999999999997,-0.024438218453317645,1.9339999999999997,-0.26210040427942327
2329,1.9360000000000004,-0.024438371347275417,1.9360000000000004,-0.2621005582238051
2330,1.9380000000000002,-0.024438522175135396,1.9380000000000002,-0.26210071009712066
2331,1.94,-0.02443867066012892,1.94,-0.2621008596203817
2332,1.9419999999999997,-0.024438816520201107,1.9419999999999997,-0.262101006509275
2333,1.9440000000000004,-0.024438959468011084,1.9440000000000004,-0.2621011504741622
2334,1.9460000000000002,-0.024439099210931597,1.9460000000000002,-0.2621012912200804
2335,1.948,-0.024439235451049618,1.948,-0.2621014284467415
2336,1.9499999999999997,-0.02443936788516568,1.9499999999999997,-0.26210156184853256
2337,1.9520000000000004,-0.024439496204794214,1.9520000000000004,-0.26210169111451564
2338,1.9540000000000002,-0.024439620096163545,1.9540000000000002,-0.2621018159284278
2339,1.956,-0.024439739240215946,1.956,-0.2621019359686813
2340,1.9579999999999997,-0.02443985331260748,1.9579999999999997,-0.26210205090836336
2341,1.9600000000000004,-0.024439961983708042,1.9600000000000004,-0.2621021604152363
2342,1.9620000000000002,-0.024440064918601317,1.9620000000000002,-0.26210226415173743
2343,1.964,-0.02444016177708505,1.964,-0.2621023617749793
2344,1.9659999999999997,-0.024440252213670716,1.9659999999999997,-0.26210245293674933
2345,1.9680000000000004,-0.02444033587758357,1.9680000000000004,-0.26210253728350996
2346,1.9700000000000002,-0.02444041241276293,1.9700000000000002,-0.26210261445639893
2347,1.972,-0.02444048145786179,1.972,-0.26210268409122883
2348,1.9739999999999998,-0.024440542646247204,1.9739999999999998,-0.26210274581848736
2349,1.9760000000000004,-0.024440595605999732,1.9760000000000004,-0.2621027992633373
2350,1.9780000000000002,-0.024440639959914162,1.9780000000000002,-0.26210284404561657
2351,1.98,-0.024440675325498845,1.98,-0.2621028797798379
2352,1.9819999999999998,-0.024440701314976193,1.9819999999999998,-0.26210290607518943
2353,1.9840000000000004,-0.024440717535282458,1.9840000000000004,-0.26210292253553397
2354,1.9860000000000002,-0.02444072358806751,1.9860000000000002,-0.26210292875940977
2355,1.988,-0.024440719069695443,1.988,-0.26210292434002985
2356,1.9899999999999998,-0.024440703571243866,1.9899999999999998,-0.2621029088652823
2357,1.9920000000000004,-0.024440676678504386,1.9920000000000004,-0.2621028819177305
2358,1.9940000000000002,-0.02444063797198251,1.9940000000000002,-0.26210284307461273
2359,1.996,-0.024440587026897415,1.996,-0.2621027919078423
2360,1.9979999999999998,-0.024440523413182286,1.9979999999999998,-0.2621027279840077
2361,2.0000000000000004,-0.024440446695484147,2.0000000000000004,-0.2621026508643723
2362,2.0020000000000002,-0.024440356433163696,2.0020000000000002,-0.2621025601048747
2363,2.004,-0.024440254277737578,2.004,-0.26210245736680704
2364,2.006,-0.024440152483354488,2.006,-0.26210235498140916
2365,2.0080000000000005,-0.024440053065192174,2.0080000000000005,-0.2621022549769608
2366,2.0100000000000002,-0.02443995596793011,2.0100000000000002,-0.2621021572982098
2367,2.012,-0.024439861137446922,2.012,-0.2621020618910987
2368,2.014,-0.024439768520820276,2.014,-0.26210196870276475
2369,2.0160000000000005,-0.024439678066327603,2.0160000000000005,-0.2621018776815399
2370,2.0180000000000002,-0.024439589723444982,2.0180000000000002,-0.26210178877695084
2371,2.02,-0.024439503442848315,2.02,-0.26210170193971905
