,_full model_x,_full model_y,"_no glycinergic
amacrine cell_x","_no glycinergic
amacrine cell_y"
0,-2.964,0.0,-2.964,0.0
1,-2.962,0.0,-2.962,0.0
2,-2.96,0.0,-2.96,0.0
3,-2.958,0.0,-2.958,0.0
4,-2.956,0.0,-2.956,0.0
5,-2.954,0.0,-2.954,0.0
6,-2.952,0.0,-2.952,0.0
7,-2.95,0.0,-2.95,0.0
8,-2.948,0.0,-2.948,0.0
9,-2.946,0.0,-2.946,0.0
10,-2.944,0.0,-2.944,0.0
11,-2.942,0.0,-2.942,0.0
12,-2.94,0.0,-2.94,0.0
13,-2.938,0.0,-2.938,0.0
14,-2.936,0.0,-2.936,0.0
15,-2.934,0.0,-2.934,0.0
16,-2.932,0.0,-2.932,0.0
17,-2.93,0.0,-2.93,0.0
18,-2.928,0.0,-2.928,0.0
19,-2.926,0.0,-2.926,0.0
20,-2.924,0.0,-2.924,0.0
21,-2.922,0.0,-2.922,0.0
22,-2.92,0.0,-2.92,0.0
23,-2.918,0.0,-2.918,0.0
24,-2.916,0.0,-2.916,0.0
25,-2.914,0.0,-2.914,0.0
26,-2.912,0.0,-2.912,0.0
27,-2.91,0.0,-2.91,0.0
28,-2.908,0.0,-2.908,0.0
29,-2.906,0.0,-2.906,0.0
30,-2.904,0.0,-2.904,0.0
31,-2.902,0.0,-2.902,0.0
32,-2.9,0.0,-2.9,0.0
33,-2.898,0.0,-2.898,0.0
34,-2.896,0.0,-2.896,0.0
35,-2.894,0.0,-2.894,0.0
36,-2.892,0.0,-2.892,0.0
37,-2.89,0.0,-2.89,0.0
38,-2.888,0.0,-2.888,0.0
39,-2.886,0.0,-2.886,0.0
40,-2.884,0.0,-2.884,0.0
41,-2.882,0.0,-2.882,0.0
42,-2.88,0.0,-2.88,0.0
43,-2.878,0.0,-2.878,0.0
44,-2.876,0.0,-2.876,0.0
45,-2.874,0.0,-2.874,0.0
46,-2.872,0.0,-2.872,0.0
47,-2.87,0.0,-2.87,0.0
48,-2.868,0.0,-2.868,0.0
49,-2.866,0.0,-2.866,0.0
50,-2.864,0.0,-2.864,0.0
51,-2.862,0.0,-2.862,0.0
52,-2.86,0.0,-2.86,0.0
53,-2.858,0.0,-2.858,0.0
54,-2.856,0.0,-2.856,0.0
55,-2.854,0.0,-2.854,0.0
56,-2.852,0.0,-2.852,0.0
57,-2.85,0.0,-2.85,0.0
58,-2.848,0.0,-2.848,0.0
59,-2.846,0.0,-2.846,0.0
60,-2.844,0.0,-2.844,0.0
61,-2.842,0.0,-2.842,0.0
62,-2.84,0.0,-2.84,0.0
63,-2.838,0.0,-2.838,0.0
64,-2.836,0.0,-2.836,0.0
65,-2.834,0.0,-2.834,0.0
66,-2.832,0.0,-2.832,0.0
67,-2.83,0.0,-2.83,0.0
68,-2.828,0.0,-2.828,0.0
69,-2.826,0.0,-2.826,0.0
70,-2.824,0.0,-2.824,0.0
71,-2.822,0.0,-2.822,0.0
72,-2.82,0.0,-2.82,0.0
73,-2.818,0.0,-2.818,0.0
74,-2.816,0.0,-2.816,0.0
75,-2.814,0.0,-2.814,0.0
76,-2.812,0.0,-2.812,0.0
77,-2.81,0.0,-2.81,0.0
78,-2.808,0.0,-2.808,0.0
79,-2.806,0.0,-2.806,0.0
80,-2.804,0.0,-2.804,0.0
81,-2.802,0.0,-2.802,0.0
82,-2.8,0.0,-2.8,0.0
83,-2.798,0.0,-2.798,0.0
84,-2.796,0.0,-2.796,0.0
85,-2.794,0.0,-2.794,0.0
86,-2.792,0.0,-2.792,0.0
87,-2.79,0.0,-2.79,0.0
88,-2.788,0.0,-2.788,0.0
89,-2.786,0.0,-2.786,0.0
90,-2.784,0.0,-2.784,0.0
91,-2.782,0.0,-2.782,0.0
92,-2.78,0.0,-2.78,0.0
93,-2.778,0.0,-2.778,0.0
94,-2.776,0.0,-2.776,0.0
95,-2.774,0.0,-2.774,0.0
96,-2.772,0.0,-2.772,0.0
97,-2.77,0.0,-2.77,0.0
98,-2.768,0.0,-2.768,0.0
99,-2.766,0.0,-2.766,0.0
100,-2.764,0.0,-2.764,0.0
101,-2.762,0.0,-2.762,0.0
102,-2.76,0.0,-2.76,0.0
103,-2.758,0.0,-2.758,0.0
104,-2.756,0.0,-2.756,0.0
105,-2.754,0.0,-2.754,0.0
106,-2.752,0.0,-2.752,0.0
107,-2.75,0.0,-2.75,0.0
108,-2.7479999999999998,0.0,-2.7479999999999998,0.0
109,-2.746,0.0,-2.746,0.0
110,-2.7439999999999998,0.0,-2.7439999999999998,0.0
111,-2.742,0.0,-2.742,0.0
112,-2.7399999999999998,0.0,-2.7399999999999998,0.0
113,-2.738,0.0,-2.738,0.0
114,-2.7359999999999998,0.0,-2.7359999999999998,0.0
115,-2.734,0.0,-2.734,0.0
116,-2.7319999999999998,0.0,-2.7319999999999998,0.0
117,-2.73,0.0,-2.73,0.0
118,-2.7279999999999998,0.0,-2.7279999999999998,0.0
119,-2.726,0.0,-2.726,0.0
120,-2.724,0.0,-2.724,0.0
121,-2.722,0.0,-2.722,0.0
122,-2.7199999999999998,0.0,-2.7199999999999998,0.0
123,-2.718,0.0,-2.718,0.0
124,-2.716,0.0,-2.716,0.0
125,-2.714,0.0,-2.714,0.0
126,-2.7119999999999997,0.0,-2.7119999999999997,0.0
127,-2.71,0.0,-2.71,0.0
128,-2.708,0.0,-2.708,0.0
129,-2.706,0.0,-2.706,0.0
130,-2.7039999999999997,0.0,-2.7039999999999997,0.0
131,-2.702,0.0,-2.702,0.0
132,-2.7,0.0,-2.7,0.0
133,-2.698,0.0,-2.698,0.0
134,-2.6959999999999997,0.0,-2.6959999999999997,0.0
135,-2.694,0.0,-2.694,0.0
136,-2.692,0.0,-2.692,0.0
137,-2.69,0.0,-2.69,0.0
138,-2.6879999999999997,0.0,-2.6879999999999997,0.0
139,-2.686,0.0,-2.686,0.0
140,-2.684,0.0,-2.684,0.0
141,-2.682,0.0,-2.682,0.0
142,-2.6799999999999997,0.0,-2.6799999999999997,0.0
143,-2.678,0.0,-2.678,0.0
144,-2.676,0.0,-2.676,0.0
145,-2.674,0.0,-2.674,0.0
146,-2.672,0.0,-2.672,0.0
147,-2.67,0.0,-2.67,0.0
148,-2.668,0.0,-2.668,0.0
149,-2.666,0.0,-2.666,0.0
150,-2.664,0.0,-2.664,0.0
151,-2.662,0.0,-2.662,0.0
152,-2.66,0.0,-2.66,0.0
153,-2.658,0.0,-2.658,0.0
154,-2.656,0.0,-2.656,0.0
155,-2.654,0.0,-2.654,0.0
156,-2.652,0.0,-2.652,0.0
157,-2.65,0.0,-2.65,0.0
158,-2.648,0.0,-2.648,0.0
159,-2.646,0.0,-2.646,0.0
160,-2.644,0.0,-2.644,0.0
161,-2.642,0.0,-2.642,0.0
162,-2.64,0.0,-2.64,0.0
163,-2.638,0.0,-2.638,0.0
164,-2.636,0.0,-2.636,0.0
165,-2.634,0.0,-2.634,0.0
166,-2.632,0.0,-2.632,0.0
167,-2.63,0.0,-2.63,0.0
168,-2.628,0.0,-2.628,0.0
169,-2.626,0.0,-2.626,0.0
170,-2.624,0.0,-2.624,0.0
171,-2.622,0.0,-2.622,0.0
172,-2.62,0.0,-2.62,0.0
173,-2.618,0.0,-2.618,0.0
174,-2.616,0.0,-2.616,0.0
175,-2.614,0.0,-2.614,0.0
176,-2.612,0.0,-2.612,0.0
177,-2.61,0.0,-2.61,0.0
178,-2.608,0.0,-2.608,0.0
179,-2.606,0.0,-2.606,0.0
180,-2.604,0.0,-2.604,0.0
181,-2.602,0.0,-2.602,0.0
182,-2.6,0.0,-2.6,0.0
183,-2.598,0.0,-2.598,0.0
184,-2.596,0.0,-2.596,0.0
185,-2.594,0.0,-2.594,0.0
186,-2.592,0.0,-2.592,0.0
187,-2.59,0.0,-2.59,0.0
188,-2.588,0.0,-2.588,0.0
189,-2.586,0.0,-2.586,0.0
190,-2.584,0.0,-2.584,0.0
191,-2.582,0.0,-2.582,0.0
192,-2.58,0.0,-2.58,0.0
193,-2.578,0.0,-2.578,0.0
194,-2.576,0.0,-2.576,0.0
195,-2.574,0.0,-2.574,0.0
196,-2.572,0.0,-2.572,0.0
197,-2.57,0.0,-2.57,0.0
198,-2.568,0.0,-2.568,0.0
199,-2.566,0.0,-2.566,0.0
200,-2.564,0.0,-2.564,0.0
201,-2.562,0.0,-2.562,0.0
202,-2.56,0.0,-2.56,0.0
203,-2.558,0.0,-2.558,0.0
204,-2.556,0.0,-2.556,0.0
205,-2.554,0.0,-2.554,0.0
206,-2.552,0.0,-2.552,0.0
207,-2.55,0.0,-2.55,0.0
208,-2.548,0.0,-2.548,0.0
209,-2.546,0.0,-2.546,0.0
210,-2.544,0.0,-2.544,0.0
211,-2.542,0.0,-2.542,0.0
212,-2.54,0.0,-2.54,0.0
213,-2.538,0.0,-2.538,0.0
214,-2.536,0.0,-2.536,0.0
215,-2.534,0.0,-2.534,0.0
216,-2.532,0.0,-2.532,0.0
217,-2.53,0.0,-2.53,0.0
218,-2.528,0.0,-2.528,0.0
219,-2.526,0.0,-2.526,0.0
220,-2.524,0.0,-2.524,0.0
221,-2.522,0.0,-2.522,0.0
222,-2.52,0.0,-2.52,0.0
223,-2.518,0.0,-2.518,0.0
224,-2.516,0.0,-2.516,0.0
225,-2.514,0.0,-2.514,0.0
226,-2.512,0.0,-2.512,0.0
227,-2.51,0.0,-2.51,0.0
228,-2.508,0.0,-2.508,0.0
229,-2.506,0.0,-2.506,0.0
230,-2.504,0.0,-2.504,0.0
231,-2.502,0.0,-2.502,0.0
232,-2.5,0.0,-2.5,0.0
233,-2.4979999999999998,0.0,-2.4979999999999998,0.0
234,-2.496,0.0,-2.496,0.0
235,-2.4939999999999998,0.0,-2.4939999999999998,0.0
236,-2.492,0.0,-2.492,0.0
237,-2.4899999999999998,0.0,-2.4899999999999998,0.0
238,-2.488,0.0,-2.488,0.0
239,-2.4859999999999998,0.0,-2.4859999999999998,0.0
240,-2.484,0.0,-2.484,0.0
241,-2.482,0.0,-2.482,0.0
242,-2.48,0.0,-2.48,0.0
243,-2.4779999999999998,0.0,-2.4779999999999998,0.0
244,-2.476,0.0,-2.476,0.0
245,-2.474,0.0,-2.474,0.0
246,-2.472,0.0,-2.472,0.0
247,-2.4699999999999998,0.0,-2.4699999999999998,0.0
248,-2.468,0.0,-2.468,0.0
249,-2.466,0.0,-2.466,0.0
250,-2.464,0.0,-2.464,0.0
251,-2.4619999999999997,0.0,-2.4619999999999997,0.0
252,-2.46,0.0,-2.46,0.0
253,-2.458,0.0,-2.458,0.0
254,-2.456,0.0,-2.456,0.0
255,-2.4539999999999997,0.0,-2.4539999999999997,0.0
256,-2.452,0.0,-2.452,0.0
257,-2.45,0.0,-2.45,0.0
258,-2.448,0.0,-2.448,0.0
259,-2.4459999999999997,0.0,-2.4459999999999997,0.0
260,-2.444,0.0,-2.444,0.0
261,-2.442,0.0,-2.442,0.0
262,-2.44,0.0,-2.44,0.0
263,-2.4379999999999997,0.0,-2.4379999999999997,0.0
264,-2.436,0.0,-2.436,0.0
265,-2.434,0.0,-2.434,0.0
266,-2.432,0.0,-2.432,0.0
267,-2.4299999999999997,0.0,-2.4299999999999997,0.0
268,-2.428,0.0,-2.428,0.0
269,-2.426,0.0,-2.426,0.0
270,-2.424,0.0,-2.424,0.0
271,-2.4219999999999997,0.0,-2.4219999999999997,0.0
272,-2.42,0.0,-2.42,0.0
273,-2.418,0.0,-2.418,0.0
274,-2.416,0.0,-2.416,0.0
275,-2.4139999999999997,0.0,-2.4139999999999997,0.0
276,-2.412,0.0,-2.412,0.0
277,-2.41,0.0,-2.41,0.0
278,-2.408,0.0,-2.408,0.0
279,-2.4059999999999997,0.0,-2.4059999999999997,0.0
280,-2.404,0.0,-2.404,0.0
281,-2.402,0.0,-2.402,0.0
282,-2.4,0.0,-2.4,0.0
283,-2.3979999999999997,0.0,-2.3979999999999997,0.0
284,-2.396,0.0,-2.396,0.0
285,-2.394,0.0,-2.394,0.0
286,-2.392,0.0,-2.392,0.0
287,-2.3899999999999997,0.0,-2.3899999999999997,0.0
288,-2.388,0.0,-2.388,0.0
289,-2.386,0.0,-2.386,0.0
290,-2.384,0.0,-2.384,0.0
291,-2.382,0.0,-2.382,0.0
292,-2.38,0.0,-2.38,0.0
293,-2.378,0.0,-2.378,0.0
294,-2.376,0.0,-2.376,0.0
295,-2.374,0.0,-2.374,0.0
296,-2.372,0.0,-2.372,0.0
297,-2.37,0.0,-2.37,0.0
298,-2.368,0.0,-2.368,0.0
299,-2.366,0.0,-2.366,0.0
300,-2.364,0.0,-2.364,0.0
301,-2.362,0.0,-2.362,0.0
302,-2.36,0.0,-2.36,0.0
303,-2.358,0.0,-2.358,0.0
304,-2.356,0.0,-2.356,0.0
305,-2.354,0.0,-2.354,0.0
306,-2.352,0.0,-2.352,0.0
307,-2.35,0.0,-2.35,0.0
308,-2.348,0.0,-2.348,0.0
309,-2.346,0.0,-2.346,0.0
310,-2.344,0.0,-2.344,0.0
311,-2.342,0.0,-2.342,0.0
312,-2.34,0.0,-2.34,0.0
313,-2.338,0.0,-2.338,0.0
314,-2.336,0.0,-2.336,0.0
315,-2.334,0.0,-2.334,0.0
316,-2.332,0.0,-2.332,0.0
317,-2.33,0.0,-2.33,0.0
318,-2.328,0.0,-2.328,0.0
319,-2.326,0.0,-2.326,0.0
320,-2.324,0.0,-2.324,0.0
321,-2.322,0.0,-2.322,0.0
322,-2.32,0.0,-2.32,0.0
323,-2.318,0.0,-2.318,0.0
324,-2.316,0.0,-2.316,0.0
325,-2.314,0.0,-2.314,0.0
326,-2.312,0.0,-2.312,0.0
327,-2.31,0.0,-2.31,0.0
328,-2.308,0.0,-2.308,0.0
329,-2.306,0.0,-2.306,0.0
330,-2.304,0.0,-2.304,0.0
331,-2.302,0.0,-2.302,0.0
332,-2.3,0.0,-2.3,0.0
333,-2.298,0.0,-2.298,0.0
334,-2.296,0.0,-2.296,0.0
335,-2.294,0.0,-2.294,0.0
336,-2.292,0.0,-2.292,0.0
337,-2.29,0.0,-2.29,0.0
338,-2.288,0.0,-2.288,0.0
339,-2.286,0.0,-2.286,0.0
340,-2.284,0.0,-2.284,0.0
341,-2.282,0.0,-2.282,0.0
342,-2.28,0.0,-2.28,0.0
343,-2.278,0.0,-2.278,0.0
344,-2.276,0.0,-2.276,0.0
345,-2.274,0.0,-2.274,0.0
346,-2.272,0.0,-2.272,0.0
347,-2.27,0.0,-2.27,0.0
348,-2.268,0.0,-2.268,0.0
349,-2.266,0.0,-2.266,0.0
350,-2.264,0.0,-2.264,0.0
351,-2.262,0.0,-2.262,0.0
352,-2.26,0.0,-2.26,0.0
353,-2.258,0.0,-2.258,0.0
354,-2.2560000000000002,0.0,-2.2560000000000002,0.0
355,-2.254,0.0,-2.254,0.0
356,-2.252,0.0,-2.252,0.0
357,-2.25,0.0,-2.25,0.0
358,-2.248,0.0,-2.248,0.0
359,-2.246,0.0,-2.246,0.0
360,-2.2439999999999998,0.0,-2.2439999999999998,0.0
361,-2.242,0.0,-2.242,0.0
362,-2.24,0.0,-2.24,0.0
363,-2.238,0.0,-2.238,0.0
364,-2.2359999999999998,0.0,-2.2359999999999998,0.0
365,-2.234,0.0,-2.234,0.0
366,-2.232,0.0,-2.232,0.0
367,-2.23,0.0,-2.23,0.0
368,-2.2279999999999998,0.0,-2.2279999999999998,0.0
369,-2.226,0.0,-2.226,0.0
370,-2.224,0.0,-2.224,0.0
371,-2.222,0.0,-2.222,0.0
372,-2.2199999999999998,0.0,-2.2199999999999998,0.0
373,-2.218,0.0,-2.218,0.0
374,-2.216,0.0,-2.216,0.0
375,-2.214,0.0,-2.214,0.0
376,-2.2119999999999997,0.0,-2.2119999999999997,0.0
377,-2.21,0.0,-2.21,0.0
378,-2.208,0.0,-2.208,0.0
379,-2.206,0.0,-2.206,0.0
380,-2.2039999999999997,0.0,-2.2039999999999997,0.0
381,-2.202,0.0,-2.202,0.0
382,-2.2,0.0,-2.2,0.0
383,-2.198,0.0,-2.198,0.0
384,-2.1959999999999997,0.0,-2.1959999999999997,0.0
385,-2.194,0.0,-2.194,0.0
386,-2.192,0.0,-2.192,0.0
387,-2.19,0.0,-2.19,0.0
388,-2.1879999999999997,0.0,-2.1879999999999997,0.0
389,-2.186,0.0,-2.186,0.0
390,-2.184,0.0,-2.184,0.0
391,-2.182,0.0,-2.182,0.0
392,-2.1799999999999997,0.0,-2.1799999999999997,0.0
393,-2.178,0.0,-2.178,0.0
394,-2.176,0.0,-2.176,0.0
395,-2.174,0.0,-2.174,0.0
396,-2.1719999999999997,0.0,-2.1719999999999997,0.0
397,-2.17,0.0,-2.17,0.0
398,-2.168,0.0,-2.168,0.0
399,-2.166,0.0,-2.166,0.0
400,-2.1639999999999997,0.0,-2.1639999999999997,0.0
401,-2.162,0.0,-2.162,0.0
402,-2.16,0.0,-2.16,0.0
403,-2.158,0.0,-2.158,0.0
404,-2.1559999999999997,0.0,-2.1559999999999997,0.0
405,-2.154,0.0,-2.154,0.0
406,-2.152,0.0,-2.152,0.0
407,-2.15,0.0,-2.15,0.0
408,-2.1479999999999997,0.0,-2.1479999999999997,0.0
409,-2.146,0.0,-2.146,0.0
410,-2.144,0.0,-2.144,0.0
411,-2.142,0.0,-2.142,0.0
412,-2.1399999999999997,0.0,-2.1399999999999997,0.0
413,-2.138,0.0,-2.138,0.0
414,-2.136,0.0,-2.136,0.0
415,-2.134,0.0,-2.134,0.0
416,-2.1319999999999997,0.0,-2.1319999999999997,0.0
417,-2.13,0.0,-2.13,0.0
418,-2.128,0.0,-2.128,0.0
419,-2.126,0.0,-2.126,0.0
420,-2.124,0.0,-2.124,0.0
421,-2.122,0.0,-2.122,0.0
422,-2.12,0.0,-2.12,0.0
423,-2.118,0.0,-2.118,0.0
424,-2.116,0.0,-2.116,0.0
425,-2.114,0.0,-2.114,0.0
426,-2.112,0.0,-2.112,0.0
427,-2.11,0.0,-2.11,0.0
428,-2.108,0.0,-2.108,0.0
429,-2.106,0.0,-2.106,0.0
430,-2.104,0.0,-2.104,0.0
431,-2.102,0.0,-2.102,0.0
432,-2.1,0.0,-2.1,0.0
433,-2.098,0.0,-2.098,0.0
434,-2.096,0.0,-2.096,0.0
435,-2.094,0.0,-2.094,0.0
436,-2.092,0.0,-2.092,0.0
437,-2.09,0.0,-2.09,0.0
438,-2.088,0.0,-2.088,0.0
439,-2.086,0.0,-2.086,0.0
440,-2.084,0.0,-2.084,0.0
441,-2.082,0.0,-2.082,0.0
442,-2.08,0.0,-2.08,0.0
443,-2.078,0.0,-2.078,0.0
444,-2.076,0.0,-2.076,0.0
445,-2.074,0.0,-2.074,0.0
446,-2.072,0.0,-2.072,0.0
447,-2.07,0.0,-2.07,0.0
448,-2.068,0.0,-2.068,0.0
449,-2.066,0.0,-2.066,0.0
450,-2.064,0.0,-2.064,0.0
451,-2.062,0.0,-2.062,0.0
452,-2.06,0.0,-2.06,0.0
453,-2.058,0.0,-2.058,0.0
454,-2.056,0.0,-2.056,0.0
455,-2.054,0.0,-2.054,0.0
456,-2.052,0.0,-2.052,0.0
457,-2.05,0.0,-2.05,0.0
458,-2.048,0.0,-2.048,0.0
459,-2.046,0.0,-2.046,0.0
460,-2.044,0.0,-2.044,0.0
461,-2.042,0.0,-2.042,0.0
462,-2.04,0.0,-2.04,0.0
463,-2.038,0.0,-2.038,0.0
464,-2.036,0.0,-2.036,0.0
465,-2.034,0.0,-2.034,0.0
466,-2.032,0.0,-2.032,0.0
467,-2.03,0.0,-2.03,0.0
468,-2.028,0.0,-2.028,0.0
469,-2.026,0.0,-2.026,0.0
470,-2.024,0.0,-2.024,0.0
471,-2.022,0.0,-2.022,0.0
472,-2.02,0.0,-2.02,0.0
473,-2.018,0.0,-2.018,0.0
474,-2.016,0.0,-2.016,0.0
475,-2.014,0.0,-2.014,0.0
476,-2.012,0.0,-2.012,0.0
477,-2.01,0.0,-2.01,0.0
478,-2.008,0.0,-2.008,0.0
479,-2.006,0.0,-2.006,0.0
480,-2.004,0.0,-2.004,0.0
481,-2.002,0.0,-2.002,0.0
482,-2.0,0.0,-2.0,0.0
483,-1.998,0.0,-1.998,0.0
484,-1.996,0.0,-1.996,0.0
485,-1.994,0.0,-1.994,0.0
486,-1.992,0.0,-1.992,0.0
487,-1.99,0.0,-1.99,0.0
488,-1.988,0.0,-1.988,0.0
489,-1.986,0.0,-1.986,0.0
490,-1.984,0.0,-1.984,0.0
491,-1.982,0.0,-1.982,0.0
492,-1.98,0.0,-1.98,0.0
493,-1.978,0.0,-1.978,0.0
494,-1.976,0.0,-1.976,0.0
495,-1.974,0.0,-1.974,0.0
496,-1.972,0.0,-1.972,0.0
497,-1.97,0.0,-1.97,0.0
498,-1.968,0.0,-1.968,0.0
499,-1.966,0.0,-1.966,0.0
500,-1.964,0.0,-1.964,0.0
501,-1.962,0.0,-1.962,0.0
502,-1.96,0.0,-1.96,0.0
503,-1.958,0.0,-1.958,0.0
504,-1.956,0.0,-1.956,0.0
505,-1.954,0.0,-1.954,0.0
506,-1.952,0.0,-1.952,0.0
507,-1.95,0.0,-1.95,0.0
508,-1.948,0.0,-1.948,0.0
509,-1.946,0.0,-1.946,0.0
510,-1.944,0.0,-1.944,0.0
511,-1.942,0.0,-1.942,0.0
512,-1.94,0.0,-1.94,0.0
513,-1.938,0.0,-1.938,0.0
514,-1.936,0.0,-1.936,0.0
515,-1.934,0.0,-1.934,0.0
516,-1.932,0.0,-1.932,0.0
517,-1.93,0.0,-1.93,0.0
518,-1.928,0.0,-1.928,0.0
519,-1.926,0.0,-1.926,0.0
520,-1.924,0.0,-1.924,0.0
521,-1.922,0.0,-1.922,0.0
522,-1.92,0.0,-1.92,0.0
523,-1.918,0.0,-1.918,0.0
524,-1.916,0.0,-1.916,0.0
525,-1.914,0.0,-1.914,0.0
526,-1.912,0.0,-1.912,0.0
527,-1.91,0.0,-1.91,0.0
528,-1.908,0.0,-1.908,0.0
529,-1.906,0.0,-1.906,0.0
530,-1.904,0.0,-1.904,0.0
531,-1.902,0.0,-1.902,0.0
532,-1.9,0.0,-1.9,0.0
533,-1.898,0.0,-1.898,0.0
534,-1.896,0.0,-1.896,0.0
535,-1.894,0.0,-1.894,0.0
536,-1.892,0.0,-1.892,0.0
537,-1.89,0.0,-1.89,0.0
538,-1.888,0.0,-1.888,0.0
539,-1.886,0.0,-1.886,0.0
540,-1.884,0.0,-1.884,0.0
541,-1.882,0.0,-1.882,0.0
542,-1.88,0.0,-1.88,0.0
543,-1.878,0.0,-1.878,0.0
544,-1.876,0.0,-1.876,0.0
545,-1.8739999999999999,0.0,-1.8739999999999999,0.0
546,-1.8719999999999999,0.0,-1.8719999999999999,0.0
547,-1.8699999999999999,0.0,-1.8699999999999999,0.0
548,-1.8679999999999999,0.0,-1.8679999999999999,0.0
549,-1.8659999999999999,0.0,-1.8659999999999999,0.0
550,-1.8639999999999999,0.0,-1.8639999999999999,0.0
551,-1.8619999999999999,0.0,-1.8619999999999999,0.0
552,-1.8599999999999999,0.0,-1.8599999999999999,0.0
553,-1.8579999999999999,0.0,-1.8579999999999999,0.0
554,-1.8559999999999999,0.0,-1.8559999999999999,0.0
555,-1.8539999999999999,0.0,-1.8539999999999999,0.0
556,-1.8519999999999999,0.0,-1.8519999999999999,0.0
557,-1.8499999999999999,0.0,-1.8499999999999999,0.0
558,-1.8479999999999999,0.0,-1.8479999999999999,0.0
559,-1.8459999999999999,0.0,-1.8459999999999999,0.0
560,-1.8439999999999999,0.0,-1.8439999999999999,0.0
561,-1.8419999999999999,0.0,-1.8419999999999999,0.0
562,-1.8399999999999999,0.0,-1.8399999999999999,0.0
563,-1.8379999999999999,0.0,-1.8379999999999999,0.0
564,-1.8359999999999999,0.0,-1.8359999999999999,0.0
565,-1.8339999999999999,0.0,-1.8339999999999999,0.0
566,-1.8319999999999999,0.0,-1.8319999999999999,0.0
567,-1.8299999999999998,0.0,-1.8299999999999998,0.0
568,-1.8279999999999998,0.0,-1.8279999999999998,0.0
569,-1.8259999999999998,0.0,-1.8259999999999998,0.0
570,-1.8239999999999998,0.0,-1.8239999999999998,0.0
571,-1.8219999999999998,0.0,-1.8219999999999998,0.0
572,-1.8199999999999998,0.0,-1.8199999999999998,0.0
573,-1.8179999999999998,0.0,-1.8179999999999998,0.0
574,-1.8159999999999998,0.0,-1.8159999999999998,0.0
575,-1.8139999999999998,0.0,-1.8139999999999998,0.0
576,-1.8119999999999998,0.0,-1.8119999999999998,0.0
577,-1.81,0.0,-1.81,0.0
578,-1.808,0.0,-1.808,0.0
579,-1.806,0.0,-1.806,0.0
580,-1.804,0.0,-1.804,0.0
581,-1.802,0.0,-1.802,0.0
582,-1.8,0.0,-1.8,0.0
583,-1.798,0.0,-1.798,0.0
584,-1.796,0.0,-1.796,0.0
585,-1.794,0.0,-1.794,0.0
586,-1.792,0.0,-1.792,0.0
587,-1.79,0.0,-1.79,0.0
588,-1.788,0.0,-1.788,0.0
589,-1.786,0.0,-1.786,0.0
590,-1.784,0.0,-1.784,0.0
591,-1.782,0.0,-1.782,0.0
592,-1.78,0.0,-1.78,0.0
593,-1.778,0.0,-1.778,0.0
594,-1.776,0.0,-1.776,0.0
595,-1.774,0.0,-1.774,0.0
596,-1.772,0.0,-1.772,0.0
597,-1.77,0.0,-1.77,0.0
598,-1.768,0.0,-1.768,0.0
599,-1.766,0.0,-1.766,0.0
600,-1.764,0.0,-1.764,0.0
601,-1.762,0.0,-1.762,0.0
602,-1.76,0.0,-1.76,0.0
603,-1.758,0.0,-1.758,0.0
604,-1.756,0.0,-1.756,0.0
605,-1.754,0.0,-1.754,0.0
606,-1.752,0.0,-1.752,0.0
607,-1.75,0.0,-1.75,0.0
608,-1.748,0.0,-1.748,0.0
609,-1.746,0.0,-1.746,0.0
610,-1.744,0.0,-1.744,0.0
611,-1.742,0.0,-1.742,0.0
612,-1.74,0.0,-1.74,0.0
613,-1.738,0.0,-1.738,0.0
614,-1.736,0.0,-1.736,0.0
615,-1.734,0.0,-1.734,0.0
616,-1.732,0.0,-1.732,0.0
617,-1.73,0.0,-1.73,0.0
618,-1.728,0.0,-1.728,0.0
619,-1.726,0.0,-1.726,0.0
620,-1.724,0.0,-1.724,0.0
621,-1.722,0.0,-1.722,0.0
622,-1.72,0.0,-1.72,0.0
623,-1.718,0.0,-1.718,0.0
624,-1.716,0.0,-1.716,0.0
625,-1.714,0.0,-1.714,0.0
626,-1.712,0.0,-1.712,0.0
627,-1.71,0.0,-1.71,0.0
628,-1.708,0.0,-1.708,0.0
629,-1.706,0.0,-1.706,0.0
630,-1.704,0.0,-1.704,0.0
631,-1.702,0.0,-1.702,0.0
632,-1.7,0.0,-1.7,0.0
633,-1.698,0.0,-1.698,0.0
634,-1.696,0.0,-1.696,0.0
635,-1.694,0.0,-1.694,0.0
636,-1.692,0.0,-1.692,0.0
637,-1.69,0.0,-1.69,0.0
638,-1.688,0.0,-1.688,0.0
639,-1.686,0.0,-1.686,0.0
640,-1.684,0.0,-1.684,0.0
641,-1.682,0.0,-1.682,0.0
642,-1.68,0.0,-1.68,0.0
643,-1.678,0.0,-1.678,0.0
644,-1.676,0.0,-1.676,0.0
645,-1.674,0.0,-1.674,0.0
646,-1.672,0.0,-1.672,0.0
647,-1.67,0.0,-1.67,0.0
648,-1.668,0.0,-1.668,0.0
649,-1.666,0.0,-1.666,0.0
650,-1.664,0.0,-1.664,0.0
651,-1.662,0.0,-1.662,0.0
652,-1.66,0.0,-1.66,0.0
653,-1.658,0.0,-1.658,0.0
654,-1.656,0.0,-1.656,0.0
655,-1.654,0.0,-1.654,0.0
656,-1.652,0.0,-1.652,0.0
657,-1.65,0.0,-1.65,0.0
658,-1.648,0.0,-1.648,0.0
659,-1.646,0.0,-1.646,0.0
660,-1.644,0.0,-1.644,0.0
661,-1.642,0.0,-1.642,0.0
662,-1.64,0.0,-1.64,0.0
663,-1.638,0.0,-1.638,0.0
664,-1.636,0.0,-1.636,0.0
665,-1.634,0.0,-1.634,0.0
666,-1.632,0.0,-1.632,0.0
667,-1.63,0.0,-1.63,0.0
668,-1.628,0.0,-1.628,0.0
669,-1.626,0.0,-1.626,0.0
670,-1.6239999999999999,0.0,-1.6239999999999999,0.0
671,-1.6219999999999999,0.0,-1.6219999999999999,0.0
672,-1.6199999999999999,0.0,-1.6199999999999999,0.0
673,-1.6179999999999999,0.0,-1.6179999999999999,0.0
674,-1.6159999999999999,0.0,-1.6159999999999999,0.0
675,-1.6139999999999999,0.0,-1.6139999999999999,0.0
676,-1.6119999999999999,0.0,-1.6119999999999999,0.0
677,-1.6099999999999999,0.0,-1.6099999999999999,0.0
678,-1.6079999999999999,0.0,-1.6079999999999999,0.0
679,-1.6059999999999999,0.0,-1.6059999999999999,0.0
680,-1.6039999999999999,0.0,-1.6039999999999999,0.0
681,-1.6019999999999999,0.0,-1.6019999999999999,0.0
682,-1.5999999999999999,0.0,-1.5999999999999999,0.0
683,-1.5979999999999999,0.0,-1.5979999999999999,0.0
684,-1.5959999999999999,0.0,-1.5959999999999999,0.0
685,-1.5939999999999999,0.0,-1.5939999999999999,0.0
686,-1.5919999999999999,0.0,-1.5919999999999999,0.0
687,-1.5899999999999999,0.0,-1.5899999999999999,0.0
688,-1.5879999999999999,0.0,-1.5879999999999999,0.0
689,-1.5859999999999999,0.0,-1.5859999999999999,0.0
690,-1.5839999999999999,0.0,-1.5839999999999999,0.0
691,-1.5819999999999999,0.0,-1.5819999999999999,0.0
692,-1.5799999999999998,0.0,-1.5799999999999998,0.0
693,-1.5779999999999998,0.0,-1.5779999999999998,0.0
694,-1.5759999999999998,0.0,-1.5759999999999998,0.0
695,-1.5739999999999998,0.0,-1.5739999999999998,0.0
696,-1.5719999999999998,0.0,-1.5719999999999998,0.0
697,-1.5699999999999998,0.0,-1.5699999999999998,0.0
698,-1.5679999999999998,0.0,-1.5679999999999998,0.0
699,-1.5659999999999998,0.0,-1.5659999999999998,0.0
700,-1.5639999999999998,0.0,-1.5639999999999998,0.0
701,-1.5619999999999998,0.0,-1.5619999999999998,0.0
702,-1.5599999999999998,0.0,-1.5599999999999998,0.0
703,-1.5579999999999998,0.0,-1.5579999999999998,0.0
704,-1.556,0.0,-1.556,0.0
705,-1.554,0.0,-1.554,0.0
706,-1.552,0.0,-1.552,0.0
707,-1.55,0.0,-1.55,0.0
708,-1.548,0.0,-1.548,0.0
709,-1.546,0.0,-1.546,0.0
710,-1.544,0.0,-1.544,0.0
711,-1.542,0.0,-1.542,0.0
712,-1.54,0.0,-1.54,0.0
713,-1.538,0.0,-1.538,0.0
714,-1.536,0.0,-1.536,0.0
715,-1.534,0.0,-1.534,0.0
716,-1.532,0.0,-1.532,0.0
717,-1.53,0.0,-1.53,0.0
718,-1.528,0.0,-1.528,0.0
719,-1.526,0.0,-1.526,0.0
720,-1.524,0.0,-1.524,0.0
721,-1.522,0.0,-1.522,0.0
722,-1.52,0.0,-1.52,0.0
723,-1.518,0.0,-1.518,0.0
724,-1.516,0.0,-1.516,0.0
725,-1.514,0.0,-1.514,0.0
726,-1.512,0.0,-1.512,0.0
727,-1.51,0.0,-1.51,0.0
728,-1.508,0.0,-1.508,0.0
729,-1.506,0.0,-1.506,0.0
730,-1.504,0.0,-1.504,0.0
731,-1.502,0.0,-1.502,0.0
732,-1.5,0.0,-1.5,0.0
733,-1.498,0.0,-1.498,0.0
734,-1.496,0.0,-1.496,0.0
735,-1.494,0.0,-1.494,0.0
736,-1.492,0.0,-1.492,0.0
737,-1.49,0.0,-1.49,0.0
738,-1.488,0.0,-1.488,0.0
739,-1.486,0.0,-1.486,0.0
740,-1.484,0.0,-1.484,0.0
741,-1.482,0.0,-1.482,0.0
742,-1.48,0.0,-1.48,0.0
743,-1.478,0.0,-1.478,0.0
744,-1.476,0.0,-1.476,0.0
745,-1.474,0.0,-1.474,0.0
746,-1.472,0.0,-1.472,0.0
747,-1.47,0.0,-1.47,0.0
748,-1.468,0.0,-1.468,0.0
749,-1.466,0.0,-1.466,0.0
750,-1.464,0.0,-1.464,0.0
751,-1.462,0.0,-1.462,0.0
752,-1.46,0.0,-1.46,0.0
753,-1.458,0.0,-1.458,0.0
754,-1.456,0.0,-1.456,0.0
755,-1.454,0.0,-1.454,0.0
756,-1.452,0.0,-1.452,0.0
757,-1.45,0.0,-1.45,0.0
758,-1.448,0.0,-1.448,0.0
759,-1.446,0.0,-1.446,0.0
760,-1.444,0.0,-1.444,0.0
761,-1.442,0.0,-1.442,0.0
762,-1.44,0.0,-1.44,0.0
763,-1.438,0.0,-1.438,0.0
764,-1.436,0.0,-1.436,0.0
765,-1.434,0.0,-1.434,0.0
766,-1.432,0.0,-1.432,0.0
767,-1.43,0.0,-1.43,0.0
768,-1.428,0.0,-1.428,0.0
769,-1.426,0.0,-1.426,0.0
770,-1.424,0.0,-1.424,0.0
771,-1.422,0.0,-1.422,0.0
772,-1.42,0.0,-1.42,0.0
773,-1.418,0.0,-1.418,0.0
774,-1.416,0.0,-1.416,0.0
775,-1.414,0.0,-1.414,0.0
776,-1.412,0.0,-1.412,0.0
777,-1.41,0.0,-1.41,0.0
778,-1.408,0.0,-1.408,0.0
779,-1.406,0.0,-1.406,0.0
780,-1.404,0.0,-1.404,0.0
781,-1.402,0.0,-1.402,0.0
782,-1.4,0.0,-1.4,0.0
783,-1.398,0.0,-1.398,0.0
784,-1.396,0.0,-1.396,0.0
785,-1.394,0.0,-1.394,0.0
786,-1.392,0.0,-1.392,0.0
787,-1.39,0.0,-1.39,0.0
788,-1.388,0.0,-1.388,0.0
789,-1.386,0.0,-1.386,0.0
790,-1.384,0.0,-1.384,0.0
791,-1.382,0.0,-1.382,0.0
792,-1.38,0.0,-1.38,0.0
793,-1.378,0.0,-1.378,0.0
794,-1.376,0.0,-1.376,0.0
795,-1.3739999999999999,0.0,-1.3739999999999999,0.0
796,-1.3719999999999999,0.0,-1.3719999999999999,0.0
797,-1.3699999999999999,0.0,-1.3699999999999999,0.0
798,-1.3679999999999999,0.0,-1.3679999999999999,0.0
799,-1.3659999999999999,0.0,-1.3659999999999999,0.0
800,-1.3639999999999999,0.0,-1.3639999999999999,0.0
801,-1.3619999999999999,0.0,-1.3619999999999999,0.0
802,-1.3599999999999999,0.0,-1.3599999999999999,0.0
803,-1.3579999999999999,0.0,-1.3579999999999999,0.0
804,-1.3559999999999999,0.0,-1.3559999999999999,0.0
805,-1.3539999999999999,0.0,-1.3539999999999999,0.0
806,-1.3519999999999999,0.0,-1.3519999999999999,0.0
807,-1.3499999999999999,0.0,-1.3499999999999999,0.0
808,-1.3479999999999999,0.0,-1.3479999999999999,0.0
809,-1.3459999999999999,0.0,-1.3459999999999999,0.0
810,-1.3439999999999999,0.0,-1.3439999999999999,0.0
811,-1.3419999999999999,0.0,-1.3419999999999999,0.0
812,-1.3399999999999999,0.0,-1.3399999999999999,0.0
813,-1.3379999999999999,0.0,-1.3379999999999999,0.0
814,-1.3359999999999999,0.0,-1.3359999999999999,0.0
815,-1.3339999999999999,0.0,-1.3339999999999999,0.0
816,-1.3319999999999999,0.0,-1.3319999999999999,0.0
817,-1.3299999999999998,0.0,-1.3299999999999998,0.0
818,-1.3279999999999998,0.0,-1.3279999999999998,0.0
819,-1.3259999999999998,0.0,-1.3259999999999998,0.0
820,-1.3239999999999998,0.0,-1.3239999999999998,0.0
821,-1.3219999999999998,0.0,-1.3219999999999998,0.0
822,-1.3199999999999998,0.0,-1.3199999999999998,0.0
823,-1.3179999999999998,0.0,-1.3179999999999998,0.0
824,-1.3159999999999998,0.0,-1.3159999999999998,0.0
825,-1.3139999999999998,0.0,-1.3139999999999998,0.0
826,-1.3119999999999998,0.0,-1.3119999999999998,0.0
827,-1.3099999999999998,0.0,-1.3099999999999998,0.0
828,-1.3079999999999998,0.0,-1.3079999999999998,0.0
829,-1.3059999999999998,0.0,-1.3059999999999998,0.0
830,-1.3039999999999998,0.0,-1.3039999999999998,0.0
831,-1.3019999999999998,0.0,-1.3019999999999998,0.0
832,-1.2999999999999998,0.0,-1.2999999999999998,0.0
833,-1.298,0.0,-1.298,0.0
834,-1.296,0.0,-1.296,0.0
835,-1.294,0.0,-1.294,0.0
836,-1.292,0.0,-1.292,0.0
837,-1.29,0.0,-1.29,0.0
838,-1.288,0.0,-1.288,0.0
839,-1.286,0.0,-1.286,0.0
840,-1.284,0.0,-1.284,0.0
841,-1.282,0.0,-1.282,0.0
842,-1.28,0.0,-1.28,0.0
843,-1.278,0.0,-1.278,0.0
844,-1.276,0.0,-1.276,0.0
845,-1.274,0.0,-1.274,0.0
846,-1.272,0.0,-1.272,0.0
847,-1.27,0.0,-1.27,0.0
848,-1.268,0.0,-1.268,0.0
849,-1.266,0.0,-1.266,0.0
850,-1.264,0.0,-1.264,0.0
851,-1.262,0.0,-1.262,0.0
852,-1.26,0.0,-1.26,0.0
853,-1.258,0.0,-1.258,0.0
854,-1.256,0.0,-1.256,0.0
855,-1.254,0.0,-1.254,0.0
856,-1.252,0.0,-1.252,0.0
857,-1.25,0.0,-1.25,0.0
858,-1.248,0.0,-1.248,0.0
859,-1.246,0.0,-1.246,0.0
860,-1.244,0.0,-1.244,0.0
861,-1.242,0.0,-1.242,0.0
862,-1.24,0.0,-1.24,0.0
863,-1.238,0.0,-1.238,0.0
864,-1.236,0.0,-1.236,0.0
865,-1.234,0.0,-1.234,0.0
866,-1.232,0.0,-1.232,0.0
867,-1.23,0.0,-1.23,0.0
868,-1.228,0.0,-1.228,0.0
869,-1.226,0.0,-1.226,0.0
870,-1.224,0.0,-1.224,0.0
871,-1.222,0.0,-1.222,0.0
872,-1.22,0.0,-1.22,0.0
873,-1.218,0.0,-1.218,0.0
874,-1.216,0.0,-1.216,0.0
875,-1.214,0.0,-1.214,0.0
876,-1.212,0.0,-1.212,0.0
877,-1.21,0.0,-1.21,0.0
878,-1.208,0.0,-1.208,0.0
879,-1.206,0.0,-1.206,0.0
880,-1.204,0.0,-1.204,0.0
881,-1.202,0.0,-1.202,0.0
882,-1.2,0.0,-1.2,0.0
883,-1.198,0.0,-1.198,0.0
884,-1.196,0.0,-1.196,0.0
885,-1.194,0.0,-1.194,0.0
886,-1.192,0.0,-1.192,0.0
887,-1.19,0.0,-1.19,0.0
888,-1.188,0.0,-1.188,0.0
889,-1.186,0.0,-1.186,0.0
890,-1.184,0.0,-1.184,0.0
891,-1.182,0.0,-1.182,0.0
892,-1.18,0.0,-1.18,0.0
893,-1.178,0.0,-1.178,0.0
894,-1.176,0.0,-1.176,0.0
895,-1.174,0.0,-1.174,0.0
896,-1.172,0.0,-1.172,0.0
897,-1.17,0.0,-1.17,0.0
898,-1.168,0.0,-1.168,0.0
899,-1.166,0.0,-1.166,0.0
900,-1.164,0.0,-1.164,0.0
901,-1.162,0.0,-1.162,0.0
902,-1.16,0.0,-1.16,0.0
903,-1.158,0.0,-1.158,0.0
904,-1.156,0.0,-1.156,0.0
905,-1.154,0.0,-1.154,0.0
906,-1.152,0.0,-1.152,0.0
907,-1.15,0.0,-1.15,0.0
908,-1.148,0.0,-1.148,0.0
909,-1.146,0.0,-1.146,0.0
910,-1.144,0.0,-1.144,0.0
911,-1.142,0.0,-1.142,0.0
912,-1.14,0.0,-1.14,0.0
913,-1.138,0.0,-1.138,0.0
914,-1.136,0.0,-1.136,0.0
915,-1.134,0.0,-1.134,0.0
916,-1.132,0.0,-1.132,0.0
917,-1.13,0.0,-1.13,0.0
918,-1.128,0.0,-1.128,0.0
919,-1.126,0.0,-1.126,0.0
920,-1.1239999999999999,0.0,-1.1239999999999999,0.0
921,-1.1219999999999999,0.0,-1.1219999999999999,0.0
922,-1.1199999999999999,0.0,-1.1199999999999999,0.0
923,-1.1179999999999999,0.0,-1.1179999999999999,0.0
924,-1.1159999999999999,0.0,-1.1159999999999999,0.0
925,-1.1139999999999999,0.0,-1.1139999999999999,0.0
926,-1.1119999999999999,0.0,-1.1119999999999999,0.0
927,-1.1099999999999999,0.0,-1.1099999999999999,0.0
928,-1.1079999999999999,0.0,-1.1079999999999999,0.0
929,-1.1059999999999999,0.0,-1.1059999999999999,0.0
930,-1.1039999999999999,0.0,-1.1039999999999999,0.0
931,-1.1019999999999999,0.0,-1.1019999999999999,0.0
932,-1.0999999999999999,0.0,-1.0999999999999999,0.0
933,-1.0979999999999999,0.0,-1.0979999999999999,0.0
934,-1.0959999999999999,0.0,-1.0959999999999999,0.0
935,-1.0939999999999999,0.0,-1.0939999999999999,0.0
936,-1.0919999999999999,0.0,-1.0919999999999999,0.0
937,-1.0899999999999999,0.0,-1.0899999999999999,0.0
938,-1.0879999999999999,0.0,-1.0879999999999999,0.0
939,-1.0859999999999999,0.0,-1.0859999999999999,0.0
940,-1.0839999999999999,0.0,-1.0839999999999999,0.0
941,-1.0819999999999999,0.0,-1.0819999999999999,0.0
942,-1.0799999999999998,0.0,-1.0799999999999998,0.0
943,-1.0779999999999998,0.0,-1.0779999999999998,0.0
944,-1.0759999999999998,0.0,-1.0759999999999998,0.0
945,-1.0739999999999998,0.0,-1.0739999999999998,0.0
946,-1.0719999999999998,0.0,-1.0719999999999998,0.0
947,-1.0699999999999998,0.0,-1.0699999999999998,0.0
948,-1.0679999999999998,0.0,-1.0679999999999998,0.0
949,-1.0659999999999998,0.0,-1.0659999999999998,0.0
950,-1.0639999999999998,0.0,-1.0639999999999998,0.0
951,-1.0619999999999998,0.0,-1.0619999999999998,0.0
952,-1.0599999999999998,0.0,-1.0599999999999998,0.0
953,-1.0579999999999998,0.0,-1.0579999999999998,0.0
954,-1.0559999999999998,0.0,-1.0559999999999998,0.0
955,-1.0539999999999998,0.0,-1.0539999999999998,0.0
956,-1.0519999999999998,0.0,-1.0519999999999998,0.0
957,-1.0499999999999998,0.0,-1.0499999999999998,0.0
958,-1.0479999999999998,0.0,-1.0479999999999998,0.0
959,-1.0459999999999998,0.0,-1.0459999999999998,0.0
960,-1.044,0.0,-1.044,0.0
961,-1.042,0.0,-1.042,0.0
962,-1.04,0.0,-1.04,0.0
963,-1.038,0.0,-1.038,0.0
964,-1.036,0.0,-1.036,0.0
965,-1.034,0.0,-1.034,0.0
966,-1.032,0.0,-1.032,0.0
967,-1.03,0.0,-1.03,0.0
968,-1.028,0.0,-1.028,0.0
969,-1.026,0.0,-1.026,0.0
970,-1.024,0.0,-1.024,0.0
971,-1.022,0.0,-1.022,0.0
972,-1.02,0.0,-1.02,0.0
973,-1.018,0.0,-1.018,0.0
974,-1.016,0.0,-1.016,0.0
975,-1.014,0.0,-1.014,0.0
976,-1.012,0.0,-1.012,0.0
977,-1.01,0.0,-1.01,0.0
978,-1.008,0.0,-1.008,0.0
979,-1.006,0.0,-1.006,0.0
980,-1.004,0.0,-1.004,0.0
981,-1.002,0.0,-1.002,0.0
982,-1.0,0.0,-1.0,0.0
983,-0.998,0.0,-0.998,0.0
984,-0.996,0.0,-0.996,0.0
985,-0.994,0.0,-0.994,0.0
986,-0.992,0.0,-0.992,0.0
987,-0.99,0.0,-0.99,0.0
988,-0.988,0.0,-0.988,0.0
989,-0.986,0.0,-0.986,0.0
990,-0.984,0.0,-0.984,0.0
991,-0.982,0.0,-0.982,0.0
992,-0.98,0.0,-0.98,0.0
993,-0.978,0.0,-0.978,0.0
994,-0.976,0.0,-0.976,0.0
995,-0.974,0.0,-0.974,0.0
996,-0.972,0.0,-0.972,0.0
997,-0.97,0.0,-0.97,0.0
998,-0.968,0.0,-0.968,0.0
999,-0.966,0.0,-0.966,0.0
1000,-0.964,0.0,-0.964,0.0
1001,-0.9619999999999997,0.0,-0.9619999999999997,0.0
1002,-0.96,0.0,-0.96,0.0
1003,-0.9579999999999997,0.0,-0.9579999999999997,0.0
1004,-0.956,0.0,-0.956,0.0
1005,-0.9539999999999997,0.0,-0.9539999999999997,0.0
1006,-0.952,0.0,-0.952,0.0
1007,-0.9499999999999997,0.0,-0.9499999999999997,0.0
1008,-0.948,0.0,-0.948,0.0
1009,-0.9459999999999997,0.0,-0.9459999999999997,0.0
1010,-0.944,0.0,-0.944,0.0
1011,-0.9419999999999997,0.0,-0.9419999999999997,0.0
1012,-0.94,0.0,-0.94,0.0
1013,-0.9379999999999997,0.0,-0.9379999999999997,0.0
1014,-0.9359999999999999,0.0,-0.9359999999999999,0.0
1015,-0.9339999999999997,0.0,-0.9339999999999997,0.0
1016,-0.9319999999999999,0.0,-0.9319999999999999,0.0
1017,-0.9299999999999997,0.0,-0.9299999999999997,0.0
1018,-0.9279999999999999,0.0,-0.9279999999999999,0.0
1019,-0.9259999999999997,0.0,-0.9259999999999997,0.0
1020,-0.9239999999999999,0.0,-0.9239999999999999,0.0
1021,-0.9219999999999997,0.0,-0.9219999999999997,0.0
1022,-0.9199999999999999,0.0,-0.9199999999999999,0.0
1023,-0.9179999999999997,0.0,-0.9179999999999997,0.0
1024,-0.9159999999999999,0.0,-0.9159999999999999,0.0
1025,-0.9140000000000001,0.0,-0.9140000000000001,0.0
1026,-0.9119999999999999,0.0,-0.9119999999999999,0.0
1027,-0.9100000000000001,0.0,-0.9100000000000001,0.0
1028,-0.9079999999999999,0.0,-0.9079999999999999,0.0
1029,-0.9060000000000001,0.0,-0.9060000000000001,0.0
1030,-0.9039999999999999,0.0,-0.9039999999999999,0.0
1031,-0.9020000000000001,0.0,-0.9020000000000001,0.0
1032,-0.8999999999999999,0.0,-0.8999999999999999,0.0
1033,-0.8980000000000001,0.0,-0.8980000000000001,0.0
1034,-0.8959999999999999,0.0,-0.8959999999999999,0.0
1035,-0.8940000000000001,0.0,-0.8940000000000001,0.0
1036,-0.8919999999999999,0.0,-0.8919999999999999,0.0
1037,-0.8900000000000001,0.0,-0.8900000000000001,0.0
1038,-0.8879999999999999,0.0,-0.8879999999999999,0.0
1039,-0.8860000000000001,0.0,-0.8860000000000001,0.0
1040,-0.8839999999999999,0.0,-0.8839999999999999,0.0
1041,-0.8820000000000001,0.0,-0.8820000000000001,0.0
1042,-0.8799999999999999,0.0,-0.8799999999999999,0.0
1043,-0.8780000000000001,0.0,-0.8780000000000001,0.0
1044,-0.8759999999999999,0.0,-0.8759999999999999,0.0
1045,-0.8740000000000001,0.0,-0.8740000000000001,0.0
1046,-0.8719999999999999,0.0,-0.8719999999999999,0.0
1047,-0.8700000000000001,0.0,-0.8700000000000001,0.0
1048,-0.8679999999999999,0.0,-0.8679999999999999,0.0
1049,-0.8660000000000001,0.0,-0.8660000000000001,0.0
1050,-0.8639999999999999,0.0,-0.8639999999999999,0.0
1051,-0.8620000000000001,0.0,-0.8620000000000001,0.0
1052,-0.8599999999999999,0.0,-0.8599999999999999,0.0
1053,-0.8580000000000001,0.0,-0.8580000000000001,0.0
1054,-0.8559999999999999,0.0,-0.8559999999999999,0.0
1055,-0.8540000000000001,0.0,-0.8540000000000001,0.0
1056,-0.8519999999999999,0.0,-0.8519999999999999,0.0
1057,-0.8500000000000001,0.0,-0.8500000000000001,0.0
1058,-0.8479999999999999,0.0,-0.8479999999999999,0.0
1059,-0.8460000000000001,0.0,-0.8460000000000001,0.0
1060,-0.8439999999999999,0.0,-0.8439999999999999,0.0
1061,-0.8420000000000001,0.0,-0.8420000000000001,0.0
1062,-0.8399999999999999,0.0,-0.8399999999999999,0.0
1063,-0.8380000000000001,0.0,-0.8380000000000001,0.0
1064,-0.8359999999999999,0.0,-0.8359999999999999,0.0
1065,-0.8340000000000001,0.0,-0.8340000000000001,0.0
1066,-0.8319999999999999,0.0,-0.8319999999999999,0.0
1067,-0.8300000000000001,0.0,-0.8300000000000001,0.0
1068,-0.8279999999999998,0.0,-0.8279999999999998,0.0
1069,-0.8260000000000001,0.0,-0.8260000000000001,0.0
1070,-0.8239999999999998,0.0,-0.8239999999999998,0.0
1071,-0.8220000000000001,0.0,-0.8220000000000001,0.0
1072,-0.8199999999999998,0.0,-0.8199999999999998,0.0
1073,-0.8180000000000001,0.0,-0.8180000000000001,0.0
1074,-0.8159999999999998,0.0,-0.8159999999999998,0.0
1075,-0.8140000000000001,0.0,-0.8140000000000001,0.0
1076,-0.8119999999999998,0.0,-0.8119999999999998,0.0
1077,-0.81,0.0,-0.81,0.0
1078,-0.8079999999999998,0.0,-0.8079999999999998,0.0
1079,-0.806,0.0,-0.806,0.0
1080,-0.8039999999999998,0.0,-0.8039999999999998,0.0
1081,-0.802,0.0,-0.802,0.0
1082,-0.7999999999999998,0.0,-0.7999999999999998,0.0
1083,-0.798,0.0,-0.798,0.0
1084,-0.7959999999999998,0.0,-0.7959999999999998,0.0
1085,-0.794,0.0,-0.794,0.0
1086,-0.7919999999999998,0.0,-0.7919999999999998,0.0
1087,-0.79,0.0,-0.79,0.0
1088,-0.7879999999999998,0.0,-0.7879999999999998,0.0
1089,-0.786,0.0,-0.786,0.0
1090,-0.7839999999999998,0.0,-0.7839999999999998,0.0
1091,-0.782,0.0,-0.782,0.0
1092,-0.7799999999999998,0.0,-0.7799999999999998,0.0
1093,-0.778,0.0,-0.778,0.0
1094,-0.7759999999999998,0.0,-0.7759999999999998,0.0
1095,-0.774,0.0,-0.774,0.0
1096,-0.7719999999999998,0.0,-0.7719999999999998,0.0
1097,-0.77,0.0,-0.77,0.0
1098,-0.7679999999999998,0.0,-0.7679999999999998,0.0
1099,-0.766,0.0,-0.766,0.0
1100,-0.7639999999999998,0.0,-0.7639999999999998,0.0
1101,-0.762,0.0,-0.762,0.0
1102,-0.7599999999999998,0.0,-0.7599999999999998,0.0
1103,-0.758,0.0,-0.758,0.0
1104,-0.7559999999999998,0.0,-0.7559999999999998,0.0
1105,-0.754,0.0,-0.754,0.0
1106,-0.7519999999999998,0.0,-0.7519999999999998,0.0
1107,-0.75,0.0,-0.75,0.0
1108,-0.7479999999999998,0.0,-0.7479999999999998,0.0
1109,-0.746,0.0,-0.746,0.0
1110,-0.7439999999999998,0.0,-0.7439999999999998,0.0
1111,-0.742,0.0,-0.742,0.0
1112,-0.7399999999999998,0.0,-0.7399999999999998,0.0
1113,-0.738,0.0,-0.738,0.0
1114,-0.7359999999999998,0.0,-0.7359999999999998,0.0
1115,-0.734,0.0,-0.734,0.0
1116,-0.7319999999999998,0.0,-0.7319999999999998,0.0
1117,-0.73,0.0,-0.73,0.0
1118,-0.7279999999999998,0.0,-0.7279999999999998,0.0
1119,-0.726,0.0,-0.726,0.0
1120,-0.7239999999999998,0.0,-0.7239999999999998,0.0
1121,-0.722,0.0,-0.722,0.0
1122,-0.7199999999999998,0.0,-0.7199999999999998,0.0
1123,-0.718,0.0,-0.718,0.0
1124,-0.7159999999999997,0.0,-0.7159999999999997,0.0
1125,-0.714,0.0,-0.714,0.0
1126,-0.7119999999999997,0.0,-0.7119999999999997,0.0
1127,-0.71,0.0,-0.71,0.0
1128,-0.7079999999999997,0.0,-0.7079999999999997,0.0
1129,-0.706,0.0,-0.706,0.0
1130,-0.7039999999999997,0.0,-0.7039999999999997,0.0
1131,-0.702,0.0,-0.702,0.0
1132,-0.6999999999999997,0.0,-0.6999999999999997,0.0
1133,-0.698,0.0,-0.698,0.0
1134,-0.6959999999999997,0.0,-0.6959999999999997,0.0
1135,-0.694,0.0,-0.694,0.0
1136,-0.6919999999999997,0.0,-0.6919999999999997,0.0
1137,-0.69,0.0,-0.69,0.0
1138,-0.6879999999999997,0.0,-0.6879999999999997,0.0
1139,-0.6859999999999999,0.0,-0.6859999999999999,0.0
1140,-0.6839999999999997,0.0,-0.6839999999999997,0.0
1141,-0.6819999999999999,0.0,-0.6819999999999999,0.0
1142,-0.6799999999999997,0.0,-0.6799999999999997,0.0
1143,-0.6779999999999999,0.0,-0.6779999999999999,0.0
1144,-0.6759999999999997,0.0,-0.6759999999999997,0.0
1145,-0.6739999999999999,0.0,-0.6739999999999999,0.0
1146,-0.6719999999999997,0.0,-0.6719999999999997,0.0
1147,-0.6699999999999999,0.0,-0.6699999999999999,0.0
1148,-0.6679999999999997,0.0,-0.6679999999999997,0.0
1149,-0.6659999999999999,0.0,-0.6659999999999999,0.0
1150,-0.6639999999999997,0.0,-0.6639999999999997,0.0
1151,-0.6619999999999999,0.0,-0.6619999999999999,0.0
1152,-0.6599999999999997,0.0,-0.6599999999999997,0.0
1153,-0.6579999999999999,0.0,-0.6579999999999999,0.0
1154,-0.6560000000000001,0.0,-0.6560000000000001,0.0
1155,-0.6539999999999999,0.0,-0.6539999999999999,0.0
1156,-0.6520000000000001,0.0,-0.6520000000000001,0.0
1157,-0.6499999999999999,0.0,-0.6499999999999999,0.0
1158,-0.6480000000000001,0.0,-0.6480000000000001,0.0
1159,-0.6459999999999999,0.0,-0.6459999999999999,0.0
1160,-0.6440000000000001,0.0,-0.6440000000000001,0.0
1161,-0.6419999999999999,0.0,-0.6419999999999999,0.0
1162,-0.6400000000000001,0.0,-0.6400000000000001,0.0
1163,-0.6379999999999999,0.0,-0.6379999999999999,0.0
1164,-0.6360000000000001,0.0,-0.6360000000000001,0.0
1165,-0.6339999999999999,0.0,-0.6339999999999999,0.0
1166,-0.6320000000000001,0.0,-0.6320000000000001,0.0
1167,-0.6299999999999999,0.0,-0.6299999999999999,0.0
1168,-0.6280000000000001,0.0,-0.6280000000000001,0.0
1169,-0.6259999999999999,0.0,-0.6259999999999999,0.0
1170,-0.6240000000000001,0.0,-0.6240000000000001,0.0
1171,-0.6219999999999999,0.0,-0.6219999999999999,0.0
1172,-0.6200000000000001,0.0,-0.6200000000000001,0.0
1173,-0.6179999999999999,0.0,-0.6179999999999999,0.0
1174,-0.6160000000000001,0.0,-0.6160000000000001,0.0
1175,-0.6139999999999999,0.0,-0.6139999999999999,0.0
1176,-0.6120000000000001,0.0,-0.6120000000000001,0.0
1177,-0.6099999999999999,0.0,-0.6099999999999999,0.0
1178,-0.6080000000000001,0.0,-0.6080000000000001,0.0
1179,-0.6059999999999999,0.0,-0.6059999999999999,0.0
1180,-0.6040000000000001,0.0,-0.6040000000000001,0.0
1181,-0.6019999999999999,0.0,-0.6019999999999999,0.0
1182,-0.6000000000000001,0.0,-0.6000000000000001,0.0
1183,-0.5979999999999999,0.0,-0.5979999999999999,0.0
1184,-0.5960000000000001,0.0,-0.5960000000000001,0.0
1185,-0.5939999999999999,0.0,-0.5939999999999999,0.0
1186,-0.5920000000000001,0.0,-0.5920000000000001,0.0
1187,-0.5899999999999999,0.0,-0.5899999999999999,0.0
1188,-0.5880000000000001,0.0,-0.5880000000000001,0.0
1189,-0.5859999999999999,0.0,-0.5859999999999999,0.0
1190,-0.5840000000000001,0.0,-0.5840000000000001,0.0
1191,-0.5819999999999999,0.0,-0.5819999999999999,0.0
1192,-0.5800000000000001,0.0,-0.5800000000000001,0.0
1193,-0.5779999999999998,0.0,-0.5779999999999998,0.0
1194,-0.5760000000000001,0.0,-0.5760000000000001,0.0
1195,-0.5739999999999998,0.0,-0.5739999999999998,0.0
1196,-0.5720000000000001,0.0,-0.5720000000000001,0.0
1197,-0.5699999999999998,0.0,-0.5699999999999998,0.0
1198,-0.5680000000000001,0.0,-0.5680000000000001,0.0
1199,-0.5659999999999998,0.0,-0.5659999999999998,0.0
1200,-0.5640000000000001,0.0,-0.5640000000000001,0.0
1201,-0.5619999999999998,0.0,-0.5619999999999998,0.0
1202,-0.56,0.0,-0.56,0.0
1203,-0.5579999999999998,0.0,-0.5579999999999998,0.0
1204,-0.556,0.0,-0.556,0.0
1205,-0.5539999999999998,0.0,-0.5539999999999998,0.0
1206,-0.552,0.0,-0.552,0.0
1207,-0.5499999999999998,0.0,-0.5499999999999998,0.0
1208,-0.548,0.0,-0.548,0.0
1209,-0.5459999999999998,0.0,-0.5459999999999998,0.0
1210,-0.544,0.0,-0.544,0.0
1211,-0.5419999999999998,0.0,-0.5419999999999998,0.0
1212,-0.54,0.0,-0.54,0.0
1213,-0.5379999999999998,0.0,-0.5379999999999998,0.0
1214,-0.536,0.0,-0.536,0.0
1215,-0.5339999999999998,0.0,-0.5339999999999998,0.0
1216,-0.532,0.0,-0.532,0.0
1217,-0.5299999999999998,0.0,-0.5299999999999998,0.0
1218,-0.528,0.0,-0.528,0.0
1219,-0.5259999999999998,0.0,-0.5259999999999998,0.0
1220,-0.524,0.0,-0.524,0.0
1221,-0.5219999999999998,0.0,-0.5219999999999998,0.0
1222,-0.52,0.0,-0.52,0.0
1223,-0.5179999999999998,0.0,-0.5179999999999998,0.0
1224,-0.516,0.0,-0.516,0.0
1225,-0.5139999999999998,0.0,-0.5139999999999998,0.0
1226,-0.512,0.0,-0.512,0.0
1227,-0.5099999999999998,0.0,-0.5099999999999998,0.0
1228,-0.508,0.0,-0.508,0.0
1229,-0.5059999999999998,0.0,-0.5059999999999998,0.0
1230,-0.504,0.0,-0.504,0.0
1231,-0.5019999999999998,0.0,-0.5019999999999998,0.0
1232,-0.5,0.0,-0.5,0.0
1233,-0.4979999999999998,0.0,-0.4979999999999998,0.0
1234,-0.496,0.0,-0.496,0.0
1235,-0.4939999999999998,0.0,-0.4939999999999998,0.0
1236,-0.492,0.0,-0.492,0.0
1237,-0.48999999999999977,0.0,-0.48999999999999977,0.0
1238,-0.488,0.0,-0.488,0.0
1239,-0.48599999999999977,0.0,-0.48599999999999977,0.0
1240,-0.484,0.0,-0.484,0.0
1241,-0.48199999999999976,0.0,-0.48199999999999976,0.0
1242,-0.48,0.0,-0.48,0.0
1243,-0.47799999999999976,0.0,-0.47799999999999976,0.0
1244,-0.476,0.0,-0.476,0.0
1245,-0.47399999999999975,0.0,-0.47399999999999975,0.0
1246,-0.472,0.0,-0.472,0.0
1247,-0.46999999999999975,0.0,-0.46999999999999975,0.0
1248,-0.46799999999999997,0.0,-0.46799999999999997,0.0
1249,-0.46599999999999975,0.0,-0.46599999999999975,0.0
1250,-0.46399999999999997,0.0,-0.46399999999999997,0.0
1251,-0.46199999999999974,0.0,-0.46199999999999974,0.0
1252,-0.45999999999999996,0.0,-0.45999999999999996,0.0
1253,-0.45799999999999974,0.0,-0.45799999999999974,0.0
1254,-0.45599999999999996,0.0,-0.45599999999999996,0.0
1255,-0.45399999999999974,0.0,-0.45399999999999974,0.0
1256,-0.45199999999999996,0.0,-0.45199999999999996,0.0
1257,-0.44999999999999973,0.0,-0.44999999999999973,0.0
1258,-0.44799999999999995,0.0,-0.44799999999999995,0.0
1259,-0.44599999999999973,0.0,-0.44599999999999973,0.0
1260,-0.44399999999999995,0.0,-0.44399999999999995,0.0
1261,-0.4419999999999997,0.0,-0.4419999999999997,0.0
1262,-0.43999999999999995,0.0,-0.43999999999999995,0.0
1263,-0.4379999999999997,0.0,-0.4379999999999997,0.0
1264,-0.43599999999999994,0.0,-0.43599999999999994,0.0
1265,-0.4339999999999997,0.0,-0.4339999999999997,0.0
1266,-0.43199999999999994,0.0,-0.43199999999999994,0.0
1267,-0.4299999999999997,0.0,-0.4299999999999997,0.0
1268,-0.42799999999999994,0.0,-0.42799999999999994,0.0
1269,-0.4259999999999997,0.0,-0.4259999999999997,0.0
1270,-0.42399999999999993,0.0,-0.42399999999999993,0.0
1271,-0.4219999999999997,0.0,-0.4219999999999997,0.0
1272,-0.41999999999999993,0.0,-0.41999999999999993,0.0
1273,-0.4179999999999997,0.0,-0.4179999999999997,0.0
1274,-0.4159999999999999,0.0,-0.4159999999999999,0.0
1275,-0.4139999999999997,0.0,-0.4139999999999997,0.0
1276,-0.4119999999999999,0.0,-0.4119999999999999,0.0
1277,-0.4099999999999997,0.0,-0.4099999999999997,0.0
1278,-0.4079999999999999,0.0,-0.4079999999999999,0.0
1279,-0.4059999999999997,0.0,-0.4059999999999997,0.0
1280,-0.4039999999999999,0.0,-0.4039999999999999,0.0
1281,-0.40200000000000014,0.0,-0.40200000000000014,0.0
1282,-0.3999999999999999,0.0,-0.3999999999999999,0.0
1283,-0.39800000000000013,0.0,-0.39800000000000013,0.0
1284,-0.3959999999999999,0.0,-0.3959999999999999,0.0
1285,-0.39400000000000013,0.0,-0.39400000000000013,0.0
1286,-0.3919999999999999,0.0,-0.3919999999999999,0.0
1287,-0.3900000000000001,0.0,-0.3900000000000001,0.0
1288,-0.3879999999999999,0.0,-0.3879999999999999,0.0
1289,-0.3860000000000001,0.0,-0.3860000000000001,0.0
1290,-0.3839999999999999,0.0,-0.3839999999999999,0.0
1291,-0.3820000000000001,0.0,-0.3820000000000001,0.0
1292,-0.3799999999999999,0.0,-0.3799999999999999,0.0
1293,-0.3780000000000001,0.0,-0.3780000000000001,0.0
1294,-0.3759999999999999,0.0,-0.3759999999999999,0.0
1295,-0.3740000000000001,0.0,-0.3740000000000001,0.0
1296,-0.3719999999999999,0.0,-0.3719999999999999,0.0
1297,-0.3700000000000001,0.0,-0.3700000000000001,0.0
1298,-0.3679999999999999,0.0,-0.3679999999999999,0.0
1299,-0.3660000000000001,0.0,-0.3660000000000001,0.0
1300,-0.3639999999999999,0.0,-0.3639999999999999,0.0
1301,-0.3620000000000001,0.0,-0.3620000000000001,0.0
1302,-0.3599999999999999,0.0,-0.3599999999999999,0.0
1303,-0.3580000000000001,0.0,-0.3580000000000001,0.0
1304,-0.35599999999999987,0.0,-0.35599999999999987,0.0
1305,-0.3540000000000001,0.0,-0.3540000000000001,0.0
1306,-0.35199999999999987,0.0,-0.35199999999999987,0.0
1307,-0.3500000000000001,0.0,-0.3500000000000001,0.0
1308,-0.34799999999999986,0.0,-0.34799999999999986,0.0
1309,-0.3460000000000001,0.0,-0.3460000000000001,0.0
1310,-0.34399999999999986,0.0,-0.34399999999999986,0.0
1311,-0.3420000000000001,0.0,-0.3420000000000001,0.0
1312,-0.33999999999999986,0.0,-0.33999999999999986,0.0
1313,-0.3380000000000001,0.0,-0.3380000000000001,0.0
1314,-0.33599999999999985,0.0,-0.33599999999999985,0.0
1315,-0.3340000000000001,0.0,-0.3340000000000001,0.0
1316,-0.33199999999999985,0.0,-0.33199999999999985,0.0
1317,-0.33000000000000007,0.0,-0.33000000000000007,0.0
1318,-0.32799999999999985,0.0,-0.32799999999999985,0.0
1319,-0.32600000000000007,0.0,-0.32600000000000007,0.0
1320,-0.32399999999999984,0.0,-0.32399999999999984,0.0
1321,-0.32200000000000006,0.0,-0.32200000000000006,0.0
1322,-0.31999999999999984,0.0,-0.31999999999999984,0.0
1323,-0.31800000000000006,0.0,-0.31800000000000006,0.0
1324,-0.31599999999999984,0.0,-0.31599999999999984,0.0
1325,-0.31400000000000006,0.0,-0.31400000000000006,0.0
1326,-0.31199999999999983,0.0,-0.31199999999999983,0.0
1327,-0.31000000000000005,0.0,-0.31000000000000005,0.0
1328,-0.30799999999999983,0.0,-0.30799999999999983,0.0
1329,-0.30600000000000005,0.0,-0.30600000000000005,0.0
1330,-0.3039999999999998,0.0,-0.3039999999999998,0.0
1331,-0.30200000000000005,0.0,-0.30200000000000005,0.0
1332,-0.2999999999999998,0.0,-0.2999999999999998,0.0
1333,-0.29800000000000004,0.0,-0.29800000000000004,0.0
1334,-0.2959999999999998,0.0,-0.2959999999999998,0.0
1335,-0.29400000000000004,0.0,-0.29400000000000004,0.0
1336,-0.2919999999999998,0.0,-0.2919999999999998,0.0
1337,-0.29000000000000004,0.0,-0.29000000000000004,0.0
1338,-0.2879999999999998,0.0,-0.2879999999999998,0.0
1339,-0.28600000000000003,0.0,-0.28600000000000003,0.0
1340,-0.2839999999999998,0.0,-0.2839999999999998,0.0
1341,-0.28200000000000003,0.0,-0.28200000000000003,0.0
1342,-0.2799999999999998,0.0,-0.2799999999999998,0.0
1343,-0.278,0.0,-0.278,0.0
1344,-0.2759999999999998,0.0,-0.2759999999999998,0.0
1345,-0.274,0.0,-0.274,0.0
1346,-0.2719999999999998,0.0,-0.2719999999999998,0.0
1347,-0.27,0.0,-0.27,0.0
1348,-0.2679999999999998,0.0,-0.2679999999999998,0.0
1349,-0.266,0.0,-0.266,0.0
1350,-0.2639999999999998,0.0,-0.2639999999999998,0.0
1351,-0.262,0.0,-0.262,0.0
1352,-0.2599999999999998,0.0,-0.2599999999999998,0.0
1353,-0.258,0.0,-0.258,0.0
1354,-0.2559999999999998,0.0,-0.2559999999999998,0.0
1355,-0.254,0.0,-0.254,0.0
1356,-0.2519999999999998,0.0,-0.2519999999999998,0.0
1357,-0.25,0.0,-0.25,0.0
1358,-0.24799999999999978,0.0,-0.24799999999999978,0.0
1359,-0.246,0.0,-0.246,0.0
1360,-0.24399999999999977,0.0,-0.24399999999999977,0.0
1361,-0.242,0.0,-0.242,0.0
1362,-0.23999999999999977,0.0,-0.23999999999999977,0.0
1363,-0.238,0.0,-0.238,0.0
1364,-0.23599999999999977,0.0,-0.23599999999999977,0.0
1365,-0.23399999999999999,0.0,-0.23399999999999999,0.0
1366,-0.23199999999999976,0.0,-0.23199999999999976,0.0
1367,-0.22999999999999998,0.0,-0.22999999999999998,0.0
1368,-0.22799999999999976,0.0,-0.22799999999999976,0.0
1369,-0.22599999999999998,0.0,-0.22599999999999998,0.0
1370,-0.22399999999999975,0.0,-0.22399999999999975,0.0
1371,-0.22199999999999998,0.0,-0.22199999999999998,0.0
1372,-0.21999999999999975,0.0,-0.21999999999999975,0.0
1373,-0.21799999999999997,0.0,-0.21799999999999997,0.0
1374,-0.21599999999999975,0.0,-0.21599999999999975,0.0
1375,-0.21399999999999997,0.0,-0.21399999999999997,0.0
1376,-0.21199999999999974,0.0,-0.21199999999999974,0.0
1377,-0.20999999999999996,0.0,-0.20999999999999996,0.0
1378,-0.20799999999999974,0.0,-0.20799999999999974,0.0
1379,-0.20599999999999996,0.0,-0.20599999999999996,0.0
1380,-0.20399999999999974,0.0,-0.20399999999999974,0.0
1381,-0.20199999999999996,0.0,-0.20199999999999996,0.0
1382,-0.19999999999999973,0.0,-0.19999999999999973,0.0
1383,-0.19799999999999995,0.0,-0.19799999999999995,0.0
1384,-0.19599999999999973,0.0,-0.19599999999999973,0.0
1385,-0.19399999999999995,0.0,-0.19399999999999995,0.0
1386,-0.19199999999999973,0.0,-0.19199999999999973,0.0
1387,-0.18999999999999995,0.0,-0.18999999999999995,0.0
1388,-0.18799999999999972,0.0,-0.18799999999999972,0.0
1389,-0.18599999999999994,0.0,-0.18599999999999994,0.0
1390,-0.18399999999999972,0.0,-0.18399999999999972,0.0
1391,-0.18199999999999994,0.0,-0.18199999999999994,0.0
1392,-0.17999999999999972,0.0,-0.17999999999999972,0.0
1393,-0.17799999999999994,0.0,-0.17799999999999994,0.0
1394,-0.1759999999999997,0.0,-0.1759999999999997,0.0
1395,-0.17399999999999993,0.0,-0.17399999999999993,0.0
1396,-0.1719999999999997,0.0,-0.1719999999999997,0.0
1397,-0.16999999999999993,0.0,-0.16999999999999993,0.0
1398,-0.1679999999999997,0.0,-0.1679999999999997,0.0
1399,-0.16599999999999993,0.0,-0.16599999999999993,0.0
1400,-0.1639999999999997,0.0,-0.1639999999999997,0.0
1401,-0.16199999999999992,0.0,-0.16199999999999992,0.0
1402,-0.1599999999999997,0.0,-0.1599999999999997,0.0
1403,-0.15799999999999992,0.0,-0.15799999999999992,0.0
1404,-0.1559999999999997,0.0,-0.1559999999999997,0.0
1405,-0.15399999999999991,0.0,-0.15399999999999991,0.0
1406,-0.1519999999999997,0.0,-0.1519999999999997,0.0
1407,-0.1499999999999999,0.0,-0.1499999999999999,0.0
1408,-0.14800000000000013,0.0,-0.14800000000000013,0.0
1409,-0.1459999999999999,0.0,-0.1459999999999999,0.0
1410,-0.14400000000000013,0.0,-0.14400000000000013,0.0
1411,-0.1419999999999999,0.0,-0.1419999999999999,0.0
1412,-0.14000000000000012,0.0,-0.14000000000000012,0.0
1413,-0.1379999999999999,0.0,-0.1379999999999999,0.0
1414,-0.13600000000000012,0.0,-0.13600000000000012,0.0
1415,-0.1339999999999999,0.0,-0.1339999999999999,0.0
1416,-0.13200000000000012,0.0,-0.13200000000000012,0.0
1417,-0.1299999999999999,0.0,-0.1299999999999999,0.0
1418,-0.1280000000000001,0.0,-0.1280000000000001,0.0
1419,-0.1259999999999999,0.0,-0.1259999999999999,0.0
1420,-0.12400000000000011,0.0,-0.12400000000000011,0.0
1421,-0.12199999999999989,0.0,-0.12199999999999989,0.0
1422,-0.1200000000000001,0.0,-0.1200000000000001,0.0
1423,-0.11799999999999988,0.0,-0.11799999999999988,0.0
1424,-0.1160000000000001,0.0,-0.1160000000000001,0.0
1425,-0.11399999999999988,0.0,-0.11399999999999988,0.0
1426,-0.1120000000000001,0.0,-0.1120000000000001,0.0
1427,-0.10999999999999988,0.0,-0.10999999999999988,0.0
1428,-0.1080000000000001,0.0,-0.1080000000000001,0.0
1429,-0.10599999999999987,0.0,-0.10599999999999987,0.0
1430,-0.10400000000000009,0.0,-0.10400000000000009,0.0
1431,-0.10199999999999987,0.0,-0.10199999999999987,0.0
1432,-0.10000000000000009,0.0,-0.10000000000000009,0.0
1433,-0.09799999999999986,0.0,-0.09799999999999986,0.0
1434,-0.09600000000000009,0.0,-0.09600000000000009,0.0
1435,-0.09399999999999986,0.0,-0.09399999999999986,0.0
1436,-0.09200000000000008,0.0,-0.09200000000000008,0.0
1437,-0.08999999999999986,0.0,-0.08999999999999986,0.0
1438,-0.08800000000000008,0.0,-0.08800000000000008,0.0
1439,-0.08599999999999985,0.0,-0.08599999999999985,0.0
1440,-0.08400000000000007,0.0,-0.08400000000000007,0.0
1441,-0.08199999999999985,0.0,-0.08199999999999985,0.0
1442,-0.08000000000000007,0.0,-0.08000000000000007,0.0
1443,-0.07799999999999985,0.0,-0.07799999999999985,0.0
1444,-0.07600000000000007,0.0,-0.07600000000000007,0.0
1445,-0.07399999999999984,0.0,-0.07399999999999984,0.0
1446,-0.07200000000000006,0.0,-0.07200000000000006,0.0
1447,-0.06999999999999984,0.0,-0.06999999999999984,0.0
1448,-0.06800000000000006,0.0,-0.06800000000000006,0.0
1449,-0.06599999999999984,0.0,-0.06599999999999984,0.0
1450,-0.06400000000000006,0.0,-0.06400000000000006,0.0
1451,-0.06199999999999983,0.0,-0.06199999999999983,0.0
1452,-0.06000000000000005,0.0,-0.06000000000000005,0.0
1453,-0.05799999999999983,0.0,-0.05799999999999983,0.0
1454,-0.05600000000000005,0.0,-0.05600000000000005,0.0
1455,-0.053999999999999826,0.0,-0.053999999999999826,0.0
1456,-0.052000000000000046,0.0,-0.052000000000000046,0.0
1457,-0.04999999999999982,0.0,-0.04999999999999982,0.0
1458,-0.04800000000000004,0.0,-0.04800000000000004,0.0
1459,-0.04599999999999982,0.0,-0.04599999999999982,0.0
1460,-0.04400000000000004,0.0,-0.04400000000000004,0.0
1461,-0.041999999999999815,0.0,-0.041999999999999815,0.0
1462,-0.040000000000000036,0.0,-0.040000000000000036,0.0
1463,-0.03799999999999981,0.0,-0.03799999999999981,0.0
1464,-0.03600000000000003,0.0,-0.03600000000000003,0.0
1465,-0.03399999999999981,0.0,-0.03399999999999981,0.0
1466,-0.03200000000000003,0.0,-0.03200000000000003,0.0
1467,-0.029999999999999805,0.0,-0.029999999999999805,0.0
1468,-0.028000000000000025,0.0,-0.028000000000000025,0.0
1469,-0.0259999999999998,0.0,-0.0259999999999998,0.0
1470,-0.02400000000000002,0.0,-0.02400000000000002,0.0
1471,-0.021999999999999797,0.0,-0.021999999999999797,0.0
1472,-0.020000000000000018,0.0,-0.020000000000000018,0.0
1473,-0.017999999999999794,0.0,-0.017999999999999794,0.0
1474,-0.016000000000000014,0.0,-0.016000000000000014,0.0
1475,-0.01399999999999979,0.0,-0.01399999999999979,0.0
1476,-0.01200000000000001,0.0,-0.01200000000000001,0.0
1477,-0.009999999999999787,0.0,-0.009999999999999787,0.0
1478,-0.008000000000000007,0.0,-0.008000000000000007,0.0
1479,-0.005999999999999783,0.0,-0.005999999999999783,0.0
1480,-0.0040000000000000036,0.0,-0.0040000000000000036,0.0
1481,-0.0019999999999997797,0.0,-0.0019999999999997797,0.0
1482,0.0,0.0,0.0,0.0
1483,0.002000000000000224,0.0,0.002000000000000224,0.0
1484,0.0040000000000000036,0.0,0.0040000000000000036,0.0
1485,0.006000000000000227,0.0,0.006000000000000227,0.0
1486,0.008000000000000007,0.0,0.008000000000000007,0.0
1487,0.010000000000000231,0.0,0.010000000000000231,0.0
1488,0.01200000000000001,0.0,0.01200000000000001,0.0
1489,0.014000000000000234,0.0,0.014000000000000234,0.0
1490,0.016000000000000014,0.0,0.016000000000000014,0.0
1491,0.018000000000000238,0.0,0.018000000000000238,0.0
1492,0.020000000000000018,0.0,0.020000000000000018,0.0
1493,0.02200000000000024,0.0,0.02200000000000024,0.0
1494,0.02400000000000002,0.0,0.02400000000000002,0.0
1495,0.026000000000000245,0.0,0.026000000000000245,0.0
1496,0.028000000000000025,0.0,0.028000000000000025,0.0
1497,0.03000000000000025,0.0,0.03000000000000025,0.0
1498,0.03200000000000003,0.0,0.03200000000000003,0.0
1499,0.03400000000000025,0.0,0.03400000000000025,0.0
1500,0.03600000000000003,0.0,0.03600000000000003,0.0
1501,0.038000000000000256,0.0,0.038000000000000256,0.0
1502,0.040000000000000036,0.0,0.040000000000000036,0.0
1503,0.04200000000000026,0.0,0.04200000000000026,0.0
1504,0.04400000000000004,0.0,0.04400000000000004,0.0
1505,0.04600000000000026,0.0,0.04600000000000026,0.0
1506,0.04800000000000004,0.0,0.04800000000000004,0.0
1507,0.050000000000000266,0.0,0.050000000000000266,0.0
1508,0.052000000000000046,0.0,0.052000000000000046,0.0
1509,0.05400000000000027,0.0,0.05400000000000027,0.0
1510,0.05600000000000005,0.0,0.05600000000000005,0.0
1511,0.058000000000000274,0.0,0.058000000000000274,0.0
1512,0.06000000000000005,0.0,0.06000000000000005,0.0
1513,0.06200000000000028,0.0,0.06200000000000028,0.0
1514,0.06400000000000006,0.0,0.06400000000000006,0.0
1515,0.06600000000000028,0.0,0.06600000000000028,0.0
1516,0.06800000000000006,0.0,0.06800000000000006,0.0
1517,0.07000000000000028,0.0,0.07000000000000028,0.0
1518,0.07200000000000006,0.0,0.07200000000000006,0.0
1519,0.07400000000000029,0.0,0.07400000000000029,0.0
1520,0.07600000000000007,0.0,0.07600000000000007,0.0
1521,0.07800000000000029,0.0,0.07800000000000029,0.0
1522,0.08000000000000007,0.0,0.08000000000000007,0.0
1523,0.0820000000000003,0.0,0.0820000000000003,0.0
1524,0.08400000000000007,0.0,0.08400000000000007,0.0
1525,0.0860000000000003,0.0,0.0860000000000003,0.0
1526,0.08800000000000008,0.0,0.08800000000000008,0.0
1527,0.0900000000000003,0.0,0.0900000000000003,0.0
1528,0.09200000000000008,0.0,0.09200000000000008,0.0
1529,0.0940000000000003,0.0,0.0940000000000003,0.0
1530,0.09600000000000009,0.0,0.09600000000000009,0.0
1531,0.09800000000000031,0.0,0.09800000000000031,0.0
1532,0.10000000000000009,0.0,0.10000000000000009,0.0
1533,0.10200000000000031,0.0,0.10200000000000031,0.0
1534,0.10400000000000009,0.0,0.10400000000000009,0.0
1535,0.10600000000000032,0.0,0.10600000000000032,0.0
1536,0.1080000000000001,0.0,0.1080000000000001,0.0
1537,0.10999999999999988,0.0,0.10999999999999988,0.0
1538,0.1120000000000001,0.0,0.1120000000000001,0.0
1539,0.11399999999999988,0.0,0.11399999999999988,0.0
1540,0.1160000000000001,0.0,0.1160000000000001,0.0
1541,0.11799999999999988,0.0,0.11799999999999988,0.0
1542,0.1200000000000001,0.0,0.1200000000000001,0.0
1543,0.12199999999999989,0.0,0.12199999999999989,0.0
1544,0.12400000000000011,0.0,0.12400000000000011,0.0
1545,0.1259999999999999,0.0,0.1259999999999999,0.0
1546,0.1280000000000001,0.0,0.1280000000000001,0.0
1547,0.1299999999999999,0.0,0.1299999999999999,0.0
1548,0.13200000000000012,0.0,0.13200000000000012,0.0
1549,0.1339999999999999,0.0,0.1339999999999999,0.0
1550,0.13600000000000012,0.0,0.13600000000000012,0.0
1551,0.1379999999999999,0.0,0.1379999999999999,0.0
1552,0.14000000000000012,0.0,0.14000000000000012,0.0
1553,0.1419999999999999,0.0,0.1419999999999999,0.0
1554,0.14400000000000013,0.0,0.14400000000000013,0.0
1555,0.1459999999999999,0.0,0.1459999999999999,0.0
1556,0.14800000000000013,0.0,0.14800000000000013,0.0
1557,0.1499999999999999,0.0,0.1499999999999999,0.0
1558,0.15200000000000014,0.0,0.15200000000000014,0.0
1559,0.15399999999999991,0.0,0.15399999999999991,0.0
1560,0.15600000000000014,0.0,0.15600000000000014,0.0
1561,0.15799999999999992,0.0,0.15799999999999992,0.0
1562,0.16000000000000014,0.0,0.16000000000000014,0.0
1563,0.16199999999999992,0.0,0.16199999999999992,0.0
1564,0.16400000000000015,0.0,0.16400000000000015,0.0
1565,0.16599999999999993,0.0,0.16599999999999993,0.0
1566,0.16800000000000015,0.0,0.16800000000000015,0.0
1567,0.16999999999999993,0.0,0.16999999999999993,0.0
1568,0.17200000000000015,0.0,0.17200000000000015,0.0
1569,0.17399999999999993,0.0,0.17399999999999993,0.0
1570,0.17600000000000016,0.0,0.17600000000000016,0.0
1571,0.17799999999999994,0.0,0.17799999999999994,0.0
1572,0.18000000000000016,0.0,0.18000000000000016,0.0
1573,0.18199999999999994,0.0,0.18199999999999994,0.8149256716233912
1574,0.18400000000000016,0.0,0.18400000000000016,1.7953243473623797
1575,0.18599999999999994,0.0,0.18599999999999994,2.7548009206046062
1576,0.18800000000000017,0.0,0.18800000000000017,3.69343556487489
1577,0.18999999999999995,0.0,0.18999999999999995,4.611307020099506
1578,0.19200000000000017,0.0,0.19200000000000017,5.508492592607878
1579,0.19399999999999995,0.0,0.19399999999999995,6.3850681551309245
1580,0.19600000000000017,0.0,0.19600000000000017,7.241108146802674
1581,0.19799999999999995,0.0,0.19799999999999995,8.076685573158697
1582,0.20000000000000018,0.0,0.20000000000000018,8.891872006137623
1583,0.20199999999999996,0.0,0.20199999999999996,9.686737584079681
1584,0.20400000000000018,0.0,0.20400000000000018,10.461351011728105
1585,0.20599999999999996,0.0,0.20599999999999996,11.215779560227752
1586,0.20800000000000018,0.0,0.20800000000000018,11.950089067126466
1587,0.20999999999999996,0.0,0.20999999999999996,12.664343936373777
1588,0.2120000000000002,0.0,0.2120000000000002,13.358815262071092
1589,0.21399999999999997,0.0,0.21399999999999997,14.034217050507511
1590,0.2160000000000002,0.0,0.2160000000000002,14.690859828629968
1591,0.21799999999999997,0.0,0.21799999999999997,15.329025503862246
1592,0.2200000000000002,0.0,0.2200000000000002,15.948992251111125
1593,0.22199999999999998,0.0,0.22199999999999998,16.551034512765227
1594,0.2240000000000002,0.0,0.2240000000000002,17.13542299869612
1595,0.22599999999999998,0.0,0.22599999999999998,17.702424686257263
1596,0.2280000000000002,0.0,0.2280000000000002,18.252302820285024
1597,0.22999999999999998,0.0,0.22999999999999998,18.785316913097684
1598,0.2320000000000002,0.0,0.2320000000000002,19.301722744496423
1599,0.23399999999999999,0.9007377316656573,0.23399999999999999,19.80177236176435
1600,0.2360000000000002,1.8003941544084627,0.2360000000000002,20.285714079667432
1601,0.238,2.678745977477889,0.238,20.75379248045362
1602,0.2400000000000002,3.5360854463405174,0.2400000000000002,21.206248413853686
1603,0.242,4.372693945158969,0.242,21.6433189970804
1604,0.24400000000000022,5.188841996793466,0.24400000000000022,22.065237614829336
1605,0.246,5.984789262800294,0.246,22.4722339192781
1606,0.24800000000000022,6.760784543433292,0.24800000000000022,22.864533830087062
1607,0.25,7.51706577764242,0.25,23.24235953439866
1608,0.2520000000000002,8.25386004307514,0.2520000000000002,23.605929486838065
1609,0.254,8.971383556075079,0.254,23.955458409512538
1610,0.2560000000000002,9.669841671683326,0.2560000000000002,24.29115729201206
1611,0.258,10.34942888363717,0.258,24.613233391408713
1612,0.26000000000000023,11.010328824371335,0.26000000000000023,24.921890232257283
1613,0.262,11.65271426501677,0.262,25.21732760659469
1614,0.26400000000000023,12.276747115401834,0.26400000000000023,25.499741573940515
1615,0.266,12.882578424051129,0.266,25.769324461296485
1616,0.26800000000000024,13.470348378186639,0.26800000000000024,26.02628069720764
1617,0.27,14.040186303726646,0.27,26.270885683503835
1618,0.27200000000000024,14.592210665286759,0.27200000000000024,26.503416570525644
1619,0.274,15.12652906617891,0.274,26.724144360100997
1620,0.27600000000000025,15.643664508326106,0.27600000000000025,26.933335142000576
1621,0.278,16.14430413653061,0.278,27.13125009393741
1622,0.28000000000000025,16.628760404293317,0.28000000000000025,27.318145481567257
1623,0.28200000000000003,17.097339780841182,0.28200000000000003,27.494272658488242
1624,0.28400000000000025,17.550342810252396,0.28400000000000025,27.659878066241212
1625,0.28600000000000003,17.98806411145556,0.28600000000000003,27.815203234309386
1626,0.28800000000000026,18.41079237823049,0.28800000000000026,27.960484780118684
1627,0.29000000000000004,18.818810379207434,0.29000000000000004,28.09595440903743
1628,0.29200000000000026,19.21239495786782,0.29200000000000026,28.22183891437662
1629,0.29400000000000004,19.59181703254354,0.29400000000000004,28.338360177389674
1630,0.29600000000000026,19.95734159641765,0.29600000000000026,28.445735167272666
1631,0.29800000000000004,20.309227717523683,0.29800000000000004,28.544175941164124
1632,0.30000000000000027,20.647728538746318,0.30000000000000027,28.6338896441452
1633,0.30200000000000005,20.97309127782073,0.30200000000000005,28.7150785092395
1634,0.30400000000000027,21.285557227333214,0.30400000000000027,28.787939857413278
1635,0.30600000000000005,21.585361754720605,0.30600000000000005,28.852666097575234
1636,0.3080000000000003,21.87273430227081,0.3080000000000003,28.909444726576695
1637,0.31000000000000005,22.147898387122304,0.31000000000000005,28.958458329211464
1638,0.3120000000000003,22.411071601264617,0.3120000000000003,28.999884578215937
1639,0.31400000000000006,22.662465611537876,0.31400000000000006,29.033896234269022
1640,0.3160000000000003,22.902286159633228,0.3160000000000003,29.0606611459922
1641,0.31800000000000006,23.130733062092435,0.31800000000000006,29.080342249949474
1642,0.3200000000000003,23.348000210308278,0.3200000000000003,29.0930975706474
1643,0.32200000000000006,23.554275570524165,0.32200000000000006,29.09908022053508
1644,0.3240000000000003,23.74974118383449,0.3240000000000003,29.098438400004156
1645,0.32600000000000007,23.9345731661843,0.32600000000000007,29.09131539738882
1646,0.3280000000000003,24.108941708369624,0.3280000000000003,29.07784958896579
1647,0.33000000000000007,24.273011076037147,0.33000000000000007,29.05817443895436
1648,0.3320000000000003,24.426969218467583,0.3320000000000003,29.032418499516332
1649,0.3340000000000001,24.571073809443348,0.3340000000000001,29.000705410756094
1650,0.3360000000000003,24.705568744378162,0.3360000000000003,28.963153900720542
1651,0.3380000000000001,24.830692527830145,0.3380000000000001,28.91987778539913
1652,0.3400000000000003,24.94667875258109,0.3400000000000003,28.871012826785805
1653,0.3420000000000001,25.05375609963623,0.3420000000000001,28.816900956259925
1654,0.3440000000000003,25.152148338224485,0.3440000000000003,28.757742016165945
1655,0.3460000000000001,25.24207432579822,0.3460000000000001,28.69368767305271
1656,0.3480000000000003,25.323748008033473,0.3480000000000003,28.624886943348166
1657,0.3500000000000001,25.39737841882976,0.3500000000000001,28.551486193359473
1658,0.3520000000000003,25.463169680310223,0.3520000000000003,28.4736291392729
1659,0.3540000000000001,25.521321002821512,0.3540000000000001,28.39145684715394
1660,0.3560000000000003,25.572026684933903,0.3560000000000003,28.30510773294717
1661,0.3580000000000001,25.61547611344117,0.3580000000000001,28.214717562476423
1662,0.3600000000000003,25.651853763360705,0.3600000000000003,28.120419451444576
1663,0.3620000000000001,25.68133919793343,0.3620000000000001,28.022343865433783
1664,0.3640000000000003,25.70410706862384,0.3640000000000003,27.920618619905262
1665,0.3660000000000001,25.720327115120014,0.3660000000000001,27.815368880199486
1666,0.3679999999999999,25.730164165333555,0.3679999999999999,27.706717161536012
1667,0.3700000000000001,25.733778135399664,0.3700000000000001,27.59478332901356
1668,0.3719999999999999,25.731324029677083,0.3719999999999999,27.47968459761009
1669,0.3740000000000001,25.722951940748143,0.3740000000000001,27.361535532182607
1670,0.3759999999999999,25.708807049418716,0.3759999999999999,27.24044804746741
1671,0.3780000000000001,25.689029624718238,0.3780000000000001,27.116531408079823
1672,0.3799999999999999,25.663755023899725,0.3799999999999999,26.989892228514442
1673,0.3820000000000001,25.633113692439736,0.3820000000000001,26.860634473144945
1674,0.3839999999999999,25.59723116403843,0.3839999999999999,26.728859456224242
1675,0.3860000000000001,25.556228060619475,0.3860000000000001,26.59466584188431
1676,0.3879999999999999,25.510220092330158,0.3879999999999999,26.458149644136412
1677,0.3900000000000001,25.45931805754128,0.3900000000000001,26.319404226870834
1678,0.3919999999999999,25.403627842847257,0.3919999999999999,26.17852030385716
1679,0.39400000000000013,25.343250423066017,0.39400000000000013,26.035585938744
1680,0.3959999999999999,25.2782818612391,0.3959999999999999,25.890686545059253
1681,0.39800000000000013,25.208813308631562,0.39800000000000013,25.743904886209855
1682,0.3999999999999999,25.13493100473207,0.3999999999999999,25.595321075482033
1683,0.40200000000000014,25.056716277252807,0.40200000000000014,25.445012576041048
1684,0.4039999999999999,24.974266983328658,0.4039999999999999,25.29305420093143
1685,0.40600000000000014,24.887883235230422,0.40600000000000014,25.139518113076775
1686,0.4079999999999999,24.797741668609014,0.4079999999999999,24.98447382527994
1687,0.41000000000000014,24.70396705521391,0.41000000000000014,24.827988200222833
1688,0.4119999999999999,24.606681773932312,0.4119999999999999,24.670125450466642
1689,0.41400000000000015,24.506005810789,0.41400000000000015,24.510947138451584
1690,0.4159999999999999,24.40205675894646,0.4159999999999999,24.350512176497173
1691,0.41800000000000015,24.294949818704758,0.41800000000000015,24.188877347532113
1692,0.41999999999999993,24.184797797501663,0.41999999999999993,24.0261766268873
1693,0.42200000000000015,24.07171110991252,0.42200000000000015,23.86252665419368
1694,0.42399999999999993,23.955797777650407,0.42399999999999993,23.697988168533527
1695,0.42600000000000016,23.837163429565933,0.42600000000000016,23.53262084307066
1696,0.42799999999999994,23.715911301647473,0.42799999999999994,23.366483285050766
1697,0.43000000000000016,23.592142237020923,0.43000000000000016,23.199633035801092
1698,0.43199999999999994,23.465954685949935,0.43199999999999994,23.03212657073074
1699,0.43400000000000016,23.3374447058357,0.43400000000000016,22.864019299330366
1700,0.43599999999999994,23.20670596121716,0.43599999999999994,22.695365565172494
1701,0.43800000000000017,23.07382972377078,0.43800000000000017,22.526218645911207
1702,0.43999999999999995,22.938904872310793,0.43999999999999995,22.356630753282435
1703,0.44200000000000017,22.80201789278896,0.44200000000000017,22.18665303310368
1704,0.44399999999999995,22.66325287829479,0.44399999999999995,22.0163355652743
1705,0.4460000000000002,22.52269152905533,0.4460000000000002,21.84572736377521
1706,0.44799999999999995,22.38041315243538,0.44799999999999995,21.67487637666918
1707,0.4500000000000002,22.236494662937268,0.4500000000000002,21.503829486100546
1708,0.45199999999999996,22.09101058220109,0.45199999999999996,21.3326325082955
1709,0.4540000000000002,21.94403303900445,0.4540000000000002,21.161330193561795
1710,0.45599999999999996,21.795631769262734,0.45599999999999996,20.989966226289035
1711,0.4580000000000002,21.645874116028835,0.4580000000000002,20.818583224948398
1712,0.45999999999999996,21.49482502949342,0.45999999999999996,20.6472227420929
1713,0.4620000000000002,21.342547066984675,0.4620000000000002,20.475925264357137
1714,0.46399999999999997,21.18910039296855,0.46399999999999997,20.304730212457557
1715,0.4660000000000002,21.034542779048515,0.4660000000000002,20.133675941192156
1716,0.46799999999999997,20.878929603965812,0.46799999999999997,19.962799739440804
1717,0.4700000000000002,20.72231385359919,0.4700000000000002,19.792137830164922
1718,0.472,20.564746120965186,0.472,19.62172537040779
1719,0.4740000000000002,20.406274606217828,0.4740000000000002,19.45159645129425
1720,0.476,20.246945116648938,0.476,19.281784098031007
1721,0.4780000000000002,20.08680106668784,0.4780000000000002,19.11232026990631
1722,0.48,19.925883477901635,0.48,18.94323586029028
1723,0.4820000000000002,19.76423097899493,0.4820000000000002,18.774560696634598
1724,0.484,19.601947033816874,0.484,18.606323540472793
1725,0.4860000000000002,19.439147508114424,0.4860000000000002,18.438552087419968
1726,0.488,19.275881036112864,0.488,18.271272967173065
1727,0.4900000000000002,19.112195303285073,0.4900000000000002,18.104511743510606
1728,0.492,18.948137062299296,0.492,17.938292914292955
1729,0.4940000000000002,18.783752133018844,0.4940000000000002,17.772639911462047
1730,0.496,18.619085402502407,0.496,17.60757510104167
1731,0.4980000000000002,18.454180825003746,0.4980000000000002,17.443119783137174
1732,0.5,18.289081421971986,0.5,17.27930483152283
1733,0.5020000000000002,18.12382928205133,0.5020000000000002,17.11616879886437
1734,0.504,17.958465561081347,0.504,16.953727445576636
1735,0.5060000000000002,17.79303048209668,0.5060000000000002,16.7919955956637
1736,0.508,17.627563335327345,0.508,16.630987751061546
1737,0.5100000000000002,17.462102478198418,0.5100000000000002,16.470718091637828
1738,0.512,17.29668533533036,0.512,16.311200475192113
1739,0.5140000000000002,17.131348398538698,0.5140000000000002,16.152448437455625
1740,0.516,16.966127226834328,0.516,15.994475192091524
1741,0.5180000000000002,16.801056446423217,0.5180000000000002,15.837293630694614
1742,0.52,16.636169750706706,0.52,15.680916322791635
1743,0.5220000000000002,16.471499900281206,0.5220000000000002,15.525355515840975
1744,0.524,16.307078722938495,0.524,15.370623135232949
1745,0.5260000000000002,16.14293711366543,0.5260000000000002,15.216730784289533
1746,0.528,15.979105034644231,0.528,15.063689744264622
1747,0.5300000000000002,15.81561151525219,0.5300000000000002,14.91151097434377
1748,0.532,15.652484652061979,0.532,14.760205111644458
1749,0.5340000000000003,15.489751608841331,0.5340000000000003,14.60978247121582
1750,0.536,15.327438616553355,0.536,14.460253046038915
1751,0.5380000000000003,15.165570973356227,0.5380000000000003,14.311626507026464
1752,0.54,15.004173044603498,0.54,14.163912203023106
1753,0.5420000000000003,14.84326826284379,0.5420000000000003,14.01711916080514
1754,0.544,14.68287912782109,0.544,13.87125608508079
1755,0.5460000000000003,14.523027206474467,0.5460000000000003,13.726331358489936
1756,0.548,14.363733132938346,0.548,13.582353041604382
1757,0.5500000000000003,14.205016608542245,0.5500000000000003,13.439328872927595
1758,0.552,14.046896401811026,0.552,13.297266268894951
1759,0.5540000000000003,13.889390348464646,0.5540000000000003,13.156172323873506
1760,0.556,13.732515351418414,0.556,13.016053810162214
1761,0.5580000000000003,13.576287380782725,0.5580000000000003,12.87691717799171
1762,0.56,13.420721473863338,0.56,12.738768555524544
1763,0.5620000000000003,13.26583173516108,0.5620000000000003,12.601613748854913
1764,0.5640000000000001,13.11163133637216,0.5640000000000001,12.465458242008957
1765,0.5660000000000003,12.958146415386725,0.5660000000000003,12.330307196944457
1766,0.5680000000000001,12.805415694521422,0.5680000000000001,12.196165453551131
1767,0.5700000000000003,12.653450518228698,0.5700000000000003,12.063037529650344
1768,0.5720000000000001,12.502261218694926,0.5720000000000001,11.930927620995393
1769,0.5740000000000003,12.351857866265531,0.5740000000000003,11.799839601271227
1770,0.5760000000000001,12.202250269445248,0.5760000000000001,11.669777022094717
1771,0.5780000000000003,12.053447974897857,0.5780000000000003,11.540743113014408
1772,0.5800000000000001,11.905460267446458,0.5800000000000001,11.41274078151074
1773,0.5820000000000003,11.758296170073198,0.5820000000000003,11.285772707280923
1774,0.5840000000000001,11.611964443919533,0.5840000000000001,11.159842196636246
1775,0.5860000000000003,11.466473588285975,0.5860000000000003,11.034947777935045
1776,0.5880000000000001,11.321831840632342,0.5880000000000001,10.911086454075619
1777,0.5900000000000003,11.178047176577506,0.5900000000000003,10.788255206574691
1778,0.5920000000000001,11.03512730989965,0.5920000000000001,10.666450995567631
1779,0.5940000000000003,10.89307969253601,0.5940000000000003,10.545670759808246
1780,0.5960000000000001,10.751911514583124,0.5960000000000001,10.425911416668985
1781,0.5980000000000003,10.611629704296593,0.5980000000000003,10.307169862140734
1782,0.6000000000000001,10.472240928091322,0.6000000000000001,10.189442970833023
1783,0.6020000000000003,10.333751590541272,0.6020000000000003,10.072727595973811
1784,0.6040000000000001,10.196167834379706,0.6040000000000001,9.95702056940971
1785,0.6060000000000003,10.05949554049895,0.6060000000000003,9.842318701605766
1786,0.6080000000000001,9.923740327950629,0.6080000000000001,9.728618781645661
1787,0.6100000000000003,9.788907553945434,0.6100000000000003,9.61591757723152
1788,0.6120000000000001,9.655002313853345,0.6120000000000001,9.50421183468411
1789,0.6140000000000003,9.52202944120342,0.6140000000000003,9.393498278942634
1790,0.6160000000000001,9.389993507684004,0.6160000000000001,9.283773613564932
1791,0.6180000000000003,9.25889882314251,0.6180000000000003,9.175034520727289
1792,0.6200000000000001,9.12874943558565,0.6200000000000001,9.06727766122463
1793,0.6219999999999999,8.99954913117923,0.6219999999999999,8.96049967447034
1794,0.6240000000000001,8.871301434248231,0.6240000000000001,8.854697178496346
1795,0.6259999999999999,8.744009607276908,0.6259999999999999,8.749866769953188
1796,0.6280000000000001,8.617676650908582,0.6280000000000001,8.646005024109852
1797,0.6299999999999999,8.49230530394587,0.6299999999999999,8.543108494853954
1798,0.6320000000000001,8.367898043350447,0.6320000000000001,8.441173714691555
1799,0.6339999999999999,8.244457084243297,0.6339999999999999,8.340197194747354
1800,0.6360000000000001,8.12198437990446,0.6360000000000001,8.240175424764494
1801,0.6379999999999999,8.000481621773275,0.6379999999999999,8.14110487310475
1802,0.6400000000000001,7.879950239448148,0.6400000000000001,8.042981986748341
1803,0.6419999999999999,7.760391400686784,0.6419999999999999,7.945803191294128
1804,0.6440000000000001,7.641806011405947,0.6440000000000001,7.849564890959407
1805,0.6459999999999999,7.524194715681701,0.6459999999999999,7.7542634685801115
1806,0.6480000000000001,7.407557895749178,0.6480000000000001,7.659895285610628
1807,0.6499999999999999,7.2918956720028,0.6499999999999999,7.5664566821239605
1808,0.6520000000000001,7.177208423464804,0.6520000000000001,7.473943976811576
1809,0.6539999999999999,7.063501185071158,0.6539999999999999,7.382353466983562
1810,0.6560000000000001,6.950771980912492,0.6560000000000001,7.291681428568463
1811,0.6579999999999999,6.839016595023576,0.6579999999999999,7.201924116113441
1812,0.6600000000000001,6.728230814148413,0.6600000000000001,7.113077762784123
1813,0.6619999999999999,6.618410427740441,0.6619999999999999,7.025138580364755
1814,0.6640000000000001,6.509551227962337,0.6640000000000001,6.938102759258034
1815,0.6659999999999999,6.401649009686205,0.6659999999999999,6.851966468485291
1816,0.6680000000000001,6.294699570493395,0.6680000000000001,6.766725855686304
1817,0.6699999999999999,6.188698710674681,0.6699999999999999,6.682377047119475
1818,0.6720000000000002,6.08364223323008,0.6720000000000002,6.598914229876991
1819,0.6739999999999999,5.979525943869038,0.6739999999999999,6.516328192629347
1820,0.6760000000000002,5.876345651010242,0.6760000000000002,6.434611343069589
1821,0.6779999999999999,5.774097165781809,0.6779999999999999,6.3537561923884045
1822,0.6800000000000002,5.672776302021094,0.6800000000000002,6.273755319896406
1823,0.6819999999999999,5.572378876274883,0.6819999999999999,6.194601373024274
1824,0.6840000000000002,5.472900707799206,0.6840000000000002,6.1162870673226175
1825,0.6859999999999999,5.374337618559514,0.6859999999999999,6.03880518646211
1826,0.6880000000000002,5.276685433230508,0.6880000000000002,5.962148582233355
1827,0.69,5.17993997919631,0.69,5.88631017454702
1828,0.6920000000000002,5.08409708655029,0.6920000000000002,5.8112829514337045
1829,0.694,4.9891525880952425,0.694,5.73705996904407
1830,0.6960000000000002,4.895102319343206,0.6960000000000002,5.66363435164871
1831,0.698,4.80194211851564,0.698,5.590999291638282
1832,0.7000000000000002,4.70966782654326,0.7000000000000002,5.519148049523372
1833,0.702,4.618275287066195,0.702,5.448073953934632
1834,0.7040000000000002,4.527760346433826,0.7040000000000002,5.377770401622644
1835,0.706,4.438118853704955,0.706,5.308230857458056
1836,0.7080000000000002,4.349346660647635,0.7080000000000002,5.239448854431443
1837,0.71,4.261439621739331,0.71,5.171417993653446
1838,0.7120000000000002,4.174393594166772,0.7120000000000002,5.104131944354638
1839,0.714,4.088204437826093,0.714,5.037584443885649
1840,0.7160000000000002,4.002868015322689,0.7160000000000002,4.971769297717053
1841,0.718,3.9183801919713686,0.718,4.906680379439473
1842,0.7200000000000002,3.834736835796196,0.7200000000000002,4.842311630763472
1843,0.722,3.751933817530647,0.722,4.778657061519674
1844,0.7240000000000002,3.669967010617459,0.7240000000000002,4.715710749658636
1845,0.726,3.588832291208777,0.726,4.653466841250972
1846,0.7280000000000002,3.508525538166009,0.7280000000000002,4.591919550487239
1847,0.73,3.429042633059968,0.73,4.531063159678041
1848,0.7320000000000002,3.3503794601707337,0.7320000000000002,4.470892019253932
1849,0.734,3.2725319064877887,0.734,4.411400547765512
1850,0.7360000000000002,3.1954958617098805,0.7360000000000002,4.352583231883328
1851,0.738,3.119267218245165,0.738,4.2944346263979725
1852,0.7400000000000002,3.043841871211059,0.7400000000000002,4.2369493542199885
1853,0.742,2.969215718434386,0.742,4.180122106379966
1854,0.7440000000000002,2.895384660451235,0.7440000000000002,4.123947642028439
1855,0.746,2.8223446005070993,0.746,4.068420788435991
1856,0.7480000000000002,2.750091044602949,0.7480000000000002,4.013536440993155
1857,0.75,2.678616193962145,0.75,3.9592895632105076
1858,0.7520000000000002,2.6079124609840134,0.7520000000000002,3.905675186718574
1859,0.754,2.537972623558468,0.754,3.852688411267927
1860,0.7560000000000002,2.4687895296764593,0.7560000000000002,3.8003244047290865
1861,0.758,2.4003560974300973,0.758,3.748578403092619
1862,0.7600000000000002,2.3326653150125303,0.7600000000000002,3.697445710469042
1863,0.762,2.2657102407180654,0.762,3.646921699088912
1864,0.7640000000000002,2.1994840029420475,0.7640000000000002,3.5970018093027427
1865,0.766,2.1339798001809798,0.766,3.547681549581087
1866,0.7680000000000002,2.069190901032405,0.7680000000000002,3.4989564965144533
1867,0.77,2.0051106441950224,0.77,3.4508216956120403
1868,0.7720000000000002,1.9417324384685732,0.7720000000000002,3.40326662745578
1869,0.774,1.8790497627539526,0.774,3.356283655817365
1870,0.7760000000000002,1.8170561660530984,0.7760000000000002,3.309866410456528
1871,0.778,1.755745267469103,0.778,3.2640085862317325
1872,0.7800000000000002,1.6951107562061016,0.7800000000000002,3.218703943100099
1873,0.782,1.6351463915693818,0.782,3.173946306117479
1874,0.7840000000000003,1.575846002965278,0.7840000000000003,3.129729565438376
1875,0.786,1.517203489901274,0.786,3.0860476763160296
1876,0.7880000000000003,1.4592128219858997,0.7880000000000003,3.042894659102332
1877,0.79,1.4018680389288376,0.79,3.000264599247907
1878,0.7920000000000003,1.3451632505408138,0.7920000000000003,2.9581516473020337
1879,0.794,1.289092636733707,0.794,2.916550018912724
1880,0.7960000000000003,1.2336504475204428,0.7960000000000003,2.875453994826642
1881,0.798,1.1788310030150937,0.798,2.834857920889186
1882,0.8000000000000003,1.1246286934327827,0.8000000000000003,2.7947562080444097
1883,0.802,1.0710379790897813,0.802,2.7551433323350945
1884,0.8040000000000003,1.018053390403408,0.8040000000000003,2.7160138349026814
1885,0.806,0.9656695278921302,0.806,2.6773623219873395
1886,0.8080000000000003,0.9138810621754654,0.8080000000000003,2.6391834649278976
1887,0.81,0.8626827339740769,0.81,2.6014720001619085
1888,0.8120000000000003,0.8120693541096787,0.8120000000000003,2.5642227292255892
1889,0.8140000000000001,0.7620358035051317,0.8140000000000001,2.527430518753879
1890,0.8160000000000003,0.7125770331843468,0.8160000000000003,2.491090300480381
1891,0.8180000000000001,0.6636880642723813,0.8180000000000001,2.4551970712374214
1892,0.8200000000000003,0.6153639879953442,0.8200000000000003,2.4197458929559907
1893,0.8220000000000001,0.5675999656804875,0.8220000000000001,2.384731892665801
1894,0.8240000000000003,0.5203912287561188,0.8240000000000003,2.3501502624952293
1895,0.8260000000000001,0.47373307875168624,0.8260000000000001,2.3159962596713743
1896,0.8280000000000003,0.4276208872976953,0.8280000000000003,2.2822652065200004
1897,0.8300000000000001,0.3820500961257909,0.8300000000000001,2.248952490465592
1898,0.8320000000000003,0.33701621706867546,0.8320000000000003,2.2160535640313004
1899,0.8340000000000001,0.29251483206018913,0.8340000000000001,2.1835639448389967
1900,0.8360000000000003,0.24854159313523128,0.8360000000000003,2.1514792156092186
1901,0.8380000000000001,0.20509222242984182,0.8380000000000001,2.1197950241612245
1902,0.8400000000000003,0.16216251218111633,0.8400000000000003,2.088507083412938
1903,0.8420000000000001,0.11974832472728891,0.8420000000000001,2.057611171381004
1904,0.8440000000000003,0.07784559250765499,0.8440000000000003,2.0271031311807337
1905,0.8460000000000001,0.03645031806264354,0.8460000000000001,1.9969788710261573
1906,0.8480000000000003,0.0,0.8480000000000003,1.9672343642299737
1907,0.8500000000000001,0.0,0.8500000000000001,1.9378656492036004
1908,0.8520000000000003,0.0,0.8520000000000003,1.9088688294571208
1909,0.8540000000000001,0.0,0.8540000000000001,1.8802400735993396
1910,0.8560000000000003,0.0,0.8560000000000003,1.8519756153377278
1911,0.8580000000000001,0.0,0.8580000000000001,1.8240717534784765
1912,0.8600000000000003,0.0,0.8600000000000003,1.796524851926443
1913,0.8620000000000001,0.0,0.8620000000000001,1.7693313396852042
1914,0.8640000000000003,0.0,0.8640000000000003,1.742487710857006
1915,0.8660000000000001,0.0,0.8660000000000001,1.7159905246428107
1916,0.8680000000000003,0.0,0.8680000000000003,1.68983640534225
1917,0.8700000000000001,0.0,0.8700000000000001,1.6640220423536745
1918,0.8720000000000003,0.0,0.8720000000000003,1.6385441901741022
1919,0.8740000000000001,0.0,0.8740000000000001,1.6133996683992686
1920,0.8759999999999999,0.0,0.8759999999999999,1.5885853617235859
1921,0.8780000000000001,0.0,0.8780000000000001,1.5640982199401587
1922,0.8799999999999999,0.0,0.8799999999999999,1.5399352579408023
1923,0.8820000000000001,0.0,0.8820000000000001,1.5160935557160038
1924,0.8839999999999999,0.0,0.8839999999999999,1.4925699171529914
1925,0.8860000000000001,0.0,0.8860000000000001,1.4693554147588652
1926,0.8879999999999999,0.0,0.8879999999999999,1.446444292955611
1927,0.8900000000000001,0.0,0.8900000000000001,1.4238328720627227
1928,0.8919999999999999,0.0,0.8919999999999999,1.4015175074334927
1929,0.8940000000000001,0.0,0.8940000000000001,1.3794945894549704
1930,0.8959999999999999,0.0,0.8959999999999999,1.357760543548002
1931,0.8980000000000001,0.0,0.8980000000000001,1.3363118301671921
1932,0.8999999999999999,0.0,0.8999999999999999,1.3151449448009416
1933,0.9020000000000001,0.0,0.9020000000000001,1.2942564179714102
1934,0.9039999999999999,0.0,0.9039999999999999,1.2736428152345536
1935,0.9060000000000001,0.0,0.9060000000000001,1.2533007371800857
1936,0.9079999999999999,0.0,0.9079999999999999,1.2332268194315175
1937,0.9100000000000001,0.0,0.9100000000000001,1.213417732646118
1938,0.9119999999999999,0.0,0.9119999999999999,1.193870182514952
1939,0.9140000000000001,0.0,0.9140000000000001,1.1745809097628443
1940,0.9159999999999999,0.0,0.9159999999999999,1.1555466901484144
1941,0.9180000000000001,0.0,0.9180000000000001,1.1367643344640415
1942,0.9199999999999999,0.0,0.9199999999999999,1.1182306885358995
1943,0.9220000000000002,0.0,0.9220000000000002,1.0999426332239233
1944,0.9239999999999999,0.0,0.9239999999999999,1.0818970844218412
1945,0.9260000000000002,0.0,0.9260000000000002,1.0640909930571432
1946,0.9279999999999999,0.0,0.9279999999999999,1.0465213450911122
1947,0.9300000000000002,0.0,0.9300000000000002,1.0291851615187926
1948,0.9319999999999999,0.0,0.9319999999999999,1.0120794983690224
1949,0.9340000000000002,0.0,0.9340000000000002,0.9952014467044012
1950,0.9359999999999999,0.0,0.9359999999999999,0.9785481326213215
1951,0.9380000000000002,0.0,0.9380000000000002,0.9621167172499373
1952,0.94,0.0,0.94,0.9459043967541965
1953,0.9420000000000002,0.0,0.9420000000000002,0.9299084023318082
1954,0.944,0.0,0.944,0.9141260002142735
1955,0.9460000000000002,0.0,0.9460000000000002,0.8985544916668577
1956,0.948,0.0,0.948,0.8831912129886168
1957,0.9500000000000002,0.0,0.9500000000000002,0.8680335355123704
1958,0.952,0.0,0.952,0.8530788656047295
1959,0.9540000000000002,0.0,0.9540000000000002,0.8383246446660684
1960,0.956,0.0,0.956,0.8237683491305522
1961,0.9580000000000002,0.0,0.9580000000000002,0.8094074904661115
1962,0.96,0.0,0.96,0.7952396151744652
1963,0.9620000000000002,0.0,0.9620000000000002,0.7812623047910985
1964,0.964,0.0,0.964,0.767473175885286
1965,0.9660000000000002,0.0,0.9660000000000002,0.753869880060067
1966,0.968,0.0,0.968,0.7404501039522708
1967,0.9700000000000002,0.0,0.9700000000000002,0.7272115692324929
1968,0.972,0.0,0.972,0.7141520326051158
1969,0.9740000000000002,0.0,0.9740000000000002,0.7012692858082897
1970,0.976,0.0,0.976,0.6885611556139533
1971,0.9780000000000002,0.0,0.9780000000000002,0.6760255038278105
1972,0.98,0.0,0.98,0.6636602272893548
1973,0.9820000000000002,0.0,0.9820000000000002,0.651463257871846
1974,0.984,0.0,0.984,0.6394325624823312
1975,0.9860000000000002,0.0,0.9860000000000002,0.6275661430616255
1976,0.988,0.0,0.988,0.615862036584331
1977,0.9900000000000002,0.0,0.9900000000000002,0.6043183150588173
1978,0.992,0.0,0.992,0.5929330855272409
1979,0.9940000000000002,0.0,0.9940000000000002,0.581704490065527
1980,0.996,0.0,0.996,0.5706307057833868
1981,0.9980000000000002,0.0,0.9980000000000002,0.5597099448242997
1982,1.0,0.0,1.0,0.5489404543655321
1983,1.0020000000000002,0.0,1.0020000000000002,0.5383205166181184
1984,1.004,0.0,1.004,0.5278484488268795
1985,1.0060000000000002,0.0,1.0060000000000002,0.5175226032704047
1986,1.008,0.0,1.008,0.5073413672610697
1987,1.0100000000000002,0.0,1.0100000000000002,0.4973031631450186
1988,1.012,0.0,1.012,0.48740644830218166
1989,1.0140000000000002,0.0,1.0140000000000002,0.47764971514625826
1990,1.016,0.0,1.016,0.4680314911247333
1991,1.0180000000000002,0.0,1.0180000000000002,0.45854773316102415
1992,1.02,0.0,1.02,0.44919360114189677
1993,1.0220000000000002,0.0,1.0220000000000002,0.4399675434613217
1994,1.024,0.0,1.024,0.43086803264140494
1995,1.0260000000000002,0.0,1.0260000000000002,0.42189355290054437
1996,1.028,0.0,1.028,0.41304260015344674
1997,1.0300000000000002,0.0,1.0300000000000002,0.40431368201111084
1998,1.032,0.0,1.032,0.39570531778084406
1999,1.0340000000000003,0.0,1.0340000000000003,0.38721603846624625
2000,1.036,0.0,1.036,0.37884438676722515
2001,1.0379999999999998,0.0,1.0379999999999998,0.37058891707998337
2002,1.0400000000000005,0.0,1.0400000000000005,0.36244819549702223
2003,1.0420000000000003,0.0,1.0420000000000003,0.35442079980715424
2004,1.044,0.0,1.044,0.34650531949548125
2005,1.0459999999999998,0.0,1.0459999999999998,0.33870035574340945
2006,1.0480000000000005,0.0,1.0480000000000005,0.3310045214286417
2007,1.0500000000000003,0.0,1.0500000000000003,0.32341644112519174
2008,1.052,0.0,1.052,0.3159347511033632
2009,1.0539999999999998,0.0,1.0539999999999998,0.3085580993297637
2010,1.0560000000000005,0.0,1.0560000000000005,0.30128514546729795
2011,1.0580000000000003,0.0,1.0580000000000003,0.29411456087518084
2012,1.06,0.0,1.06,0.2870450286089177
2013,1.0619999999999998,0.0,1.0619999999999998,0.28007524342031775
2014,1.0640000000000005,0.0,1.0640000000000005,0.27320391175748737
2015,1.0660000000000003,0.0,1.0660000000000003,0.2664297517648426
2016,1.068,0.0,1.068,0.25975149328309066
2017,1.0699999999999998,0.0,1.0699999999999998,0.2531678778492421
2018,1.0720000000000005,0.0,1.0720000000000005,0.24667765869660518
2019,1.0740000000000003,0.0,1.0740000000000003,0.24027960075479693
2020,1.076,0.0,1.076,0.23397248064972653
2021,1.0779999999999998,0.0,1.0779999999999998,0.22775508670360597
2022,1.0800000000000005,0.0,1.0800000000000005,0.22162621893494522
2023,1.0820000000000003,0.0,1.0820000000000003,0.21558468905856262
2024,1.084,0.0,1.084,0.20962932048556887
2025,1.0859999999999999,0.0,1.0859999999999999,0.2037589483233777
2026,1.0880000000000005,0.0,1.0880000000000005,0.1979724193757005
2027,1.0900000000000003,0.0,1.0900000000000003,0.19226859214255715
2028,1.092,0.0,1.092,0.18664633682025994
2029,1.0939999999999999,0.0,1.0939999999999999,0.18110453530142404
2030,1.0960000000000005,0.0,1.0960000000000005,0.17564208117496272
2031,1.0980000000000003,0.0,1.0980000000000003,0.1702578797260971
2032,1.1,0.0,1.1,0.1649508479363409
2033,1.1019999999999999,0.0,1.1019999999999999,0.15971991448351106
2034,1.1040000000000005,0.0,1.1040000000000005,0.15456401974172257
2035,1.1060000000000003,0.0,1.1060000000000003,0.14948211578139758
2036,1.108,0.0,1.108,0.14447316636925173
2037,1.1099999999999999,0.0,1.1099999999999999,0.13953614696830346
2038,1.1120000000000005,0.0,1.1120000000000005,0.13467004473786928
2039,1.1140000000000003,0.0,1.1140000000000003,0.1298738585335729
2040,1.116,0.0,1.116,0.12514659890733143
2041,1.1179999999999999,0.0,1.1179999999999999,0.12048728810736486
2042,1.1200000000000006,0.0,1.1200000000000006,0.11589496007819142
2043,1.1220000000000003,0.0,1.1220000000000003,0.11136866046063593
2044,1.124,0.0,1.124,0.10690744659181756
2045,1.126,0.0,1.126,0.1025103875051576
2046,1.1280000000000006,0.0,1.1280000000000006,0.098176563930376
2047,1.1300000000000003,0.0,1.1300000000000003,0.09390506829349879
2048,1.1320000000000001,0.0,1.1320000000000001,0.08969500471684674
2049,1.134,0.0,1.134,0.08554548901904296
2050,1.1359999999999997,0.0,1.1359999999999997,0.08145564871501076
2051,1.1380000000000003,0.0,1.1380000000000003,0.07742462301597197
2052,1.1400000000000001,0.0,1.1400000000000001,0.07345156282945459
2053,1.142,0.0,1.142,0.06953563075928121
2054,1.1439999999999997,0.0,1.1439999999999997,0.06567600110557686
2055,1.1460000000000004,0.0,1.1460000000000004,0.06187185986476518
2056,1.1480000000000001,0.0,1.1480000000000001,0.05812240472957511
2057,1.15,0.0,1.15,0.054426845089031395
2058,1.1519999999999997,0.0,1.1519999999999997,0.05078440202846002
2059,1.1540000000000004,0.0,1.1540000000000004,0.047194308329486734
2060,1.1560000000000001,0.0,1.1560000000000001,0.04365580847004172
2061,1.158,0.0,1.158,0.04016815862435116
2062,1.1599999999999997,0.0,1.1599999999999997,0.036730626662942856
2063,1.1620000000000004,0.0,1.1620000000000004,0.03334249215264393
2064,1.1640000000000001,0.0,1.1640000000000001,0.030003046356586183
2065,1.166,0.0,1.166,0.02671159223419728
2066,1.1679999999999997,0.0,1.1679999999999997,0.02346744444120663
2067,1.1700000000000004,0.0,1.1700000000000004,0.020269929329643
2068,1.1720000000000002,0.0,1.1720000000000002,0.01711830326330633
2069,1.174,0.0,1.174,0.01401144790205516
2070,1.1759999999999997,0.0,1.1759999999999997,0.010948736116988338
2071,1.1780000000000004,0.0,1.1780000000000004,0.00792963694544565
2072,1.1800000000000002,0.0,1.1800000000000002,0.0049536229859747285
2073,1.182,0.0,1.182,0.0020201703983230342
2074,1.1839999999999997,0.0,1.1839999999999997,0.0
2075,1.1860000000000004,0.0,1.1860000000000004,0.0
2076,1.1880000000000002,0.0,1.1880000000000002,0.0
2077,1.19,0.0,1.19,0.0
2078,1.1919999999999997,0.0,1.1919999999999997,0.0
2079,1.1940000000000004,0.0,1.1940000000000004,0.0
2080,1.1960000000000002,0.0,1.1960000000000002,0.0
2081,1.198,0.0,1.198,0.0
2082,1.1999999999999997,0.0,1.1999999999999997,0.0
2083,1.2020000000000004,0.0,1.2020000000000004,0.0
2084,1.2040000000000002,0.0,1.2040000000000002,0.0
2085,1.206,0.0,1.206,0.0
2086,1.2079999999999997,0.0,1.2079999999999997,0.0
2087,1.2100000000000004,0.0,1.2100000000000004,0.0
2088,1.2120000000000002,0.0,1.2120000000000002,0.0
2089,1.214,0.0,1.214,0.0
2090,1.2159999999999997,0.0,1.2159999999999997,0.0
2091,1.2180000000000004,0.0,1.2180000000000004,0.0
2092,1.2200000000000002,0.0,1.2200000000000002,0.0
2093,1.222,0.0,1.222,0.0
2094,1.2239999999999998,0.0,1.2239999999999998,0.0
2095,1.2260000000000004,0.0,1.2260000000000004,0.0
2096,1.2280000000000002,0.0,1.2280000000000002,0.0
2097,1.23,0.0,1.23,0.0
2098,1.2319999999999998,0.0,1.2319999999999998,0.0
2099,1.2340000000000004,0.0,1.2340000000000004,0.0
2100,1.2360000000000002,0.0,1.2360000000000002,0.0
2101,1.238,0.0,1.238,0.0
2102,1.2399999999999998,0.0,1.2399999999999998,0.0
2103,1.2420000000000004,0.0,1.2420000000000004,0.0
2104,1.2440000000000002,0.0,1.2440000000000002,0.0
2105,1.246,0.0,1.246,0.0
2106,1.2479999999999998,0.0,1.2479999999999998,0.0
2107,1.2500000000000004,0.0,1.2500000000000004,0.0
2108,1.2520000000000002,0.0,1.2520000000000002,0.0
2109,1.254,0.0,1.254,0.0
2110,1.2559999999999998,0.0,1.2559999999999998,0.0
2111,1.2580000000000005,0.0,1.2580000000000005,0.0
2112,1.2600000000000002,0.0,1.2600000000000002,0.0
2113,1.262,0.0,1.262,0.0
2114,1.2639999999999998,0.0,1.2639999999999998,0.0
2115,1.2660000000000005,0.0,1.2660000000000005,0.0
2116,1.2680000000000002,0.0,1.2680000000000002,0.0
2117,1.27,0.0,1.27,0.0
2118,1.2719999999999998,0.0,1.2719999999999998,0.0
2119,1.2740000000000005,0.0,1.2740000000000005,0.0
2120,1.2760000000000002,0.0,1.2760000000000002,0.0
2121,1.278,0.0,1.278,0.0
2122,1.2799999999999998,0.0,1.2799999999999998,0.0
2123,1.2820000000000005,0.0,1.2820000000000005,0.0
2124,1.2840000000000003,0.0,1.2840000000000003,0.0
2125,1.286,0.0,1.286,0.0
2126,1.2879999999999998,0.0,1.2879999999999998,0.0
2127,1.2900000000000005,0.0,1.2900000000000005,0.0
2128,1.2920000000000003,0.0,1.2920000000000003,0.0
2129,1.294,0.0,1.294,0.0
2130,1.2959999999999998,0.0,1.2959999999999998,0.0
2131,1.2980000000000005,0.0,1.2980000000000005,0.0
2132,1.3000000000000003,0.0,1.3000000000000003,0.0
2133,1.302,0.0,1.302,0.0
2134,1.3039999999999998,0.0,1.3039999999999998,0.0
2135,1.3060000000000005,0.0,1.3060000000000005,0.0
2136,1.3080000000000003,0.0,1.3080000000000003,0.0
2137,1.31,0.0,1.31,0.0
2138,1.3119999999999998,0.0,1.3119999999999998,0.0
2139,1.3140000000000005,0.0,1.3140000000000005,0.0
2140,1.3160000000000003,0.0,1.3160000000000003,0.0
2141,1.318,0.0,1.318,0.0
2142,1.3199999999999998,0.0,1.3199999999999998,0.0
2143,1.3220000000000005,0.0,1.3220000000000005,0.0
2144,1.3240000000000003,0.0,1.3240000000000003,0.0
2145,1.326,0.0,1.326,0.0
2146,1.3279999999999998,0.0,1.3279999999999998,0.0
2147,1.3300000000000005,0.0,1.3300000000000005,0.0
2148,1.3320000000000003,0.0,1.3320000000000003,0.0
2149,1.334,0.0,1.334,0.0
2150,1.3359999999999999,0.0,1.3359999999999999,0.0
2151,1.3380000000000005,0.0,1.3380000000000005,0.0
2152,1.3400000000000003,0.0,1.3400000000000003,0.0
2153,1.342,0.0,1.342,0.0
2154,1.3439999999999999,0.0,1.3439999999999999,0.0
2155,1.3460000000000005,0.0,1.3460000000000005,0.0
2156,1.3480000000000003,0.0,1.3480000000000003,0.0
2157,1.35,0.0,1.35,0.0
2158,1.3519999999999999,0.0,1.3519999999999999,0.0
2159,1.3540000000000005,0.0,1.3540000000000005,0.0
2160,1.3560000000000003,0.0,1.3560000000000003,0.0
2161,1.358,0.0,1.358,0.0
2162,1.3599999999999999,0.0,1.3599999999999999,0.0
2163,1.3620000000000005,0.0,1.3620000000000005,0.0
2164,1.3640000000000003,0.0,1.3640000000000003,0.0
2165,1.366,0.0,1.366,0.0
2166,1.3679999999999999,0.0,1.3679999999999999,0.0
2167,1.3700000000000006,0.0,1.3700000000000006,0.0
2168,1.3720000000000003,0.0,1.3720000000000003,0.0
2169,1.374,0.0,1.374,0.0
2170,1.376,0.0,1.376,0.0
2171,1.3780000000000006,0.0,1.3780000000000006,0.0
2172,1.3800000000000003,0.0,1.3800000000000003,0.0
2173,1.3820000000000001,0.0,1.3820000000000001,0.0
2174,1.384,0.0,1.384,0.0
2175,1.3860000000000006,0.0,1.3860000000000006,0.0
2176,1.3880000000000003,0.0,1.3880000000000003,0.0
2177,1.3900000000000001,0.0,1.3900000000000001,0.0
2178,1.392,0.0,1.392,0.0
2179,1.3939999999999997,0.0,1.3939999999999997,0.0
2180,1.3960000000000004,0.0,1.3960000000000004,0.0
2181,1.3980000000000001,0.0,1.3980000000000001,0.0
2182,1.4,0.0,1.4,0.0
2183,1.4019999999999997,0.0,1.4019999999999997,0.0
2184,1.4040000000000004,0.0,1.4040000000000004,0.0
2185,1.4060000000000001,0.0,1.4060000000000001,0.0
2186,1.408,0.0,1.408,0.0
2187,1.4099999999999997,0.0,1.4099999999999997,0.0
2188,1.4120000000000004,0.0,1.4120000000000004,0.0
2189,1.4140000000000001,0.0,1.4140000000000001,0.0
2190,1.416,0.0,1.416,0.0
2191,1.4179999999999997,0.0,1.4179999999999997,0.0
2192,1.4200000000000004,0.0,1.4200000000000004,0.0
2193,1.4220000000000002,0.0,1.4220000000000002,0.0
2194,1.424,0.0,1.424,0.0
2195,1.4259999999999997,0.0,1.4259999999999997,0.0
2196,1.4280000000000004,0.0,1.4280000000000004,0.0
2197,1.4300000000000002,0.0,1.4300000000000002,0.0
2198,1.432,0.0,1.432,0.0
2199,1.4339999999999997,0.0,1.4339999999999997,0.0
2200,1.4360000000000004,0.0,1.4360000000000004,0.0
2201,1.4380000000000002,0.0,1.4380000000000002,0.0
2202,1.44,0.0,1.44,0.0
2203,1.4419999999999997,0.0,1.4419999999999997,0.0
2204,1.4440000000000004,0.0,1.4440000000000004,0.0
2205,1.4460000000000002,0.0,1.4460000000000002,0.0
2206,1.448,0.0,1.448,0.0
2207,1.4499999999999997,0.0,1.4499999999999997,0.0
2208,1.4520000000000004,0.0,1.4520000000000004,0.0
2209,1.4540000000000002,0.0,1.4540000000000002,0.0
2210,1.456,0.0,1.456,0.0
2211,1.4579999999999997,0.0,1.4579999999999997,0.0
2212,1.4600000000000004,0.0,1.4600000000000004,0.0
2213,1.4620000000000002,0.0,1.4620000000000002,0.0
2214,1.464,0.0,1.464,0.0
2215,1.4659999999999997,0.0,1.4659999999999997,0.0
2216,1.4680000000000004,0.0,1.4680000000000004,0.0
2217,1.4700000000000002,0.0,1.4700000000000002,0.0
2218,1.472,0.0,1.472,0.0
2219,1.4739999999999998,0.0,1.4739999999999998,0.0
2220,1.4760000000000004,0.0,1.4760000000000004,0.0
2221,1.4780000000000002,0.0,1.4780000000000002,0.0
2222,1.48,0.0,1.48,0.0
2223,1.4819999999999998,0.0,1.4819999999999998,0.0
2224,1.4840000000000004,0.0,1.4840000000000004,0.0
2225,1.4860000000000002,0.0,1.4860000000000002,0.0
2226,1.488,0.0,1.488,0.0
2227,1.4899999999999998,0.0,1.4899999999999998,0.0
2228,1.4920000000000004,0.0,1.4920000000000004,0.0
2229,1.4940000000000002,0.0,1.4940000000000002,0.0
2230,1.496,0.0,1.496,0.0
2231,1.4979999999999998,0.0,1.4979999999999998,0.0
2232,1.5000000000000004,0.0,1.5000000000000004,0.0
2233,1.5020000000000002,0.0,1.5020000000000002,0.0
2234,1.504,0.0,1.504,0.0
2235,1.5059999999999998,0.0,1.5059999999999998,0.0
2236,1.5080000000000005,0.0,1.5080000000000005,0.0
2237,1.5100000000000002,0.0,1.5100000000000002,0.0
2238,1.512,0.0,1.512,0.0
2239,1.5139999999999998,0.0,1.5139999999999998,0.0
2240,1.5160000000000005,0.0,1.5160000000000005,0.0
2241,1.5180000000000002,0.0,1.5180000000000002,0.0
2242,1.52,0.0,1.52,0.0
2243,1.5219999999999998,0.0,1.5219999999999998,0.0
2244,1.5240000000000005,0.0,1.5240000000000005,0.0
2245,1.5260000000000002,0.0,1.5260000000000002,0.0
2246,1.528,0.0,1.528,0.0
2247,1.5299999999999998,0.0,1.5299999999999998,0.0
2248,1.5320000000000005,0.0,1.5320000000000005,0.0
2249,1.5340000000000003,0.0,1.5340000000000003,0.0
2250,1.536,0.0,1.536,0.0
2251,1.5379999999999998,0.0,1.5379999999999998,0.0
2252,1.5400000000000005,0.0,1.5400000000000005,0.0
2253,1.5420000000000003,0.0,1.5420000000000003,0.0
2254,1.544,0.0,1.544,0.0
2255,1.5459999999999998,0.0,1.5459999999999998,0.0
2256,1.5480000000000005,0.0,1.5480000000000005,0.0
2257,1.5500000000000003,0.0,1.5500000000000003,0.0
2258,1.552,0.0,1.552,0.0
2259,1.5539999999999998,0.0,1.5539999999999998,0.0
2260,1.5560000000000005,0.0,1.5560000000000005,0.0
2261,1.5580000000000003,0.0,1.5580000000000003,0.0
2262,1.56,0.0,1.56,0.0
2263,1.5619999999999998,0.0,1.5619999999999998,0.0
2264,1.5640000000000005,0.0,1.5640000000000005,0.0
2265,1.5660000000000003,0.0,1.5660000000000003,0.0
2266,1.568,0.0,1.568,0.0
2267,1.5699999999999998,0.0,1.5699999999999998,0.0
2268,1.5720000000000005,0.0,1.5720000000000005,0.0
2269,1.5740000000000003,0.0,1.5740000000000003,0.0
2270,1.576,0.0,1.576,0.0
2271,1.5779999999999998,0.0,1.5779999999999998,0.0
2272,1.5800000000000005,0.0,1.5800000000000005,0.0
2273,1.5820000000000003,0.0,1.5820000000000003,0.0
2274,1.584,0.0,1.584,0.0
2275,1.5859999999999999,0.0,1.5859999999999999,0.0
2276,1.5880000000000005,0.0,1.5880000000000005,0.0
2277,1.5900000000000003,0.0,1.5900000000000003,0.0
2278,1.592,0.0,1.592,0.0
2279,1.5939999999999999,0.0,1.5939999999999999,0.0
2280,1.5960000000000005,0.0,1.5960000000000005,0.0
2281,1.5980000000000003,0.0,1.5980000000000003,0.0
2282,1.6,0.0,1.6,0.0
2283,1.6019999999999999,0.0,1.6019999999999999,0.0
2284,1.6040000000000005,0.0,1.6040000000000005,0.0
2285,1.6060000000000003,0.0,1.6060000000000003,0.0
2286,1.608,0.0,1.608,0.0
2287,1.6099999999999999,0.0,1.6099999999999999,0.0
2288,1.6120000000000005,0.0,1.6120000000000005,0.0
2289,1.6140000000000003,0.0,1.6140000000000003,0.0
2290,1.616,0.0,1.616,0.0
2291,1.6179999999999999,0.0,1.6179999999999999,0.0
2292,1.6200000000000006,0.0,1.6200000000000006,0.0
2293,1.6220000000000003,0.0,1.6220000000000003,0.0
2294,1.624,0.0,1.624,0.0
2295,1.626,0.0,1.626,0.0
2296,1.6280000000000006,0.0,1.6280000000000006,0.0
2297,1.6300000000000003,0.0,1.6300000000000003,0.0
2298,1.6320000000000001,0.0,1.6320000000000001,0.0
2299,1.634,0.0,1.634,0.0
2300,1.6360000000000006,0.0,1.6360000000000006,0.0
2301,1.6380000000000003,0.0,1.6380000000000003,0.0
2302,1.6400000000000001,0.0,1.6400000000000001,0.0
2303,1.642,0.0,1.642,0.0
2304,1.6440000000000006,0.0,1.6440000000000006,0.0
2305,1.6460000000000004,0.0,1.6460000000000004,0.0
2306,1.6480000000000001,0.0,1.6480000000000001,0.0
2307,1.65,0.0,1.65,0.0
2308,1.6519999999999997,0.0,1.6519999999999997,0.0
2309,1.6540000000000004,0.0,1.6540000000000004,0.0
2310,1.6560000000000001,0.0,1.6560000000000001,0.0
2311,1.658,0.0,1.658,0.0
2312,1.6599999999999997,0.0,1.6599999999999997,0.0
2313,1.6620000000000004,0.0,1.6620000000000004,0.0
2314,1.6640000000000001,0.0,1.6640000000000001,0.0
2315,1.666,0.0,1.666,0.0
2316,1.6679999999999997,0.0,1.6679999999999997,0.0
2317,1.6700000000000004,0.0,1.6700000000000004,0.0
2318,1.6720000000000002,0.0,1.6720000000000002,0.0
2319,1.674,0.0,1.674,0.0
2320,1.6759999999999997,0.0,1.6759999999999997,0.0
2321,1.6780000000000004,0.0,1.6780000000000004,0.0
2322,1.6800000000000002,0.0,1.6800000000000002,0.0
2323,1.682,0.0,1.682,0.0
2324,1.6839999999999997,0.0,1.6839999999999997,0.0
2325,1.6860000000000004,0.0,1.6860000000000004,0.0
2326,1.6880000000000002,0.0,1.6880000000000002,0.0
2327,1.69,0.0,1.69,0.0
2328,1.6919999999999997,0.0,1.6919999999999997,0.0
2329,1.6940000000000004,0.0,1.6940000000000004,0.0
2330,1.6960000000000002,0.0,1.6960000000000002,0.0
2331,1.698,0.0,1.698,0.0
2332,1.6999999999999997,0.0,1.6999999999999997,0.0
2333,1.7020000000000004,0.0,1.7020000000000004,0.0
2334,1.7040000000000002,0.0,1.7040000000000002,0.0
2335,1.706,0.0,1.706,0.0
2336,1.7079999999999997,0.0,1.7079999999999997,0.0
2337,1.7100000000000004,0.0,1.7100000000000004,0.0
2338,1.7120000000000002,0.0,1.7120000000000002,0.0
2339,1.714,0.0,1.714,0.0
2340,1.7159999999999997,0.0,1.7159999999999997,0.0
2341,1.7180000000000004,0.0,1.7180000000000004,0.0
2342,1.7200000000000002,0.0,1.7200000000000002,0.0
2343,1.722,0.0,1.722,0.0
2344,1.7239999999999998,0.0,1.7239999999999998,0.0
2345,1.7260000000000004,0.0,1.7260000000000004,0.0
2346,1.7280000000000002,0.0,1.7280000000000002,0.0
2347,1.73,0.0,1.73,0.0
2348,1.7319999999999998,0.0,1.7319999999999998,0.0
2349,1.7340000000000004,0.0,1.7340000000000004,0.0
2350,1.7360000000000002,0.0,1.7360000000000002,0.0
2351,1.738,0.0,1.738,0.0
2352,1.7399999999999998,0.0,1.7399999999999998,0.0
2353,1.7420000000000004,0.0,1.7420000000000004,0.0
2354,1.7440000000000002,0.0,1.7440000000000002,0.0
2355,1.746,0.0,1.746,0.0
2356,1.7479999999999998,0.0,1.7479999999999998,0.0
2357,1.7500000000000004,0.0,1.7500000000000004,0.0
2358,1.7520000000000002,0.0,1.7520000000000002,0.0
2359,1.754,0.0,1.754,0.0
2360,1.7559999999999998,0.0,1.7559999999999998,0.0
2361,1.7580000000000005,0.0,1.7580000000000005,0.0
2362,1.7600000000000002,0.0,1.7600000000000002,0.0
2363,1.762,0.0,1.762,0.0
2364,1.7639999999999998,0.0,1.7639999999999998,0.0
2365,1.7660000000000005,0.0,1.7660000000000005,0.0
2366,1.7680000000000002,0.0,1.7680000000000002,0.0
2367,1.77,0.0,1.77,0.0
2368,1.7719999999999998,0.0,1.7719999999999998,0.0
2369,1.7740000000000005,0.0,1.7740000000000005,0.0
2370,1.7760000000000002,0.0,1.7760000000000002,0.0
2371,1.778,0.0,1.778,0.0
2372,1.7799999999999998,0.0,1.7799999999999998,0.0
2373,1.7820000000000005,0.0,1.7820000000000005,0.0
2374,1.7840000000000003,0.0,1.7840000000000003,0.0
2375,1.786,0.0,1.786,0.0
2376,1.7879999999999998,0.0,1.7879999999999998,0.0
2377,1.7900000000000005,0.0,1.7900000000000005,0.0
2378,1.7920000000000003,0.0,1.7920000000000003,0.0
2379,1.794,0.0,1.794,0.0
2380,1.7959999999999998,0.0,1.7959999999999998,0.0
2381,1.7980000000000005,0.0,1.7980000000000005,0.0
2382,1.8000000000000003,0.0,1.8000000000000003,0.0
2383,1.802,0.0,1.802,0.0
2384,1.8039999999999998,0.0,1.8039999999999998,0.0
2385,1.8060000000000005,0.0,1.8060000000000005,0.0
2386,1.8080000000000003,0.0,1.8080000000000003,0.0
2387,1.81,0.0,1.81,0.0
2388,1.8119999999999998,0.0,1.8119999999999998,0.0
2389,1.8140000000000005,0.0,1.8140000000000005,0.0
2390,1.8160000000000003,0.0,1.8160000000000003,0.0
2391,1.818,0.0,1.818,0.0
2392,1.8199999999999998,0.0,1.8199999999999998,0.0
2393,1.8220000000000005,0.0,1.8220000000000005,0.0
2394,1.8240000000000003,0.0,1.8240000000000003,0.0
2395,1.826,0.0,1.826,0.0
2396,1.8279999999999998,0.0,1.8279999999999998,0.0
2397,1.8300000000000005,0.0,1.8300000000000005,0.0
2398,1.8320000000000003,0.0,1.8320000000000003,0.0
2399,1.834,0.0,1.834,0.0
2400,1.8359999999999999,0.0,1.8359999999999999,0.0
2401,1.8380000000000005,0.0,1.8380000000000005,0.0
2402,1.8400000000000003,0.0,1.8400000000000003,0.0
2403,1.842,0.0,1.842,0.0
2404,1.8439999999999999,0.0,1.8439999999999999,0.0
2405,1.8460000000000005,0.0,1.8460000000000005,0.0
2406,1.8480000000000003,0.0,1.8480000000000003,0.0
2407,1.85,0.0,1.85,0.0
2408,1.8519999999999999,0.0,1.8519999999999999,0.0
2409,1.8540000000000005,0.0,1.8540000000000005,0.0
2410,1.8560000000000003,0.0,1.8560000000000003,0.0
2411,1.858,0.0,1.858,0.0
2412,1.8599999999999999,0.0,1.8599999999999999,0.0
2413,1.8620000000000005,0.0,1.8620000000000005,0.0
2414,1.8640000000000003,0.0,1.8640000000000003,0.0
2415,1.866,0.0,1.866,0.0
2416,1.8679999999999999,0.0,1.8679999999999999,0.0
2417,1.8700000000000006,0.0,1.8700000000000006,0.0
2418,1.8720000000000003,0.0,1.8720000000000003,0.0
2419,1.874,0.0,1.874,0.0
2420,1.876,0.0,1.876,0.0
2421,1.8780000000000006,0.0,1.8780000000000006,0.0
2422,1.8800000000000003,0.0,1.8800000000000003,0.0
2423,1.8820000000000001,0.0,1.8820000000000001,0.0
2424,1.884,0.0,1.884,0.0
2425,1.8860000000000006,0.0,1.8860000000000006,0.0
2426,1.8880000000000003,0.0,1.8880000000000003,0.0
2427,1.8900000000000001,0.0,1.8900000000000001,0.0
2428,1.892,0.0,1.892,0.0
2429,1.8940000000000006,0.0,1.8940000000000006,0.0
2430,1.8960000000000004,0.0,1.8960000000000004,0.0
2431,1.8980000000000001,0.0,1.8980000000000001,0.0
2432,1.9,0.0,1.9,0.0
2433,1.9019999999999997,0.0,1.9019999999999997,0.0
2434,1.9040000000000004,0.0,1.9040000000000004,0.0
2435,1.9060000000000001,0.0,1.9060000000000001,0.0
2436,1.908,0.0,1.908,0.0
2437,1.9099999999999997,0.0,1.9099999999999997,0.0
2438,1.9120000000000004,0.0,1.9120000000000004,0.0
2439,1.9140000000000001,0.0,1.9140000000000001,0.0
2440,1.916,0.0,1.916,0.0
2441,1.9179999999999997,0.0,1.9179999999999997,0.0
2442,1.9200000000000004,0.0,1.9200000000000004,0.0
2443,1.9220000000000002,0.0,1.9220000000000002,0.0
2444,1.924,0.0,1.924,0.0
2445,1.9259999999999997,0.0,1.9259999999999997,0.0
2446,1.9280000000000004,0.0,1.9280000000000004,0.0
2447,1.9300000000000002,0.0,1.9300000000000002,0.0
2448,1.932,0.0,1.932,0.0
2449,1.9339999999999997,0.0,1.9339999999999997,0.0
2450,1.9360000000000004,0.0,1.9360000000000004,0.0
2451,1.9380000000000002,0.0,1.9380000000000002,0.0
2452,1.94,0.0,1.94,0.0
2453,1.9419999999999997,0.0,1.9419999999999997,0.0
2454,1.9440000000000004,0.0,1.9440000000000004,0.0
2455,1.9460000000000002,0.0,1.9460000000000002,0.0
2456,1.948,0.0,1.948,0.0
2457,1.9499999999999997,0.0,1.9499999999999997,0.0
2458,1.9520000000000004,0.0,1.9520000000000004,0.0
2459,1.9540000000000002,0.0,1.9540000000000002,0.0
2460,1.956,0.0,1.956,0.0
2461,1.9579999999999997,0.0,1.9579999999999997,0.0
2462,1.9600000000000004,0.0,1.9600000000000004,0.0
2463,1.9620000000000002,0.0,1.9620000000000002,0.0
2464,1.964,0.0,1.964,0.0
2465,1.9659999999999997,0.0,1.9659999999999997,0.0
2466,1.9680000000000004,0.0,1.9680000000000004,0.0
2467,1.9700000000000002,0.0,1.9700000000000002,0.0
2468,1.972,0.0,1.972,0.0
2469,1.9739999999999998,0.0,1.9739999999999998,0.0
2470,1.9760000000000004,0.0,1.9760000000000004,0.0
2471,1.9780000000000002,0.0,1.9780000000000002,0.0
2472,1.98,0.0,1.98,0.0
2473,1.9819999999999998,0.0,1.9819999999999998,0.0
2474,1.9840000000000004,0.0,1.9840000000000004,0.0
2475,1.9860000000000002,0.0,1.9860000000000002,0.0
2476,1.988,0.0,1.988,0.0
2477,1.9899999999999998,0.0,1.9899999999999998,0.0
2478,1.9920000000000004,0.0,1.9920000000000004,0.0
2479,1.9940000000000002,0.0,1.9940000000000002,0.0
2480,1.996,0.0,1.996,0.0
2481,1.9979999999999998,0.0,1.9979999999999998,0.0
2482,2.0000000000000004,0.0,2.0000000000000004,0.0
2483,2.0020000000000002,0.0,2.0020000000000002,0.0
2484,2.004,0.0,2.004,0.0
2485,2.006,0.0,2.006,0.0
2486,2.0080000000000005,0.0,2.0080000000000005,0.0
2487,2.0100000000000002,0.0,2.0100000000000002,0.0
2488,2.012,0.0,2.012,0.0
2489,2.014,0.0,2.014,0.0
2490,2.0160000000000005,0.0,2.0160000000000005,0.0
2491,2.0180000000000002,0.0,2.0180000000000002,0.0
2492,2.02,0.0,2.02,0.0
2493,2.022,0.0,2.022,0.0
2494,2.0240000000000005,0.0,2.0240000000000005,0.0
2495,2.0260000000000002,0.0,2.0260000000000002,0.0
2496,2.028,0.0,2.028,0.0
2497,2.03,0.0,2.03,0.0
2498,2.0320000000000005,0.0,2.0320000000000005,0.0
2499,2.0340000000000003,0.0,2.0340000000000003,0.0
2500,2.036,0.0,2.036,0.0
2501,2.038,0.0,2.038,0.0
2502,2.0400000000000005,0.0,2.0400000000000005,0.0
2503,2.0420000000000003,0.0,2.0420000000000003,0.0
