,_EON_x,_EON_y
0,-3.866,0.014779855826979937
1,-3.8640000000000003,0.014478688787503427
2,-3.862,0.014182499515959531
3,-3.8600000000000003,0.013891205809954552
4,-3.858,0.013604726825570512
5,-3.8560000000000003,0.013322982995588229
6,-3.854,0.013045896029487303
7,-3.8520000000000003,0.012773388913446123
8,-3.85,0.012505385910341858
9,-3.8480000000000003,0.012241812361675035
10,-3.846,0.011982593952987002
11,-3.8440000000000003,0.011727659170851007
12,-3.842,0.011476937836950942
13,-3.8400000000000003,0.011230360773349508
14,-3.838,0.010987859802488207
15,-3.8360000000000003,0.01074936774718734
16,-3.834,0.010514818430646021
17,-3.8320000000000003,0.010284146676442158
18,-3.83,0.01005728830853247
19,-3.8280000000000003,0.009834180151252472
20,-3.826,0.00961476002931649
21,-3.8240000000000003,0.009398966767817646
22,-3.822,0.009186740192227873
23,-3.8200000000000003,0.008978021128397901
24,-3.818,0.008772751402557266
25,-3.8160000000000003,0.00857087384131431
26,-3.814,0.008372331796735662
27,-3.8120000000000003,0.008177067476165865
28,-3.81,0.007985027471014917
29,-3.8080000000000003,0.007796159722828227
30,-3.806,0.007610412845639005
31,-3.8040000000000003,0.007427736125968266
32,-3.802,0.007248079522824834
33,-3.8000000000000003,0.007071393667705336
34,-3.798,0.006897629864594208
35,-3.7960000000000003,0.006726740089963688
36,-3.794,0.006558676992773819
37,-3.7920000000000003,0.006393393894472459
38,-3.79,0.0062308447889952556
39,-3.7880000000000003,0.0060709843427656784
40,-3.786,0.005913767894694992
41,-3.7840000000000003,0.00575915145618227
42,-3.782,0.005607091711114395
43,-3.7800000000000002,0.005457546015866049
44,-3.778,0.005310472399299725
45,-3.7760000000000002,0.00516582956276572
46,-3.774,0.005023576880102135
47,-3.7720000000000002,0.0048836743976348775
48,-3.77,0.004746082834177661
49,-3.7680000000000002,0.004610763581032009
50,-3.766,0.004477678701987243
51,-3.7640000000000002,0.004346789315298227
52,-3.762,0.004218056277321363
53,-3.7600000000000002,0.0040914455179890934
54,-3.758,0.003966923520358939
55,-3.7560000000000002,0.003844457155277703
56,-3.754,0.0037240136813814755
57,-3.7520000000000002,0.003605560745095625
58,-3.75,0.003489066380634811
59,-3.748,0.0033744990100029702
60,-3.746,0.003261827442993328
61,-3.744,0.0031510208771883905
62,-3.742,0.0030420488979599498
63,-3.74,0.0029348814784690806
64,-3.738,0.002829488979666145
65,-3.736,0.0027258421502907824
66,-3.734,0.00262391212687192
67,-3.732,0.002523670433727771
68,-3.73,0.002425088982965829
69,-3.728,0.002328140074482874
70,-3.726,0.002232796395964966
71,-3.724,0.0021390310228874554
72,-3.722,0.002046817418514967
73,-3.72,0.0019561294339014226
74,-3.718,0.0018669413078900125
75,-3.716,0.0017792276671132253
76,-3.714,0.0016929635259928244
77,-3.712,0.0016081242867398583
78,-3.71,0.0015246857393546621
79,-3.708,0.0014426240616268564
80,-3.706,0.0013619158191353377
81,-3.704,0.0012825379652482965
82,-3.702,0.0012044678411231996
83,-3.7,0.0011276829014478136
84,-3.698,0.0010521580762060598
85,-3.696,0.0009778728737407597
86,-3.694,0.0009048084810710615
87,-3.692,0.000832946271458565
88,-3.69,0.0007622678044073329
89,-3.688,0.0006927548256638744
90,-3.686,0.0006243892672171611
91,-3.684,0.0005571532472986168
92,-3.682,0.0004910290703821225
93,-3.68,0.0004259992271840145
94,-3.678,0.00036204639466308475
95,-3.676,0.00029915343602058067
96,-3.674,0.00023730340070020513
97,-3.672,0.00017647952438811822
98,-3.67,0.00011666522901293205
99,-3.668,5.784412274571771e-05
100,-3.666,0.0
101,-3.664,-5.688315856823903e-05
102,-3.662,-0.00011282118606056185
103,-3.66,-0.0001678297293360772
104,-3.658,-0.00022192424901143655
105,-3.656,-0.00027512001946083595
106,-3.654,-0.00032743212881601765
107,-3.652,-0.0003788754789662667
108,-3.65,-0.0004294647855584092
109,-3.648,-0.00047921457799682265
110,-3.646,-0.000528139199443424
111,-3.644,-0.0005762528068176762
112,-3.642,-0.0006235693707965853
113,-3.64,-0.0006701026758147034
114,-3.638,-0.000715866320064127
115,-3.636,-0.000760873715494494
116,-3.634,-0.0008051380878129899
117,-3.632,-0.0008486724764843467
118,-3.63,-0.0008914897347308305
119,-3.628,-0.0009336025295322674
120,-3.6260000000000003,-0.0009750233416260107
121,-3.624,-0.0010157644655069756
122,-3.622,-0.001055838009427608
123,-3.62,-0.0010952558953979015
124,-3.6180000000000003,-0.00113403020970557
125,-3.616,-0.00117217451801728
126,-3.614,-0.001209698460988961
127,-3.612,-0.0012466108284997501
128,-3.6100000000000003,-0.0012829203432158064
129,-3.608,-0.0013186356605903171
130,-3.606,-0.0013537653688634813
131,-3.604,-0.0013883179890625368
132,-3.6020000000000003,-0.0014223019750017295
133,-3.6,-0.0014557257132823374
134,-3.598,-0.001488597523292664
135,-3.596,-0.0015209256572080235
136,-3.5940000000000003,-0.0015527182999907664
137,-3.592,-0.0015839835693902578
138,-3.59,-0.0016147295159428914
139,-3.588,-0.0016449641229720792
140,-3.5860000000000003,-0.001674695306588262
141,-3.584,-0.0017039309156888956
142,-3.582,-0.001732678731958471
143,-3.58,-0.0017609464698684872
144,-3.5780000000000003,-0.0017887417766774757
145,-3.576,-0.001816072232430993
146,-3.5740000000000003,-0.0018429453499616139
147,-3.572,-0.0018693685748889383
148,-3.5700000000000003,-0.0018953492856195846
149,-3.568,-0.0019208947933472033
150,-3.5660000000000003,-0.0019460123420524597
151,-3.564,-0.001970709108503048
152,-3.5620000000000003,-0.00199499220225368
153,-3.56,-0.0020188686656460973
154,-3.5580000000000003,-0.002042345473809059
155,-3.556,-0.002065429534658346
156,-3.5540000000000003,-0.0020881276888967716
157,-3.552,-0.0021104467100141605
158,-3.5500000000000003,-0.0021323933042873694
159,-3.548,-0.002153974110780277
160,-3.5460000000000003,-0.002175195701343776
161,-3.544,-0.002196064580615796
162,-3.5420000000000003,-0.0022165871860212773
163,-3.54,-0.0022367698877721956
164,-3.5380000000000003,-0.002256618988867535
165,-3.536,-0.002276140725093318
166,-3.5340000000000003,-0.002295341265022576
167,-3.532,-0.0023142267100153754
168,-3.5300000000000002,-0.0023328030942188008
169,-3.528,-0.0023510763845669587
170,-3.5260000000000002,-0.002369052480780981
171,-3.524,-0.002386737215369014
172,-3.5220000000000002,-0.0024041363536262475
173,-3.52,-0.002421255593634871
174,-3.5180000000000002,-0.0024381005662641106
175,-3.516,-0.0024546768784967712
176,-3.5140000000000002,-0.002470990794208549
177,-3.512,-0.0024870463122158223
178,-3.5100000000000002,-0.002502846545425621
179,-3.508,-0.002518394596268677
180,-3.5060000000000002,-0.0025336935566994227
181,-3.504,-0.0025487465081959794
182,-3.5020000000000002,-0.0025635565217601783
183,-3.5,-0.0025781266579175295
184,-3.498,-0.0025924599667172567
185,-3.496,-0.002606559487732276
186,-3.494,-0.002620428250059193
187,-3.492,-0.00263406927231832
188,-3.49,-0.0026474855626536613
189,-3.488,-0.0026606801187329214
190,-3.486,-0.0026736559277474974
191,-3.484,-0.002686415966412486
192,-3.482,-0.002698963200966683
193,-3.48,-0.002711300587172581
194,-3.478,-0.0027234310703163622
195,-3.476,-0.0027353575852079176
196,-3.474,-0.002747083056180828
197,-3.472,-0.002758610397092371
198,-3.47,-0.0027699425113235226
199,-3.468,-0.0027810822917789593
200,-3.466,-0.0027920326208870465
201,-3.464,-0.002802796370599856
202,-3.462,-0.002813376402393153
203,-3.46,-0.0028237755672663976
204,-3.458,-0.002833996705742744
205,-3.456,-0.002844042647869055
206,-3.454,-0.002853916213215884
207,-3.452,-0.0028636202108774725
208,-3.45,-0.002873157439471776
209,-3.448,-0.0028825306871404326
210,-3.446,-0.0028917427315487895
211,-3.444,-0.002900796339885877
212,-3.442,-0.0029096942688644385
213,-3.44,-0.0029184392647209033
214,-3.438,-0.0029270340632154
215,-3.436,-0.002935481389631754
216,-3.434,-0.0029437839587774933
217,-3.432,-0.002951944474983835
218,-3.43,-0.002959965632105696
219,-3.428,-0.002967850113521693
220,-3.426,-0.0029756005921341387
221,-3.424,-0.002983219730369042
222,-3.422,-0.002990710180176104
223,-3.42,-0.0029980745830287363
224,-3.418,-0.0030053155699240296
225,-3.416,-0.003012435761382791
226,-3.414,-0.0030194377674495065
227,-3.412,-0.0030263241876923724
228,-3.41,-0.003033097611203274
229,-3.408,-0.0030397606165977996
230,-3.406,-0.0030463157720152303
231,-3.404,-0.003052765635118547
232,-3.402,-0.003059112753094423
233,-3.4,-0.003065359662653238
234,-3.398,-0.0030715088900290545
235,-3.396,-0.003077562950979648
236,-3.394,-0.003083524350786484
237,-3.392,-0.0030893955842547158
238,-3.39,-0.0030951791357132115
239,-3.388,-0.0031008774790145244
240,-3.386,-0.003106493077534904
241,-3.3840000000000003,-0.0031120280722066913
242,-3.382,-0.0031174831932443
243,-3.38,-0.0031228589480564797
244,-3.378,-0.0031281558617158
245,-3.3760000000000003,-0.003133374466959264
246,-3.374,-0.003138515304188308
247,-3.372,-0.003143578921468805
248,-3.37,-0.0031485658745310716
249,-3.3680000000000003,-0.0031534767267698514
250,-3.366,-0.003158312049244324
251,-3.364,-0.003163072420678103
252,-3.362,-0.0031677584274592482
253,-3.3600000000000003,-0.003172370663640244
254,-3.358,-0.003176909730938017
255,-3.356,-0.003181376238733921
256,-3.354,-0.003185770804073753
257,-3.3520000000000003,-0.0031900940516677474
258,-3.35,-0.0031943466138905675
259,-3.348,-0.0031985291307813114
260,-3.346,-0.003202642250043526
261,-3.3440000000000003,-0.003206686627045173
262,-3.342,-0.003210662924818669
263,-3.34,-0.003214571814060853
264,-3.338,-0.003218413973133008
265,-3.3360000000000003,-0.00322219008806085
266,-3.334,-0.003225900852534526
267,-3.332,-0.0032295469679086246
268,-3.33,-0.0032331291432021667
269,-3.3280000000000003,-0.0032366480950986147
270,-3.326,-0.003240104547945856
271,-3.324,-0.0032434992337562196
272,-3.322,-0.0032468328922064735
273,-3.3200000000000003,-0.003250106270637817
274,-3.318,-0.0032533201240558807
275,-3.316,-0.003256475215130745
276,-3.314,-0.0032595723141969103
277,-3.3120000000000003,-0.0032626121992533168
278,-3.31,-0.0032655956559633492
279,-3.308,-0.0032685234776548173
280,-3.306,-0.003271396465319973
281,-3.3040000000000003,-0.0032742154276154956
282,-3.302,-0.0032769811808625107
283,-3.3,-0.0032796945490465683
284,-3.298,-0.003282356363817667
285,-3.2960000000000003,-0.0032849674644902307
286,-3.294,-0.0032875286980431247
287,-3.292,-0.0032900409191196425
288,-3.29,-0.00329250499002752
289,-3.2880000000000003,-0.0032949217807389276
290,-3.286,-0.003297292168890468
291,-3.2840000000000003,-0.0032996170397831884
292,-3.282,-0.0033018972863825546
293,-3.2800000000000002,-0.003304133809318488
294,-3.278,-0.0033063275168853344
295,-3.2760000000000002,-0.0033084793250418715
296,-3.274,-0.0033105901574113222
297,-3.2720000000000002,-0.0033126609452813413
298,-3.27,-0.003314692627604015
299,-3.2680000000000002,-0.0033166861509958713
300,-3.266,-0.0033186424697378737
301,-3.2640000000000002,-0.0033205625457754136
302,-3.262,-0.0033224473487183243
303,-3.2600000000000002,-0.0033242978558408777
304,-3.258,-0.003326115052081774
305,-3.2560000000000002,-0.0033278999300441515
306,-3.254,-0.0033296534899955876
307,-3.2520000000000002,-0.003331376739868091
308,-3.25,-0.0033330706952581085
309,-3.248,-0.003334736379426516
310,-3.246,-0.0033363748232986407
311,-3.244,-0.003337987065464225
312,-3.242,-0.003339574152177463
313,-3.24,-0.003341137137356974
314,-3.238,-0.0033426770825858224
315,-3.236,-0.0033441950571115008
316,-3.234,-0.0033456921378459403
317,-3.232,-0.0033471694093655073
318,-3.23,-0.003348627963911003
319,-3.228,-0.00335006890138766
320,-3.226,-0.0033514933293651607
321,-3.224,-0.0033529023630776075
322,-3.222,-0.0033542971254235422
323,-3.22,-0.0033556787469659517
324,-3.218,-0.003357048365932244
325,-3.216,-0.0033584071282142768
326,-3.214,-0.003359756187368331
327,-3.212,-0.0033610966394464863
328,-3.21,-0.0033624253679945017
329,-3.208,-0.003363740017533527
330,-3.206,-0.003365040436392644
331,-3.204,-0.003366326479155593
332,-3.202,-0.0033675980066607825
333,-3.2,-0.003368854886001263
334,-3.198,-0.0033700969905247555
335,-3.196,-0.0033713241998336307
336,-3.194,-0.003372536399784916
337,-3.192,-0.003373733482490305
338,-3.19,-0.003374915346316138
339,-3.188,-0.0033760818958834225
340,-3.186,-0.0033772330420678183
341,-3.184,-0.0033783687019996456
342,-3.182,-0.003379488799063874
343,-3.18,-0.003380593262900144
344,-3.178,-0.0033816820294027446
345,-3.176,-0.0033827550407206225
346,-3.174,-0.0033838122452573872
347,-3.172,-0.003384853597671298
348,-3.17,-0.003385879058875281
349,-3.168,-0.003386888596036912
350,-3.166,-0.00338788218257843
351,-3.164,-0.0033888597981767236
352,-3.162,-0.0033898214287633524
353,-3.16,-0.0033907670665245214
354,-3.1580000000000004,-0.003391696709901096
355,-3.156,-0.003392610363588601
356,-3.154,-0.0033935080385372185
357,-3.152,-0.0033943897519517936
358,-3.1500000000000004,-0.003395255527291814
359,-3.148,-0.0033961053942714384
360,-3.146,-0.003396939388859481
361,-3.144,-0.0033977575532794096
362,-3.1420000000000003,-0.0033985599360093523
363,-3.14,-0.0033993465917820896
364,-3.138,-0.0034001175815850694
365,-3.136,-0.003400872972660389
366,-3.1340000000000003,-0.0034016128385048056
367,-3.132,-0.0034023372588697365
368,-3.13,-0.003403046319761252
369,-3.128,-0.003403740113440086
370,-3.1260000000000003,-0.003404418738421622
371,-3.124,-0.0034050822994759027
372,-3.122,-0.003405730907627639
373,-3.12,-0.003406364680156187
374,-3.1180000000000003,-0.003406983740595563
375,-3.116,-0.003407588218734447
376,-3.114,-0.003408178250616168
377,-3.112,-0.0034087539785387193
378,-3.1100000000000003,-0.00340931555105475
379,-3.108,-0.0034098631229715626
380,-3.106,-0.0034103968553511194
381,-3.104,-0.003410916915510046
382,-3.1020000000000003,-0.0034114234770196185
383,-3.1,-0.003411916719705775
384,-3.098,-0.003412396829649108
385,-3.096,-0.0034128639991848654
386,-3.0940000000000003,-0.0034133184269029594
387,-3.092,-0.0034137603176479583
388,-3.09,-0.00341418988251908
389,-3.088,-0.0034146073388702097
390,-3.0860000000000003,-0.0034150129103098885
391,-3.084,-0.0034154068267013074
392,-3.082,-0.0034157893241623244
393,-3.08,-0.003416160645065454
394,-3.0780000000000003,-0.0034165210380378563
395,-3.076,-0.0034168707579613697
396,-3.074,-0.0034172100659724675
397,-3.072,-0.0034175392294623005
398,-3.0700000000000003,-0.0034178585220766625
399,-3.068,-0.00341816822371601
400,-3.066,-0.003418468620535464
401,-3.064,-0.003418760004944791
402,-3.0620000000000003,-0.003419042675608424
403,-3.06,-0.0034193169374454498
404,-3.058,-0.0034195831016296113
405,-3.056,-0.0034198414855893117
406,-3.0540000000000003,-0.0034200924130076103
407,-3.052,-0.0034203362138222303
408,-3.05,-0.003420573224225537
409,-3.048,-0.003420803786664574
410,-3.0460000000000003,-0.0034210282498410224
411,-3.044,-0.003421246968711232
412,-3.042,-0.003421460304486215
413,-3.04,-0.003421668624631627
414,-3.0380000000000003,-0.0034218723028677893
415,-3.036,-0.0034220717191696844
416,-3.034,-0.0034222672597669437
417,-3.032,-0.0034224593171438625
418,-3.0300000000000002,-0.0034226482900393887
419,-3.028,-0.003422834583447134
420,-3.0260000000000002,-0.0034230186086153663
421,-3.024,-0.0034232007830470035
422,-3.0220000000000002,-0.0034233815304996265
423,-3.02,-0.00342356128098548
424,-3.0180000000000002,-0.0034237404707714546
425,-3.016,-0.003423919542379108
426,-3.0140000000000002,-0.003424098944584647
427,-3.012,-0.003424279132418946
428,-3.0100000000000002,-0.0034244605671675254
429,-3.008,-0.0034246437163705755
430,-3.0060000000000002,-0.003424829053822933
431,-3.004,-0.003425017059574098
432,-3.0020000000000002,-0.0034252082199282274
433,-3.0,-0.0034254030274441377
434,-2.998,-0.003425601980935295
435,-2.996,-0.0034258055854698363
436,-2.994,-0.003426014352370544
437,-2.992,-0.003426228799214861
438,-2.99,-0.003426449449834893
439,-2.988,-0.0034266768343173964
440,-2.986,-0.0034269114698909295
441,-2.984,-0.0034271497101293416
442,-2.982,-0.003427388434824853
443,-2.98,-0.0034276274931022074
444,-2.978,-0.0034278667366993455
445,-2.976,-0.0034281060199673995
446,-2.974,-0.003428345199870713
447,-2.972,-0.003428584135986814
448,-2.97,-0.003428822690506445
449,-2.968,-0.0034290607282335336
450,-2.966,-0.0034292981165852145
451,-2.964,-0.0034295347255918103
452,-2.962,-0.003429770427896859
453,-2.96,-0.0034300050987570788
454,-2.958,-0.0034302386160423963
455,-2.956,-0.0034304708602359395
456,-2.954,-0.003430701714434027
457,-2.952,-0.003430931064346183
458,-2.95,-0.003431158798295121
459,-2.948,-0.0034313848072167648
460,-2.946,-0.0034316089846602275
461,-2.944,-0.0034318312267878244
462,-2.942,-0.0034320514323750682
463,-2.94,-0.0034322695028106733
464,-2.938,-0.003432485342096548
465,-2.936,-0.0034326988568478024
466,-2.934,-0.0034329099562927443
467,-2.932,-0.003433118552272879
468,-2.93,-0.003433324559242914
469,-2.928,-0.0034335278942707465
470,-2.926,-0.003433728477037483
471,-2.924,-0.0034339262298374203
472,-2.922,-0.0034341210775780603
473,-2.92,-0.0034343129477800993
474,-2.918,-0.0034345017705774347
475,-2.916,-0.003434687478717155
476,-2.914,-0.00343487000755956
477,-2.912,-0.0034350492950781346
478,-2.91,-0.003435225281859574
479,-2.908,-0.003435397911103765
480,-2.906,-0.003435567128623796
481,-2.904,-0.0034357328828459495
482,-2.902,-0.003435895124809709
483,-2.9000000000000004,-0.00343605380816776
484,-2.898,-0.003436208889185985
485,-2.896,-0.003436360326743458
486,-2.894,-0.0034365080823324616
487,-2.8920000000000003,-0.0034366521200584685
488,-2.89,-0.00343679240664016
489,-2.888,-0.003436928911409405
490,-2.886,-0.003437061606311277
491,-2.8840000000000003,-0.0034371904659040477
492,-2.882,-0.003437315467359186
493,-2.88,-0.0034374365904613555
494,-2.878,-0.003437553817608432
495,-2.8760000000000003,-0.0034376671338114707
496,-2.874,-0.00343777652669474
497,-2.872,-0.0034378819864957014
498,-2.87,-0.003437983506065015
499,-2.8680000000000003,-0.0034380810808665417
500,-2.866,-0.003438174708977334
501,-2.864,-0.0034382643910876518
502,-2.862,-0.00343835013050095
503,-2.8600000000000003,-0.0034384319331338814
504,-2.858,-0.0034385098075162997
505,-2.856,-0.0034385837647912497
506,-2.854,-0.003438653818714981
507,-2.8520000000000003,-0.0034387199856569448
508,-2.85,-0.003438782284599786
509,-2.848,-0.003438840737139348
510,-2.846,-0.003438895367484672
511,-2.8440000000000003,-0.003438946202458
512,-2.842,-0.003438993271494776
513,-2.84,-0.003439036606643634
514,-2.838,-0.0034390762425664106
515,-2.8360000000000003,-0.003439112216538146
516,-2.834,-0.003439144568447069
517,-2.832,-0.003439173340794615
518,-2.83,-0.0034391985786954155
519,-2.8280000000000003,-0.003439220329877299
520,-2.826,-0.0034392386446812917
521,-2.824,-0.0034392535760616252
522,-2.822,-0.003439265179585718
523,-2.8200000000000003,-0.003439273513434201
524,-2.818,-0.0034392786384008917
525,-2.816,-0.003439280617892816
526,-2.814,-0.003439279517930185
527,-2.8120000000000003,-0.003439275407146423
528,-2.81,-0.003439268356788143
529,-2.808,-0.003439258440715163
530,-2.806,-0.0034392457354004945
531,-2.8040000000000003,-0.003439230319930351
532,-2.802,-0.00343921227600414
533,-2.8,-0.0034391916879344744
534,-2.798,-0.0034391686426471606
535,-2.7960000000000003,-0.0034391432296812033
536,-2.794,-0.003439115541188805
537,-2.792,-0.0034390856719353734
538,-2.79,-0.00343905371929951
539,-2.7880000000000003,-0.0034390197832730104
540,-2.786,-0.0034389839664608797
541,-2.784,-0.0034389463740813093
542,-2.782,-0.0034389071139656995
543,-2.7800000000000002,-0.003438866296558641
544,-2.778,-0.0034388240349179297
545,-2.776,-0.0034387804447145523
546,-2.774,-0.003438735644232707
547,-2.7720000000000002,-0.0034386897543697732
548,-2.77,-0.0034386428986363446
549,-2.768,-0.003438595203156203
550,-2.766,-0.0034385467966663343
551,-2.7640000000000002,-0.003438497810516923
552,-2.762,-0.0034384483786713445
553,-2.76,-0.0034383986377061818
554,-2.758,-0.0034383487268112127
555,-2.7560000000000002,-0.003438298787789413
556,-2.754,-0.0034382489650569593
557,-2.752,-0.0034381994056432268
558,-2.75,-0.0034381502591907843
559,-2.748,-0.003438101677955406
560,-2.746,-0.0034380538168060568
561,-2.7439999999999998,-0.0034380068332249096
562,-2.742,-0.0034379608873073286
563,-2.74,-0.0034379161417618757
564,-2.738,-0.003437872761910321
565,-2.7359999999999998,-0.003437830915687619
566,-2.734,-0.0034377907736419383
567,-2.732,-0.0034377525089346293
568,-2.73,-0.003437716297340257
569,-2.7279999999999998,-0.0034376823172465737
570,-2.726,-0.0034376507496545333
571,-2.724,-0.003437621778178291
572,-2.722,-0.0034375955890451997
573,-2.7199999999999998,-0.0034375723710958067
574,-2.718,-0.003437552315783861
575,-2.716,-0.003437535617176312
576,-2.714,-0.0034375224719533047
577,-2.712,-0.003437513079408181
578,-2.71,-0.0034375076414474882
579,-2.708,-0.003437506362590964
580,-2.7060000000000004,-0.0034375094499715514
581,-2.704,-0.003437517113335384
582,-2.702,-0.003437529565041803
583,-2.7,-0.003437547020063346
584,-2.6980000000000004,-0.0034375696959857392
585,-2.696,-0.003437597813007922
586,-2.694,-0.003437631593942024
587,-2.692,-0.0034376712642133767
588,-2.6900000000000004,-0.003437717051860502
589,-2.688,-0.00343776918753513
590,-2.686,-0.0034378255011449366
591,-2.684,-0.003437881651419672
592,-2.6820000000000004,-0.0034379375213325
593,-2.68,-0.0034379930901950913
594,-2.678,-0.003438048337771959
595,-2.676,-0.0034381032442804653
596,-2.6740000000000004,-0.0034381577903908195
597,-2.672,-0.0034382119572260762
598,-2.67,-0.003438265726362133
599,-2.668,-0.0034383190798277403
600,-2.6660000000000004,-0.0034383720001044914
601,-2.664,-0.0034384244701268253
602,-2.662,-0.0034384764732820275
603,-2.66,-0.003438527993410233
604,-2.6580000000000004,-0.0034385790148044187
605,-2.656,-0.003438629522210409
606,-2.654,-0.00343867950082688
607,-2.652,-0.0034387289363053478
608,-2.6500000000000004,-0.003438777814750174
609,-2.648,-0.003438826122718574
610,-2.646,-0.0034388738472206012
611,-2.644,-0.0034389209757191633
612,-2.6420000000000003,-0.0034389674961300097
613,-2.64,-0.0034390133968217294
614,-2.638,-0.0034390586666157748
615,-2.636,-0.0034391032947864338
616,-2.6340000000000003,-0.0034391472710608335
617,-2.632,-0.0034391905856189647
618,-2.63,-0.0034392332290936536
619,-2.628,-0.0034392751925705727
620,-2.6260000000000003,-0.0034393164675882437
621,-2.624,-0.003439357046138035
622,-2.622,-0.003439396920664157
623,-2.62,-0.0034394360840636767
624,-2.6180000000000003,-0.003439474529686494
625,-2.616,-0.0034395122513353645
626,-2.614,-0.0034395492432658867
627,-2.612,-0.0034395855001865053
628,-2.6100000000000003,-0.003439621017258518
629,-2.608,-0.0034396557900960543
630,-2.606,-0.0034396898147661045
631,-2.604,-0.003439723087788501
632,-2.6020000000000003,-0.003439755606135915
633,-2.6,-0.003439787367233875
634,-2.598,-0.0034398183689607516
635,-2.596,-0.0034398486096477617
636,-2.5940000000000003,-0.0034398780880789646
637,-2.592,-0.0034399068034912696
638,-2.59,-0.0034399347555744385
639,-2.588,-0.0034399619444710657
640,-2.5860000000000003,-0.0034399883707766053
641,-2.584,-0.003440014035539351
642,-2.582,-0.003440038940260442
643,-2.58,-0.0034400630868938673
644,-2.5780000000000003,-0.0034400864778464588
645,-2.576,-0.003440109115977901
646,-2.574,-0.003440131004600718
647,-2.572,-0.0034401521474802833
648,-2.5700000000000003,-0.0034401725488348127
649,-2.568,-0.0034401922133353788
650,-2.566,-0.00344021114610589
651,-2.564,-0.0034402293527231037
652,-2.5620000000000003,-0.0034402468392166277
653,-2.56,-0.003440263612068912
654,-2.558,-0.0034402796782152523
655,-2.556,-0.0034402950450437945
656,-2.5540000000000003,-0.0034403097203955305
657,-2.552,-0.0034403237125642944
658,-2.55,-0.00344033703029677
659,-2.548,-0.003440349682792488
660,-2.5460000000000003,-0.003440361679703824
661,-2.544,-0.003440373031136
662,-2.542,-0.003440383747647085
663,-2.54,-0.0034403938402479926
664,-2.5380000000000003,-0.003440403320402484
665,-2.536,-0.0034404122000271688
666,-2.534,-0.0034404204914915
667,-2.532,-0.0034404282076177795
668,-2.5300000000000002,-0.0034404353616811524
669,-2.528,-0.003440441967409613
670,-2.526,-0.0034404480389840023
671,-2.524,-0.003440453591038003
672,-2.5220000000000002,-0.003440458638658151
673,-2.52,-0.003440463197383819
674,-2.518,-0.0034404672832072415
675,-2.516,-0.0034404709125734796
676,-2.5140000000000002,-0.0034404741023804607
677,-2.512,-0.003440476869978941
678,-2.51,-0.0034404792331725366
679,-2.508,-0.003440481210217703
680,-2.5060000000000002,-0.003440482819823742
681,-2.504,-0.0034404840811528073
682,-2.502,-0.0034404850138198897
683,-2.5,-0.0034404856378928324
684,-2.498,-0.003440485973892328
685,-2.496,-0.003440486042791912
686,-2.4939999999999998,-0.0034404858660179623
687,-2.492,-0.0034404854654497066
688,-2.49,-0.003440484863419222
689,-2.488,-0.003440484082711425
690,-2.4859999999999998,-0.0034404831465640884
691,-2.484,-0.003440482078667824
692,-2.482,-0.0034404809031660898
693,-2.48,-0.0034404796446551936
694,-2.4779999999999998,-0.0034404783281842856
695,-2.476,-0.0034404769792553656
696,-2.474,-0.0034404756238232796
697,-2.472,-0.003440474288295723
698,-2.4699999999999998,-0.003440472999533227
699,-2.468,-0.003440471784849179
700,-2.466,-0.00344047067200981
701,-2.464,-0.003440469689234199
702,-2.4619999999999997,-0.0034404688651942655
703,-2.46,-0.0034404682290147814
704,-2.458,-0.003440467810273365
705,-2.4560000000000004,-0.0034404676390004767
706,-2.454,-0.0034404677456794236
707,-2.452,-0.0034404681612463656
708,-2.45,-0.0034404689170903016
709,-2.4480000000000004,-0.0034404700450530804
710,-2.446,-0.0034404715774294
711,-2.444,-0.0034404735469667942
712,-2.442,-0.0034404759868656536
713,-2.4400000000000004,-0.0034404789307792144
714,-2.438,-0.0034404824128135524
715,-2.436,-0.003440486467527596
716,-2.434,-0.00344049112993312
717,-2.4320000000000004,-0.0034404964354947387
718,-2.43,-0.0034405024201299254
719,-2.428,-0.003440509120208983
720,-2.426,-0.003440516572555074
721,-2.4240000000000004,-0.0034405248144442034
722,-2.422,-0.0034405338836052193
723,-2.42,-0.0034405438182198225
724,-2.418,-0.003440554196349508
725,-2.4160000000000004,-0.003440564526418763
726,-2.414,-0.0034405748043148665
727,-2.412,-0.0034405850262411823
728,-2.41,-0.003440595188484448
729,-2.4080000000000004,-0.003440605287414758
730,-2.406,-0.003440615319485585
731,-2.404,-0.003440625281233768
732,-2.402,-0.0034406351692795184
733,-2.4000000000000004,-0.0034406449803264204
734,-2.398,-0.0034406547111614123
735,-2.396,-0.0034406643586548206
736,-2.394,-0.003440673919760332
737,-2.3920000000000003,-0.003440683391515001
738,-2.39,-0.0034406927710392554
739,-2.388,-0.003440702055536888
740,-2.386,-0.003440711242295072
741,-2.3840000000000003,-0.003440720328684338
742,-2.382,-0.0034407293121585907
743,-2.38,-0.0034407381902551055
744,-2.378,-0.0034407469605945255
745,-2.3760000000000003,-0.0034407556208808643
746,-2.374,-0.0034407641689015063
747,-2.372,-0.0034407726025272
748,-2.37,-0.003440780919712068
749,-2.3680000000000003,-0.0034407891184936
750,-2.366,-0.0034407971969926607
751,-2.364,-0.0034408051534134815
752,-2.362,-0.0034408129860436544
753,-2.3600000000000003,-0.003440820693254156
754,-2.358,-0.0034408282734993204
755,-2.356,-0.003440835725316855
756,-2.354,-0.003440843047327842
757,-2.3520000000000003,-0.0034408502382367277
758,-2.35,-0.0034408572968313254
759,-2.348,-0.003440864221982823
760,-2.346,-0.003440871012645775
761,-2.3440000000000003,-0.0034408776678581075
762,-2.342,-0.0034408841867411173
763,-2.34,-0.0034408905684994613
764,-2.338,-0.0034408968124211813
765,-2.3360000000000003,-0.003440902917877676
766,-2.334,-0.0034409088843237214
767,-2.332,-0.0034409147112974547
768,-2.33,-0.003440920398420387
769,-2.3280000000000003,-0.003440925945397407
770,-2.326,-0.0034409313520167573
771,-2.324,-0.003440936618150061
772,-2.322,-0.0034409417437523057
773,-2.3200000000000003,-0.003440946728861853
774,-2.318,-0.003440951573600432
775,-2.316,-0.003440956278173136
776,-2.314,-0.003440960842868438
777,-2.3120000000000003,-0.00344096526805817
778,-2.31,-0.003440969554197544
779,-2.308,-0.003440973701825129
780,-2.306,-0.003440977711562876
781,-2.3040000000000003,-0.0034409815841160984
782,-2.302,-0.0034409853202734784
783,-2.3,-0.003440988920907072
784,-2.298,-0.0034409923869723053
785,-2.2960000000000003,-0.003440995719507966
786,-2.294,-0.0034409989196362185
787,-2.292,-0.0034410019885625955
788,-2.29,-0.003441004927575996
789,-2.2880000000000003,-0.0034410077380486945
790,-2.286,-0.003441010421436328
791,-2.284,-0.0034410129792779055
792,-2.282,-0.003441015413195813
793,-2.2800000000000002,-0.0034410177248957903
794,-2.278,-0.0034410199161669652
795,-2.276,-0.0034410219888818157
796,-2.274,-0.0034410239449962077
797,-2.2720000000000002,-0.0034410257865493607
798,-2.27,-0.003441027515663879
799,-2.268,-0.00344102913454572
800,-2.266,-0.003441030645484223
801,-2.2640000000000002,-0.0034410320508520935
802,-2.262,-0.0034410333531054056
803,-2.26,-0.0034410345547836035
804,-2.258,-0.0034410356585094955
805,-2.2560000000000002,-0.003441036666989271
806,-2.254,-0.003441037583012476
807,-2.252,-0.0034410384094520387
808,-2.25,-0.0034410391492642467
809,-2.248,-0.003441039805488759
810,-2.246,-0.0034410403812486084
811,-2.2439999999999998,-0.0034410408797501957
812,-2.242,-0.003441041304283285
813,-2.24,-0.0034410416582210217
814,-2.238,-0.0034410419450199084
815,-2.2359999999999998,-0.0034410421682198253
816,-2.234,-0.00344104233144402
817,-2.232,-0.003441042438399107
818,-2.23,-0.003441042492875076
819,-2.2279999999999998,-0.003441042498745276
820,-2.226,-0.0034410424599664417
821,-2.224,-0.003441042380578657
822,-2.222,-0.003441042264705395
823,-2.2199999999999998,-0.0034410421165534874
824,-2.218,-0.0034410419404131316
825,-2.216,-0.0034410417406579054
826,-2.214,-0.0034410415217447504
827,-2.2119999999999997,-0.003441041288213976
828,-2.21,-0.003441041044689265
829,-2.208,-0.0034410407958776687
830,-2.206,-0.003441040546569605
831,-2.2039999999999997,-0.003441040301638866
832,-2.202,-0.0034410400660426083
833,-2.2,-0.003441039844821362
834,-2.1980000000000004,-0.003441039643099022
835,-2.196,-0.0034410394660828597
836,-2.194,-0.0034410393190635116
837,-2.192,-0.003441039207414981
838,-2.1900000000000004,-0.0034410391365946452
839,-2.188,-0.003441039112143253
840,-2.186,-0.0034410391396849163
841,-2.184,-0.0034410392249271185
842,-2.1820000000000004,-0.003441039373660717
843,-2.18,-0.0034410395917599326
844,-2.178,-0.003441039885182358
845,-2.176,-0.0034410402599689555
846,-2.1740000000000004,-0.0034410407222440625
847,-2.172,-0.003441041278215373
848,-2.17,-0.0034410419341739593
849,-2.168,-0.003441042696494267
850,-2.1660000000000004,-0.003441043571634099
851,-2.164,-0.00344104456613464
852,-2.162,-0.003441045686620438
853,-2.16,-0.003441046939799408
854,-2.1580000000000004,-0.0034410483324628406
855,-2.156,-0.0034410498714853924
856,-2.154,-0.0034410515638250913
857,-2.152,-0.003441053415233087
858,-2.1500000000000004,-0.003441055327544535
859,-2.148,-0.0034410572353624144
860,-2.146,-0.003441059137792815
861,-2.144,-0.00344106103395932
862,-2.1420000000000003,-0.003441062923002988
863,-2.14,-0.0034410648040823534
864,-2.138,-0.003441066676373436
865,-2.136,-0.003441068539069732
866,-2.1340000000000003,-0.0034410703913822227
867,-2.132,-0.0034410722325393626
868,-2.13,-0.003441074061787088
869,-2.128,-0.0034410758783888253
870,-2.1260000000000003,-0.003441077681625465
871,-2.124,-0.0034410794707953885
872,-2.122,-0.0034410812452144515
873,-2.12,-0.0034410830042159966
874,-2.1180000000000003,-0.0034410847471508417
875,-2.116,-0.00344108647338728
876,-2.114,-0.003441088182311095
877,-2.112,-0.003441089873325545
878,-2.1100000000000003,-0.0034410915458513644
879,-2.108,-0.0034410931993267765
880,-2.106,-0.003441094833207481
881,-2.104,-0.003441096446966649
882,-2.1020000000000003,-0.0034410980400949483
883,-2.1,-0.003441099612100512
884,-2.098,-0.003441101162508963
885,-2.096,-0.0034411026908633957
886,-2.0940000000000003,-0.003441104196724394
887,-2.092,-0.0034411056796700146
888,-2.09,-0.003441107139295796
889,-2.088,-0.0034411085752147595
890,-2.0860000000000003,-0.003441109987057399
891,-2.084,-0.0034411113744717003
892,-2.082,-0.0034411127371231226
893,-2.08,-0.0034411140746946
894,-2.0780000000000003,-0.0034411153868865556
895,-2.076,-0.0034411166734168892
896,-2.074,-0.0034411179340209756
897,-2.072,-0.0034411191684516826
898,-2.0700000000000003,-0.003441120376479343
899,-2.068,-0.0034411215578917798
900,-2.066,-0.003441122712494294
901,-2.064,-0.0034411238401096597
902,-2.0620000000000003,-0.0034411249405781434
903,-2.06,-0.0034411260137574805
904,-2.058,-0.0034411270595228957
905,-2.056,-0.0034411280777670826
906,-2.0540000000000003,-0.003441129068400224
907,-2.052,-0.0034411300313499857
908,-2.05,-0.003441130966561498
909,-2.048,-0.0034411318739973884
910,-2.0460000000000003,-0.003441132753637756
911,-2.044,-0.0034411336054801754
912,-2.042,-0.0034411344295397148
913,-2.04,-0.003441135225848914
914,-2.0380000000000003,-0.0034411359944577884
915,-2.036,-0.0034411367354338397
916,-2.034,-0.003441137448862052
917,-2.032,-0.003441138134844885
918,-2.0300000000000002,-0.0034411387935022776
919,-2.028,-0.003441139424971651
920,-2.026,-0.003441140029407909
921,-2.024,-0.0034411406069834276
922,-2.0220000000000002,-0.003441141157888069
923,-2.02,-0.0034411416823291775
924,-2.018,-0.00344114218053157
925,-2.016,-0.0034411426527375527
926,-2.0140000000000002,-0.0034411430992069003
927,-2.012,-0.0034411435202168807
928,-2.01,-0.0034411439160622267
929,-2.008,-0.003441144287055168
930,-2.0060000000000002,-0.003441144633525406
931,-2.004,-0.003441144955820114
932,-2.002,-0.0034411452543039595
933,-2.0,-0.003441145529359084
934,-1.998,-0.0034411457813851055
935,-1.996,-0.003441146010799128
936,-1.994,-0.0034411462180357344
937,-1.992,-0.0034411464035469866
938,-1.99,-0.0034411465678024257
939,-1.988,-0.0034411467112890684
940,-1.986,-0.0034411468345114243
941,-1.984,-0.0034411469379914718
942,-1.982,-0.0034411470222686716
943,-1.98,-0.0034411470878999706
944,-1.978,-0.0034411471354597843
945,-1.976,-0.0034411471655400178
946,-1.974,-0.0034411471787500585
947,-1.972,-0.003441147175716759
948,-1.97,-0.003441147157084469
949,-1.968,-0.003441147123515006
950,-1.966,-0.003441147075687677
951,-1.964,-0.0034411470142992617
952,-1.962,-0.0034411469400640222
953,-1.96,-0.003441146853713703
954,-1.958,-0.003441146755997524
955,-1.956,-0.0034411466476821917
956,-1.954,-0.0034411465295518875
957,-1.952,-0.0034411464024082725
958,-1.95,-0.00344114626707049
959,-1.948,-0.0034411461243751655
960,-1.9460000000000002,-0.0034411459751763976
961,-1.9440000000000002,-0.0034411458203457736
962,-1.9420000000000002,-0.003441145660772353
963,-1.9400000000000002,-0.0034411454973626784
964,-1.9380000000000002,-0.0034411453310407777
965,-1.9360000000000002,-0.0034411451627481514
966,-1.9340000000000002,-0.0034411449934437822
967,-1.9320000000000002,-0.0034411448241041358
968,-1.9300000000000002,-0.0034411446557231495
969,-1.9280000000000002,-0.003441144489312254
970,-1.9260000000000002,-0.003441144325900352
971,-1.9240000000000002,-0.0034411441665338216
972,-1.9220000000000002,-0.0034411440122765306
973,-1.9200000000000002,-0.0034411438642098224
974,-1.9180000000000001,-0.003441143723432516
975,-1.9160000000000001,-0.003441143591060923
976,-1.9140000000000001,-0.003441143468228821
977,-1.9120000000000001,-0.0034411433560874796
978,-1.9100000000000001,-0.0034411432558056378
979,-1.9080000000000001,-0.00344114316856952
980,-1.9060000000000001,-0.0034411430955828305
981,-1.9040000000000001,-0.0034411430380667553
982,-1.9020000000000001,-0.0034411429972599564
983,-1.9000000000000001,-0.0034411429744185783
984,-1.8980000000000001,-0.003441142970816248
985,-1.8960000000000001,-0.003441142987744065
986,-1.8940000000000001,-0.0034411430265106173
987,-1.8920000000000001,-0.0034411430884419697
988,-1.8900000000000001,-0.003441143174881662
989,-1.8880000000000001,-0.0034411432871907233
990,-1.8860000000000001,-0.0034411434267476552
991,-1.8840000000000001,-0.0034411435949484454
992,-1.8820000000000001,-0.0034411437932065567
993,-1.8800000000000001,-0.0034411440229529314
994,-1.8780000000000001,-0.003441144285636001
995,-1.8760000000000001,-0.0034411445827216627
996,-1.874,-0.003441144915693306
997,-1.872,-0.003441145284953675
998,-1.87,-0.0034411456614091424
999,-1.868,-0.003441146031642344
1000,-1.866,-0.0034411463957561284
1001,-1.8639999999999999,-0.0035216130954883428
1002,-1.862,-0.006125464324330598
1003,-1.8599999999999999,-0.07003029884377936
1004,-1.858,-0.2749552112034496
1005,-1.8559999999999999,-0.5769806218229795
1006,-1.854,-0.892931468432499
1007,-1.8519999999999999,-1.2065771647120398
1008,-1.85,-1.515838821704976
1009,-1.8479999999999999,-1.8203206993780077
1010,-1.846,-2.1199351191566036
1011,-1.8439999999999999,-2.4146627453193616
1012,-1.842,-2.704534671364798
1013,-1.8399999999999999,-2.9896319386893992
1014,-1.838,-3.2700802359651324
1015,-1.8359999999999999,-3.5460170191490956
1016,-1.834,-3.817503352361866
1017,-1.8319999999999999,-4.084510207110425
1018,-1.83,-4.3469184622876735
1019,-1.8279999999999998,-4.604518904172913
1020,-1.826,-4.8570122264313715
1021,-1.8239999999999998,-5.104009030114666
1022,-1.822,-5.310662915237837
1023,-1.8199999999999998,-5.378965189668513
1024,-1.818,-5.350864242962063
1025,-1.8160000000000003,-5.270133829080903
1026,-1.814,-5.169480183492368
1027,-1.8120000000000003,-5.070542023168844
1028,-1.81,-4.983890546587605
1029,-1.8080000000000003,-4.909029433730976
1030,-1.806,-4.834405340832713
1031,-1.8040000000000003,-4.754604327681237
1032,-1.802,-4.676102421352406
1033,-1.8000000000000003,-4.598884343463638
1034,-1.798,-4.522934005283098
1035,-1.7960000000000003,-4.4482345077298335
1036,-1.794,-4.374768141373641
1037,-1.7920000000000003,-4.3025163864351965
1038,-1.79,-4.231459912785926
1039,-1.7880000000000003,-4.161578579948134
1040,-1.786,-4.0928514450321
1041,-1.7840000000000003,-4.025258038710513
1042,-1.782,-3.9587800460244775
1043,-1.7800000000000002,-3.8933996042778527
1044,-1.778,-3.8290990722331624
1045,-1.7760000000000002,-3.765861030111711
1046,-1.774,-3.7036682795934692
1047,-1.7720000000000002,-3.642503843817186
1048,-1.77,-3.582350967380277
1049,-1.7680000000000002,-3.5231931163389376
1050,-1.766,-3.46501397820803
1051,-1.7640000000000002,-3.4077974619611924
1052,-1.762,-3.3515276980307345
1053,-1.7600000000000002,-3.2961890383077397
1054,-1.758,-3.2417660561419632
1055,-1.7560000000000002,-3.1882435463419334
1056,-1.754,-3.1356065251748526
1057,-1.7520000000000002,-3.083840230366693
1058,-1.75,-3.0329301211021025
1059,-1.7480000000000002,-2.982861878024499
1060,-1.746,-2.9336214032359784
1061,-1.7440000000000002,-2.885194820297401
1062,-1.742,-2.8375684742283083
1063,-1.7400000000000002,-2.790728931507008
1064,-1.738,-2.744662980070487
1065,-1.7360000000000002,-2.6993576293144965
1066,-1.734,-2.654800110093471
1067,-1.7320000000000002,-2.6109778747206063
1068,-1.73,-2.5678790083444345
1069,-1.7280000000000002,-2.5254922966634905
1070,-1.726,-2.4838060923236442
1071,-1.7240000000000002,-2.442808899877746
1072,-1.722,-2.4024893898890882
1073,-1.7200000000000002,-2.362836398931478
1074,-1.718,-2.323838929589166
1075,-1.7160000000000002,-2.2854861504569155
1076,-1.714,-2.247767396139935
1077,-1.7120000000000002,-2.2106721672539447
1078,-1.71,-2.174190130425111
1079,-1.7080000000000002,-2.1383111182901104
1080,-1.706,-2.1030251294960673
1081,-1.7040000000000002,-2.0683223287006154
1082,-1.702,-2.034193046571836
1083,-1.7000000000000002,-2.00062777978832
1084,-1.698,-1.9588242712199344
1085,-1.6960000000000002,-1.9048854545913798
1086,-1.694,-1.9356922597403816
1087,-1.6920000000000002,-2.0982583239311303
1088,-1.69,-2.370627035130526
1089,-1.6880000000000002,-2.666387041410684
1090,-1.686,-2.9504261153241234
1091,-1.6840000000000002,-3.2310160810728403
1092,-1.682,-3.5073009866858627
1093,-1.6800000000000002,-3.778976883186211
1094,-1.678,-4.046238791218351
1095,-1.6760000000000002,-4.30919707934989
1096,-1.674,-4.567929106237855
1097,-1.6720000000000002,-4.822498806994305
1098,-1.67,-5.0729245247296895
1099,-1.6680000000000001,-5.319179010552399
1100,-1.666,-5.561189423569209
1101,-1.6640000000000001,-5.798837330884842
1102,-1.662,-6.0319587076023975
1103,-1.6600000000000001,-6.260343936822929
1104,-1.658,-6.483737809645863
1105,-1.6560000000000001,-6.673183291931828
1106,-1.654,-6.737050141566178
1107,-1.6520000000000001,-6.704765684115199
1108,-1.65,-6.611514485767057
1109,-1.6480000000000001,-6.485903684377441
1110,-1.646,-6.3499629894694305
1111,-1.6440000000000001,-6.219144682233692
1112,-1.642,-6.102323615528255
1113,-1.6400000000000001,-6.001797213878738
1114,-1.638,-5.913285473478135
1115,-1.6360000000000001,-5.825930962187009
1116,-1.634,-5.730348799632719
1117,-1.6320000000000001,-5.635699754420358
1118,-1.63,-5.542611281950255
1119,-1.6280000000000001,-5.451058894770957
1120,-1.626,-5.361018260316737
1121,-1.624,-5.2724652009077655
1122,-1.6219999999999999,-5.1853756937499496
1123,-1.62,-5.099725870935082
1124,-1.6179999999999999,-5.015492019440696
1125,-1.616,-4.932650581130213
1126,-1.6139999999999999,-4.8511781351085554
1127,-1.612,-4.771050161680458
1128,-1.6099999999999999,-4.6922440365241584
1129,-1.608,-4.614738671545956
1130,-1.6059999999999999,-4.538513235359744
1131,-1.604,-4.463547153287149
1132,-1.6019999999999999,-4.38982010735739
1133,-1.6,-4.317312036307413
1134,-1.5979999999999999,-4.246003135581766
1135,-1.596,-4.1758738573327205
1136,-1.5939999999999999,-4.106904910420147
1137,-1.592,-4.039077260411641
1138,-1.5899999999999999,-3.972372129582401
1139,-1.588,-3.9067709969153444
1140,-1.5859999999999999,-3.8422555981009943
1141,-1.584,-3.7788079255375946
1142,-1.5819999999999999,-3.716410228330994
1143,-1.58,-3.6550450122947575
1144,-1.5779999999999998,-3.594695039950061
1145,-1.576,-3.5353433305257953
1146,-1.5739999999999998,-3.476973159958459
1147,-1.572,-3.419568060892267
1148,-1.5699999999999998,-3.363111822679045
1149,-1.568,-3.3075884913783318
1150,-1.5659999999999998,-3.2529823697572775
1151,-1.564,-3.199278017290745
1152,-1.5619999999999998,-3.1464602501612102
1153,-1.56,-3.09451414125886
1154,-1.5580000000000003,-3.043425020181508
1155,-1.556,-2.993178732463898
1156,-1.5540000000000003,-2.9437626955855616
1157,-1.552,-2.8951634357938207
1158,-1.5500000000000003,-2.847367464077948
1159,-1.548,-2.8003615044743024
1160,-1.5460000000000003,-2.754132494066419
1161,-1.544,-2.708667582984922
1162,-1.5420000000000003,-2.6639541344076068
1163,-1.54,-2.6199775969477024
1164,-1.5380000000000003,-2.5766523112532393
1165,-1.536,-2.533962626912236
1166,-1.5340000000000003,-2.4922053592225306
1167,-1.532,-2.4520050366292256
1168,-1.5300000000000002,-2.418704029682688
1169,-1.528,-2.4466532998418833
1170,-1.5260000000000002,-2.58690901389967
1171,-1.524,-2.8343923565448708
1172,-1.5220000000000002,-3.126884697071634
1173,-1.52,-3.4036073846540225
1174,-1.5180000000000002,-3.6765872459242575
1175,-1.516,-3.9453977789309422
1176,-1.5140000000000002,-4.20985528374403
1177,-1.512,-4.470012236048821
1178,-1.5100000000000002,-4.725909827883047
1179,-1.508,-4.977598888201238
1180,-1.5060000000000002,-5.225141656889668
1181,-1.504,-5.468600782621989
1182,-1.5020000000000002,-5.70803932285879
1183,-1.5,-5.943520743848035
1184,-1.4980000000000002,-6.175108920624632
1185,-1.496,-6.402868137010851
1186,-1.4940000000000002,-6.626863085615918
1187,-1.492,-6.852429638149781
1188,-1.4900000000000002,-7.0569903880418465
1189,-1.488,-7.196363697788951
1190,-1.4860000000000002,-7.2472999138328715
1191,-1.484,-7.208094972649459
1192,-1.4820000000000002,-7.0985904007485425
1193,-1.48,-6.960173314673887
1194,-1.4780000000000002,-6.841557055858615
1195,-1.476,-6.728728108247106
1196,-1.4740000000000002,-6.617657612533971
1197,-1.472,-6.508366671318231
1198,-1.4700000000000002,-6.4008610283706044
1199,-1.468,-6.295131068633307
1200,-1.4660000000000002,-6.191151818220244
1201,-1.464,-6.088884483092979
1202,-1.4620000000000002,-5.988300950519549
1203,-1.46,-5.889376640272578
1204,-1.4580000000000002,-5.792085066829374
1205,-1.456,-5.69640006790165
1206,-1.4540000000000002,-5.602295804435688
1207,-1.452,-5.509746760612174
1208,-1.4500000000000002,-5.418727743846363
1209,-1.448,-5.329213884787916
1210,-1.4460000000000002,-5.2411806373210625
1211,-1.444,-5.1546037785644385
1212,-1.4420000000000002,-5.069459408871246
1213,-1.44,-4.9857239518290974
1214,-1.4380000000000002,-4.903374154260167
1215,-1.436,-4.82238708622104
1216,-1.4340000000000002,-4.742740141002868
1217,-1.432,-4.664411035131209
1218,-1.4300000000000002,-4.587377808366187
1219,-1.428,-4.51161882370234
1220,-1.4260000000000002,-4.437112767368759
1221,-1.424,-4.36383864882896
1222,-1.4220000000000002,-4.291775800781007
1223,-1.42,-4.22090387915739
1224,-1.4180000000000001,-4.151202863125149
1225,-1.416,-4.082653055085748
1226,-1.4140000000000001,-4.015235080675198
1227,-1.412,-3.9489298887639395
1228,-1.4100000000000001,-3.8837187514569576
1229,-1.408,-3.819583614659089
1230,-1.4060000000000001,-3.756508244449451
1231,-1.404,-3.6944754029405003
1232,-1.4020000000000001,-3.63346789882656
1233,-1.4,-3.573468804218443
1234,-1.3980000000000001,-3.51446145464356
1235,-1.396,-3.4564294490458134
1236,-1.3940000000000001,-3.3993566497857017
1237,-1.392,-3.343227182640216
1238,-1.3900000000000001,-3.2880254368029425
1239,-1.388,-3.2337360648839617
1240,-1.3860000000000001,-3.1803404493466894
1241,-1.384,-3.1277964311689326
1242,-1.3820000000000001,-3.0760701204631284
1243,-1.38,-3.025150545911557
1244,-1.3780000000000001,-2.975049351856622
1245,-1.376,-2.9258007983007595
1246,-1.374,-2.8774617609065274
1247,-1.3719999999999999,-2.8301117309965154
1248,-1.37,-2.783852815553436
1249,-1.3679999999999999,-2.738809737220034
1250,-1.366,-2.695129834299176
1251,-1.3639999999999999,-2.687994805623279
1252,-1.362,-2.801002791837469
1253,-1.3599999999999999,-2.998685592672373
1254,-1.358,-3.2457067852255608
1255,-1.3559999999999999,-3.5150868263256467
1256,-1.354,-3.7882030525318817
1257,-1.3519999999999999,-4.054789680134609
1258,-1.35,-4.312937805154792
1259,-1.3479999999999999,-4.568782149390282
1260,-1.346,-4.823011735402322
1261,-1.3439999999999999,-5.073076249953887
1262,-1.342,-5.319031174331871
1263,-1.3399999999999999,-5.56093391530997
1264,-1.338,-5.798843805148246
1265,-1.3359999999999999,-6.032822101593554
1266,-1.334,-6.262931987879123
1267,-1.3319999999999999,-6.489238572724966
1268,-1.33,-6.72973043935165
1269,-1.3279999999999998,-6.996452901668699
1270,-1.326,-7.237193993723258
1271,-1.3239999999999998,-7.41329112627114
1272,-1.322,-7.502635204193365
1273,-1.3199999999999998,-7.499670626496437
1274,-1.318,-7.415395286312199
1275,-1.3159999999999998,-7.277360570897838
1276,-1.314,-7.129671361636006
1277,-1.3119999999999998,-7.010104514412024
1278,-1.31,-6.894497886041631
1279,-1.3079999999999998,-6.780691871249102
1280,-1.306,-6.668704513817627
1281,-1.3040000000000003,-6.558541387306926
1282,-1.302,-6.450195595053331
1283,-1.3000000000000003,-6.343647770169854
1284,-1.298,-6.238866075546023
1285,-1.2960000000000003,-6.135808188556613
1286,-1.294,-6.034446266441458
1287,-1.2920000000000003,-5.93475556718538
1288,-1.29,-5.836709603762877
1289,-1.2880000000000003,-5.740282201461671
1290,-1.286,-5.645447497882531
1291,-1.2840000000000003,-5.552179942939444
1292,-1.282,-5.460454298859449
1293,-1.2800000000000002,-5.370245640182802
1294,-1.278,-5.28152935376281
1295,-1.2760000000000002,-5.194281138765997
1296,-1.274,-5.108477006671941
1297,-1.2720000000000002,-5.024093281273431
1298,-1.27,-4.941106598676314
1299,-1.2680000000000002,-4.859493907299649
1300,-1.266,-4.779232467875551
1301,-1.2640000000000002,-4.700299853449345
1302,-1.262,-4.622673949379419
1303,-1.2600000000000002,-4.546332953337362
1304,-1.258,-4.471255375307834
1305,-1.2560000000000002,-4.39742003758869
1306,-1.254,-4.3248060747908585
1307,-1.2520000000000002,-4.253392933838464
1308,-1.25,-4.183160373968702
1309,-1.2480000000000002,-4.1140884667319675
1310,-1.246,-4.046157595991724
1311,-1.2440000000000002,-3.9793484579246337
1312,-1.242,-3.9136420610204294
1313,-1.2400000000000002,-3.8490197260820396
1314,-1.238,-3.7854630862254686
1315,-1.2360000000000002,-3.7229540868799127
1316,-1.234,-3.6614759014802725
1317,-1.2320000000000002,-3.6010134590153187
1318,-1.23,-3.5415502176243834
1319,-1.2280000000000002,-3.4830697961264923
1320,-1.226,-3.4255560478878055
1321,-1.2240000000000002,-3.368993060821721
1322,-1.222,-3.313365157388774
1323,-1.2200000000000002,-3.2586568945967365
1324,-1.218,-3.204853064000518
1325,-1.2160000000000002,-3.151938691702264
1326,-1.214,-3.0998990383512584
1327,-1.2120000000000002,-3.0487195991440204
1328,-1.21,-2.9983861038242092
1329,-1.2080000000000002,-2.9488845166827167
1330,-1.206,-2.900201036557577
1331,-1.2040000000000002,-2.8523220968340555
1332,-1.202,-2.8052343654445613
1333,-1.2000000000000002,-2.7377693984996325
1334,-1.198,-2.680224132106764
1335,-1.1960000000000002,-2.72909107472346
1336,-1.194,-2.912007169960803
1337,-1.1920000000000002,-3.1846127940633737
1338,-1.19,-3.4589974167411643
1339,-1.1880000000000002,-3.73000473197802
1340,-1.186,-3.997818386974263
1341,-1.1840000000000002,-4.261394876910619
1342,-1.182,-4.520558469319682
1343,-1.1800000000000002,-4.775588671254902
1344,-1.178,-5.026437189216167
1345,-1.1760000000000002,-5.273161487789695
1346,-1.174,-5.515820897094002
1347,-1.1720000000000002,-5.754475904134946
1348,-1.17,-5.989188152806163
1349,-1.1680000000000001,-6.220020443888642
1350,-1.166,-6.4470367350511415
1351,-1.1640000000000001,-6.672434186374395
1352,-1.162,-6.9298131915152625
1353,-1.1600000000000001,-7.183257772511829
1354,-1.158,-7.3845633211309964
1355,-1.1560000000000001,-7.503572759926755
1356,-1.154,-7.528176542240509
1357,-1.1520000000000001,-7.464312652200873
1358,-1.15,-7.335966604723728
1359,-1.1480000000000001,-7.185171445512307
1360,-1.146,-7.060506685403333
1361,-1.1440000000000001,-6.944063810919581
1362,-1.142,-6.829439653326306
1363,-1.1400000000000001,-6.716649351512453
1364,-1.138,-6.60569637530808
1365,-1.1360000000000001,-6.4965725254845506
1366,-1.134,-6.389257933754348
1367,-1.1320000000000001,-6.28372106277126
1368,-1.13,-6.179920975121149
1369,-1.1280000000000001,-6.077830060500614
1370,-1.126,-5.977422753761849
1371,-1.124,-5.878672307460754
1372,-1.1219999999999999,-5.78155229291205
1373,-1.12,-5.686036600189462
1374,-1.1179999999999999,-5.592099438125541
1375,-1.116,-5.499715334311837
1376,-1.1139999999999999,-5.408859135098728
1377,-1.112,-5.3195060055955885
1378,-1.1099999999999999,-5.231631429670626
1379,-1.108,-5.14521120995104
1380,-1.1059999999999999,-5.060221467822866
1381,-1.104,-4.976638643431127
1382,-1.1019999999999999,-4.894439495679688
1383,-1.1,-4.813601102231399
1384,-1.0979999999999999,-4.734100859507948
1385,-1.096,-4.655916482690014
1386,-1.0939999999999999,-4.579026005717113
1387,-1.092,-4.5034077812877475
1388,-1.0899999999999999,-4.429040480859263
1389,-1.088,-4.355903094647987
1390,-1.0859999999999999,-4.283974931629091
1391,-1.084,-4.21323561953673
1392,-1.0819999999999999,-4.143665104863903
1393,-1.08,-4.075243652862588
1394,-1.0779999999999998,-4.007951847543616
1395,-1.076,-3.9417705916767884
1396,-1.0739999999999998,-3.8766811067907616
1397,-1.072,-3.8126649331731657
1398,-1.0699999999999998,-3.749704293018195
1399,-1.068,-3.6877836114352793
1400,-1.0659999999999998,-3.6268861817931923
1401,-1.064,-3.5669952412532226
1402,-1.0619999999999998,-3.508094265727313
1403,-1.06,-3.450166969878163
1404,-1.0579999999999998,-3.393197307119127
1405,-1.056,-3.3371694696143166
1406,-1.0539999999999998,-3.2820678882784984
1407,-1.052,-3.2278772327771943
1408,-1.0500000000000003,-3.1745824115265955
1409,-1.048,-3.1221685716936
1410,-1.0460000000000003,-3.0706210991958454
1411,-1.044,-3.01992561870163
1412,-1.0420000000000003,-2.9700679936300034
1413,-1.04,-2.921034326150676
1414,-1.0380000000000003,-2.872810957184107
1415,-1.036,-2.8188019387980163
1416,-1.0340000000000003,-2.7382193770197545
1417,-1.032,-2.7140896814340145
1418,-1.0300000000000002,-2.8027291328010766
1419,-1.028,-3.008088460036529
1420,-1.0260000000000002,-3.281752840211106
1421,-1.024,-3.553305240300367
1422,-1.0220000000000002,-3.822739697718374
1423,-1.02,-4.08905441524603
1424,-1.0180000000000002,-4.3511811842243775
1425,-1.016,-4.60884614030962
1426,-1.0140000000000002,-4.862392758448708
1427,-1.012,-5.111806474671568
1428,-1.0100000000000002,-5.357119392516204
1429,-1.008,-5.598390720471751
1430,-1.0060000000000002,-5.835680729889846
1431,-1.004,-6.0690507549850645
1432,-1.0020000000000002,-6.298563192834487
1433,-1.0,-6.524281503378122
1434,-0.9980000000000002,-6.748289513801153
1435,-0.996,-7.004881083032417
1436,-0.9940000000000002,-7.256191737790492
1437,-0.992,-7.451570433647895
1438,-0.9900000000000002,-7.560253083827807
1439,-0.988,-7.5713625592044025
1440,-0.9860000000000002,-7.493908688302653
1441,-0.984,-7.35678825729837
1442,-0.9820000000000002,-7.2087850100183
1443,-0.98,-7.088753554754058
1444,-0.9780000000000002,-6.971842444275875
1445,-0.976,-6.856753589454366
1446,-0.9740000000000002,-6.743507669301398
1447,-0.972,-6.632110768591699
1448,-0.9700000000000002,-6.522554377863047
1449,-0.968,-6.414815393416082
1450,-0.9660000000000002,-6.3088561173144955
1451,-0.964,-6.204637777696419
1452,-0.9620000000000002,-6.1021384178902185
1453,-0.96,-6.001330661175718
1454,-0.9580000000000002,-5.902187406054617
1455,-0.956,-5.804681886518573
1456,-0.9540000000000002,-5.708787672049367
1457,-0.952,-5.6144786676187435
1458,-0.9500000000000002,-5.52172911368857
1459,-0.948,-5.430513586210678
1460,-0.9460000000000002,-5.340806996627017
1461,-0.944,-5.252584591869505
1462,-0.9420000000000002,-5.165821954360179
1463,-0.94,-5.080495002011041
1464,-0.9380000000000002,-4.996579988224215
1465,-0.9359999999999999,-4.914053501891789
1466,-0.9340000000000002,-4.832892467395968
1467,-0.9319999999999999,-4.753074144608931
1468,-0.9300000000000002,-4.674576128892968
1469,-0.9279999999999999,-4.597376351100342
1470,-0.9260000000000002,-4.521453077573428
1471,-0.9239999999999999,-4.446784910144575
1472,-0.9220000000000002,-4.373350786136244
1473,-0.9199999999999999,-4.301129978360873
1474,-0.9180000000000001,-4.230102095121003
1475,-0.9159999999999999,-4.16024708020916
1476,-0.9140000000000001,-4.091545212907972
1477,-0.9119999999999999,-4.023977107990049
1478,-0.9100000000000001,-3.9575238875368224
1479,-0.9079999999999999,-3.8921685709942233
1480,-0.9060000000000001,-3.827893458380034
1481,-0.9039999999999999,-3.7646807404822265
1482,-0.9020000000000001,-3.7025128803925753
1483,-0.8999999999999999,-3.6413726135065447
1484,-0.8980000000000001,-3.5812429475233998
1485,-0.8959999999999999,-3.5221071624460967
1486,-0.8940000000000001,-3.463948810581391
1487,-0.8919999999999999,-3.406751716539731
1488,-0.8900000000000001,-3.350499977235362
1489,-0.8879999999999999,-3.2951752994775028
1490,-0.8860000000000001,-3.2407290898846313
1491,-0.8839999999999999,-3.187116336336255
1492,-0.8820000000000001,-3.134322836910371
1493,-0.8799999999999999,-3.0823648566928377
1494,-0.8780000000000001,-3.031289127777471
1495,-0.8759999999999999,-2.98117284926595
1496,-0.8740000000000001,-2.932123687267908
1497,-0.8719999999999999,-2.884279774900844
1498,-0.8700000000000001,-2.8378097122902104
1499,-0.8679999999999999,-2.792912566569326
1500,-0.8660000000000001,-2.7767764740748166
1501,-0.8639999999999999,-2.886256223724088
1502,-0.8620000000000001,-3.0873642833147996
1503,-0.8599999999999999,-3.339951550454222
1504,-0.8580000000000001,-3.613781542961445
1505,-0.8559999999999999,-3.888530398867798
1506,-0.8540000000000001,-4.153786876416383
1507,-0.8519999999999999,-4.409052354062549
1508,-0.8500000000000001,-4.663049181172141
1509,-0.8479999999999999,-4.9157201886253326
1510,-0.8460000000000001,-5.164252963346272
1511,-0.8439999999999999,-5.408701688777068
1512,-0.8420000000000001,-5.64912280907213
1513,-0.8399999999999999,-5.885575029098602
1514,-0.8380000000000001,-6.118119314435933
1515,-0.8359999999999999,-6.346818891376308
1516,-0.8340000000000001,-6.571739246924218
1517,-0.8319999999999999,-6.820561072571641
1518,-0.8300000000000001,-7.086192990270461
1519,-0.8279999999999998,-7.321931623759255
1520,-0.8260000000000001,-7.494844490728109
1521,-0.8239999999999998,-7.585787857100121
1522,-0.8220000000000001,-7.5894067370311165
1523,-0.8199999999999998,-7.5141348929098015
1524,-0.8180000000000001,-7.382194835357749
1525,-0.8159999999999998,-7.229597823229291
1526,-0.8140000000000001,-7.100901441943118
1527,-0.8119999999999998,-6.983792519866194
1528,-0.81,-6.868519112435787
1529,-0.8079999999999998,-6.755089359963542
1530,-0.806,-6.643502848680483
1531,-0.8039999999999998,-6.533750610736806
1532,-0.802,-6.425815124202089
1533,-0.7999999999999998,-6.31967031306508
1534,-0.798,-6.215281547233906
1535,-0.7959999999999998,-6.112609963165473
1536,-0.794,-6.011630702298861
1537,-0.7920000000000003,-5.91231745378771
1538,-0.79,-5.814643633425694
1539,-0.7880000000000003,-5.718582979929619
1540,-0.786,-5.624109554939281
1541,-0.7840000000000003,-5.5311977430176285
1542,-0.782,-5.439822251650601
1543,-0.7800000000000002,-5.3499581112472905
1544,-0.778,-5.261580675139779
1545,-0.7760000000000002,-5.174665619583301
1546,-0.774,-5.089188943756083
1547,-0.7720000000000002,-5.005126969759501
1548,-0.77,-4.9224563426179255
1549,-0.7680000000000002,-4.841154030278875
1550,-0.766,-4.761197323612864
1551,-0.7640000000000002,-4.682563836413551
1552,-0.762,-4.605231505397597
1553,-0.7600000000000002,-4.529178590204803
1554,-0.758,-4.454383673397972
1555,-0.7560000000000002,-4.380825660463047
1556,-0.754,-4.308483779808976
1557,-0.7520000000000002,-4.237337582767845
1558,-0.75,-4.167366943594745
1559,-0.7480000000000002,-4.098552059467902
1560,-0.746,-4.030873450488553
1561,-0.7440000000000002,-3.964311959681067
1562,-0.742,-3.898848752992824
1563,-0.7400000000000002,-3.834465319294335
1564,-0.738,-3.7711440518471004
1565,-0.7360000000000002,-3.70886894398573
1566,-0.734,-3.647622976863068
1567,-0.7320000000000002,-3.587389283891869
1568,-0.73,-3.5281512393722188
1569,-0.7280000000000002,-3.4698924584916395
1570,-0.726,-3.4125967973249884
1571,-0.7240000000000002,-3.3562483528345575
1572,-0.722,-3.3008314628699735
1573,-0.7200000000000002,-3.246330706168299
1574,-0.718,-3.192730902353931
1575,-0.7160000000000002,-3.1400171119387017
1576,-0.714,-3.088174636321779
1577,-0.7120000000000002,-3.0371890177897636
1578,-0.71,-2.987046039516595
1579,-0.7080000000000002,-2.937731725563643
1580,-0.706,-2.889232340879618
1581,-0.7040000000000002,-2.829132903702939
1582,-0.702,-2.748194369429647
1583,-0.7000000000000002,-2.7227046859932638
1584,-0.698,-2.799663068228287
1585,-0.6960000000000002,-2.986763784598958
1586,-0.694,-3.2523961571994056
1587,-0.6920000000000002,-3.5300839291845154
1588,-0.69,-3.7995924072852785
1589,-0.6880000000000002,-4.0660027743104985
1590,-0.6859999999999999,-4.328567633763175
1591,-0.6840000000000002,-4.586856390692207
1592,-0.6819999999999999,-4.840755251692856
1593,-0.6800000000000002,-5.090882853182703
1594,-0.6779999999999999,-5.358549252564607
1595,-0.6760000000000002,-5.641511870561084
1596,-0.6739999999999999,-5.922316696894802
1597,-0.6720000000000002,-6.186193755463256
1598,-0.6699999999999999,-6.421057104339259
1599,-0.6680000000000001,-6.617504835770484
1600,-0.6659999999999999,-6.768819076179868
1601,-0.6640000000000001,-6.870965986165276
1602,-0.6619999999999999,-6.9225957604997586
1603,-0.6600000000000001,-6.925042628131381
1604,-0.6579999999999999,-6.882324852183304
1605,-0.6560000000000001,-6.801144729953787
1606,-0.6539999999999999,-6.690888592916115
1607,-0.6520000000000001,-6.5636268067187284
1608,-0.6499999999999999,-6.4341137711850465
1609,-0.6480000000000001,-6.3194372126759255
1610,-0.6459999999999999,-6.215251183001903
1611,-0.6440000000000001,-6.112713863212453
1612,-0.6419999999999999,-6.011814755426224
1613,-0.6400000000000001,-5.912541669454258
1614,-0.6379999999999999,-5.814880722799814
1615,-0.6360000000000001,-5.718816340658541
1616,-0.6339999999999999,-5.624331255918305
1617,-0.6320000000000001,-5.531406509159364
1618,-0.6299999999999999,-5.440021448654192
1619,-0.6280000000000001,-5.350153730367653
1620,-0.6259999999999999,-5.261779317956833
1621,-0.6240000000000001,-5.1748724827712
1622,-0.6219999999999999,-5.089405803852449
1623,-0.6200000000000001,-5.005350167934656
1624,-0.6179999999999999,-4.922676542807548
1625,-0.6160000000000001,-4.841365643331261
1626,-0.6139999999999999,-4.761396538875521
1627,-0.6120000000000001,-4.682747766230235
1628,-0.6099999999999999,-4.605398126102242
1629,-0.6080000000000001,-4.529326683115458
1630,-0.6059999999999999,-4.454512765810733
1631,-0.6040000000000001,-4.380935966645993
1632,-0.6019999999999999,-4.308576141996099
1633,-0.6000000000000001,-4.237413412152986
1634,-0.5979999999999999,-4.167428161325526
1635,-0.5960000000000001,-4.098601037639664
1636,-0.5939999999999999,-4.030912953138284
1637,-0.5920000000000001,-3.964345083781338
1638,-0.5899999999999999,-3.8988788694457233
1639,-0.5880000000000001,-3.834496013925401
1640,-0.5859999999999999,-3.771178484931278
1641,-0.5840000000000001,-3.708908514091326
1642,-0.5819999999999999,-3.6476685969504636
1643,-0.5800000000000001,-3.5874414929706706
1644,-0.5779999999999998,-3.528210225530878
1645,-0.5760000000000001,-3.469958081927074
1646,-0.5739999999999998,-3.412668613372202
1647,-0.5720000000000001,-3.3563256349962587
1648,-0.5699999999999998,-3.300913225846198
1649,-0.5680000000000001,-3.246415728886027
1650,-0.5659999999999998,-3.19281775099671
1651,-0.5640000000000001,-3.1401041629762654
1652,-0.5619999999999998,-3.088260172275931
1653,-0.56,-3.0372725842964363
1654,-0.5579999999999998,-2.987127746449349
1655,-0.556,-2.937811740022152
1656,-0.5539999999999998,-2.889310866785707
1657,-0.552,-2.8416116489943444
1658,-0.5499999999999998,-2.794700829385777
1659,-0.548,-2.7485653711811837
1660,-0.5459999999999998,-2.703192458115528
1661,-0.544,-2.6585694922856455
1662,-0.5419999999999998,-2.614684081602062
1663,-0.54,-2.5715240343443617
1664,-0.5379999999999998,-2.529077359088152
1665,-0.536,-2.485956052323457
1666,-0.5340000000000003,-2.4556658121648143
1667,-0.532,-2.486722777575132
1668,-0.5300000000000002,-2.648915839466612
1669,-0.528,-2.9102633726926768
1670,-0.5260000000000002,-3.190238639735533
1671,-0.524,-3.464615155415122
1672,-0.5220000000000002,-3.7365140774222736
1673,-0.52,-4.004306427132734
1674,-0.5180000000000002,-4.267842223969777
1675,-0.516,-4.527065121088807
1676,-0.5140000000000002,-4.782012405376893
1677,-0.512,-5.045060485593219
1678,-0.5100000000000002,-5.325883670632475
1679,-0.508,-5.606524732482643
1680,-0.5060000000000002,-5.87144736801646
1681,-0.504,-6.107995075199185
1682,-0.5020000000000002,-6.306391153088143
1683,-0.5,-6.45973870183313
1684,-0.4980000000000002,-6.564020622676072
1685,-0.496,-6.618099617951294
1686,-0.4940000000000002,-6.623718191085331
1687,-0.492,-6.585498646597031
1688,-0.4900000000000002,-6.51094309009754
1689,-0.488,-6.4104334282902355
1690,-0.4860000000000002,-6.297231368970857
1691,-0.484,-6.187468868279379
1692,-0.4820000000000002,-6.085680009164655
1693,-0.48,-5.985427353631707
1694,-0.4780000000000002,-5.886717960546149
1695,-0.476,-5.789555297514124
1696,-0.4740000000000002,-5.693939240882468
1697,-0.472,-5.599866075738548
1698,-0.4700000000000002,-5.5073284959104285
1699,-0.46799999999999997,-5.416315603966698
1700,-0.4660000000000002,-5.326812911216642
1701,-0.46399999999999997,-5.23880233771008
1702,-0.4620000000000002,-5.152262212237519
1703,-0.45999999999999996,-5.067167272330002
1704,-0.4580000000000002,-4.98348866425926
1705,-0.45599999999999996,-4.901193943037564
1706,-0.4540000000000002,-4.820247584446381
1707,-0.45199999999999996,-4.7406303897402715
1708,-0.4500000000000002,-4.662326436319321
1709,-0.44799999999999995,-4.585314814484723
1710,-0.4460000000000002,-4.509574866572252
1711,-0.44399999999999995,-4.435086186952131
1712,-0.44200000000000017,-4.361828622029167
1713,-0.43999999999999995,-4.28978227024261
1714,-0.43800000000000017,-4.218927482066296
1715,-0.43599999999999994,-4.149244860008506
1716,-0.43400000000000016,-4.080715258612102
1717,-0.43199999999999994,-4.013319784454399
1718,-0.43000000000000016,-3.947039796147285
1719,-0.42799999999999994,-3.8818569043371056
1720,-0.42600000000000016,-3.8177529717047776
1721,-0.42399999999999993,-3.754710112965676
1722,-0.42200000000000015,-3.6927106948697483
1723,-0.41999999999999993,-3.631737336201397
1724,-0.41800000000000015,-3.5717729077795983
1725,-0.4159999999999999,-3.512800532457787
1726,-0.41400000000000015,-3.4548035851239662
1727,-0.4119999999999999,-3.3977656927006015
1728,-0.41000000000000014,-3.3416707341447243
1729,-0.4079999999999999,-3.28650284044783
1730,-0.40600000000000014,-3.232246394635978
1731,-0.4039999999999999,-3.1788860317696956
1732,-0.40200000000000014,-3.1264066389440703
1733,-0.3999999999999999,-3.0747933552886586
1734,-0.39800000000000013,-3.0240315719675768
1735,-0.3959999999999999,-2.9741069321794114
1736,-0.39400000000000013,-2.925006158583574
1737,-0.3919999999999999,-2.8767169199136573
1738,-0.3900000000000001,-2.8292258389634175
1739,-0.3879999999999999,-2.782519728088257
1740,-0.3860000000000001,-2.7365856103456747
1741,-0.3839999999999999,-2.691410719495184
1742,-0.3820000000000001,-2.6469824999983937
1743,-0.3799999999999999,-2.604285840423954
1744,-0.3780000000000001,-2.577849960789945
1745,-0.3759999999999999,-2.547404158665327
1746,-0.3740000000000001,-2.4942476132813236
1747,-0.3719999999999999,-2.4174483355589684
1748,-0.3700000000000001,-2.3338431681092007
1749,-0.3679999999999999,-2.2780377852327462
1750,-0.3660000000000001,-2.3024066929202287
1751,-0.3639999999999999,-2.4568161733578204
1752,-0.3620000000000001,-2.6898145855018893
1753,-0.3599999999999999,-2.9637656440207443
1754,-0.3580000000000001,-3.253994601559251
1755,-0.35599999999999987,-3.5432490908952383
1756,-0.3540000000000001,-3.8216991249390015
1757,-0.35199999999999987,-4.086937096733805
1758,-0.3500000000000001,-4.343977779455387
1759,-0.34799999999999986,-4.601293994629209
1760,-0.3460000000000001,-4.855043990954198
1761,-0.34399999999999986,-5.104611467678252
1762,-0.3420000000000001,-5.350060888353567
1763,-0.33999999999999986,-5.5914568107107705
1764,-0.3380000000000001,-5.828863886658484
1765,-0.33599999999999985,-6.06234686228375
1766,-0.3340000000000001,-6.291970577851614
1767,-0.33199999999999985,-6.525795850667356
1768,-0.33000000000000007,-6.788261669128521
1769,-0.32799999999999985,-7.015736029542463
1770,-0.32600000000000007,-7.156926348677859
1771,-0.32399999999999984,-7.189725419696754
1772,-0.32200000000000006,-7.121211412154341
1773,-0.31999999999999984,-6.98764787199902
1774,-0.31800000000000006,-6.8539338770822615
1775,-0.31599999999999984,-6.741101180954357
1776,-0.31400000000000006,-6.629920911848448
1777,-0.31199999999999983,-6.520461152964854
1778,-0.31000000000000005,-6.412762395935794
1779,-0.30799999999999983,-6.306837540825192
1780,-0.30600000000000005,-6.202671896128869
1781,-0.3039999999999998,-6.100223329968052
1782,-0.30200000000000005,-5.999455322625192
1783,-0.2999999999999998,-5.900349210820555
1784,-0.29800000000000004,-5.802878487321492
1785,-0.2959999999999998,-5.707016967979313
1786,-0.29400000000000004,-5.612738791729465
1787,-0.2919999999999998,-5.520018420591359
1788,-0.29000000000000004,-5.428830639668541
1789,-0.2879999999999998,-5.339150557148519
1790,-0.28600000000000003,-5.2509536043029374
1791,-0.2839999999999998,-5.164215535487406
1792,-0.28200000000000003,-5.078912428141663
1793,-0.28000000000000025,-4.99502068278944
1794,-0.278,-4.912517023038516
1795,-0.27600000000000025,-4.831378495580777
1796,-0.274,-4.751582470192083
1797,-0.27200000000000024,-4.673106639732415
1798,-0.27,-4.5959290201457375
1799,-0.26800000000000024,-4.520027950460128
1800,-0.266,-4.445382092787648
1801,-0.26400000000000023,-4.371970432324474
1802,-0.262,-4.299772277350768
1803,-0.26000000000000023,-4.228767259230803
1804,-0.258,-4.158935332412842
1805,-0.2560000000000002,-4.090256774429255
1806,-0.254,-4.022712185896403
1807,-0.2520000000000002,-3.9562824905147567
1808,-0.25,-3.890948935068775
1809,-0.24800000000000022,-3.826694029028612
1810,-0.246,-3.7635010825673465
1811,-0.24400000000000022,-3.7013526175202136
1812,-0.242,-3.6402314139827947
1813,-0.2400000000000002,-3.5801205144675188
1814,-0.238,-3.521003223903556
1815,-0.2360000000000002,-3.462863109636923
1816,-0.23399999999999999,-3.405684001430378
1817,-0.2320000000000002,-3.349449991463525
1818,-0.22999999999999998,-3.2941454343327106
1819,-0.2280000000000002,-3.239754947051126
1820,-0.22599999999999998,-3.1862634067073006
1821,-0.2240000000000002,-3.1336246665162006
1822,-0.22199999999999998,-3.0817485850694615
1823,-0.2200000000000002,-3.030590480781258
1824,-0.21799999999999997,-2.9801554851530048
1825,-0.2160000000000002,-2.9304985427734485
1826,-0.21399999999999997,-2.8817244113185767
1827,-0.2120000000000002,-2.833987661551707
1828,-0.20999999999999996,-2.787492677323399
1829,-0.20800000000000018,-2.7424936555715407
1830,-0.20599999999999996,-2.6992946063212666
1831,-0.20400000000000018,-2.6582493526850346
1832,-0.20199999999999996,-2.620576587526138
1833,-0.20000000000000018,-2.6900358934242514
1834,-0.19799999999999995,-2.887837321997131
1835,-0.19600000000000017,-3.1535716214630525
1836,-0.19399999999999995,-3.4429154675501032
1837,-0.19200000000000017,-3.7276314634957597
1838,-0.18999999999999995,-3.995568140047369
1839,-0.18800000000000017,-4.250659955461656
1840,-0.18599999999999994,-4.50818088227196
1841,-0.18400000000000016,-4.7634114202455
1842,-0.18199999999999994,-5.014463763073372
1843,-0.18000000000000016,-5.261389946429516
1844,-0.17799999999999994,-5.5042456953911385
1845,-0.17600000000000016,-5.743090424438265
1846,-0.17399999999999993,-5.977987237454183
1847,-0.17200000000000015,-6.209010767651817
1848,-0.16999999999999993,-6.463238223585955
1849,-0.16800000000000015,-6.730620311155008
1850,-0.16599999999999993,-6.968158856793295
1851,-0.16400000000000015,-7.145486514345469
1852,-0.16199999999999992,-7.244866765066905
1853,-0.16000000000000014,-7.2611939176234035
1854,-0.15799999999999992,-7.201993108091364
1855,-0.15600000000000014,-7.0874202999577465
1856,-0.15399999999999991,-6.950262284119987
1857,-0.15200000000000014,-6.830083727029957
1858,-0.1499999999999999,-6.717739779412294
1859,-0.14800000000000013,-6.606997086841885
1860,-0.1459999999999999,-6.497926341139632
1861,-0.14400000000000013,-6.390576957762337
1862,-0.1419999999999999,-6.284977075802513
1863,-0.14000000000000012,-6.181133557988568
1864,-0.1379999999999999,-6.079031990684626
1865,-0.13600000000000012,-5.978636683890704
1866,-0.1339999999999999,-5.879891016708296
1867,-0.13200000000000012,-5.78276116242706
1868,-0.1299999999999999,-5.687233632048947
1869,-0.1280000000000001,-5.593282839088919
1870,-0.1259999999999999,-5.500883510153642
1871,-0.12400000000000011,-5.410010684941658
1872,-0.12199999999999989,-5.320639716243214
1873,-0.1200000000000001,-5.232746269940432
1874,-0.11799999999999988,-5.146306325007144
1875,-0.1160000000000001,-5.0612961735090485
1876,-0.11399999999999988,-4.977692420603559
1877,-0.1120000000000001,-4.895471984539957
1878,-0.10999999999999988,-4.814612096659236
1879,-0.1080000000000001,-4.735090301394257
1880,-0.10599999999999987,-4.656884456269597
1881,-0.10400000000000009,-4.5799727319016945
1882,-0.10199999999999987,-4.504333611998712
1883,-0.10000000000000009,-4.429945893360666
1884,-0.09799999999999986,-4.3567886858793
1885,-0.09600000000000009,-4.284841412538212
1886,-0.09399999999999986,-4.214083809412726
1887,-0.09200000000000008,-4.144495925670021
1888,-0.08999999999999986,-4.076058123569003
1889,-0.08800000000000008,-4.00875107846043
1890,-0.08599999999999985,-3.942555778786792
1891,-0.08400000000000007,-3.8774535260824248
1892,-0.08199999999999985,-3.813425934973399
1893,-0.08000000000000007,-3.7504549331776347
1894,-0.07799999999999985,-3.6885228290991776
1895,-0.07600000000000007,-3.627613706705014
1896,-0.07399999999999984,-3.5677112811759777
1897,-0.07200000000000006,-3.5087989674469435
1898,-0.06999999999999984,-3.450860431499965
1899,-0.06800000000000006,-3.3938795903643806
1900,-0.06599999999999984,-3.3378406121167097
1901,-0.06400000000000006,-3.2827279158807556
1902,-0.06199999999999983,-3.2285261718275033
1903,-0.06000000000000005,-3.1752203011752207
1904,-0.05799999999999983,-3.1227954761893586
1905,-0.05600000000000005,-3.071237120182649
1906,-0.053999999999999826,-3.0205309098854314
1907,-0.052000000000000046,-2.97066278396205
1908,-0.04999999999999982,-2.921618910203298
1909,-0.04800000000000004,-2.8733856726824203
1910,-0.04599999999999982,-2.8259496718686217
1911,-0.04400000000000004,-2.779297724627154
1912,-0.041999999999999815,-2.733416864219232
1913,-0.040000000000000036,-2.688294340302115
1914,-0.03799999999999981,-2.6196676064459457
1915,-0.03600000000000003,-2.556809694156873
1916,-0.03399999999999981,-2.587576435683847
1917,-0.03200000000000003,-2.7453734217789627
1918,-0.029999999999999805,-3.007734445593836
1919,-0.028000000000000025,-3.297292862523049
1920,-0.026000000000000245,-3.570930529002763
1921,-0.02400000000000002,-3.841148829736434
1922,-0.02200000000000024,-4.107325266777825
1923,-0.020000000000000018,-4.369155079103311
1924,-0.018000000000000238,-4.626651242611401
1925,-0.016000000000000014,-4.894474590558185
1926,-0.014000000000000234,-5.177773441003023
1927,-0.01200000000000001,-5.461240514970797
1928,-0.010000000000000231,-5.731745049387484
1929,-0.008000000000000007,-5.978346502270084
1930,-0.006000000000000227,-6.192294552726153
1931,-0.0040000000000000036,-6.3670291009542295
1932,-0.002000000000000224,-6.498180268243463
1933,0.0,-6.58356839697392
1934,0.0019999999999997797,-6.623204050616353
1935,0.0040000000000000036,-6.619288013732352
1936,0.005999999999999783,-6.576211291974272
1937,0.008000000000000007,-6.5005551120852285
1938,0.009999999999999787,-6.40109092189917
1939,0.01200000000000001,-6.288780390340755
1940,0.01399999999999979,-6.17677540742551
1941,0.016000000000000014,-6.074482472441865
1942,0.017999999999999794,-5.974403545981394
1943,0.020000000000000018,-5.875881793240717
1944,0.021999999999999797,-5.778913329210507
1945,0.02400000000000002,-5.683492000516021
1946,0.0259999999999998,-5.589609385417271
1947,0.028000000000000025,-5.497254793808857
1948,0.029999999999999805,-5.406415267220129
1949,0.03200000000000003,-5.317075578815029
1950,0.03399999999999981,-5.229218233392249
1951,0.03600000000000003,-5.142823467385073
1952,0.03799999999999981,-5.057869248861531
1953,0.040000000000000036,-4.974331277524248
1954,0.041999999999999815,-4.892182984710596
1955,0.04400000000000004,-4.811395533392543
1956,0.04599999999999982,-4.731937818176798
1957,0.04800000000000004,-4.653782274733187
1958,0.04999999999999982,-4.576915252853163
1959,0.052000000000000046,-4.501316684762501
1960,0.053999999999999826,-4.426966296392704
1961,0.05600000000000005,-4.353844061675666
1962,0.05799999999999983,-4.2819302025437995
1963,0.06000000000000005,-4.211205188929913
1964,0.06199999999999983,-4.14164973876733
1965,0.06400000000000006,-4.073244817989773
1966,0.06599999999999984,-4.005971640531478
1967,0.06800000000000006,-3.9398116683270796
1968,0.06999999999999984,-3.8747466113117266
1969,0.07200000000000006,-3.810758427420966
1970,0.07399999999999984,-3.7478293225908597
1971,0.07600000000000007,-3.685941750757868
1972,0.07799999999999985,-3.6250784138589633
1973,0.08000000000000007,-3.5652222618315212
1974,0.08199999999999985,-3.506356492613425
1975,0.08400000000000007,-3.448464552142963
1976,0.08599999999999985,-3.391530134358931
1977,0.08800000000000008,-3.3355371812005314
1978,0.08999999999999986,-3.2804698826074716
1979,0.09200000000000008,-3.2263126765198664
1980,0.09399999999999986,-3.173050248878336
1981,0.09600000000000009,-3.1206675336239087
1982,0.09799999999999986,-3.069149712698116
1983,0.10000000000000009,-3.0184822160428997
1984,0.10199999999999987,-2.968650721600703
1985,0.10400000000000009,-2.919641155314382
1986,0.10599999999999987,-2.871439615044576
1987,0.1080000000000001,-2.8240329196713563
1988,0.10999999999999988,-2.7774084419552882
1989,0.1120000000000001,-2.7315537060824386
1990,0.11399999999999988,-2.686456387080511
1991,0.1160000000000001,-2.6421043108187647
1992,0.11799999999999988,-2.5984854540080944
1993,0.1200000000000001,-2.5555879442009513
1994,0.12199999999999989,-2.51340005979142
1995,0.12400000000000011,-2.471910230015145
1996,0.1259999999999999,-2.4311070349494015
1997,0.1280000000000001,-2.3909792055130255
1998,0.1299999999999999,-2.3515156234664825
1999,0.13200000000000012,-2.3127053214118014
2000,0.1339999999999999,-2.2745374827926383
2001,0.13599999999999968,-2.2370014418942215
2002,0.13800000000000034,-2.200086683843367
2003,0.14000000000000012,-2.163782844608534
2004,0.1419999999999999,-2.12807971099973
2005,0.14399999999999968,-2.092967220668574
2006,0.14600000000000035,-2.058435462108265
2007,0.14800000000000013,-2.0244746746536437
2008,0.1499999999999999,-1.9910752484811014
2009,0.1519999999999997,-1.9582277246086393
2010,0.15400000000000036,-1.925922794895841
2011,0.15600000000000014,-1.894151302043928
2012,0.15799999999999992,-1.8629042395956747
2013,0.1599999999999997,-1.8321727519354654
2014,0.16200000000000037,-1.8019481342892671
2015,0.16400000000000015,-1.7722218198335353
2016,0.16599999999999993,-1.7429851173521294
2017,0.1679999999999997,-1.7142300879352428
2018,0.17000000000000037,-1.6859491621421405
2019,0.17200000000000015,-1.658134856620498
2020,0.17399999999999993,-1.6307797741063275
2021,0.1759999999999997,-1.603876603424026
2022,0.17800000000000038,-1.5774181194863526
2023,0.18000000000000016,-1.5513971832944748
2024,0.18199999999999994,-1.5258067419378984
2025,0.18399999999999972,-1.500639828594514
2026,0.1860000000000004,-1.4758895625305746
2027,0.18800000000000017,-1.4515491491007397
2028,0.18999999999999995,-1.4276118797480084
2029,0.19199999999999973,-1.4040711320037649
2030,0.1940000000000004,-1.3809203694877565
2031,0.19600000000000017,-1.3581531419081339
2032,0.19799999999999995,-1.3357630850613909
2033,0.19999999999999973,-1.3137439208324047
2034,0.2020000000000004,-1.292089457194416
2035,0.20400000000000018,-1.270793588209068
2036,0.20599999999999996,-1.2498502940263485
2037,0.20799999999999974,-1.2292536408846275
2038,0.2100000000000004,-1.2089977811106403
2039,0.2120000000000002,-1.189076953119521
2040,0.21399999999999997,-1.1694854814147524
2041,0.21599999999999975,-1.1502177765881973
2042,0.21800000000000042,-1.131268335320084
2043,0.2200000000000002,-1.1126317403790407
2044,0.22199999999999998,-1.0943026606220418
2045,0.22399999999999975,-1.0762758509944446
2046,0.22600000000000042,-1.058546152529971
2047,0.2280000000000002,-1.0411084923507414
2048,0.22999999999999998,-1.0239578833369163
2049,0.23199999999999976,-1.007089457984828
2050,0.23399999999999954,-0.9904987310849577
2051,0.2360000000000002,-0.9741813693126821
2052,0.238,-0.9581330872454566
2053,0.23999999999999977,-0.9423496473627723
2054,0.24199999999999955,-0.9268268600461834
2055,0.24400000000000022,-0.9115605835792949
2056,0.246,-0.8965467241477886
2057,0.24799999999999978,-0.8817812358393825
2058,0.24999999999999956,-0.8672601206438588
2059,0.2520000000000002,-0.8529794284530495
2060,0.254,-0.838935257060863
2061,0.2559999999999998,-0.825123752163245
2062,0.25799999999999956,-0.8115411073582044
2063,0.26000000000000023,-0.7981835641458012
2064,0.262,-0.78504741192817
2065,0.2639999999999998,-0.7721289880094839
2066,0.26599999999999957,-0.7594246775959794
2067,0.26800000000000024,-0.7469309137959438
2068,0.27,-0.7346441776197381
2069,0.2719999999999998,-0.722560997979763
2070,0.2739999999999996,-0.7106779516904821
2071,0.27600000000000025,-0.6989916634684102
2072,0.278,-0.6874988059321346
2073,0.2799999999999998,-0.6761960996022843
2074,0.2819999999999996,-0.665080312901549
2075,0.28400000000000025,-0.6541482621546718
2076,0.28600000000000003,-0.6433968115884662
2077,0.2879999999999998,-0.6328228733317885
2078,0.2899999999999996,-0.622423407415556
2079,0.29200000000000026,-0.612195421772739
2080,0.29400000000000004,-0.6021359722383776
2081,0.2959999999999998,-0.5922421625495555
2082,0.2979999999999996,-0.5825111443454174
2083,0.30000000000000027,-0.5729401221649111
2084,0.30200000000000005,-0.5635264929207839
2085,0.3039999999999998,-0.5542678179687416
2086,0.3059999999999996,-0.545161684587148
2087,0.3080000000000003,-0.536205706440779
2088,0.31000000000000005,-0.5273975235808389
2089,0.31199999999999983,-0.5187348024449359
2090,0.3139999999999996,-0.510215235857098
2091,0.3160000000000003,-0.5018365430277664
2092,0.31800000000000006,-0.49359646955380854
2093,0.31999999999999984,-0.48549278741849766
2094,0.3219999999999996,-0.4775232949915264
2095,0.3240000000000003,-0.46968581702900003
2096,0.32600000000000007,-0.4619782046734505
2097,0.32799999999999985,-0.45439833545381525
2098,0.3299999999999996,-0.44694411328545147
2099,0.3320000000000003,-0.43961346847012917
2100,0.3340000000000001,-0.4324043576960441
2101,0.33599999999999985,-0.42531476403779844
2102,0.33799999999999963,-0.4183426969564137
2103,0.3400000000000003,-0.4114861922993245
2104,0.3420000000000001,-0.40474331230039073
2105,0.34399999999999986,-0.39811214557987895
2106,0.34599999999999964,-0.39159080714447525
2107,0.3480000000000003,-0.3851774383872789
2108,0.3500000000000001,-0.3788702070878136
2109,0.35199999999999987,-0.37266730741201065
2110,0.35399999999999965,-0.36656695991222055
2111,0.3560000000000003,-0.360567411527207
2112,0.3580000000000001,-0.3546669355821579
2113,0.3599999999999999,-0.3488638317886692
2114,0.36199999999999966,-0.3431564262447555
2115,0.3640000000000003,-0.33754307143484547
2116,0.3660000000000001,-0.33202214622979065
2117,0.3679999999999999,-0.32659205588685203
2118,0.36999999999999966,-0.3212512320497083
2119,0.37200000000000033,-0.3159981943998851
2120,0.3740000000000001,-0.3108316417253449
2121,0.3759999999999999,-0.3057502252193416
2122,0.37799999999999967,-0.3007526072036975
2123,0.38000000000000034,-0.2958374651360881
2124,0.3820000000000001,-0.2910034916100505
2125,0.3839999999999999,-0.28624939435497065
2126,0.3859999999999997,-0.2815738962360918
2127,0.38800000000000034,-0.2769757352545106
2128,0.3900000000000001,-0.27245366454718484
2129,0.3919999999999999,-0.26800645238692167
2130,0.3939999999999997,-0.26363288218238534
2131,0.39600000000000035,-0.25933175247809365
2132,0.39800000000000013,-0.2551018769544251
2133,0.3999999999999999,-0.250942084427608
2134,0.4019999999999997,-0.2468512188497276
2135,0.40400000000000036,-0.24282813930872277
2136,0.40600000000000014,-0.2388717200283929
2137,0.4079999999999999,-0.23498085036838734
2138,0.4099999999999997,-0.23115443482421238
2139,0.41200000000000037,-0.227391393027228
2140,0.41400000000000015,-0.22369065974465432
2141,0.4159999999999999,-0.22005118487956188
2142,0.4179999999999997,-0.21647193347087793
2143,0.4200000000000004,-0.2129518856933836
2144,0.42200000000000015,-0.20949003685771983
2145,0.42399999999999993,-0.20608539741037818
2146,0.4259999999999997,-0.202736992933707
2147,0.4280000000000004,-0.19944386414590848
2148,0.43000000000000016,-0.19620506690104436
2149,0.43199999999999994,-0.19301967218902732
2150,0.4339999999999997,-0.18988676613562672
2151,0.4360000000000004,-0.18680545000246582
2152,0.43800000000000017,-0.18377484018702725
2153,0.43999999999999995,-0.18079400417550123
2154,0.4419999999999997,-0.17786207461427864
2155,0.4440000000000004,-0.17497831001860323
2156,0.4460000000000002,-0.17214197649029744
2157,0.44799999999999995,-0.16935234745986083
2158,0.44999999999999973,-0.16660870368647515
2159,0.4520000000000004,-0.16391033325800197
2160,0.4540000000000002,-0.1612565315909875
2161,0.45599999999999996,-0.15864660143065512
2162,0.45799999999999974,-0.15607985285091058
2163,0.4600000000000004,-0.15355560325433937
2164,0.4620000000000002,-0.15107317737221138
2165,0.46399999999999997,-0.14863190726447406
2166,0.46599999999999975,-0.14623113231975693
2167,0.4680000000000004,-0.14387019925536954
2168,0.4700000000000002,-0.1415484621173054
2169,0.472,-0.13926528228023594
2170,0.47399999999999975,-0.13702002844751462
2171,0.4760000000000004,-0.13481207665117484
2172,0.4780000000000002,-0.13264081025193397
2173,0.48,-0.13050561993918733
2174,0.48199999999999976,-0.12840590373101224
2175,0.48400000000000043,-0.12634106697416608
2176,0.4860000000000002,-0.12431052234408993
2177,0.488,-0.1223136898449031
2178,0.48999999999999977,-0.12034999680940678
2179,0.49199999999999955,-0.11841887789908312
2180,0.4940000000000002,-0.11651977510409442
2181,0.496,-0.11465213774328648
2182,0.4979999999999998,-0.1128154224641835
2183,0.49999999999999956,-0.11100909324299155
2184,0.5020000000000002,-0.10923262138459684
2185,0.504,-0.10748548552256894
2186,0.5059999999999998,-0.10576717161915598
2187,0.5079999999999996,-0.10407717296528793
2188,0.5100000000000002,-0.10241499018057493
2189,0.512,-0.10078013121331031
2190,0.5139999999999998,-0.09917211134046616
2191,0.5159999999999996,-0.09759045316769627
2192,0.5180000000000002,-0.09603468662933476
2193,0.52,-0.09450434971379189
2194,0.5219999999999998,-0.09299903546247261
2195,0.5239999999999996,-0.09151837909149228
2196,0.5260000000000002,-0.09006201206793954
2197,0.528,-0.0886295693103671
2198,0.5299999999999998,-0.0872206891887878
2199,0.5319999999999996,-0.08583501352467723
2200,0.5340000000000003,-0.08447218759097251
2201,0.536,-0.08313186011207466
2202,0.5379999999999998,-0.08181368326384493
2203,0.5399999999999996,-0.08051731267360737
2204,0.5420000000000003,-0.07924240742014749
2205,0.544,-0.07798863003371466
2206,0.5459999999999998,-0.0767556464960186
2207,0.5479999999999996,-0.07554312624023171
2208,0.5500000000000003,-0.07435074215098798
2209,0.552,-0.0731781705643851
2210,0.5539999999999998,-0.0720250912679812
2211,0.5559999999999996,-0.07089118750079713
2212,0.5580000000000003,-0.0697761459533153
2213,0.56,-0.06867965676748172
2214,0.5619999999999998,-0.06760141353670301
2215,0.5639999999999996,-0.06654111330584836
2216,0.5660000000000003,-0.06549845657124863
2217,0.5680000000000001,-0.06447314728069818
2218,0.5699999999999998,-0.06346489283345207
2219,0.5719999999999996,-0.062473404080227876
2220,0.5740000000000003,-0.06149839532320492
2221,0.5760000000000001,-0.06053958431602589
2222,0.5779999999999998,-0.05959669226379427
2223,0.5799999999999996,-0.05866944382307605
2224,0.5820000000000003,-0.057757567101899
2225,0.5840000000000001,-0.056860793659754105
2226,0.5859999999999999,-0.05597885850759331
2227,0.5879999999999996,-0.05511150010783103
2228,0.5900000000000003,-0.05425846037434344
2229,0.5920000000000001,-0.0534194846724699
2230,0.5939999999999999,-0.05259432181901076
2231,0.5959999999999996,-0.051782724082228865
2232,0.5980000000000003,-0.05098444718184875
2233,0.6000000000000001,-0.050199250289058195
2234,0.6019999999999999,-0.04942689602650599
2235,0.6039999999999996,-0.048667150468303305
2236,0.6060000000000003,-0.04791978314002321
2237,0.6080000000000001,-0.047184578184019214
2238,0.6099999999999999,-0.0464613648184731
2239,0.6119999999999997,-0.04574996970315345
2240,0.6140000000000003,-0.04505022001704114
2241,0.6160000000000001,-0.04436194442116743
2242,0.6179999999999999,-0.04368497305861208
2243,0.6199999999999997,-0.04301913755450462
2244,0.6220000000000003,-0.04236427101602371
2245,0.6240000000000001,-0.04172020803239834
2246,0.6259999999999999,-0.04108678467490608
2247,0.6279999999999997,-0.04046383849687419
2248,0.6300000000000003,-0.03985120853367914
2249,0.6320000000000001,-0.03924873530274767
2250,0.6339999999999999,-0.038656260803555095
2251,0.6359999999999997,-0.038073628517626495
2252,0.6380000000000003,-0.03750068340853611
2253,0.6400000000000001,-0.036937271921908384
2254,0.6419999999999999,-0.03638324198541646
2255,0.6439999999999997,-0.03583844300878316
2256,0.6460000000000004,-0.03530272588378053
2257,0.6480000000000001,-0.034775942984230736
2258,0.6499999999999999,-0.03425794816600472
2259,0.6519999999999997,-0.03374859676702306
2260,0.6540000000000004,-0.033247745607255595
2261,0.6560000000000001,-0.03275525298872224
2262,0.6579999999999999,-0.0322709786954917
2263,0.6599999999999997,-0.031794783993682345
2264,0.6620000000000004,-0.031326531631461776
2265,0.6640000000000001,-0.030866085839047666
2266,0.6659999999999999,-0.030413312328706504
2267,0.6679999999999997,-0.029968078294754417
2268,0.6700000000000004,-0.029530252413556807
2269,0.6720000000000002,-0.02909970484352907
2270,0.6739999999999999,-0.028676307225135485
2271,0.6759999999999997,-0.028259932680889957
2272,0.6780000000000004,-0.027850455815355668
2273,0.6800000000000002,-0.027447752715145754
2274,0.6819999999999999,-0.02705170094892228
2275,0.6839999999999997,-0.026662179567396915
2276,0.6860000000000004,-0.026279069103330624
2277,0.6880000000000002,-0.025902251571534293
2278,0.69,-0.02553161046886776
2279,0.6919999999999997,-0.025167030774240484
2280,0.6940000000000004,-0.024808398948611185
2281,0.6960000000000002,-0.024455602934988524
2282,0.698,-0.024108532158430104
2283,0.6999999999999997,-0.02376707752604315
2284,0.7020000000000004,-0.023431134377210068
2285,0.7040000000000002,-0.02310063191797551
2286,0.706,-0.022775498370341984
2287,0.7079999999999997,-0.022455658252800034
2288,0.7100000000000004,-0.022141036644005838
2289,0.7120000000000002,-0.021831559182781783
2290,0.714,-0.021527152068115618
2291,0.7159999999999997,-0.021227742059161003
2292,0.7180000000000004,-0.02093325647523725
2293,0.7200000000000002,-0.02064362319582986
2294,0.722,-0.020358770660589685
2295,0.7239999999999998,-0.020078627869333524
2296,0.7260000000000004,-0.01980312438204381
2297,0.7280000000000002,-0.019532190318869144
2298,0.73,-0.019265756360123516
2299,0.7319999999999998,-0.01900375374628683
2300,0.7340000000000004,-0.018746114278004662
2301,0.7360000000000002,-0.018492770316088696
2302,0.738,-0.018243654781516065
2303,0.7399999999999998,-0.017998701155429786
2304,0.7420000000000004,-0.017757843479138564
2305,0.7440000000000002,-0.017521016354117194
2306,0.746,-0.017288154942005925
2307,0.7479999999999998,-0.017059194964610898
2308,0.7499999999999996,-0.016834072703904045
2309,0.7520000000000002,-0.01661272500202296
2310,0.754,-0.016395089261271326
2311,0.7559999999999998,-0.016181103444118307
2312,0.7579999999999996,-0.01597070607319894
2313,0.7600000000000002,-0.015763836231313964
2314,0.762,-0.015560433561430147
2315,0.7639999999999998,-0.015360438266679793
2316,0.7659999999999996,-0.015163791110361056
2317,0.7680000000000002,-0.014970433415937793
2318,0.77,-0.014780307067039894
2319,0.7719999999999998,-0.014593354507462773
2320,0.7739999999999996,-0.014409518741167714
2321,0.7760000000000002,-0.01422874333228169
2322,0.778,-0.014050972405097707
2323,0.7799999999999998,-0.013876150644074305
2324,0.7819999999999996,-0.013704223293835877
2325,0.7840000000000003,-0.013535136159172532
2326,0.786,-0.013368835605040374
2327,0.7879999999999998,-0.013205268556561074
2328,0.7899999999999996,-0.01304438249902215
2329,0.7920000000000003,-0.012886125477876827
2330,0.794,-0.012730446098744325
2331,0.7959999999999998,-0.012577293527409428
2332,0.7979999999999996,-0.012426617489822777
2333,0.8000000000000003,-0.012278368272100725
2334,0.802,-0.012132496720525604
2335,0.8039999999999998,-0.011988954241545322
2336,0.8059999999999996,-0.011847694782826157
2337,0.8080000000000003,-0.011708710837255921
2338,0.81,-0.011571982579177329
2339,0.8119999999999998,-0.011437478452800645
2340,0.8139999999999996,-0.011305167132607097
2341,0.8160000000000003,-0.011175017523348763
2342,0.8180000000000001,-0.011046998760048804
2343,0.8199999999999998,-0.010921080208001109
2344,0.8219999999999996,-0.010797231462770538
2345,0.8240000000000003,-0.010675422350192802
2346,0.8260000000000001,-0.010555622926374679
2347,0.8279999999999998,-0.010437803477693689
2348,0.8299999999999996,-0.010321934520798319
2349,0.8320000000000003,-0.010207986802607913
2350,0.8340000000000001,-0.01009593130031286
2351,0.8359999999999999,-0.009985739221374322
2352,0.8379999999999996,-0.009877382003524407
2353,0.8400000000000003,-0.009770831314766085
2354,0.8420000000000001,-0.009666059053373376
2355,0.8439999999999999,-0.009563037347891063
2356,0.8459999999999996,-0.009461738557134888
2357,0.8480000000000003,-0.009362135270191446
2358,0.8500000000000001,-0.00926420030641838
2359,0.8519999999999999,-0.009167906715444103
2360,0.8539999999999996,-0.009073227777167982
2361,0.8560000000000003,-0.008980137001760244
2362,0.8580000000000001,-0.008888608129662155
2363,0.8599999999999999,-0.008798615131585755
2364,0.8619999999999997,-0.008710132208514038
2365,0.8640000000000003,-0.008623133791700863
2366,0.8660000000000001,-0.008537594542671112
2367,0.8679999999999999,-0.008453489353220461
2368,0.8699999999999997,-0.008370793345415527
2369,0.8720000000000003,-0.008289481871593805
2370,0.8740000000000001,-0.00820953051436379
2371,0.8759999999999999,-0.008130915086604795
2372,0.8779999999999997,-0.008053611631467058
2373,0.8800000000000003,-0.007977596422371704
2374,0.8820000000000001,-0.007902845963010854
2375,0.8839999999999999,-0.007829336987347446
2376,0.8859999999999997,-0.007757046459615349
2377,0.8880000000000003,-0.007685951574319318
2378,0.8900000000000001,-0.007616029756235095
2379,0.8919999999999999,-0.007547258660409246
2380,0.8939999999999997,-0.0074796161721592674
2381,0.8960000000000004,-0.0074130804070735405
2382,0.8980000000000001,-0.007347629711011435
2383,0.8999999999999999,-0.007283242660103141
2384,0.9019999999999997,-0.0072198980607497895
2385,0.9040000000000004,-0.007157574949623383
2386,0.9060000000000001,-0.0070962525936669185
2387,0.9079999999999999,-0.007035910490094215
2388,0.9099999999999997,-0.006976528366390029
2389,0.9120000000000004,-0.00691808244325651
2390,0.9140000000000001,-0.006860545722645672
2391,0.9159999999999999,-0.006803907311596549
2392,0.9179999999999997,-0.006748157366500508
2393,0.9200000000000004,-0.0066932860519771376
2394,0.9220000000000002,-0.006639283540874327
2395,0.9239999999999999,-0.006586140014268122
2396,0.9259999999999997,-0.006533845661462825
2397,0.9280000000000004,-0.006482390679990957
2398,0.9300000000000002,-0.00643176527561333
2399,0.9319999999999999,-0.0063819596623189145
2400,0.9339999999999997,-0.006332964062324954
2401,0.9360000000000004,-0.0062847687060768875
2402,0.9380000000000002,-0.006237363832248457
2403,0.94,-0.006190739687741566
2404,0.9419999999999997,-0.006144886527686383
2405,0.9440000000000004,-0.0060997946154412765
2406,0.9460000000000002,-0.006055454222592918
2407,0.948,-0.006011855628956141
2408,0.9499999999999997,-0.005968989122574039
2409,0.9520000000000004,-0.005926844999717913
2410,0.9540000000000002,-0.005885413564887358
2411,0.956,-0.005844685130810143
2412,0.9579999999999997,-0.005804650018442284
2413,0.9600000000000004,-0.005765298556968019
2414,0.9620000000000002,-0.005726621083799861
2415,0.964,-0.005688607944578511
2416,0.9659999999999997,-0.00565124949317292
2417,0.9680000000000004,-0.0056145360916802466
2418,0.9700000000000002,-0.005578458110425937
2419,0.972,-0.005543005927963619
2420,0.9739999999999998,-0.005508169931075172
2421,0.9760000000000004,-0.005473940514770688
2422,0.9780000000000002,-0.005440308082288538
2423,0.98,-0.005407263045095277
2424,0.9819999999999998,-0.005374795822885716
2425,0.9840000000000004,-0.00534289684358287
2426,0.9860000000000002,-0.005311556543338047
2427,0.988,-0.005280765366530726
2428,0.9899999999999998,-0.005250513765768645
2429,0.9920000000000004,-0.005220792201887755
2430,0.9940000000000002,-0.005191591143952283
2431,0.996,-0.005162901069254645
2432,0.9979999999999998,-0.0051347124633155
2433,0.9999999999999996,-0.005107015819883747
2434,1.0020000000000002,-0.0050798016409365
2435,1.004,-0.005053060436679142
2436,1.0059999999999998,-0.005026782725545253
2437,1.0079999999999996,-0.005000959034196655
2438,1.0100000000000002,-0.004975579897523393
2439,1.012,-0.004950635858643776
2440,1.0139999999999998,-0.004926117468904312
2441,1.0159999999999996,-0.004902015287879754
2442,1.0180000000000002,-0.0048783198833730786
2443,1.02,-0.004855021831415521
2444,1.0219999999999998,-0.004832111716266515
2445,1.0239999999999996,-0.00480958013041375
2446,1.0260000000000002,-0.004787417674573118
2447,1.028,-0.004765614957688794
2448,1.0299999999999998,-0.0047441625969331415
2449,1.0319999999999996,-0.004723051217706768
2450,1.0340000000000003,-0.00470227145363851
2451,1.036,-0.004681813946585456
2452,1.0379999999999998,-0.004661669346632903
2453,1.0399999999999996,-0.004641828312094389
2454,1.0420000000000003,-0.004622281509511675
2455,1.044,-0.004603019613654787
2456,1.0459999999999998,-0.00458403330752194
2457,1.0479999999999996,-0.004565313282339611
2458,1.0500000000000003,-0.004546850237562485
2459,1.052,-0.00452863488087351
2460,1.0539999999999998,-0.004510662000773609
2461,1.0559999999999996,-0.0044929464586662415
2462,1.0580000000000003,-0.004475489277779049
2463,1.06,-0.0044582886939175635
2464,1.0619999999999998,-0.004441342919408547
2465,1.0639999999999996,-0.004424650143100034
2466,1.0660000000000003,-0.0044082085303613
2467,1.068,-0.004392016223082915
2468,1.0699999999999998,-0.004376071339676671
2469,1.0719999999999996,-0.00436037197507564
2470,1.0740000000000003,-0.004344916200734138
2471,1.076,-0.004329702064627759
2472,1.0779999999999998,-0.004314727591253339
2473,1.0799999999999996,-0.004299990781628977
2474,1.0820000000000003,-0.00428548961329403
2475,1.084,-0.004271222040309119
2476,1.0859999999999999,-0.00425718599325612
2477,1.0879999999999996,-0.004243379379238167
2478,1.0900000000000003,-0.004229800081879644
2479,1.092,-0.004216445961326219
2480,1.0939999999999999,-0.004203314854244796
2481,1.0959999999999996,-0.004190404573823539
2482,1.0980000000000003,-0.004177712909771876
2483,1.1,-0.004165237628320502
2484,1.1019999999999999,-0.004152976472221355
2485,1.1039999999999996,-0.0041409271607476435
2486,1.1060000000000003,-0.004129087389693819
2487,1.108,-0.004117454831375614
2488,1.1099999999999999,-0.004106027134630007
2489,1.1119999999999997,-0.00409480192481523
2490,1.1140000000000003,-0.004083776803810779
2491,1.116,-0.004072949350017417
2492,1.1179999999999999,-0.004062317118357157
2493,1.1199999999999997,-0.004051877640273267
2494,1.1220000000000003,-0.0040416284237302785
2495,1.124,-0.004031566953213987
2496,1.126,-0.0040216906897314365
2497,1.1279999999999997,-0.004011997070810933
2498,1.1300000000000003,-0.0040024835105020445
2499,1.1320000000000001,-0.0039931473993755975
2500,1.134,-0.003983986104523676
2501,1.1359999999999997,-0.003974996969559618
2502,1.1380000000000003,-0.00396617731461802
2503,1.1400000000000001,-0.003957524436354751
2504,1.142,-0.0039490356079469255
2505,1.1439999999999997,-0.003940708079092914
2506,1.1460000000000004,-0.003932539076012355
2507,1.1480000000000001,-0.003924525801446147
2508,1.15,-0.003916665434656439
2509,1.1519999999999997,-0.003908955131426639
2510,1.1540000000000004,-0.003901392024061416
2511,1.1560000000000001,-0.0038939732213867026
2512,1.158,-0.0038866958087496843
2513,1.1599999999999997,-0.0038795568480188072
2514,1.1620000000000004,-0.0038725533775837706
2515,1.1640000000000001,-0.0038656824123555443
2516,1.166,-0.0038589409437663445
2517,1.1679999999999997,-0.0038523259397696547
2518,1.1700000000000004,-0.003845834344840208
2519,1.1720000000000002,-0.003839463079974008
2520,1.174,-0.0038332090426883084
2521,1.1759999999999997,-0.003827069107021623
2522,1.1780000000000004,-0.0038210401235337227
2523,1.1800000000000002,-0.0038151189193056413
2524,1.182,-0.0038093022979396735
2525,1.1839999999999997,-0.0038035870395593634
2526,1.1860000000000004,-0.003797969900809519
2527,1.1880000000000002,-0.0037924476148562085
2528,1.19,-0.0037870168913867533
2529,1.1919999999999997,-0.003781674416609742
2530,1.1940000000000004,-0.003776416853255013
2531,1.1960000000000002,-0.003771240840573672
2532,1.198,-0.003766142994338074
2533,1.1999999999999997,-0.003761119906841838
2534,1.2020000000000004,-0.0037561681468998367
2535,1.2040000000000002,-0.0037512842598482164
2536,1.206,-0.0037464647675443594
2537,1.2079999999999997,-0.003741706168366929
2538,1.2100000000000004,-0.003737004937215828
2539,1.2120000000000002,-0.0037323575255122296
2540,1.214,-0.003727760361198564
2541,1.2159999999999997,-0.0037232098487385186
2542,1.2180000000000004,-0.003718702369117033
2543,1.2200000000000002,-0.0037142342798403213
2544,1.222,-0.003709801914935841
2545,1.2239999999999998,-0.003705401584952313
2546,1.2260000000000004,-0.0037010340320345024
2547,1.2280000000000002,-0.003696715784678426
2548,1.23,-0.0036924490168964326
2549,1.2319999999999998,-0.00368823395087799
2550,1.2340000000000004,-0.0036840707922316217
2551,1.2360000000000002,-0.003679959729984899
2552,1.238,-0.003675900936584431
2553,1.2399999999999998,-0.003671894567895878
2554,1.2420000000000004,-0.003667940763203946
2555,1.2440000000000002,-0.003664039645212388
2556,1.246,-0.0036601913200440053
2557,1.2479999999999998,-0.003656395877240641
2558,1.2500000000000004,-0.0036526533897631858
2559,1.2520000000000002,-0.003648963913991582
2560,1.254,-0.003645327489724813
2561,1.2559999999999998,-0.003641744140180904
2562,1.2579999999999996,-0.003638213871996941
2563,1.2600000000000002,-0.0036347366752290423
2564,1.262,-0.00363131252335238
2565,1.2639999999999998,-0.0036279413732611746
2566,1.2659999999999996,-0.003624623165268681
2567,1.2680000000000002,-0.003621357823107213
2568,1.27,-0.0036181452539281317
2569,1.2719999999999998,-0.0036149853483018295
2570,1.2739999999999996,-0.0036118779802177606
2571,1.2760000000000002,-0.0036088230070844204
2572,1.278,-0.003605820269729349
2573,1.2799999999999998,-0.003602869592399135
2574,1.2819999999999996,-0.0035999707827594103
2575,1.2840000000000003,-0.00359712363189486
2576,1.286,-0.003594327914309206
2577,1.2879999999999998,-0.003591583387925229
2578,1.2899999999999996,-0.0035888897940847403
2579,1.2920000000000003,-0.0035862468575486132
2580,1.294,-0.0035836542864967555
2581,1.2959999999999998,-0.0035811117725281297
2582,1.2979999999999996,-0.003578618990660743
2583,1.3000000000000003,-0.0035761755993316408
2584,1.302,-0.0035737812403969227
2585,1.3039999999999998,-0.0035714355391317405
2586,1.3059999999999996,-0.00356913810423028
2587,1.3080000000000003,-0.0035668885278057755
2588,1.31,-0.0035646863853905156
2589,1.3119999999999998,-0.0035625312359358306
2590,1.3139999999999996,-0.003560422621812099
2591,1.3160000000000003,-0.0035583600688087365
2592,1.318,-0.0035563430861342213
2593,1.3199999999999998,-0.003554371166416062
2594,1.3219999999999996,-0.003552443785700826
2595,1.3240000000000003,-0.0035505604034541186
2596,1.326,-0.003548720462560599
2597,1.3279999999999998,-0.003546923389323966
2598,1.3299999999999996,-0.0035451685934669644
2599,1.3320000000000003,-0.0035434554681313957
2600,1.334,-0.003541783389878095
2601,1.3359999999999999,-0.003540151718686952
2602,1.3379999999999996,-0.0035385597979568986
2603,1.3400000000000003,-0.0035370069545059175
2604,1.342,-0.0035354924985710294
2605,1.3439999999999999,-0.0035340157238083134
2606,1.3459999999999996,-0.0035325759072928897
2607,1.3480000000000003,-0.003531172309518913
2608,1.35,-0.003529804174399607
2609,1.3519999999999999,-0.0035284707292672253
2610,1.3539999999999996,-0.003527171184873071
2611,1.3560000000000003,-0.0035259047353874973
2612,1.358,-0.0035246705583999033
2613,1.3599999999999999,-0.003523467814918732
2614,1.3619999999999997,-0.0035222956493714715
2615,1.3640000000000003,-0.0035211531896046575
2616,1.366,-0.0035200395468838776
2617,1.3679999999999999,-0.0035189538158937606
2618,1.3699999999999997,-0.0035178950747379797
2619,1.3720000000000003,-0.00351686238493926
2620,1.374,-0.0035158547914393677
2621,1.376,-0.0035148713225991203
2622,1.3779999999999997,-0.0035139109901983767
2623,1.3800000000000003,-0.0035129727894360474
2624,1.3820000000000001,-0.0035120556989300875
2625,1.384,-0.003511158680717493
2626,1.3859999999999997,-0.0035102806802543157
2627,1.3880000000000003,-0.0035094206264156477
2628,1.3900000000000001,-0.0035085774314956297
2629,1.392,-0.003507749991207447
2630,1.3939999999999997,-0.0035069371846833328
2631,1.3960000000000004,-0.003506137874474565
2632,1.3980000000000001,-0.00350535090655147
2633,1.4,-0.003504575110303422
2634,1.4019999999999997,-0.003503809298538836
2635,1.4040000000000004,-0.003503052267485176
2636,1.4060000000000001,-0.00350230279678896
2637,1.408,-0.0035015596495157376
2638,1.4099999999999997,-0.0035008215721501167
2639,1.4120000000000004,-0.0035000872945957495
2640,1.4140000000000001,-0.0034993555301753264
2641,1.416,-0.0034986249756305994
2642,1.4179999999999997,-0.003497894311122348
2643,1.4200000000000004,-0.003497162200230417
2644,1.4220000000000002,-0.003496427289953686
2645,1.424,-0.0034956882107100816
2646,1.4259999999999997,-0.0034949435763365795
2647,1.4280000000000004,-0.003494191984089203
2648,1.4300000000000002,-0.003493432014643017
2649,1.432,-0.003492662232092141
2650,1.4339999999999997,-0.0034918811839497327
2651,1.4360000000000004,-0.0034910874011480006
2652,1.4380000000000002,-0.003490279398038195
2653,1.44,-0.003489463897897418
2654,1.4419999999999997,-0.0034886524161175797
2655,1.4440000000000004,-0.0034878453401688825
2656,1.4460000000000002,-0.0034870429548841467
2657,1.448,-0.0034862455387154566
2658,1.4499999999999997,-0.00348545336373415
2659,1.4520000000000004,-0.0034846666956308177
2660,1.4540000000000002,-0.0034838857937153217
2661,1.456,-0.00348311091091677
2662,1.4579999999999997,-0.0034823422937835316
2663,1.4600000000000004,-0.003481580182483242
2664,1.4620000000000002,-0.003480824810802783
2665,1.464,-0.0034800764061482976
2666,1.4659999999999997,-0.0034793351895451956
2667,1.4680000000000004,-0.0034786013756381295
2668,1.4700000000000002,-0.0034778751726910265
2669,1.472,-0.0034771567825870563
2670,1.4739999999999998,-0.0034764464008286595
2671,1.4760000000000004,-0.003475744216537527
2672,1.4780000000000002,-0.0034750504124546125
2673,1.48,-0.0034743651649401207
2674,1.4819999999999998,-0.003473688643973523
2675,1.4840000000000004,-0.0034730210131535474
2676,1.4860000000000002,-0.003472362429698169
2677,1.488,-0.0034717130444446367
2678,1.4899999999999998,-0.0034710730018494493
2679,1.4920000000000004,-0.0034704424399883624
2680,1.4940000000000002,-0.0034698214905563955
2681,1.496,-0.003469210278867818
2682,1.4979999999999998,-0.003468608923856163
2683,1.5000000000000004,-0.0034680175380742244
2684,1.5020000000000002,-0.0034674362276940485
2685,1.504,-0.0034668650925069426
2686,1.5059999999999998,-0.0034663042259234673
2687,1.5080000000000005,-0.003465753714973447
2688,1.5100000000000002,-0.0034652136403059627
2689,1.512,-0.003464684076189356
2690,1.5139999999999998,-0.0034641650905112183
2691,1.5159999999999996,-0.003463656744778408
2692,1.5180000000000002,-0.003463159094117034
2693,1.52,-0.0034626721872724753
2694,1.5219999999999998,-0.0034621960666093507
2695,1.5239999999999996,-0.003461730768111553
2696,1.5260000000000002,-0.003461276321382229
2697,1.528,-0.003460832749643778
2698,1.5299999999999998,-0.0034604000697378637
2699,1.5319999999999996,-0.0034599782921254027
2700,1.5340000000000003,-0.003459567420886576
2701,1.536,-0.003459167453720817
2702,1.5379999999999998,-0.0034587783819468206
2703,1.5399999999999996,-0.0034584001905025377
2704,1.5420000000000003,-0.0034580328579451765
2705,1.544,-0.0034576763564512086
2706,1.5459999999999998,-0.003457330651816356
2707,1.5479999999999996,-0.003456995703455607
2708,1.5500000000000003,-0.003456671464403198
2709,1.552,-0.003456357881312634
2710,1.5539999999999998,-0.003456054894456672
2711,1.5559999999999996,-0.0034557624377273242
2712,1.5580000000000003,-0.003455480438635871
2713,1.56,-0.0034552088183128424
2714,1.5619999999999998,-0.0034549474915080286
2715,1.5639999999999996,-0.0034546963665904803
2716,1.5660000000000003,-0.003454455345548498
2717,1.568,-0.0034542243239896533
2718,1.5699999999999998,-0.003454003191140767
2719,1.5719999999999996,-0.0034537918298479173
2720,1.5740000000000003,-0.0034535901165764493
2721,1.576,-0.0034533979214109514
2722,1.5779999999999998,-0.003453215108055286
2723,1.5799999999999996,-0.003453041533832562
2724,1.5820000000000003,-0.0034528770496851553
2725,1.584,-0.0034527215001746887
2726,1.5859999999999999,-0.0034525747234820554
2727,1.5879999999999996,-0.0034524365514073986
2728,1.5900000000000003,-0.0034523068093701217
2729,1.592,-0.003452185316408885
2730,1.5939999999999999,-0.003452071885181613
2731,1.5959999999999996,-0.003451966321965476
2732,1.5980000000000003,-0.0034518684266569184
2733,1.6,-0.0034517779927716284
2734,1.6019999999999999,-0.0034516948074445573
2735,1.6039999999999996,-0.0034516186514299205
2736,1.6060000000000003,-0.003451549299101183
2737,1.608,-0.0034514865184510704
2738,1.6099999999999999,-0.003451430071091565
2739,1.6119999999999997,-0.0034513797122539165
2740,1.6140000000000003,-0.0034513351907886174
2741,1.616,-0.003451296249165431
2742,1.6179999999999999,-0.0034512626234733702
2743,1.6199999999999997,-0.003451234043420716
2744,1.6220000000000003,-0.0034512102323349947
2745,1.624,-0.0034511909071630008
2746,1.626,-0.0034511757784707817
2747,1.6279999999999997,-0.003451164550443645
2748,1.6300000000000003,-0.003451156920886156
2749,1.6320000000000001,-0.0034511525812221354
2750,1.634,-0.003451151216494669
2751,1.6359999999999997,-0.0034511525053660917
2752,1.6380000000000003,-0.0034511561201180027
2753,1.6400000000000001,-0.003451161726651261
2754,1.642,-0.003451168984485973
2755,1.6439999999999997,-0.0034511775467615143
2756,1.6460000000000004,-0.003451187060236515
2757,1.6480000000000001,-0.003451197165288862
2758,1.65,-0.0034512074959156987
2759,1.6519999999999997,-0.0034512176797334357
2760,1.6540000000000004,-0.003451227337977727
2761,1.6560000000000001,-0.0034512360855034965
2762,1.658,-0.0034512435307849226
2763,1.6599999999999997,-0.0034512492759154433
2764,1.6620000000000004,-0.00345125291660775
2765,1.6640000000000001,-0.0034512540421937944
2766,1.666,-0.003451252235624789
2767,1.6679999999999997,-0.003451247073471199
2768,1.6700000000000004,-0.003451238125922757
2769,1.6720000000000002,-0.003451224956788443
2770,1.674,-0.003451207123496499
2771,1.6759999999999997,-0.003451184177094429
2772,1.6780000000000004,-0.0034511556622489926
2773,1.6800000000000002,-0.0034511211172462038
2774,1.682,-0.003451080073991336
2775,1.6839999999999997,-0.0034510320580089272
2776,1.6860000000000004,-0.0034509765884427647
2777,1.6880000000000002,-0.0034509131780558998
2778,1.69,-0.0034508413332306406
2779,1.6919999999999997,-0.0034507605539685487
2780,1.6940000000000004,-0.0034506703338904494
2781,1.6960000000000002,-0.0034505701602364283
2782,1.698,-0.003450459513865821
2783,1.6999999999999997,-0.003450337869257223
2784,1.7020000000000004,-0.0034502046945084977
2785,1.7040000000000002,-0.0034500596843140864
2786,1.706,-0.0034499090947267518
2787,1.7079999999999997,-0.0034497560532250303
2788,1.7100000000000004,-0.0034496007290837766
2789,1.7120000000000002,-0.0034494432891864248
2790,1.714,-0.003449283898024992
2791,1.7159999999999997,-0.0034491227177000892
2792,1.7180000000000004,-0.0034489599079208996
2793,1.7200000000000002,-0.0034487956260052
2794,1.722,-0.0034486300268793506
2795,1.7239999999999998,-0.0034484632630782976
2796,1.7260000000000004,-0.0034482954847455637
2797,1.7280000000000002,-0.003448126839633265
2798,1.73,-0.0034479574731021007
2799,1.7319999999999998,-0.003447787528121353
2800,1.7340000000000004,-0.0034476171452688872
2801,1.7360000000000002,-0.0034474464627311623
2802,1.738,-0.0034472756163032095
2803,1.7399999999999998,-0.003447104739388654
2804,1.7420000000000004,-0.0034469339629997
2805,1.7440000000000002,-0.003446763415757139
2806,1.746,-0.0034465932238903485
2807,1.7479999999999998,-0.0034464235112372926
2808,1.7500000000000004,-0.0034462543992445117
2809,1.7520000000000002,-0.0034460860069671397
2810,1.754,-0.0034459184510688932
2811,1.7559999999999998,-0.0034457518458220655
2812,1.7580000000000005,-0.00344558630310755
2813,1.7600000000000002,-0.003445421932414809
2814,1.762,-0.0034452588408419027
2815,1.7639999999999998,-0.0034450971330954663
2816,1.7659999999999996,-0.003444936911490726
2817,1.7680000000000002,-0.00344477827595149
2818,1.77,-0.0034446213240101504
2819,1.7719999999999998,-0.003444466150807686
2820,1.7739999999999996,-0.0034443128490936614
2821,1.7760000000000002,-0.0034441615092262214
2822,1.778,-0.0034440122191721004
2823,1.7799999999999998,-0.003443865064506616
2824,1.7819999999999996,-0.0034437201284136694
2825,1.7840000000000003,-0.0034435774916857474
2826,1.786,-0.0034434372327239206
2827,1.7879999999999998,-0.0034432994275378458
2828,1.7899999999999996,-0.003443164149745763
2829,1.7920000000000003,-0.003443031470574502
2830,1.794,-0.0034429014588594695
2831,1.7959999999999998,-0.003442774181044661
2832,1.7979999999999996,-0.0034426497011826596
2833,1.8000000000000003,-0.0034425280809346273
2834,1.802,-0.003442409379570313
2835,1.8039999999999998,-0.003442293653968056
2836,1.8059999999999996,-0.003442180958614767
2837,1.8080000000000003,-0.0034420713456059585
2838,1.81,-0.003441964864645715
2839,1.8119999999999998,-0.0034418615630467074
2840,1.8139999999999996,-0.0034417614857302006
2841,1.8160000000000003,-0.003441664675226032
2842,1.818,-0.0034415711716726284
2843,1.8199999999999998,-0.0034414810128170076
2844,1.8219999999999996,-0.0034413942340147663
2845,1.8240000000000003,-0.003441310868230081
2846,1.826,-0.003441230946035722
2847,1.8279999999999998,-0.003441154495613042
2848,1.8299999999999996,-0.003441081542751974
2849,1.8320000000000003,-0.0034410121108510404
2850,1.834,-0.003440946220917347
2851,1.8359999999999999,-0.0034408838915665867
2852,1.8379999999999996,-0.0034408251390230307
2853,1.8400000000000003,-0.0034407699771195448
2854,1.842,-0.003440718417297567
2855,1.8439999999999999,-0.0034406704686071286
2856,1.8459999999999996,-0.003440626137706848
2857,1.8480000000000003,-0.0034405854288639195
2858,1.85,-0.0034405483439541307
2859,1.8519999999999999,-0.003440514882461849
2860,1.8539999999999996,-0.0034404850414800243
2861,1.8560000000000003,-0.003440458815710201
2862,1.858,-0.0034404361974624993
2863,1.8599999999999999,-0.0034404171766556253
2864,1.8619999999999997,-0.0034404017408168723
2865,1.8640000000000003,-0.0034403898750821164
2866,1.866,-0.003440381562195824
2867,1.8679999999999999,-0.003440376782511037
2868,1.8699999999999997,-0.0034403755139893882
2869,1.8720000000000003,-0.003440377732201093
2870,1.874,-0.0034403834103249563
2871,1.876,-0.00344039251914836
2872,1.8779999999999997,-0.003440405027067276
2873,1.8800000000000003,-0.0034404209000862586
2874,1.8820000000000001,-0.003440440101818449
2875,1.884,-0.0034404625934855715
2876,1.8859999999999997,-0.003440488333917937
2877,1.8880000000000003,-0.003440517279554439
2878,1.8900000000000001,-0.0034405493844425553
2879,1.892,-0.0034405846002383486
2880,1.8939999999999997,-0.0034406228762064728
2881,1.8960000000000004,-0.0034406641592201574
2882,1.8980000000000001,-0.0034407083937612187
2883,1.9,-0.0034407555219200664
2884,1.9019999999999997,-0.0034408054833956793
2885,1.9040000000000004,-0.0034408582154956367
2886,1.9060000000000001,-0.003440913653136094
2887,1.908,-0.0034409717288417935
2888,1.9099999999999997,-0.00344103237274606
2889,1.9120000000000004,-0.003441095512590805
2890,1.9140000000000001,-0.0034411610737265265
2891,1.916,-0.0034412289791123027
2892,1.9179999999999997,-0.0034412991493158046
2893,1.9200000000000004,-0.0034413715025132796
2894,1.9220000000000002,-0.003441445954489558
2895,1.924,-0.003441522418638071
2896,1.9259999999999997,-0.0034416008059608115
2897,1.9280000000000004,-0.0034416810250683764
2898,1.9300000000000002,-0.003441762982179939
2899,1.932,-0.003441846581123259
2900,1.9339999999999997,-0.0034419317233346756
2901,1.9360000000000004,-0.003442018307859125
2902,1.9380000000000002,-0.003442106231350113
2903,1.94,-0.0034421953880697416
2904,1.9419999999999997,-0.003442285669888693
2905,1.9440000000000004,-0.0034423769662862355
2906,1.9460000000000002,-0.0034424691643502175
2907,1.948,-0.003442562148777084
2908,1.9499999999999997,-0.0034426558018718495
2909,1.9520000000000004,-0.003442750003548125
2910,1.9540000000000002,-0.0034428446313281014
2911,1.956,-0.0034429395603425526
2912,1.9579999999999997,-0.0034430346633308392
2913,1.9600000000000004,-0.0034431298106409117
2914,1.9620000000000002,-0.0034432248702293
2915,1.964,-0.003443319707661114
2916,1.9659999999999997,-0.0034434141861100567
2917,1.9680000000000004,-0.003443508166358411
2918,1.9700000000000002,-0.0034436015067970532
2919,1.972,-0.0034436940634254287
2920,1.9739999999999998,-0.0034437856898515834
2921,1.9760000000000004,-0.003443876237292136
2922,1.9780000000000002,-0.003443965554572298
2923,1.98,-0.003444053488125865
2924,1.9819999999999998,-0.0034441398819952083
2925,1.9840000000000004,-0.0034442245778312994
2926,1.9860000000000002,-0.003444307414893679
2927,1.988,-0.0034443882300504818
2928,1.9899999999999998,-0.003444466857778425
2929,1.9920000000000004,-0.003444543130162809
2930,1.9940000000000002,-0.0034446168768975244
2931,1.996,-0.003444687925285038
2932,1.9979999999999998,-0.0034447561002364097
2933,2.0000000000000004,-0.0034448212242712793
2934,2.0020000000000002,-0.003444883117517873
2935,2.004,-0.003444941597712997
2936,2.006,-0.003444996480202054
2937,2.0080000000000005,-0.0034450475779390193
2938,2.0100000000000002,-0.0034450947014864584
2939,2.012,-0.0034451376590155167
2940,2.014,-0.003445176256305936
2941,2.0160000000000005,-0.0034452102967460346
2942,2.0180000000000002,-0.0034452395813327104
2943,2.02,-0.0034452639086714545
2944,2.022,-0.003445283074976345
2945,2.0239999999999996,-0.003445296874070032
2946,2.0260000000000002,-0.0034453050973837634
2947,2.028,-0.003445307533957366
2948,2.03,-0.0034453039704392535
2949,2.0319999999999996,-0.003445294191086419
2950,2.0340000000000003,-0.0034452779777644493
2951,2.036,-0.003445255109947507
2952,2.038,-0.0034452253647183455
2953,2.0399999999999996,-0.0034451885167683036
2954,2.0420000000000003,-0.0034451443383972935
2955,2.044,-0.0034450925995138312
2956,2.046,-0.003445033067635002
2957,2.0479999999999996,-0.0034449692264901383
2958,2.0500000000000003,-0.003444906389172178
2959,2.052,-0.0034448445851500246
2960,2.054,-0.003444783798533038
2961,2.0559999999999996,-0.003444724013595142
2962,2.0580000000000003,-0.003444665214774826
2963,2.06,-0.0034446073866751248
2964,2.062,-0.00344455051406364
2965,2.0639999999999996,-0.003444494581872532
2966,2.0660000000000003,-0.003444439575198518
2967,2.068,-0.0034443854793028764
2968,2.07,-0.0034443322796114395
2969,2.0719999999999996,-0.0034442799617146087
2970,2.0740000000000003,-0.003444228511367331
2971,2.076,-0.0034441779144891195
2972,2.078,-0.003444128157164047
2973,2.0799999999999996,-0.003444079225640745
2974,2.0820000000000003,-0.003444031106332398
2975,2.084,-0.0034439837858167566
2976,2.086,-0.0034439372508361273
2977,2.0879999999999996,-0.0034438914882973723
2978,2.0900000000000003,-0.0034438464852719203
2979,2.092,-0.0034438022289957487
2980,2.094,-0.003443758706869405
2981,2.0959999999999996,-0.003443715906457985
2982,2.0980000000000003,-0.0034436738154911516
2983,2.1,-0.003443632421863123
2984,2.102,-0.003443591713632673
2985,2.1039999999999996,-0.0034435516790231394
2986,2.1060000000000003,-0.003443512306422418
2987,2.108,-0.0034434735843829646
2988,2.11,-0.003443435501621784
2989,2.1119999999999997,-0.003443398047020454
2990,2.1140000000000003,-0.003443361209625101
2991,2.116,-0.0034433249786464185
2992,2.118,-0.0034432893434596483
2993,2.1199999999999997,-0.003443254293604602
2994,2.1220000000000003,-0.0034432198187856443
2995,2.124,-0.003443185908871698
