,_dynamic_x,_dynamic_y,_fixed_x,_fixed_y
0,-3.866,0.0,-3.866,0.0
1,-3.8640000000000003,-6.375764042385156e-05,-3.8640000000000003,-6.375766452949372e-05
2,-3.862,-0.00025128081335229556,-3.862,-0.0002512811847549974
3,-3.8600000000000003,-0.0005571290352600872,-3.8600000000000003,-0.0005571312093140431
4,-3.858,-0.0009760408550393004,-3.858,-0.0009760479269316944
5,-3.8560000000000003,-0.0015029135731852827,-3.8560000000000003,-0.0015029306662419425
6,-3.854,-0.0021328032417966547,-3.854,-0.0021328378957877025
7,-3.8520000000000003,-0.00286092466457531,-3.8520000000000003,-0.0028609872240208164
8,-3.85,-0.003682651396826419,-3.85,-0.00368275539930205
9,-3.8480000000000003,-0.004593467460541807,-3.8480000000000003,-0.0045936298529845754
10,-3.846,-0.005588788980151808,-3.846,-0.005589029570334952
11,-3.8440000000000003,-0.0066645670283453085,-3.8440000000000003,-0.006664909863204156
12,-3.842,-0.0078169323988845,-3.842,-0.00781740595567486
13,-3.8400000000000003,-0.009042114078333401,-3.8400000000000003,-0.009042751177128376
14,-3.838,-0.01033643924605785,-3.838,-0.010337276962244641
15,-3.8360000000000003,-0.01169633327422552,-3.8360000000000003,-0.011697412851002238
16,-3.834,-0.013118319727805913,-3.834,-0.01311968648867839
17,-3.8320000000000003,-0.014599020364570352,-3.8320000000000003,-0.014600723625848938
18,-3.83,-0.016135155135091988,-3.83,-0.016137248118388375
19,-3.8280000000000003,-0.017723542182745793,-3.8280000000000003,-0.017726081927469817
20,-3.826,-0.019361097843708576,-3.826,-0.019364145119565034
21,-3.8240000000000003,-0.02104483664695897,-3.8240000000000003,-0.02104845586644441
22,-3.822,-0.022771871314277423,-3.822,-0.022776130445176963
23,-3.8200000000000003,-0.024539412760246238,-3.8200000000000003,-0.024544383238130386
24,-3.818,-0.026344770092249517,-3.818,-0.026350526732970954
25,-3.8160000000000003,-0.02818535061047319,-3.8160000000000003,-0.028191971522663617
26,-3.814,-0.030058570689579137,-3.814,-0.03006613953010836
27,-3.8120000000000003,-0.03196157142963189,-3.8120000000000003,-0.03197017270669837
28,-3.81,-0.03389227690455143,-3.81,-0.033901994803921455
29,-3.8080000000000003,-0.035848782869086174,-3.8080000000000003,-0.03585970472069423
30,-3.806,-0.03782922595299846,-3.806,-0.0378414420359295
31,-3.8040000000000003,-0.03983178366106464,-3.8040000000000003,-0.0398453870085363
32,-3.802,-0.04185467437307504,-3.802,-0.041869760577419826
33,-3.8000000000000003,-0.0438961573438339,-3.8000000000000003,-0.043912824361481514
34,-3.798,-0.045954532703159495,-3.798,-0.04597288065961896
35,-3.7960000000000003,-0.04802814145588404,-3.7960000000000003,-0.04804827245072597
36,-3.794,-0.05011536548185372,-3.794,-0.05013738339369257
37,-3.7920000000000003,-0.052214627535928676,-3.7920000000000003,-0.05223863782740494
38,-3.79,-0.054324391247983085,-3.79,-0.05435050077074552
39,-3.7880000000000003,-0.056443161122905004,-3.7880000000000003,-0.0564714779225929
40,-3.786,-0.05856948254059652,-3.786,-0.05860011566182188
41,-3.7840000000000003,-0.060701941755973675,-3.7840000000000003,-0.06073500104730346
42,-3.782,-0.06283916589896646,-3.782,-0.06287476181790484
43,-3.7800000000000002,-0.0649798229745189,-3.7800000000000002,-0.06501806639248944
44,-3.778,-0.06712262186258888,-3.778,-0.06716362386991681
45,-3.7760000000000002,-0.06926631231814838,-3.7760000000000002,-0.06931018402904277
46,-3.774,-0.07140968497118327,-3.774,-0.07145653732871934
47,-3.7720000000000002,-0.07355157132669342,-3.7720000000000002,-0.0736015149077947
48,-3.77,-0.07569084376469265,-3.77,-0.07574398858511319
49,-3.7680000000000002,-0.07782641554020875,-3.7680000000000002,-0.07788287085951548
50,-3.766,-0.07995724078328353,-3.766,-0.0800171149098383
51,-3.7640000000000002,-0.08208215914973704,-3.7640000000000002,-0.08214556726223765
52,-3.762,-0.08420009315535729,-3.762,-0.08426713723961039
53,-3.7600000000000002,-0.08631054290499945,-3.7600000000000002,-0.08638132116009954
54,-3.758,-0.0884130336129153,-3.758,-0.08848764388849668
55,-3.7560000000000002,-0.09050709747141644,-3.7560000000000002,-0.09058563719696383
56,-3.754,-0.09259227365087432,-3.754,-0.09267483976503342
57,-3.7520000000000002,-0.09466810829972022,-3.7520000000000002,-0.09475479717960833
58,-3.75,-0.09673415454444535,-3.75,-0.09682506193496192
59,-3.748,-0.09878997248960072,-3.748,-0.09888519343273797
60,-3.746,-0.10083512921779722,-3.746,-0.10093475798195069
61,-3.744,-0.1028691987897056,-3.744,-0.10297332879898478
62,-3.742,-0.10489176224405646,-3.742,-0.10500048600759537
63,-3.74,-0.10690240759764025,-3.74,-0.107015816638908
64,-3.738,-0.10890072984530727,-3.738,-0.10901891463141869
65,-3.736,-0.11088633095996774,-3.736,-0.1110093808309939
66,-3.734,-0.11285881989259164,-3.734,-0.11298682299087054
67,-3.732,-0.1148178125722089,-3.732,-0.11495085577165595
68,-3.73,-0.11676293190590925,-3.73,-0.11690110074132792
69,-3.728,-0.11869380777884228,-3.728,-0.1188371863752347
70,-3.726,-0.1206100770542175,-3.726,-0.12075874805609497
71,-3.724,-0.12251138357330418,-3.724,-0.12266542807399786
72,-3.722,-0.1243973781554315,-3.722,-0.12455687562640294
73,-3.72,-0.1262677185979885,-3.72,-0.12643274681814023
74,-3.718,-0.12812206967642412,-3.718,-0.1282927046614102
75,-3.716,-0.12996010314424705,-3.716,-0.1301364190757838
76,-3.714,-0.13178149773302594,-3.714,-0.13196356688820235
77,-3.712,-0.1335859391523892,-3.712,-0.13377383183297764
78,-3.71,-0.13537312009002522,-3.71,-0.135566904551792
79,-3.708,-0.13714274021168216,-3.708,-0.137342482593698
80,-3.706,-0.13889450616116805,-3.706,-0.13910027041511885
81,-3.704,-0.14062813156035076,-3.704,-0.14083997937984813
82,-3.702,-0.1423433370091581,-3.702,-0.14256132775904987
83,-3.7,-0.14403985341424394,-3.7,-0.14426404307910254
84,-3.698,-0.14571758642048763,-3.698,-0.14594801705590657
85,-3.696,-0.1473766818623133,-3.696,-0.1476133907906159
86,-3.694,-0.14901729883381523,-3.694,-0.14926032208929454
87,-3.692,-0.15063959149073325,-3.692,-0.15088896382658906
88,-3.69,-0.1522437090504528,-3.69,-0.1524994639457284
89,-3.688,-0.1538297957920051,-3.688,-0.154091965458524
90,-3.686,-0.1553979910560668,-3.686,-0.15566660644536973
91,-3.684,-0.15694842924496033,-3.684,-0.15722352005524184
92,-3.682,-0.15848123982265372,-3.682,-0.15876283450569917
93,-3.68,-0.15999654731476062,-3.68,-0.16028467308288283
94,-3.678,-0.1614944713085403,-3.678,-0.16178915414151657
95,-3.676,-0.16297512645289766,-3.676,-0.1632763911049064
96,-3.674,-0.1644386224583833,-3.674,-0.1647464924649409
97,-3.672,-0.16588506409719336,-3.672,-0.1661995617820911
98,-3.67,-0.16731455120316968,-3.67,-0.16763569768541042
99,-3.668,-0.1687271786717997,-3.668,-0.16905499387253475
100,-3.666,-0.1701230364602165,-3.666,-0.1704575391096824
101,-3.664,-0.17150220958719883,-3.664,-0.1718434172316542
102,-3.662,-0.17286477813317097,-3.662,-0.17321270714183334
103,-3.66,-0.174210817240203,-3.66,-0.17456548281218554
104,-3.658,-0.17554039711201042,-3.658,-0.17590181328325888
105,-3.656,-0.17685358301395454,-3.656,-0.177221762664184
106,-3.654,-0.17815043527304225,-3.654,-0.17852539013267385
107,-3.652,-0.17943100927792605,-3.652,-0.179812749935024
108,-3.65,-0.1806953554789041,-3.65,-0.18108389138611225
109,-3.648,-0.18194351938792017,-3.648,-0.18233885886939907
110,-3.646,-0.18317554157856367,-3.646,-0.1835776918369272
111,-3.644,-0.18439145768606963,-3.644,-0.18480042480932196
112,-3.642,-0.18559129840731875,-3.642,-0.18600708737579102
113,-3.64,-0.18677508950083732,-3.64,-0.18719770419412457
114,-3.638,-0.18794285178679732,-3.638,-0.1883722949906952
115,-3.636,-0.18909460114701632,-3.636,-0.18953087456045792
116,-3.634,-0.19023034852495752,-3.634,-0.19067345276695027
117,-3.632,-0.19135009992572974,-3.632,-0.19180003454229222
118,-3.63,-0.19245385641608753,-3.63,-0.19291061988718614
119,-3.628,-0.1935416141244309,-3.628,-0.19400520387091685
120,-3.6260000000000003,-0.19461336424080566,-3.6260000000000003,-0.19508377663135165
121,-3.624,-0.1956690930169032,-3.624,-0.19614632337494034
122,-3.622,-0.1967087817660605,-3.622,-0.19719282437671504
123,-3.62,-0.19773240686326016,-3.62,-0.1982232549802904
124,-3.6180000000000003,-0.19873999856365174,-3.6180000000000003,-0.19923762693078514
125,-3.616,-0.19973210789560975,-3.616,-0.20023646696689112
126,-3.614,-0.20070908450025668,-3.614,-0.20122014542531574
127,-3.612,-0.20167118190041858,-3.612,-0.20218891551331164
128,-3.6100000000000003,-0.20261864842420008,-3.6100000000000003,-0.20314302525158429
129,-3.608,-0.2035517272049845,-3.608,-0.2040827174742919
130,-3.606,-0.20447065618143379,-3.606,-0.20500822982904565
131,-3.604,-0.20537566809748853,-3.604,-0.20591979477690944
132,-3.6020000000000003,-0.20626699050236796,-3.6020000000000003,-0.2068176395924
133,-3.6,-0.20714484575056993,-3.6,-0.2077019863634869
134,-3.598,-0.208009451001871,-3.598,-0.20857305199159257
135,-3.596,-0.20886101822132627,-3.596,-0.20943104819159217
136,-3.5940000000000003,-0.2096997541792696,-3.5940000000000003,-0.2102761814918138
137,-3.592,-0.21052586045131333,-3.592,-0.2111086532340382
138,-3.59,-0.21133953341834863,-3.59,-0.2119286595734992
139,-3.588,-0.2121409642665452,-3.588,-0.2127363914788832
140,-3.5860000000000003,-0.21293033898735134,-3.5860000000000003,-0.21353203473232954
141,-3.584,-0.21370783837749413,-3.584,-0.21431576992943038
142,-3.582,-0.2144736380389792,-3.582,-0.2150877724792307
143,-3.58,-0.2152279083790908,-3.58,-0.21584821260422823
144,-3.5780000000000003,-0.21597081461039191,-3.5780000000000003,-0.21659725534037366
145,-3.576,-0.21670251675072405,-3.576,-0.21733506053707036
146,-3.5740000000000003,-0.21742316962320749,-3.5740000000000003,-0.21806178285717462
147,-3.572,-0.21813292285624103,-3.572,-0.21877757177699553
148,-3.5700000000000003,-0.21883192088350217,-3.5700000000000003,-0.21948257158629497
149,-3.568,-0.2195203029439471,-3.568,-0.22017692138828765
150,-3.5660000000000003,-0.2201982030818105,-3.5660000000000003,-0.22086075509964112
151,-3.564,-0.2208657501466059,-3.564,-0.22153420145047578
152,-3.5620000000000003,-0.22152306779312528,-3.5620000000000003,-0.22219738398436478
153,-3.56,-0.2221702744814394,-3.56,-0.22285042105833414
154,-3.5580000000000003,-0.22280748347689755,-3.5580000000000003,-0.2234934258428627
155,-3.556,-0.22343480285012773,-3.556,-0.2241265063218821
156,-3.5540000000000003,-0.22405233547703662,-3.5540000000000003,-0.22474976529277685
157,-3.552,-0.22466017903880942,-3.552,-0.2253633003663842
158,-3.5500000000000003,-0.2252584260219101,-3.5500000000000003,-0.22596720396699432
159,-3.548,-0.22584716371808114,-3.548,-0.2265615633323501
160,-3.5460000000000003,-0.22642647422434378,-3.5460000000000003,-0.22714646051364737
161,-3.544,-0.22699643444299786,-3.544,-0.22772197237553468
162,-3.5420000000000003,-0.22755711608162185,-3.5420000000000003,-0.22828817059611342
163,-3.54,-0.22810858565307285,-3.54,-0.22884512166693788
164,-3.5380000000000003,-0.22865090447548664,-3.5380000000000003,-0.22939288689301504
165,-3.536,-0.2291841286722776,-3.536,-0.22993152239280484
166,-3.5340000000000003,-0.22970830917213883,-3.5340000000000003,-0.23046107909821995
167,-3.532,-0.23022349170904194,-3.532,-0.23098160275462587
168,-3.5300000000000002,-0.2307297168222373,-3.5300000000000002,-0.23149313392084098
169,-3.528,-0.23122701985625388,-3.528,-0.23199570796913643
170,-3.5260000000000002,-0.23171543096089925,-3.5260000000000002,-0.23248935508523622
171,-3.524,-0.2321949750912597,-3.524,-0.23297410026831714
172,-3.5220000000000002,-0.2326656720077001,-3.5220000000000002,-0.23344996333100881
173,-3.52,-0.23312753627586402,-3.52,-0.23391695889939368
174,-3.5180000000000002,-0.23358057726667358,-3.5180000000000002,-0.23437509641300708
175,-3.516,-0.2340248177246117,-3.516,-0.23482438643331965
176,-3.5140000000000002,-0.23446086526752544,-3.5140000000000002,-0.23526537845741954
177,-3.512,-0.2348891220688895,-3.512,-0.23569853120795645
178,-3.5100000000000002,-0.2353097341832976,-3.5100000000000002,-0.2361239912256827
179,-3.508,-0.23572284528735338,-3.508,-0.2365419026675235
180,-3.5060000000000002,-0.23612859667967048,-3.5060000000000002,-0.23695240730657705
181,-3.504,-0.2365271272808725,-3.504,-0.23735564453211436
182,-3.5020000000000002,-0.236918573633593,-3.5020000000000002,-0.23775175134957943
183,-3.5,-0.2373030699024755,-3.5,-0.23814086238058915
184,-3.498,-0.23768074787417345,-3.498,-0.23852310986293335
185,-3.496,-0.23805173695735032,-3.496,-0.2388986236505747
186,-3.494,-0.23841616418267952,-3.494,-0.2392675312136489
187,-3.492,-0.2387741542028444,-3.492,-0.23962995763846448
188,-3.49,-0.23912582929253826,-3.49,-0.2399860256275029
189,-3.488,-0.23947130934846442,-3.488,-0.24033585549941855
190,-3.486,-0.23981071188933614,-3.486,-0.24067956518903877
191,-3.484,-0.24014415205587658,-3.484,-0.24101727024736372
192,-3.482,-0.24047174261081894,-3.482,-0.24134908384156656
193,-3.48,-0.24079359393890634,-3.48,-0.24167511675499334
194,-3.478,-0.2411098140468919,-3.478,-0.24199547738716304
195,-3.476,-0.24142050856353867,-3.476,-0.2423102717537675
196,-3.474,-0.24172578073961962,-3.474,-0.24261960348667155
197,-3.472,-0.24202573144791775,-3.472,-0.24292357383391286
198,-3.47,-0.24232045918322603,-3.47,-0.2432222816597021
199,-3.468,-0.24261006006234734,-3.468,-0.2435158234444228
200,-3.466,-0.24289462782409454,-3.466,-0.2438042932846314
201,-3.464,-0.24317425382929045,-3.464,-0.2440877828930573
202,-3.462,-0.24344902706076785,-3.462,-0.24436638159860277
203,-3.46,-0.24371903412336948,-3.46,-0.244640176346343
204,-3.458,-0.24398435924394807,-3.458,-0.24490925169752614
205,-3.456,-0.24424508427136626,-3.456,-0.2451736898295732
206,-3.454,-0.24450128867649673,-3.454,-0.24543357053607812
207,-3.452,-0.24475304955222202,-3.452,-0.2456889712268078
208,-3.45,-0.2450004416134347,-3.45,-0.245939966927702
209,-3.448,-0.24524353719703726,-3.448,-0.24618663028087343
210,-3.446,-0.24548240626194223,-3.446,-0.24642903154460769
211,-3.444,-0.245717116389072,-3.444,-0.2466672385933633
212,-3.442,-0.24594773278135898,-3.442,-0.24690131691777173
213,-3.44,-0.24617431826374553,-3.44,-0.24713132962463732
214,-3.438,-0.246396933283184,-3.438,-0.24735733743693733
215,-3.436,-0.2466156359086366,-3.436,-0.24757939869382198
216,-3.434,-0.24683048183107567,-3.434,-0.24779756935061437
217,-3.432,-0.24704152436348334,-3.432,-0.24801190297881048
218,-3.43,-0.24724881444085178,-3.43,-0.2482224507660793
219,-3.428,-0.24745240062018317,-3.428,-0.24842926151626266
220,-3.426,-0.24765232908048954,-3.426,-0.2486323816493753
221,-3.424,-0.247848643622793,-3.424,-0.24883185520160495
222,-3.422,-0.24804138567012549,-3.422,-0.24902772382531216
223,-3.42,-0.24823059426752903,-3.42,-0.2492200267890305
224,-3.418,-0.24841630608205556,-3.418,-0.24940880097746634
225,-3.416,-0.24859855540276696,-3.416,-0.24959408089149906
226,-3.414,-0.24877737414073506,-3.414,-0.24977589864818092
227,-3.412,-0.24895279182904173,-3.412,-0.2499542839807371
228,-3.41,-0.24912483562277873,-3.41,-0.2501292642385657
229,-3.408,-0.2492935302990478,-3.408,-0.25030086438723764
230,-3.406,-0.24945889825696063,-3.406,-0.25046910700849695
231,-3.404,-0.2496209595176389,-3.404,-0.2506340123002604
232,-3.402,-0.24977973172421425,-3.402,-0.2507955980766178
233,-3.4,-0.24993523014182822,-3.4,-0.25095387976783173
234,-3.398,-0.2500874676576324,-3.398,-0.25110887042033786
235,-3.396,-0.25023645478078826,-3.396,-0.2512605806967447
236,-3.394,-0.25038219964246733,-3.394,-0.25140901887583356
237,-3.392,-0.250524707995851,-3.392,-0.25155419085255887
238,-3.39,-0.2506639832161307,-3.39,-0.25169610013804783
239,-3.388,-0.25080002630050774,-3.388,-0.2518347478596006
240,-3.386,-0.2509328358681934,-3.386,-0.2519701327606903
241,-3.3840000000000003,-0.251062634483735,-3.3840000000000003,-0.25210242832519475
242,-3.382,-0.25118994942748446,-3.382,-0.2522321898041452
243,-3.38,-0.25131483945702365,-3.38,-0.2523594941110549
244,-3.378,-0.2514373441696683,-3.378,-0.2524843813639546
245,-3.3760000000000003,-0.2515575027324888,-3.3760000000000003,-0.2526068912428679
246,-3.374,-0.25167535388230977,-3.374,-0.2527270629898112
247,-3.372,-0.25179093592571067,-3.372,-0.25284493540879377
248,-3.37,-0.2519042867390251,-3.37,-0.25296054686581776
249,-3.3680000000000003,-0.25201544376834123,-3.3680000000000003,-0.2530739352888781
250,-3.366,-0.2521244440295018,-3.366,-0.2531851381679627
251,-3.364,-0.2522313241081039,-3.364,-0.2532941925550521
252,-3.362,-0.2523361201594991,-3.362,-0.2534011350641198
253,-3.3600000000000003,-0.2524388679087935,-3.3600000000000003,-0.2535060018711322
254,-3.358,-0.2525396026508477,-3.358,-0.25360882871404844
255,-3.356,-0.2526383592502766,-3.356,-0.25370965089282055
256,-3.354,-0.2527351721414498,-3.354,-0.25380850326939336
257,-3.3520000000000003,-0.25283007532849117,-3.3520000000000003,-0.25390542026770463
258,-3.35,-0.2529231023852792,-3.35,-0.25400043587368487
259,-3.348,-0.25301428645544677,-3.348,-0.25409358363525747
260,-3.346,-0.2531036602523812,-3.346,-0.2541848966623387
261,-3.3440000000000003,-0.2531912560592244,-3.3440000000000003,-0.2542744076268376
262,-3.342,-0.25327710572887263,-3.342,-0.2543621487626561
263,-3.34,-0.2533612406839767,-3.34,-0.25444815186568903
264,-3.338,-0.2534436919169419,-3.338,-0.2545324482938239
265,-3.3360000000000003,-0.2535244899899278,-3.3360000000000003,-0.2546150689669412
266,-3.334,-0.2536036650348488,-3.334,-0.25469604436691423
267,-3.332,-0.25368124675337345,-3.332,-0.25477540453760916
268,-3.33,-0.25375726441692487,-3.33,-0.25485317908488486
269,-3.3280000000000003,-0.2538317468666807,-3.3280000000000003,-0.25492939717659324
270,-3.326,-0.25390472251357304,-3.326,-0.25500408754257897
271,-3.324,-0.2539762193382884,-3.324,-0.25507727847467954
272,-3.322,-0.2540462648912678,-3.322,-0.25514899782672523
273,-3.3200000000000003,-0.2541148862927068,-3.3200000000000003,-0.25521927301453934
274,-3.318,-0.25418211023255527,-3.318,-0.25528813101593784
275,-3.316,-0.25424796297051766,-3.316,-0.25535559837072963
276,-3.314,-0.2543124703360529,-3.314,-0.25542170118071644
277,-3.3120000000000003,-0.25437565772837434,-3.3120000000000003,-0.25548646510969286
278,-3.31,-0.25443755011644986,-3.31,-0.2555499153834462
279,-3.308,-0.2544981720390017,-3.308,-0.2556120767897568
280,-3.306,-0.2545575476045068,-3.306,-0.2556729736783977
281,-3.3040000000000003,-0.25461570049119625,-3.3040000000000003,-0.2557326299611349
282,-3.302,-0.2546726539470558,-3.302,-0.25579106911172705
283,-3.3,-0.25472843078982577,-3.3,-0.25584831416592596
284,-3.298,-0.2547830534070007,-3.298,-0.25590438772147595
285,-3.2960000000000003,-0.25483654375582976,-3.2960000000000003,-0.2559593119381144
286,-3.294,-0.2548889233633166,-3.294,-0.25601310853757137
287,-3.292,-0.2549402133262193,-3.292,-0.25606579880356994
288,-3.29,-0.2549904343110504,-3.29,-0.25611740358182594
289,-3.2880000000000003,-0.25503960655407687,-3.2880000000000003,-0.256167943280048
290,-3.286,-0.25508774986132027,-3.286,-0.2562174378679377
291,-3.2840000000000003,-0.2551348836085566,-3.2840000000000003,-0.25626590687718936
292,-3.282,-0.25518102674131615,-3.282,-0.2563133694014902
293,-3.2800000000000002,-0.255226197774884,-3.2800000000000002,-0.2563598440965203
294,-3.278,-0.2552704147942994,-3.278,-0.2564053491799525
295,-3.2760000000000002,-0.2553136954543562,-3.2760000000000002,-0.25644990243145255
296,-3.274,-0.25535605697960284,-3.274,-0.25649352119267904
297,-3.2720000000000002,-0.25539751616434203,-3.2720000000000002,-0.2565362223672834
298,-3.27,-0.255438089372631,-3.27,-0.25657802242090993
299,-3.2680000000000002,-0.25547779253828157,-3.2680000000000002,-0.2566189373811957
300,-3.266,-0.25551664116485984,-3.266,-0.25665898283777056
301,-3.2640000000000002,-0.2555546503256866,-3.2640000000000002,-0.25669817394225747
302,-3.262,-0.25559183466383684,-3.262,-0.25673652540827196
303,-3.2600000000000002,-0.25562820839214034,-3.2600000000000002,-0.2567740515114226
304,-3.258,-0.25566378529318107,-3.258,-0.2568107660893106
305,-3.2560000000000002,-0.25569857871929763,-3.2560000000000002,-0.2568466825415302
306,-3.254,-0.25573260159258304,-3.254,-0.2568818138296684
307,-3.2520000000000002,-0.2557658664048848,-3.2520000000000002,-0.256916172477305
308,-3.25,-0.2557983852178049,-3.25,-0.2569497705700128
309,-3.248,-0.2558301696626997,-3.248,-0.2569826197553572
310,-3.246,-0.25586123094068025,-3.246,-0.2570147312428967
311,-3.244,-0.25589157982261185,-3.244,-0.2570461158041824
312,-3.242,-0.2559212266491143,-3.242,-0.2570767837727585
313,-3.24,-0.2559501813305621,-3.24,-0.2571067450441618
314,-3.238,-0.2559784533470838,-3.238,-0.2571360090759221
315,-3.236,-0.25600605174856284,-3.236,-0.257164584887562
316,-3.234,-0.2560329851546369,-3.234,-0.25719248106059694
317,-3.232,-0.25605926175469823,-3.232,-0.25721970573853514
318,-3.23,-0.25608488930789347,-3.23,-0.25724626662687783
319,-3.228,-0.2561098751431237,-3.228,-0.25727217099311883
320,-3.226,-0.2561342261590447,-3.226,-0.25729742566674507
321,-3.224,-0.2561579488240664,-3.224,-0.2573220370392362
322,-3.222,-0.2561810491763535,-3.222,-0.2573460110640646
323,-3.22,-0.2562035328238249,-3.22,-0.2573693532566957
324,-3.218,-0.2562254049441542,-3.218,-0.25739206869458764
325,-3.216,-0.25624667028476933,-3.216,-0.2574141620171915
326,-3.214,-0.2562673331628528,-3.214,-0.25743563742595105
327,-3.212,-0.25628739989502897,-3.212,-0.25745649915706753
328,-3.21,-0.25630702293004526,-3.21,-0.25747688720819595
329,-3.208,-0.25632629364729714,-3.208,-0.25749691260487306
330,-3.206,-0.2563452153958203,-3.206,-0.25751657882092505
331,-3.204,-0.2563637915213235,-3.204,-0.25753588932573646
332,-3.202,-0.2563820253661889,-3.202,-0.2575548475842504
333,-3.2,-0.25639992026947195,-3.2,-0.25757345705696844
334,-3.198,-0.2564174795669011,-3.198,-0.25759172119995066
335,-3.196,-0.25643470659087814,-3.196,-0.2576096434648155
336,-3.194,-0.2564516046704783,-3.194,-0.2576272272987401
337,-3.192,-0.2564681771314498,-3.192,-0.2576444761444599
338,-3.19,-0.2564844272962143,-3.19,-0.2576613934402689
339,-3.188,-0.25650035848386654,-3.188,-0.2576779826200196
340,-3.186,-0.2565159740101746,-3.186,-0.2576942471131229
341,-3.184,-0.2565312771875798,-3.184,-0.2577101903445483
342,-3.182,-0.2565462713251967,-3.182,-0.25772581573482367
343,-3.18,-0.25656095972881304,-3.18,-0.2577411267000355
344,-3.178,-0.2565753457008899,-3.178,-0.2577561266518286
345,-3.176,-0.2565894325405616,-3.176,-0.2577708189974064
346,-3.174,-0.25660322354363563,-3.174,-0.2577852071395308
347,-3.172,-0.2566167220025928,-3.172,-0.25779929447652206
348,-3.17,-0.25662993120658706,-3.17,-0.25781308440225903
349,-3.168,-0.2566428544414458,-3.168,-0.25782658030617905
350,-3.166,-0.2566554949896694,-3.166,-0.25783978557327797
351,-3.164,-0.2566678561304317,-3.164,-0.25785270358411
352,-3.162,-0.25667994113957965,-3.162,-0.2578653377147879
353,-3.16,-0.25669175328963356,-3.16,-0.257877691336983
354,-3.1580000000000004,-0.2567032958497869,-3.1580000000000004,-0.25788976781792505
355,-3.156,-0.2567145720859064,-3.156,-0.2579015705204022
356,-3.154,-0.2567255852605321,-3.154,-0.25791310280276114
357,-3.152,-0.2567363386328771,-3.152,-0.2579243680189071
358,-3.1500000000000004,-0.2567468354588279,-3.1500000000000004,-0.2579353695183038
359,-3.148,-0.2567570789909444,-3.148,-0.25794611064597334
360,-3.146,-0.25676707247845937,-3.146,-0.2579565947424964
361,-3.144,-0.25677681916727907,-3.144,-0.2579668251440121
362,-3.1420000000000003,-0.256786322299983,-3.1420000000000003,-0.25797680518221805
363,-3.14,-0.25679558511582384,-3.14,-0.2579865381843703
364,-3.138,-0.2568046108507275,-3.138,-0.2579960274732835
365,-3.136,-0.2568134027372932,-3.136,-0.25800527636733067
366,-3.1340000000000003,-0.2568219640047934,-3.1340000000000003,-0.2580142881804434
367,-3.132,-0.2568302978791737,-3.132,-0.25802306622211174
368,-3.13,-0.25683840758305315,-3.13,-0.25803161379738415
369,-3.128,-0.2568462963357238,-3.128,-0.2580399342068677
370,-3.1260000000000003,-0.25685396735315114,-3.1260000000000003,-0.25804803074672783
371,-3.124,-0.25686142384797384,-3.124,-0.2580559067086885
372,-3.122,-0.2568686690295037,-3.122,-0.25806356538003217
373,-3.12,-0.256875706103726,-3.12,-0.25807101004359984
374,-3.1180000000000003,-0.2568825382732991,-3.1180000000000003,-0.2580782439777909
375,-3.116,-0.2568891687375546,-3.116,-0.2580852704565632
376,-3.114,-0.25689560069249745,-3.114,-0.25809209274943323
377,-3.112,-0.2569018373308057,-3.112,-0.25809871412147584
378,-3.1100000000000003,-0.25690788184183083,-3.1100000000000003,-0.2581051378333244
379,-3.108,-0.25691373741159734,-3.108,-0.25811136714117067
380,-3.106,-0.25691940722280326,-3.106,-0.2581174052967651
381,-3.104,-0.25692489445481953,-3.104,-0.25812325554741644
382,-3.1020000000000003,-0.2569302022836907,-3.1020000000000003,-0.258128921135992
383,-3.1,-0.25693533388213413,-3.1,-0.2581344053009176
384,-3.098,-0.2569402924195409,-3.098,-0.2581397112761774
385,-3.096,-0.256945081061975,-3.096,-0.25814484229131435
386,-3.0940000000000003,-0.25694970297217373,-3.0940000000000003,-0.25814980157142947
387,-3.092,-0.2569541613095478,-3.092,-0.25815459233718263
388,-3.09,-0.2569584592301809,-3.09,-0.25815921780479195
389,-3.088,-0.25696259988683023,-3.088,-0.2581636811860342
390,-3.0860000000000003,-0.256966586428926,-3.0860000000000003,-0.2581679856882445
391,-3.084,-0.25697042200257186,-3.084,-0.25817213451431653
392,-3.082,-0.2569741097505446,-3.082,-0.2581761308627024
393,-3.08,-0.2569776528122942,-3.08,-0.25817997792741276
394,-3.0780000000000003,-0.256981054323944,-3.0780000000000003,-0.25818367889801674
395,-3.076,-0.25698431741829064,-3.076,-0.25818723695964196
396,-3.074,-0.2569874452248039,-3.074,-0.2581906552929744
397,-3.072,-0.25699044086962664,-3.072,-0.2581939370742587
398,-3.0700000000000003,-0.2569933074755753,-3.0700000000000003,-0.2581970854752979
399,-3.068,-0.2569960481621394,-3.068,-0.2582001036634536
400,-3.066,-0.25699866604548166,-3.066,-0.25820299480164566
401,-3.064,-0.2570011642384381,-3.064,-0.2582057620483527
402,-3.0620000000000003,-0.257003545850518,-3.0620000000000003,-0.2582084085576117
403,-3.06,-0.2570058139879039,-3.06,-0.2582109374790181
404,-3.058,-0.25700797175345147,-3.058,-0.2582133519577258
405,-3.056,-0.2570100222466898,-3.056,-0.2582156551344474
406,-3.0540000000000003,-0.2570119685638211,-3.0540000000000003,-0.2582178501454536
407,-3.052,-0.2570138137977208,-3.052,-0.25821994012257404
408,-3.05,-0.2570155610379377,-3.05,-0.2582219281931965
409,-3.048,-0.2570172133706938,-3.048,-0.25822381748026735
410,-3.0460000000000003,-0.2570187738788842,-3.0460000000000003,-0.2582256111022915
411,-3.044,-0.25702024564207754,-3.044,-0.2582273121733322
412,-3.042,-0.25702163173651543,-3.042,-0.25822892380301143
413,-3.04,-0.2570229352351129,-3.04,-0.2582304490965094
414,-3.0380000000000003,-0.257024159207458,-3.0380000000000003,-0.25823189115456485
415,-3.036,-0.2570253067198124,-3.036,-0.2582332530734752
416,-3.034,-0.2570263808351106,-3.034,-0.25823453794509615
417,-3.032,-0.25702738461296065,-3.032,-0.258235748856842
418,-3.0300000000000002,-0.2570283211096437,-3.0300000000000002,-0.2582368888916854
419,-3.028,-0.2570291933781142,-3.028,-0.25823796112815756
420,-3.0260000000000002,-0.2570300044679998,-3.0260000000000002,-0.25823896864034834
421,-3.024,-0.2570307574256014,-3.024,-0.2582399144979058
422,-3.0220000000000002,-0.25703145529389326,-3.0220000000000002,-0.25824080176603664
423,-3.02,-0.2570321011125227,-3.02,-0.258241633505506
424,-3.0180000000000002,-0.2570326979178104,-3.0180000000000002,-0.25824241277263754
425,-3.016,-0.2570332487427503,-3.016,-0.2582431426193134
426,-3.0140000000000002,-0.2570337566170095,-3.0140000000000002,-0.25824382609297425
427,-3.012,-0.2570342245669284,-3.012,-0.25824446623661906
428,-3.0100000000000002,-0.2570346556155207,-3.0100000000000002,-0.25824506608880543
429,-3.008,-0.2570350527824732,-3.008,-0.25824562868364953
430,-3.0060000000000002,-0.25703541908414607,-3.0060000000000002,-0.25824615705082576
431,-3.004,-0.25703575753357266,-3.004,-0.2582466542155673
432,-3.0020000000000002,-0.25703607114045957,-3.0020000000000002,-0.25824712319866555
433,-3.0,-0.2570363629111867,-3.0,-0.2582475670164706
434,-2.998,-0.2570366358488072,-2.998,-0.2582479886808909
435,-2.996,-0.2570368929530473,-2.996,-0.25824839119939336
436,-2.994,-0.25703713722030674,-2.994,-0.25824877757500353
437,-2.992,-0.2570373716436583,-2.992,-0.2582491508063053
438,-2.99,-0.257037599212848,-2.99,-0.25824951388744105
439,-2.988,-0.25703782291429533,-2.988,-0.2582498698081118
440,-2.986,-0.25703804483211157,-2.986,-0.25825022155357685
441,-2.984,-0.25703807970925774,-2.984,-0.25825044583523726
442,-2.982,-0.257037797185564,-2.982,-0.2582503502610491
443,-2.98,-0.25703721276774266,-2.98,-0.2582499476822453
444,-2.978,-0.2570363417235587,-2.978,-0.2582492534463314
445,-2.976,-0.25703519908182954,-2.976,-0.2582482826616044
446,-2.974,-0.2570337996324252,-2.974,-0.258247050197153
447,-2.972,-0.2570321579262683,-2.972,-0.2582455706828575
448,-2.97,-0.25703028827533414,-2.97,-0.25824385850938975
449,-2.968,-0.2570282047526503,-2.968,-0.2582419278282133
450,-2.966,-0.2570259211922971,-2.966,-0.2582397925515833
451,-2.964,-0.2570234511894075,-2.964,-0.2582374663525464
452,-2.962,-0.25702080810016686,-2.962,-0.25823496266494095
453,-2.96,-0.2570180050418132,-2.96,-0.25823229468339687
454,-2.958,-0.25701505489263704,-2.958,-0.2582294753633357
455,-2.956,-0.25701197029198153,-2.956,-0.2582265174209706
456,-2.954,-0.2570087636402424,-2.954,-0.25822343333330633
457,-2.952,-0.25700544709886786,-2.952,-0.2582202353381393
458,-2.95,-0.25700203259035875,-2.95,-0.2582169354340574
459,-2.948,-0.2569985317982684,-2.948,-0.2582135453804403
460,-2.946,-0.2569949561672029,-2.946,-0.2582100766974591
461,-2.944,-0.2569913169028206,-2.944,-0.2582065406660767
462,-2.942,-0.2569876249718327,-2.942,-0.2582029483280474
463,-2.94,-0.25698389110200276,-2.94,-0.25819931048591727
464,-2.938,-0.25698012578214696,-2.938,-0.25819563770302395
465,-2.936,-0.2569763392621342,-2.936,-0.2581919403034967
466,-2.934,-0.25697254155288574,-2.934,-0.25818822837225625
467,-2.932,-0.2569687424263755,-2.932,-0.2581845117550151
468,-2.93,-0.25696495141562997,-2.93,-0.25818080005827737
469,-2.928,-0.2569611778147281,-2.928,-0.25817710264933863
470,-2.926,-0.25695743067880156,-2.926,-0.2581734286562862
471,-2.924,-0.2569537188240345,-2.924,-0.2581697869679989
472,-2.922,-0.2569500508276636,-2.922,-0.2581661862341473
473,-2.92,-0.2569464350279782,-2.92,-0.2581626348651934
474,-2.918,-0.25694287952432016,-2.918,-0.25815914103239107
475,-2.916,-0.2569393921770839,-2.916,-0.2581557126677854
476,-2.914,-0.25693598060771633,-2.914,-0.2581523574642135
477,-2.912,-0.25693265219871714,-2.912,-0.2581490828753038
478,-2.91,-0.2569294140936383,-2.91,-0.25814589611547645
479,-2.908,-0.25692627319708455,-2.908,-0.2581428041599432
480,-2.906,-0.2569232361747132,-2.906,-0.25813981374470735
481,-2.904,-0.2569203094532339,-2.904,-0.2581369313665639
482,-2.902,-0.2569174992204092,-2.902,-0.25813416328309946
483,-2.9000000000000004,-0.2569148114250539,-2.9000000000000004,-0.2581315155126922
484,-2.898,-0.2569122517770356,-2.898,-0.2581289938345118
485,-2.896,-0.25690982574727433,-2.896,-0.25812660378851976
486,-2.894,-0.2569075385677427,-2.894,-0.258124350675469
487,-2.8920000000000003,-0.25690539523146594,-2.8920000000000003,-0.2581222395569042
488,-2.89,-0.25690340049252175,-2.89,-0.25812027525516157
489,-2.888,-0.25690155886604055,-2.888,-0.2581184623533689
490,-2.886,-0.2568998746282052,-2.886,-0.25811680519544555
491,-2.8840000000000003,-0.25689835181625115,-2.8840000000000003,-0.2581153078861027
492,-2.882,-0.25689699422846635,-2.882,-0.25811397429084293
493,-2.88,-0.2568958054241915,-2.88,-0.2581128080359605
494,-2.878,-0.2568947887238197,-2.878,-0.25811181250854126
495,-2.8760000000000003,-0.25689394720879666,-2.8760000000000003,-0.25811099085646266
496,-2.874,-0.2568932837216207,-2.874,-0.25811034598839383
497,-2.872,-0.25689280086584254,-2.872,-0.25810988057379547
498,-2.87,-0.25689250100606575,-2.87,-0.2581095970429198
499,-2.8680000000000003,-0.2568923862679462,-2.8680000000000003,-0.2581094975868108
500,-2.866,-0.2568924585381925,-2.866,-0.2581095841573039
501,-2.864,-0.25689271946456566,-2.864,-0.2581098584670263
502,-2.862,-0.25689317045587945,-2.862,-0.2581103219893967
503,-2.8600000000000003,-0.256893812682,-2.8600000000000003,-0.2581109759586254
504,-2.858,-0.25689464707384624,-2.858,-0.2581118213697144
505,-2.856,-0.25689567432338944,-2.856,-0.2581128589784572
506,-2.854,-0.2568968948836535,-2.854,-0.258114089301439
507,-2.8520000000000003,-0.256898308968715,-2.8520000000000003,-0.25811551261603655
508,-2.85,-0.2568999165537029,-2.85,-0.25811712896041816
509,-2.848,-0.25690171737479894,-2.848,-0.258118938133544
510,-2.846,-0.2569037109292372,-2.846,-0.2581209396951654
511,-2.8440000000000003,-0.2569058964753045,-2.8440000000000003,-0.2581231329658258
512,-2.842,-0.2569082730323401,-2.842,-0.2581255170268599
513,-2.84,-0.2569108393807359,-2.84,-0.25812809072039405
514,-2.838,-0.25691359406193637,-2.838,-0.2581308526493464
515,-2.8360000000000003,-0.2569165353784385,-2.8360000000000003,-0.2581338011774265
516,-2.834,-0.2569196613937919,-2.834,-0.25813693442913566
517,-2.832,-0.2569229699325986,-2.832,-0.2581402502897666
518,-2.83,-0.25692645858051344,-2.83,-0.25814374640540394
519,-2.8280000000000003,-0.25693012468424364,-2.8280000000000003,-0.2581474201829236
520,-2.826,-0.256933965351549,-2.826,-0.25815126878999334
521,-2.824,-0.2569379774512419,-2.824,-0.2581552891550724
522,-2.822,-0.2569421576131874,-2.822,-0.2581594779674117
523,-2.8200000000000003,-0.25694650222830295,-2.8200000000000003,-0.2581638316770537
524,-2.818,-0.2569510074485587,-2.818,-0.2581683464948325
525,-2.816,-0.2569556691869772,-2.816,-0.25817301839237383
526,-2.814,-0.2569604831176338,-2.814,-0.258177843102095
527,-2.8120000000000003,-0.25696544467565624,-2.8120000000000003,-0.258182816117205
528,-2.81,-0.25697054905722483,-2.81,-0.25818793269170426
529,-2.808,-0.25697579121957254,-2.808,-0.258193187840385
530,-2.806,-0.2569811658809848,-2.806,-0.2581985763388309
531,-2.8040000000000003,-0.2569866675207997,-2.8040000000000003,-0.2582040927234174
532,-2.802,-0.2569922903794078,-2.802,-0.2582097312913114
533,-2.8,-0.25699802845825237,-2.8,-0.25821548610047157
534,-2.798,-0.25700387551982906,-2.798,-0.258221350969648
535,-2.7960000000000003,-0.2570098250876862,-2.7960000000000003,-0.25822731947838246
536,-2.794,-0.25701587044642465,-2.794,-0.25823338496700843
537,-2.792,-0.2570220046416979,-2.792,-0.25823954053665094
538,-2.79,-0.2570282204802119,-2.79,-0.2582457790492265
539,-2.7880000000000003,-0.2570345105297252,-2.7880000000000003,-0.2582520931274434
540,-2.786,-0.25704086711904894,-2.786,-0.25825847515480144
541,-2.784,-0.25704728233804686,-2.784,-0.2582649172755921
542,-2.782,-0.25705374803763514,-2.782,-0.2582714113948984
543,-2.7800000000000002,-0.2570602558297827,-2.7800000000000002,-0.25827794917859503
544,-2.778,-0.2570667970875108,-2.778,-0.2582845220533482
545,-2.776,-0.2570733629448935,-2.776,-0.2582911212066158
546,-2.774,-0.2570799442970573,-2.774,-0.2582977375866473
547,-2.7720000000000002,-0.2570865318001812,-2.7720000000000002,-0.25830436190248385
548,-2.77,-0.25709311587149697,-2.77,-0.2583109846239581
549,-2.768,-0.2570996866892887,-2.768,-0.2583175959816943
550,-2.766,-0.25710623419289325,-2.766,-0.25832418596710843
551,-2.7640000000000002,-0.2571127480826999,-2.7640000000000002,-0.258330744332408
552,-2.762,-0.2571192178201506,-2.762,-0.25833726059059214
553,-2.76,-0.25712563262773985,-2.76,-0.2583437240154516
554,-2.758,-0.2571319814890146,-2.758,-0.2583501236415686
555,-2.7560000000000002,-0.2571382531485745,-2.7560000000000002,-0.2583564482643173
556,-2.754,-0.2571444361120718,-2.754,-0.2583626864398631
557,-2.752,-0.257150518646211,-2.752,-0.25836882648516324
558,-2.75,-0.2571564887787496,-2.75,-0.25837485647796643
559,-2.748,-0.2571623342984974,-2.748,-0.25838076425681317
560,-2.746,-0.25716804275531674,-2.746,-0.25838653742103534
561,-2.7439999999999998,-0.25717360146012275,-2.7439999999999998,-0.2583921633307566
562,-2.742,-0.2571789974848829,-2.742,-0.25839762910689207
563,-2.74,-0.2571842176626173,-2.74,-0.2584029216311487
564,-2.738,-0.2571892485873986,-2.738,-0.2584080275460248
565,-2.7359999999999998,-0.2571940766143522,-2.7359999999999998,-0.2584129332548105
566,-2.734,-0.2571986878596557,-2.734,-0.2584176249215874
567,-2.732,-0.2572030682005396,-2.732,-0.25842208847122866
568,-2.73,-0.2572072032752869,-2.73,-0.2584263095893992
569,-2.7279999999999998,-0.257211078483233,-2.7279999999999998,-0.25843027372255556
570,-2.726,-0.25721467898476597,-2.726,-0.2584339660779457
571,-2.724,-0.25721798970132653,-2.724,-0.2584373716236094
572,-2.722,-0.2572209953154078,-2.722,-0.25844047508837786
573,-2.7199999999999998,-0.2572236802705556,-2.7199999999999998,-0.25844326096187403
574,-2.718,-0.2572260287713682,-2.718,-0.2584457134945124
575,-2.716,-0.2572280247834965,-2.716,-0.25844781669749906
576,-2.714,-0.257229652033644,-2.714,-0.25844955434283173
577,-2.712,-0.2572308940095667,-2.712,-0.2584509099632997
578,-2.71,-0.25723173396007326,-2.71,-0.25845186685248406
579,-2.708,-0.2572321548950247,-2.708,-0.2584524080647572
580,-2.7060000000000004,-0.2572321395853348,-2.7060000000000004,-0.25845251641528333
581,-2.704,-0.2572316705629699,-2.704,-0.2584521744800182
582,-2.702,-0.25723073012094877,-2.702,-0.25845136459570917
583,-2.7,-0.2572293003133429,-2.7,-0.25845006885989524
584,-2.6980000000000004,-0.25722736295527615,-2.6980000000000004,-0.258448269130907
585,-2.696,-0.25722489962292516,-2.696,-0.2584459470278666
586,-2.694,-0.257221891653519,-2.694,-0.2584430839306879
587,-2.692,-0.2572183201453393,-2.692,-0.2584396609800762
588,-2.6900000000000004,-0.2572141659577204,-2.6900000000000004,-0.25843565907752863
589,-2.688,-0.257209409711049,-2.688,-0.2584310588853338
590,-2.686,-0.2572040765801809,-2.686,-0.2584258621717389
591,-2.684,-0.25719825771300064,-2.684,-0.258420163184958
592,-2.6820000000000004,-0.25719198510960933,-2.6820000000000004,-0.2584140018348213
593,-2.68,-0.25718528866705964,-2.68,-0.25840740818552543
594,-2.678,-0.2571781977513998,-2.678,-0.2584004117700994
595,-2.676,-0.25717074119767364,-2.676,-0.2583930415904049
596,-2.6740000000000004,-0.2571629473099207,-2.6740000000000004,-0.2583853261171358
597,-2.672,-0.25715484386117615,-2.672,-0.25837729328981907
598,-2.67,-0.25714645809347064,-2.67,-0.2583689705168137
599,-2.668,-0.25713781671783065,-2.668,-0.2583603846753114
600,-2.6660000000000004,-0.2571289459142781,-2.6660000000000004,-0.25835156211133664
601,-2.664,-0.2571198713318306,-2.664,-0.258342528639746
602,-2.662,-0.2571106180885015,-2.662,-0.2583333095442289
603,-2.66,-0.2571012107712995,-2.66,-0.2583239295773072
604,-2.6580000000000004,-0.25709167343622913,-2.6580000000000004,-0.2583144129603353
605,-2.656,-0.2570820296082906,-2.656,-0.25830478338350016
606,-2.654,-0.2570723022814795,-2.654,-0.2582950640058212
607,-2.652,-0.25706251391878726,-2.652,-0.2582852774551504
608,-2.6500000000000004,-0.2570526864522008,-2.6500000000000004,-0.25827544582817236
609,-2.648,-0.2570428412827028,-2.648,-0.2582655906904041
610,-2.646,-0.25703299928027146,-2.646,-0.25825573307619526
611,-2.644,-0.25702318078388053,-2.644,-0.25824589348872795
612,-2.6420000000000003,-0.2570134056014996,-2.6420000000000003,-0.2582360919000169
613,-2.64,-0.2570036930100937,-2.64,-0.2582263477509092
614,-2.638,-0.25699406175562345,-2.638,-0.25821667995108466
615,-2.636,-0.25698453005304533,-2.636,-0.25820710687905557
616,-2.6340000000000003,-0.25697511558631125,-2.6340000000000003,-0.2581976463821667
617,-2.632,-0.2569658355083688,-2.632,-0.2581883157765954
618,-2.63,-0.25695670644116114,-2.63,-0.2581791318473516
619,-2.628,-0.2569477444756271,-2.628,-0.2581701108482776
620,-2.6260000000000003,-0.25693896517170123,-2.6260000000000003,-0.2581612685020485
621,-2.624,-0.25693038355831344,-2.624,-0.25815262000017164
622,-2.622,-0.2569220141333895,-2.622,-0.25814418000298706
623,-2.62,-0.25691387086385076,-2.62,-0.2581359626396673
624,-2.6180000000000003,-0.2569059671856141,-2.6180000000000003,-0.25812798150821753
625,-2.616,-0.25689831600359214,-2.616,-0.2581202496754753
626,-2.614,-0.25689092969169297,-2.614,-0.2581127796771107
627,-2.612,-0.2568838200928205,-2.612,-0.2581055835176266
628,-2.6100000000000003,-0.25687699851887413,-2.6100000000000003,-0.25809867267035796
629,-2.608,-0.2568704757507489,-2.608,-0.2580920580774727
630,-2.606,-0.25686426203833546,-2.606,-0.2580857501499711
631,-2.604,-0.2568583671005201,-2.604,-0.2580797587676859
632,-2.6020000000000003,-0.25685280012518485,-2.6020000000000003,-0.25807409327928255
633,-2.6,-0.25684756976920714,-2.6,-0.2580687625022589
634,-2.598,-0.2568426841584602,-2.598,-0.25806377472294534
635,-2.596,-0.25683815088781276,-2.596,-0.2580591376965048
636,-2.5940000000000003,-0.2568339770211293,-2.5940000000000003,-0.2580548586469329
637,-2.592,-0.2568301690912698,-2.592,-0.2580509442670575
638,-2.59,-0.25682673310008997,-2.59,-0.2580474007185393
639,-2.588,-0.256823674518441,-2.588,-0.2580442336318713
640,-2.5860000000000003,-0.25682099828616994,-2.5860000000000003,-0.2580414481063792
641,-2.584,-0.25681870881211916,-2.584,-0.2580390487102211
642,-2.582,-0.2568168099741269,-2.582,-0.2580370394803877
643,-2.58,-0.25681530511902695,-2.58,-0.2580354239227023
644,-2.5780000000000003,-0.25681419706264863,-2.5780000000000003,-0.25803420501182056
645,-2.576,-0.25681348808981697,-2.576,-0.2580333851912308
646,-2.574,-0.25681317995435265,-2.574,-0.2580329663732539
647,-2.572,-0.25681327387907193,-2.572,-0.25803294993904324
648,-2.5700000000000003,-0.25681377055578664,-2.5700000000000003,-0.25803333673858464
649,-2.568,-0.25681467014530435,-2.568,-0.2580341270906966
650,-2.566,-0.2568159722774282,-2.566,-0.2580353207830301
651,-2.564,-0.2568176760509569,-2.564,-0.25803691707206855
652,-2.5620000000000003,-0.25681978003368483,-2.5620000000000003,-0.25803891468312806
653,-2.56,-0.25682228226240195,-2.56,-0.25804131181035717
654,-2.558,-0.25682518024289397,-2.558,-0.258044106116737
655,-2.556,-0.2568284709499421,-2.556,-0.2580472947340812
656,-2.5540000000000003,-0.2568321508273232,-2.5540000000000003,-0.25805087426303597
657,-2.552,-0.2568362157878098,-2.552,-0.25805484077307994
658,-2.55,-0.2568406612131699,-2.55,-0.25805918980252435
659,-2.548,-0.25684548195416734,-2.548,-0.25806391635851306
660,-2.5460000000000003,-0.25685067233056147,-2.5460000000000003,-0.25806901491702233
661,-2.544,-0.25685622613110726,-2.544,-0.258074479422861
662,-2.542,-0.2568621366135553,-2.542,-0.2580803032896704
663,-2.54,-0.2568683965046518,-2.54,-0.2580864793999246
664,-2.5380000000000003,-0.25687499800013863,-2.5380000000000003,-0.2580930001049298
665,-2.536,-0.2568819327647533,-2.536,-0.2580998572248252
666,-2.534,-0.25688919193222887,-2.534,-0.25810704204858226
667,-2.532,-0.256896766105294,-2.532,-0.25811454533400496
668,-2.5300000000000002,-0.25690464535567314,-2.5300000000000002,-0.2581223573077299
669,-2.528,-0.2569128192240862,-2.528,-0.2581304676652263
670,-2.526,-0.2569212767202488,-2.526,-0.2581388655707957
671,-2.524,-0.25693000632287205,-2.524,-0.25814753965757226
672,-2.5220000000000002,-0.2569389959796629,-2.5220000000000002,-0.2581564780275228
673,-2.52,-0.25694823310732373,-2.52,-0.25816566825144655
674,-2.518,-0.25695770459155265,-2.518,-0.2581750973689752
675,-2.516,-0.2569673967870434,-2.516,-0.2581847518885732
676,-2.5140000000000002,-0.2569772955174852,-2.5140000000000002,-0.25819461778753733
677,-2.512,-0.2569873860755631,-2.512,-0.258204680511997
678,-2.51,-0.25699765322295753,-2.51,-0.2582149249769142
679,-2.508,-0.25700808119034485,-2.508,-0.25822533556608324
680,-2.5060000000000002,-0.2570186536773968,-2.5060000000000002,-0.2582358961321312
681,-2.504,-0.2570293538527808,-2.504,-0.2582465899965176
682,-2.502,-0.25704016435415994,-2.502,-0.2582573999495345
683,-2.5,-0.2570510672881928,-2.5,-0.25826830825030656
684,-2.498,-0.25706204423053386,-2.498,-0.2582792966267907
685,-2.496,-0.257073076225833,-2.496,-0.25829034627577685
686,-2.4939999999999998,-0.25708414378773564,-2.4939999999999998,-0.258301437862887
687,-2.492,-0.25709522689888303,-2.492,-0.25831255152257604
688,-2.49,-0.25710630501091203,-2.49,-0.2583236668581311
689,-2.488,-0.25711735704445504,-2.488,-0.258334762941672
690,-2.4859999999999998,-0.25712836138914,-2.4859999999999998,-0.25834581831415115
691,-2.484,-0.2571392959035907,-2.484,-0.2583568109853534
692,-2.482,-0.25715013791542635,-2.482,-0.25836771843389605
693,-2.48,-0.2571608642212619,-2.48,-0.2583785176072292
694,-2.4779999999999998,-0.2571714510867078,-2.4779999999999998,-0.25838918492163515
695,-2.476,-0.25718187424637035,-2.476,-0.25839969626222903
696,-2.474,-0.2571921089038512,-2.474,-0.2584100269829583
697,-2.472,-0.25720212973174783,-2.472,-0.25842015190660306
698,-2.4699999999999998,-0.25721191087165324,-2.4699999999999998,-0.2584300453247759
699,-2.468,-0.2572214259341561,-2.468,-0.258439680997922
700,-2.466,-0.2572306479988406,-2.466,-0.25844903215531906
701,-2.464,-0.2572395496142867,-2.464,-0.2584580714950772
702,-2.4619999999999997,-0.2572481027980699,-2.4619999999999997,-0.2584667711841392
703,-2.46,-0.25725627903676135,-2.46,-0.25847510285828035
704,-2.458,-0.2572640492859278,-2.458,-0.25848303762210845
705,-2.4560000000000004,-0.2572713839701316,-2.4560000000000004,-0.2584905460490638
706,-2.454,-0.25727825298293083,-2.454,-0.2584975981814194
707,-2.452,-0.25728462568687904,-2.452,-0.25850416353028055
708,-2.45,-0.2572904709135255,-2.45,-0.2585102110755852
709,-2.4480000000000004,-0.25729575696341517,-2.4480000000000004,-0.2585157092661039
710,-2.446,-0.2573004516060885,-2.446,-0.25852062601943965
711,-2.444,-0.25730452208008153,-2.444,-0.2585249287220279
712,-2.442,-0.2573079350929261,-2.442,-0.2585285842291369
713,-2.4400000000000004,-0.2573106568211495,-2.4400000000000004,-0.2585315588648672
714,-2.438,-0.2573126529102748,-2.438,-0.25853381842215184
715,-2.436,-0.2573138884748205,-2.436,-0.25853532816275665
716,-2.434,-0.25731432809830096,-2.434,-0.25853605281727976
717,-2.4320000000000004,-0.257313935833226,-2.4320000000000004,-0.258535956585152
718,-2.43,-0.25731267520110107,-2.43,-0.2585350031346366
719,-2.428,-0.25731050919242726,-2.428,-0.25853315560282947
720,-2.426,-0.25730740026670135,-2.426,-0.25853037659565886
721,-2.4240000000000004,-0.2573033103524156,-2.4240000000000004,-0.2585266281878857
722,-2.422,-0.25729820084705807,-2.422,-0.2585218719231034
723,-2.42,-0.2572920326171123,-2.42,-0.25851606881373795
724,-2.418,-0.2572850786677815,-2.418,-0.25850930425468316
725,-2.4160000000000004,-0.25727768551270525,-2.4160000000000004,-0.2585020431291696
726,-2.414,-0.2572698824643776,-2.414,-0.25849435926348363
727,-2.412,-0.2572616981673441,-2.412,-0.25848628161414816
728,-2.41,-0.2572531607528555,-2.41,-0.2584778386225501
729,-2.4080000000000004,-0.257244297838867,-2.4080000000000004,-0.2584690582149402
730,-2.406,-0.2572351365300388,-2.406,-0.2584599678024334
731,-2.404,-0.25722570341773615,-2.404,-0.2584505942810084
732,-2.402,-0.2572160245800289,-2.402,-0.25844096403150796
733,-2.4000000000000004,-0.25720612558169176,-2.4000000000000004,-0.2584311029196388
734,-2.398,-0.25719603147420445,-2.398,-0.2584210362959715
735,-2.396,-0.25718576679575134,-2.396,-0.2584107889959408
736,-2.394,-0.25717535557122184,-2.394,-0.25840038533984516
737,-2.3920000000000003,-0.25716482131221013,-2.3920000000000003,-0.2583898491328472
738,-2.39,-0.2571541870170152,-2.39,-0.2583792036649734
739,-2.388,-0.2571434751706409,-2.388,-0.25836847171111427
740,-2.386,-0.257132707744796,-2.386,-0.2583576755310242
741,-2.3840000000000003,-0.2571219061978941,-2.3840000000000003,-0.2583468368693216
742,-2.382,-0.25711109147505357,-2.382,-0.2583359769554888
743,-2.38,-0.25710028400809765,-2.38,-0.25832511650387213
744,-2.378,-0.2570895037155545,-2.378,-0.25831427571368193
745,-2.3760000000000003,-0.2570787700026571,-2.3760000000000003,-0.2583034742689924
746,-2.374,-0.25706810176134326,-2.374,-0.2582927313387417
747,-2.372,-0.2570575173702557,-2.372,-0.25828206557673206
748,-2.37,-0.25704703469474177,-2.37,-0.2582714951216296
749,-2.3680000000000003,-0.257036671086854,-2.3680000000000003,-0.2582610375969644
750,-2.366,-0.25702644338534963,-2.366,-0.2582507101111305
751,-2.364,-0.2570163679156906,-2.364,-0.25824052925738594
752,-2.362,-0.2570064604900439,-2.362,-0.25823051111385265
753,-2.3600000000000003,-0.2569967364072812,-2.3600000000000003,-0.2582206712435166
754,-2.358,-0.2569872104529793,-2.358,-0.25821102469422774
755,-2.356,-0.25697789689941947,-2.356,-0.25820158599869986
756,-2.354,-0.25696880950558815,-2.354,-0.2581923691745108
757,-2.3520000000000003,-0.2569599615171764,-2.3520000000000003,-0.25818338772410243
758,-2.35,-0.2569513656665804,-2.35,-0.2581746546347804
759,-2.348,-0.2569430341729008,-2.348,-0.25816618237871447
760,-2.346,-0.2569349787419435,-2.346,-0.25815798291293823
761,-2.3440000000000003,-0.2569272105662189,-2.3440000000000003,-0.25815006767934945
762,-2.342,-0.2569197403249425,-2.342,-0.25814244760470967
763,-2.34,-0.2569125781840346,-2.34,-0.25813513310064445
764,-2.338,-0.25690573379612025,-2.338,-0.25812813406364327
765,-2.3360000000000003,-0.25689921630052936,-2.3360000000000003,-0.2581214598750597
766,-2.334,-0.2568930343232968,-2.334,-0.2581151194011111
767,-2.332,-0.25688719597716225,-2.332,-0.2581091209928789
768,-2.33,-0.25688170886157013,-2.33,-0.25810347248630855
769,-2.3280000000000003,-0.25687658006266983,-2.3280000000000003,-0.2580981812022093
770,-2.326,-0.2568718161533156,-2.326,-0.2580932539462545
771,-2.324,-0.2568674231930665,-2.324,-0.2580886970089813
772,-2.322,-0.25686340672818636,-2.322,-0.25808451616579103
773,-2.3200000000000003,-0.256859771791644,-2.3200000000000003,-0.2580807166769489
774,-2.318,-0.25685652290311295,-2.318,-0.25807730328758394
775,-2.316,-0.25685366406897175,-2.316,-0.2580742802276893
776,-2.314,-0.2568511987823036,-2.314,-0.25807165121212206
777,-2.3120000000000003,-0.2568491300228968,-2.3120000000000003,-0.25806941944060324
778,-2.31,-0.2568474602572442,-2.31,-0.25806758759771786
779,-2.308,-0.2568461914385437,-2.308,-0.25806615785291487
780,-2.306,-0.256845325006698,-2.306,-0.25806513186050717
781,-2.3040000000000003,-0.2568448618883147,-2.3040000000000003,-0.2580645107596716
782,-2.302,-0.2568448024967061,-2.302,-0.25806429517444907
783,-2.3,-0.2568451467318895,-2.3,-0.2580644852137443
784,-2.298,-0.25684589398058705,-2.298,-0.25806508047132615
785,-2.2960000000000003,-0.2568470431162256,-2.2960000000000003,-0.2580660800258273
786,-2.294,-0.256848592498937,-2.294,-0.25806748244074446
787,-2.292,-0.25685053997555785,-2.292,-0.2580692857644382
788,-2.29,-0.2568528828796297,-2.29,-0.25807148753013326
789,-2.2880000000000003,-0.2568556180313989,-2.2880000000000003,-0.2580740847559181
790,-2.286,-0.2568587417378166,-2.286,-0.2580770739447453
791,-2.284,-0.2568622497925388,-2.284,-0.25808045108443145
792,-2.282,-0.25686613747592646,-2.282,-0.2580842116476569
793,-2.2800000000000002,-0.25687039955504537,-2.2800000000000002,-0.2580883505919661
794,-2.278,-0.256875030283666,-2.278,-0.2580928623597674
795,-2.276,-0.25688002340226385,-2.276,-0.25809774087833326
796,-2.274,-0.2568853721380192,-2.274,-0.2581029795597999
797,-2.2720000000000002,-0.25689106920481725,-2.2720000000000002,-0.25810857130116754
798,-2.27,-0.2568971068032479,-2.27,-0.25811450848430056
799,-2.268,-0.25690347662060603,-2.268,-0.25812078297592705
800,-2.266,-0.2569101698308913,-2.266,-0.2581273861276392
801,-2.2640000000000002,-0.25691717709480827,-2.2640000000000002,-0.25813430877589316
802,-2.262,-0.25692448855976635,-2.262,-0.25814154124200894
803,-2.26,-0.2569320938598797,-2.26,-0.25814907333217063
804,-2.258,-0.25693998211596747,-2.258,-0.2581568943374263
805,-2.2560000000000002,-0.25694814193555354,-2.2560000000000002,-0.2581649930336878
806,-2.254,-0.25695656141286677,-2.254,-0.2581733576817311
807,-2.252,-0.25696522812884076,-2.252,-0.2581819760271961
808,-2.25,-0.25697412915111395,-2.25,-0.25819083530058673
809,-2.248,-0.2569832510340297,-2.248,-0.2581999222172707
810,-2.246,-0.2569925798186362,-2.246,-0.25820922297747984
811,-2.2439999999999998,-0.2570021010326865,-2.2439999999999998,-0.2582187232663099
812,-2.242,-0.2570117996906384,-2.242,-0.2582284082537205
813,-2.24,-0.25702166029365475,-2.24,-0.2582382625945354
814,-2.238,-0.25703166682960304,-2.238,-0.2582482704284423
815,-2.2359999999999998,-0.2570418027730557,-2.2359999999999998,-0.25825841537999256
816,-2.234,-0.25705205108529006,-2.234,-0.2582686805586019
817,-2.232,-0.25706239421428817,-2.232,-0.25827904855854983
818,-2.23,-0.2570728140947371,-2.23,-0.2582895014589798
819,-2.2279999999999998,-0.25708329214802855,-2.2279999999999998,-0.2583000208238992
820,-2.226,-0.25709380928225933,-2.226,-0.25831058770217946
821,-2.224,-0.2571043458922309,-2.224,-0.258321182627556
822,-2.222,-0.25711488185944964,-2.222,-0.2583317856186281
823,-2.2199999999999998,-0.25712539655212674,-2.2199999999999998,-0.25834237617885897
824,-2.218,-0.2571358688251783,-2.218,-0.258352933296576
825,-2.216,-0.2571462770202253,-2.216,-0.2583634354449703
826,-2.214,-0.25715659896559345,-2.214,-0.25837386058209716
827,-2.2119999999999997,-0.2571668119763133,-2.2119999999999997,-0.25838418615087555
828,-2.21,-0.2571768928541205,-2.21,-0.2583943890790887
829,-2.208,-0.2571868178874552,-2.208,-0.2584044457793836
830,-2.206,-0.25719656285146264,-2.206,-0.2584143321492713
831,-2.2039999999999997,-0.25720610300799285,-2.2039999999999997,-0.2584240235711268
832,-2.202,-0.2572154131056007,-2.202,-0.258433494912189
833,-2.2,-0.2572244673795459,-2.2,-0.2584427205245608
834,-2.1980000000000004,-0.25723323955179295,-2.1980000000000004,-0.25845167424520915
835,-2.196,-0.2572417028310114,-2.196,-0.2584603293959648
836,-2.194,-0.25724982991257533,-2.194,-0.25846865878352265
837,-2.192,-0.25725759297856404,-2.192,-0.2584766346994413
838,-2.1900000000000004,-0.2572649636977614,-2.1900000000000004,-0.2584842289201436
839,-2.188,-0.25727191322565623,-2.188,-0.25849141270691617
840,-2.186,-0.25727841220444225,-2.186,-0.25849815680590965
841,-2.184,-0.2572844307630179,-2.184,-0.25850443144813867
842,-2.1820000000000004,-0.2572899385169865,-2.1820000000000004,-0.2585102063494818
843,-2.18,-0.2572949045686564,-2.18,-0.25851545071068155
844,-2.178,-0.25729929750704056,-2.178,-0.2585201332173444
845,-2.176,-0.25730308540785696,-2.176,-0.25852422203994085
846,-2.1740000000000004,-0.2573062358335283,-2.1740000000000004,-0.2585276848338053
847,-2.172,-0.2573087158331822,-2.172,-0.2585304887391361
848,-2.17,-0.2573104919426511,-2.17,-0.25853260038099557
849,-2.168,-0.25731153018447234,-2.168,-0.25853398586931003
850,-2.1660000000000004,-0.2573117960678881,-2.1660000000000004,-0.2585346107988698
851,-2.164,-0.25731125458884535,-2.164,-0.2585344402493291
852,-2.162,-0.25730987022999596,-2.162,-0.258533438785206
853,-2.16,-0.2573076069606966,-2.16,-0.2585315704558828
854,-2.1580000000000004,-0.25730442823700883,-2.1580000000000004,-0.25852879879560553
855,-2.156,-0.2573002970016991,-2.156,-0.25852508682348424
856,-2.154,-0.25729517568423865,-2.154,-0.25852039704349306
857,-2.152,-0.257289030094448,-2.152,-0.2585146914444699
858,-2.1500000000000004,-0.2572821492379277,-2.1500000000000004,-0.25850804669105176
859,-2.148,-0.25727475393724697,-2.148,-0.2585008398062345
860,-2.146,-0.2572668759082616,-2.146,-0.2584931321531108
861,-2.144,-0.2572585463339126,-2.144,-0.2584849553734273
862,-2.1420000000000003,-0.25724979586422664,-2.1420000000000003,-0.25847634057245095
863,-2.14,-0.2572406546163156,-2.14,-0.2584673183189689
864,-2.138,-0.25723115217437703,-2.138,-0.25845791864528883
865,-2.136,-0.2572213175896938,-2.136,-0.25844817104723866
866,-2.1340000000000003,-0.25721117938063415,-2.1340000000000003,-0.25843810448416665
867,-2.132,-0.25720076553265186,-2.132,-0.25842774737894136
868,-2.13,-0.2571901034982861,-2.13,-0.25841712761795166
869,-2.128,-0.25717922019716155,-2.128,-0.2584062725511068
870,-2.1260000000000003,-0.2571681420159882,-2.1260000000000003,-0.25839520899183643
871,-2.124,-0.2571568948085616,-2.124,-0.2583839632170903
872,-2.122,-0.2571455038957627,-2.122,-0.2583725609673387
873,-2.12,-0.25713399406555776,-2.12,-0.25836102744657213
874,-2.1180000000000003,-0.25712238957299866,-2.1180000000000003,-0.2583493873223015
875,-2.116,-0.25711071414022263,-2.116,-0.25833766472555797
876,-2.114,-0.2570989909564524,-2.114,-0.25832588325089306
877,-2.112,-0.25708724267799604,-2.112,-0.2583140659563786
878,-2.1100000000000003,-0.2570754914282471,-2.1100000000000003,-0.25830223536360686
879,-2.108,-0.25706375879768456,-2.108,-0.25829041345769027
880,-2.106,-0.25705206584387286,-2.106,-0.2582786216872616
881,-2.104,-0.25704043309146185,-2.104,-0.2582668809644742
882,-2.1020000000000003,-0.25702888053218687,-2.1020000000000003,-0.25825521166500137
883,-2.1,-0.2570174276248686,-2.1,-0.258243633628037
884,-2.098,-0.2570060932954133,-2.098,-0.2582321661562952
885,-2.096,-0.25699489593681246,-2.096,-0.2582208280160105
886,-2.0940000000000003,-0.2569838534091432,-2.0940000000000003,-0.2582096374369376
887,-2.092,-0.256972983039568,-2.092,-0.25819861211235173
888,-2.09,-0.2569623016223348,-2.09,-0.25818776919904823
889,-2.088,-0.2569518254187769,-2.088,-0.258177125317343
890,-2.0860000000000003,-0.25694157015731317,-2.0860000000000003,-0.258166696551072
891,-2.084,-0.2569315510334477,-2.084,-0.25815649844759175
892,-2.082,-0.25692178270977034,-2.082,-0.25814654601777903
893,-2.08,-0.25691227931595606,-2.08,-0.25813685373603085
894,-2.0780000000000003,-0.25690305444876543,-2.0780000000000003,-0.2581274355402647
895,-2.076,-0.25689412117204447,-2.076,-0.2581183048319183
896,-2.074,-0.25688549201672456,-2.074,-0.2581094744759496
897,-2.072,-0.2568771789808226,-2.072,-0.25810095680083717
898,-2.0700000000000003,-0.2568691935294407,-2.0700000000000003,-0.25809276359857963
899,-2.068,-0.25686154659476684,-2.068,-0.2580849061246961
900,-2.066,-0.256854248576074,-2.066,-0.25807739509822586
901,-2.064,-0.25684730933972083,-2.064,-0.25807024070172874
902,-2.0620000000000003,-0.2568407382191514,-2.0620000000000003,-0.25806345258128466
903,-2.06,-0.2568345440148951,-2.06,-0.258057039846494
904,-2.058,-0.25682873499456693,-2.058,-0.25805101107047745
905,-2.056,-0.25682331889286714,-2.056,-0.25804537428987606
906,-2.0540000000000003,-0.2568183029115816,-2.0540000000000003,-0.2580401370048512
907,-2.052,-0.25681369371958146,-2.052,-0.2580353061790844
908,-2.05,-0.25680949745282344,-2.05,-0.25803088823977777
909,-2.048,-0.25680571971434957,-2.048,-0.2580268890776536
910,-2.0460000000000003,-0.25680236557428743,-2.0460000000000003,-0.25802331404695455
911,-2.044,-0.2567994395698499,-2.044,-0.2580201679654436
912,-2.042,-0.25679694570533546,-2.042,-0.258017455114404
913,-2.04,-0.2567948874521279,-2.04,-0.2580151792386395
914,-2.0380000000000003,-0.2567932677486966,-2.0380000000000003,-0.2580133435464739
915,-2.036,-0.25679208900059614,-2.036,-0.2580119507097516
916,-2.034,-0.2567913530804667,-2.034,-0.2580110028638372
917,-2.032,-0.2567910613280339,-2.032,-0.2580105016076156
918,-2.0300000000000002,-0.2567912145501087,-2.0300000000000002,-0.2580104480034921
919,-2.028,-0.2567918130205877,-2.028,-0.2580108425773923
920,-2.026,-0.25679285648045264,-2.026,-0.2580116853187621
921,-2.024,-0.2567943441377709,-2.024,-0.25801297568056775
922,-2.0220000000000002,-0.2567962746676953,-2.0220000000000002,-0.25801471257929587
923,-2.02,-0.25679864621246395,-2.02,-0.2580168943949533
924,-2.018,-0.2568014563814006,-2.018,-0.2580195189710673
925,-2.016,-0.25680470225091423,-2.016,-0.25802258361468544
926,-2.0140000000000002,-0.25680838036449943,-2.0140000000000002,-0.2580260850963756
927,-2.012,-0.2568124867327361,-2.012,-0.258030019650226
928,-2.01,-0.25681701683328967,-2.01,-0.2580343829738451
929,-2.008,-0.2568219656109109,-2.008,-0.2580391702283619
930,-2.0060000000000002,-0.2568273274774362,-2.0060000000000002,-0.25804437603842556
931,-2.004,-0.2568330963117871,-2.004,-0.2580499944922055
932,-2.002,-0.25683926545997077,-2.002,-0.2580560191413917
933,-2.0,-0.25684582773507986,-2.0,-0.2580624430011943
934,-1.998,-0.2568527754172923,-1.998,-0.25806925855034374
935,-1.996,-0.25686010025387157,-1.996,-0.25807645773109095
936,-1.994,-0.25686779345916655,-1.994,-0.258084031949207
937,-1.992,-0.2568758457146116,-1.992,-0.25809197207398343
938,-1.99,-0.25688424716872643,-1.99,-0.25810026843823203
939,-1.988,-0.2568929874371162,-1.988,-0.25810891083828497
940,-1.986,-0.2569020556024716,-1.986,-0.2581178885339947
941,-1.984,-0.2569114402145687,-1.984,-0.25812719024873404
942,-1.982,-0.25692112929026895,-1.982,-0.25813680416939605
943,-1.98,-0.2569311103135193,-1.98,-0.2581467179463942
944,-1.978,-0.2569413702353522,-1.978,-0.2581569186936623
945,-1.976,-0.2569518954738853,-1.976,-0.25816739298865443
946,-1.974,-0.25696267191432204,-1.974,-0.25817812687234504
947,-1.972,-0.256973684908951,-1.972,-0.25818910584922894
948,-1.97,-0.25698491927714634,-1.97,-0.2582003148873211
949,-1.968,-0.2569963593053676,-1.968,-0.258211738418157
950,-1.966,-0.2570079887471598,-1.966,-0.25822336033679233
951,-1.964,-0.25701979082315335,-1.964,-0.25823516400180324
952,-1.962,-0.25703174822106406,-1.962,-0.2582471322352861
953,-1.96,-0.2570438430956934,-1.96,-0.2582592473228576
954,-1.958,-0.2570560570689279,-1.958,-0.2582714910136548
955,-1.956,-0.25706837122973997,-1.956,-0.2582838445203351
956,-1.954,-0.25708076613418707,-1.954,-0.2582962885190762
957,-1.952,-0.2570932218054123,-1.952,-0.2583088031495761
958,-1.95,-0.2571057177336441,-1.95,-0.25832136801505323
959,-1.948,-0.25711823287619645,-1.948,-0.2583339621822462
960,-1.9460000000000002,-0.25713074565746874,-1.9460000000000002,-0.258346564181414
961,-1.9440000000000002,-0.25714323396894573,-1.9440000000000002,-0.2583591520063361
962,-1.9420000000000002,-0.2571556751691977,-1.9420000000000002,-0.25837170311431207
963,-1.9400000000000002,-0.2571680460838802,-1.9400000000000002,-0.25838419442616195
964,-1.9380000000000002,-0.2571803230057345,-1.9380000000000002,-0.258396602326226
965,-1.9360000000000002,-0.2571924816945871,-1.9360000000000002,-0.25840890266236494
966,-1.9340000000000002,-0.2572044973773499,-1.9340000000000002,-0.2584210707459597
967,-1.9320000000000002,-0.25721634474802035,-1.9320000000000002,-0.2584330813519116
968,-1.9300000000000002,-0.2572279979676814,-1.9300000000000002,-0.25844490871864234
969,-1.9280000000000002,-0.2572394306645013,-1.9280000000000002,-0.25845652654809376
970,-1.9260000000000002,-0.2572506159337337,-1.9260000000000002,-0.2584679080057282
971,-1.9240000000000002,-0.25726152633771787,-1.9240000000000002,-0.25847902572052833
972,-1.9220000000000002,-0.2572721339058784,-1.9220000000000002,-0.258489851784997
973,-1.9200000000000002,-0.25728241013472525,-1.9200000000000002,-0.2585003577551575
974,-1.9180000000000001,-0.257292325987854,-1.9180000000000001,-0.25851051465055347
975,-1.9160000000000001,-0.2573018518959455,-1.9160000000000001,-0.25852029295424883
976,-1.9140000000000001,-0.2573109577567661,-1.9140000000000001,-0.2585296626128278
977,-1.9120000000000001,-0.25731961293516764,-1.9120000000000001,-0.2585385930363949
978,-1.9100000000000001,-0.2573277862630873,-1.9100000000000001,-0.2585470530985752
979,-1.9080000000000001,-0.2573354460395478,-1.9080000000000001,-0.25855501113651375
980,-1.9060000000000001,-0.2573425600306571,-1.9060000000000001,-0.2585624349508763
981,-1.9040000000000001,-0.2573490954696089,-1.9040000000000001,-0.25856929180584853
982,-1.9020000000000001,-0.25735501905668207,-1.9020000000000001,-0.25857554842913677
983,-1.9000000000000001,-0.25736029695924106,-1.9000000000000001,-0.25858117101196754
984,-1.8980000000000001,-0.2573648948117357,-1.8980000000000001,-0.25858612520908775
985,-1.8960000000000001,-0.25736877771570127,-1.8960000000000001,-0.25859037613876457
986,-1.8940000000000001,-0.2573719102397585,-1.8940000000000001,-0.25859388838278546
987,-1.8920000000000001,-0.2573742564196135,-1.8920000000000001,-0.2585966259864584
988,-1.8900000000000001,-0.2573757797580579,-1.8900000000000001,-0.2585985524586114
989,-1.8880000000000001,-0.2573764432249688,-1.8880000000000001,-0.25859963077159315
990,-1.8860000000000001,-0.25737620925730853,-1.8860000000000001,-0.2585998233612723
991,-1.8840000000000001,-0.25737503975912507,-1.8840000000000001,-0.2585990921270382
992,-1.8820000000000001,-0.2573728961015518,-1.8820000000000001,-0.2585973984318002
993,-1.8800000000000001,-0.25736973912280736,-1.8800000000000001,-0.2585947031019881
994,-1.8780000000000001,-0.25736552912819605,-1.8780000000000001,-0.25859096642755214
995,-1.8760000000000001,-0.25736022589010754,-1.8760000000000001,-0.25858614816196274
996,-1.874,-0.2573537886480169,-1.874,-0.25858020752221067
997,-1.872,-0.2573462103641529,-1.872,-0.2585731031888071
998,-1.87,-0.25733840242109046,-1.87,-0.25856519377161485
999,-1.868,-0.257330782690414,-1.868,-0.25855743238357487
1000,-1.866,-0.25732334663310724,-1.866,-0.2585554111726565
1001,-1.8639999999999999,-0.25731352177731687,-1.8639999999999999,-0.2585446091478869
1002,-1.862,-0.25761607345375825,-1.862,-0.25874942975489756
1003,-1.8599999999999999,-0.26241731487191533,-1.8599999999999999,-0.26365509649213215
1004,-1.858,-0.2893158603436941,-1.858,-0.29084943785828526
1005,-1.8559999999999999,-0.3581583206410666,-1.8559999999999999,-0.36020091993443176
1006,-1.854,-0.4755820808075695,-1.854,-0.4783943137738797
1007,-1.8519999999999999,-0.640845598228583,-1.8519999999999999,-0.6450253261344027
1008,-1.85,-0.8517032253200023,-1.85,-0.8581787749831337
1009,-1.8479999999999999,-1.1055995332930257,-1.8479999999999999,-1.115643654492686
1010,-1.846,-1.3999245888349803,-1.846,-1.415243647971319
1011,-1.8439999999999999,-1.7320774550584757,-1.8439999999999999,-1.7548502173165654
1012,-1.842,-2.0994706760230555,-1.842,-2.1323932048136354
1013,-1.8399999999999999,-2.499522311215562,-1.8399999999999999,-2.545860833136022
1014,-1.838,-2.9295736850914142,-1.838,-2.993384039532495
1015,-1.8359999999999999,-3.387308346405941,-1.8359999999999999,-3.478888047390372
1016,-1.834,-3.8705025877340766,-1.834,-4.001186335137443
1017,-1.8319999999999999,-4.376907157400804,-1.8319999999999999,-4.554246655518471
1018,-1.83,-4.904247259480295,-1.83,-5.131877654832577
1019,-1.8279999999999998,-5.450222553796811,-1.8279999999999998,-5.72772887293422
1020,-1.826,-6.012507155923766,-1.826,-6.335290743232173
1021,-1.8239999999999998,-6.5887496371846925,-1.8239999999999998,-6.947894592690577
1022,-1.822,-7.173719335360236,-1.822,-7.558712641827869
1023,-1.8199999999999998,-7.75073528780815,-1.8199999999999998,-8.160758004717863
1024,-1.818,-8.309144849286389,-1.818,-8.746884688988667
1025,-1.8160000000000003,-8.841236555655213,-1.8160000000000003,-9.309787595823636
1026,-1.814,-9.34151387947979,-1.814,-9.842002519960932
1027,-1.8120000000000003,-9.80669523002987,-1.8120000000000003,-10.336728496788561
1028,-1.81,-10.235713953280564,-1.81,-10.799615728663598
1029,-1.8080000000000003,-10.629718331911501,-1.8080000000000003,-11.234375966879876
1030,-1.806,-10.992070844839143,-1.806,-11.642014268986754
1031,-1.8040000000000003,-11.326487048646293,-1.8040000000000003,-12.023514632333516
1032,-1.802,-11.634328563974826,-1.802,-12.379839994070084
1033,-1.8000000000000003,-11.916905061831603,-1.8000000000000003,-12.711932231146342
1034,-1.798,-12.175472700613659,-1.798,-13.020712160312776
1035,-1.7960000000000003,-12.411234126107697,-1.7960000000000003,-13.307079538119877
1036,-1.794,-12.62533847149055,-1.794,-13.571913060918693
1037,-1.7920000000000003,-12.818881357328765,-1.7920000000000003,-13.816070364860316
1038,-1.79,-12.992904891578977,-1.79,-14.040388025896364
1039,-1.7880000000000003,-13.148397669587569,-1.7880000000000003,-14.245711208858985
1040,-1.786,-13.286305711335721,-1.786,-14.433157986653518
1041,-1.7840000000000003,-13.407936583722027,-1.7840000000000003,-14.603458315706147
1042,-1.782,-13.514204715771449,-1.782,-14.75720586246632
1043,-1.7800000000000002,-13.605735055634234,-1.7800000000000002,-14.894985175688216
1044,-1.778,-13.683141118610848,-1.778,-15.017371686431034
1045,-1.7760000000000002,-13.747024987151812,-1.7760000000000002,-15.124931708058746
1046,-1.774,-13.797977310857842,-1.774,-15.218222436240309
1047,-1.7720000000000002,-13.836577306479729,-1.7720000000000002,-15.297791948949481
1048,-1.77,-13.863392757918435,-1.77,-15.364179206464978
1049,-1.7680000000000002,-13.878980016225025,-1.7680000000000002,-15.417914051370346
1050,-1.766,-13.883883999600709,-1.766,-15.459517208554061
1051,-1.7640000000000002,-13.87863819339682,-1.7640000000000002,-15.48950028520945
1052,-1.762,-13.863764650114826,-1.762,-15.508365770834757
1053,-1.7600000000000002,-13.839773989406323,-1.7600000000000002,-15.51660703723309
1054,-1.758,-13.80716539807303,-1.758,-15.514708338512456
1055,-1.7560000000000002,-13.766426630066814,-1.7560000000000002,-15.503144811085745
1056,-1.754,-13.718034006489642,-1.754,-15.482382473670729
1057,-1.7520000000000002,-13.662452415593652,-1.7520000000000002,-15.452878227290078
1058,-1.75,-13.600135312781063,-1.75,-15.41507985527133
1059,-1.7480000000000002,-13.531524720604281,-1.7480000000000002,-15.369426023246938
1060,-1.746,-13.45705122876578,-1.746,-15.316346279154201
1061,-1.7440000000000002,-13.377133994118227,-1.7440000000000002,-15.256261053235356
1062,-1.742,-13.292180740664351,-1.742,-15.189581658037469
1063,-1.7400000000000002,-13.202587759557087,-1.7400000000000002,-15.11671028841255
1064,-1.738,-13.10873990909942,-1.738,-15.038040021517439
1065,-1.7360000000000002,-13.011010614744544,-1.7360000000000002,-14.953954816813924
1066,-1.734,-12.909761869095705,-1.734,-14.86482951606861
1067,-1.7320000000000002,-12.80534423190636,-1.7320000000000002,-14.771029843353064
1068,-1.73,-12.69787992074501,-1.73,-14.672912405043657
1069,-1.7280000000000002,-12.587246032891631,-1.7280000000000002,-14.570762911790316
1070,-1.726,-12.473651568628755,-1.726,-14.464666333055554
1071,-1.7240000000000002,-12.357306667809405,-1.7240000000000002,-14.354731505394128
1072,-1.722,-12.238414973421209,-1.722,-14.241088626803148
1073,-1.7200000000000002,-12.117173631586605,-1.7200000000000002,-14.123887286549
1074,-1.718,-11.993773291562631,-1.718,-14.00329646516714
1075,-1.7160000000000002,-11.868398105741143,-1.7160000000000002,-13.879504534462313
1076,-1.714,-11.741225729648594,-1.714,-13.75271925750833
1077,-1.7120000000000002,-11.612427321946258,-1.7120000000000002,-13.623167788648292
1078,-1.71,-11.482167544429998,-1.71,-13.491096673494361
1079,-1.7080000000000002,-11.350604562030503,-1.7080000000000002,-13.356771848927995
1080,-1.706,-11.217890042813051,-1.706,-13.220478643099707
1081,-1.7040000000000002,-11.08416915797775,-1.7040000000000002,-13.082521775429313
1082,-1.702,-10.949580581859285,-1.702,-12.94322535660568
1083,-1.7000000000000002,-10.814256491927182,-1.7000000000000002,-12.802932888586978
1084,-1.698,-10.677506372453202,-1.698,-12.66200726460043
1085,-1.6960000000000002,-10.537529798396811,-1.6960000000000002,-12.52197389619063
1086,-1.694,-10.403162339875268,-1.694,-12.396018492224004
1087,-1.6920000000000002,-10.285726897198053,-1.6920000000000002,-12.299000415264334
1088,-1.69,-10.197628635083442,-1.69,-12.241763388663578
1089,-1.6880000000000002,-10.151702050391124,-1.6880000000000002,-12.231535308118934
1090,-1.686,-10.147850255852797,-1.686,-12.271928241672756
1091,-1.6840000000000002,-10.182266089217604,-1.6840000000000002,-12.362938429712571
1092,-1.682,-10.253019775411728,-1.682,-12.50094628497114
1093,-1.6800000000000002,-10.358067005392444,-1.6800000000000002,-12.678716392526313
1094,-1.678,-10.495234007662992,-1.678,-12.889486810210546
1095,-1.6760000000000002,-10.662334593383008,-1.6760000000000002,-13.136646527511406
1096,-1.674,-10.857498665744039,-1.674,-13.418770787485977
1097,-1.6720000000000002,-11.078888090854472,-1.6720000000000002,-13.734049246886041
1098,-1.67,-11.324659477541488,-1.67,-14.080729173707937
1099,-1.6680000000000001,-11.592964177350687,-1.6680000000000001,-14.457115447192015
1100,-1.666,-11.881948284546507,-1.666,-14.861570557823239
1101,-1.6640000000000001,-12.189752636111757,-1.6640000000000001,-15.29251460733052
1102,-1.662,-12.51451281174813,-1.662,-15.748425308687448
1103,-1.6600000000000001,-12.854359133875649,-1.6600000000000001,-16.232470303128366
1104,-1.658,-13.207416667633254,-1.658,-16.743835277490767
1105,-1.6560000000000001,-13.569730118629742,-1.6560000000000001,-17.272684534946933
1106,-1.654,-13.927683610324475,-1.654,-17.808678720297305
1107,-1.6520000000000001,-14.27145948985972,-1.6520000000000001,-18.340993960638844
1108,-1.65,-14.593769595197385,-1.65,-18.858321865365994
1109,-1.6480000000000001,-14.889280933711092,-1.6480000000000001,-19.348869526169743
1110,-1.646,-15.154615682186737,-1.646,-19.800359517038515
1111,-1.6440000000000001,-15.388351186821968,-1.6440000000000001,-20.210486885957355
1112,-1.642,-15.591019963226659,-1.642,-20.588692104927837
1113,-1.6400000000000001,-15.765109696422492,-1.6400000000000001,-20.93624313485421
1114,-1.638,-15.915063240843324,-1.638,-21.254336017426862
1115,-1.6360000000000001,-16.04727862033486,-1.6360000000000001,-21.544140288315425
1116,-1.634,-16.165918952522123,-1.634,-21.806798977169333
1117,-1.6320000000000001,-16.265947967535503,-1.6320000000000001,-22.04342860761731
1118,-1.63,-16.348006569124244,-1.63,-22.255178360811904
1119,-1.6280000000000001,-16.413066250421668,-1.6280000000000001,-22.44361101473478
1120,-1.626,-16.462057921843794,-1.626,-22.609698022568022
1121,-1.624,-16.495871911089218,-1.624,-22.754239167802893
1122,-1.6219999999999999,-16.515357963139223,-1.6219999999999999,-22.87802194694167
1123,-1.62,-16.5213252402577,-1.62,-22.98182156949736
1124,-1.6179999999999999,-16.514542321991176,-1.6179999999999999,-23.066400957993935
1125,-1.616,-16.495737205168826,-1.616,-23.13251074796615
1126,-1.6139999999999999,-16.46560213960669,-1.6139999999999999,-23.180889287959687
1127,-1.612,-16.425189248961708,-1.612,-23.21226263953103
1128,-1.6099999999999999,-16.37523849011778,-1.6099999999999999,-23.227344577247564
1129,-1.608,-16.316165324763066,-1.608,-23.226836588687522
1130,-1.6059999999999999,-16.248379562786937,-1.6059999999999999,-23.211427874439995
1131,-1.604,-16.172285362280096,-1.604,-23.181795348104945
1132,-1.6019999999999999,-16.08828122953445,-1.6019999999999999,-23.13860363629318
1133,-1.6,-15.996760019043236,-1.6,-23.08250507862639
1134,-1.5979999999999999,-15.898108933500898,-1.5979999999999999,-23.014139727737092
1135,-1.596,-15.792709523803218,-1.596,-22.934135349268722
1136,-1.5939999999999999,-15.680937689047159,-1.5939999999999999,-22.843107421875498
1137,-1.592,-15.563163676531055,-1.592,-22.74165913722259
1138,-1.5899999999999999,-15.439752081754397,-1.5899999999999999,-22.630381399985932
1139,-1.588,-15.311061848418056,-1.588,-22.50985282785242
1140,-1.5859999999999999,-15.177446268424061,-1.5859999999999999,-22.380639751519706
1141,-1.584,-15.039252981875823,-1.584,-22.243296214696418
1142,-1.5819999999999999,-14.8968239770779,-1.5819999999999999,-22.098363974101918
1143,-1.58,-14.750495590536245,-1.58,-21.946372499466566
1144,-1.5779999999999998,-14.60059850695795,-1.5779999999999998,-21.787838973531443
1145,-1.576,-14.447457759251503,-1.576,-21.623268292048625
1146,-1.5739999999999998,-14.291392728526533,-1.5739999999999998,-21.45315306378092
1147,-1.572,-14.132717144094068,-1.572,-21.277973610502137
1148,-1.5699999999999998,-13.971739083466268,-1.5699999999999998,-21.098000279345744
1149,-1.568,-13.808760972356703,-1.568,-20.913173321245516
1150,-1.5659999999999998,-13.644079584680066,-1.5659999999999998,-20.72379393471604
1151,-1.564,-13.477986042552462,-1.564,-20.530171009089795
1152,-1.5619999999999998,-13.31076581629112,-1.5619999999999998,-20.332605053273063
1153,-1.56,-13.142698724414688,-1.56,-20.131388195746283
1154,-1.5580000000000003,-12.974058933642961,-1.5580000000000003,-19.92680418456373
1155,-1.556,-12.805018956427784,-1.556,-19.71912838735365
1156,-1.5540000000000003,-12.635248680185358,-1.5540000000000003,-19.50862779131841
1157,-1.552,-12.464813617308975,-1.552,-19.295561003234173
1158,-1.5500000000000003,-12.293856940294184,-1.5500000000000003,-19.08017824945125
1159,-1.548,-12.122515635985394,-1.548,-18.862721375893752
1160,-1.5460000000000003,-11.950920505576176,-1.5460000000000003,-18.643423848059946
1161,-1.544,-11.779196164608967,-1.544,-18.422510751021893
1162,-1.5420000000000003,-11.607461042975363,-1.5420000000000003,-18.200198789425816
1163,-1.54,-11.435835773183802,-1.54,-17.976696287491723
1164,-1.5380000000000003,-11.264458417040741,-1.5380000000000003,-17.75220318901379
1165,-1.536,-11.093314000025732,-1.536,-17.526911057359975
1166,-1.5340000000000003,-10.922496408257842,-1.5340000000000003,-17.30021527996016
1167,-1.532,-10.752263148048204,-1.532,-17.068294524191394
1168,-1.5300000000000002,-10.582615351720705,-1.5300000000000002,-16.838302970272576
1169,-1.528,-10.418929493834172,-1.528,-16.621193675270327
1170,-1.5260000000000002,-10.273836131903732,-1.5260000000000002,-16.429793925372486
1171,-1.524,-10.158404672160993,-1.524,-16.278805235887724
1172,-1.5220000000000002,-10.08174825825239,-1.5220000000000002,-16.181136283230263
1173,-1.52,-10.046562066909841,-1.52,-16.13240911990259
1174,-1.5180000000000002,-10.048893688499358,-1.5180000000000002,-16.130044191465533
1175,-1.516,-10.086852195174583,-1.516,-16.1721501813916
1176,-1.5140000000000002,-10.15849298798305,-1.5140000000000002,-16.256715750899406
1177,-1.512,-10.261823839118971,-1.512,-16.381610974817153
1178,-1.5100000000000002,-10.394888449362488,-1.5100000000000002,-16.544806698532565
1179,-1.508,-10.555773956465123,-1.508,-16.74446119198373
1180,-1.5060000000000002,-10.742608261262387,-1.5060000000000002,-16.978748639121644
1181,-1.504,-10.953563005238376,-1.504,-17.245900406718818
1182,-1.5020000000000002,-11.186853570525436,-1.5020000000000002,-17.544205044368848
1183,-1.5,-11.440739079904539,-1.5,-17.872008284486917
1184,-1.4980000000000002,-11.713522396804866,-1.4980000000000002,-18.22771304230924
1185,-1.496,-12.003550125304262,-1.496,-18.609779415893662
1186,-1.4940000000000002,-12.309212610128748,-1.4940000000000002,-19.018073985224653
1187,-1.492,-12.630685167492208,-1.492,-19.455932020390883
1188,-1.4900000000000002,-12.964677686268486,-1.4900000000000002,-19.915041769088145
1189,-1.488,-13.301263917235074,-1.488,-20.38544681917658
1190,-1.4860000000000002,-13.63137528837207,-1.4860000000000002,-20.85721614728132
1191,-1.484,-13.94693308958664,-1.484,-21.320444118793326
1192,-1.4820000000000002,-14.240848472712457,-1.4820000000000002,-21.76525048786853
1193,-1.48,-14.507022451510233,-1.48,-22.181780397428685
1194,-1.4780000000000002,-14.742048699980591,-1.4780000000000002,-22.560204379160545
1195,-1.476,-14.950954885781789,-1.476,-22.898905731006874
1196,-1.4740000000000002,-15.135709557340634,-1.4740000000000002,-23.206955154358244
1197,-1.472,-15.297619482747288,-1.472,-23.485676501859377
1198,-1.4700000000000002,-15.437932944410676,-1.4700000000000002,-23.736262404816397
1199,-1.468,-15.557839739058775,-1.468,-23.959872984978546
1200,-1.4660000000000002,-15.658471177738365,-1.4660000000000002,-24.157635854537755
1201,-1.464,-15.74097430444214,-1.464,-24.33064611612902
1202,-1.4620000000000002,-15.80702450947146,-1.4620000000000002,-24.47996636283008
1203,-1.46,-15.85750974201524,-1.46,-24.6069714472531
1204,-1.4580000000000002,-15.893087285770878,-1.4580000000000002,-24.713300394359802
1205,-1.456,-15.91440409065795,-1.456,-24.799690580216257
1206,-1.4540000000000002,-15.922096772818142,-1.4540000000000002,-24.866838113012243
1207,-1.452,-15.916791614615294,-1.452,-24.915430903671965
1208,-1.4500000000000002,-15.89910456463538,-1.4500000000000002,-24.946148665853936
1209,-1.448,-15.869641237686507,-1.448,-24.959662915951085
1210,-1.4460000000000002,-15.828996914798935,-1.4460000000000002,-24.956636973090674
1211,-1.444,-15.777756543225038,-1.444,-24.937725959134347
1212,-1.4420000000000002,-15.716494736439365,-1.4420000000000002,-24.90357679867811
1213,-1.44,-15.645775774138551,-1.44,-24.854828219052322
1214,-1.4380000000000002,-15.566153602241434,-1.4380000000000002,-24.792110750321736
1215,-1.436,-15.478171832888918,-1.436,-24.71604672528543
1216,-1.4340000000000002,-15.382363744444124,-1.4340000000000002,-24.627250279476907
1217,-1.432,-15.279252281492228,-1.432,-24.526327351163953
1218,-1.4300000000000002,-15.169350054840631,-1.4300000000000002,-24.413875681348813
1219,-1.428,-15.05315934151878,-1.428,-24.290484813768003
1220,-1.4260000000000002,-14.931172084778359,-1.4260000000000002,-24.156736094892505
1221,-1.424,-14.803869894093086,-1.424,-24.01320267392756
1222,-1.4220000000000002,-14.671724045158928,-1.4220000000000002,-23.86044950281288
1223,-1.42,-14.535195479893874,-1.42,-23.69903333622244
1224,-1.4180000000000001,-14.39473480643817,-1.4180000000000001,-23.529502731564687
1225,-1.416,-14.25078229915408,-1.416,-23.352398048982312
1226,-1.4140000000000001,-14.10376789862613,-1.4140000000000001,-23.168251451352518
1227,-1.412,-13.954111211660857,-1.412,-22.977586904286706
1228,-1.4100000000000001,-13.802221511287065,-1.4100000000000001,-22.78092017613082
1229,-1.408,-13.64834293630339,-1.408,-22.578758837964987
1230,-1.4060000000000001,-13.492047797292612,-1.4060000000000001,-22.37160226360389
1231,-1.404,-13.333470070277162,-1.404,-22.159941629596382
1232,-1.4020000000000001,-13.172831303713771,-1.4020000000000001,-21.94425991522587
1233,-1.4,-13.010344500209888,-1.4,-21.72503190250995
1234,-1.3980000000000001,-12.846214116523958,-1.3980000000000001,-21.502724176200765
1235,-1.396,-12.68063606356514,-1.396,-21.277795123784625
1236,-1.3940000000000001,-12.513797706393602,-1.3940000000000001,-21.050554659161815
1237,-1.392,-12.345877864220213,-1.392,-20.820519921049566
1238,-1.3900000000000001,-12.177046810406857,-1.3900000000000001,-20.587822556353352
1239,-1.388,-12.007466272466118,-1.388,-20.35272626188034
1240,-1.3860000000000001,-11.83731623800975,-1.3860000000000001,-20.115485372341574
1241,-1.384,-11.66679582636559,-1.384,-19.876344860351566
1242,-1.3820000000000001,-11.495961272381654,-1.3820000000000001,-19.63554033642872
1243,-1.38,-11.324878459395896,-1.38,-19.39329804899488
1244,-1.3780000000000001,-11.153636089313693,-1.3780000000000001,-19.149834884375803
1245,-1.376,-10.982345682607548,-1.376,-18.905358366800687
1246,-1.374,-10.811141578317397,-1.374,-18.660073068053077
1247,-1.3719999999999999,-10.640180934050298,-1.3719999999999999,-18.41419147302812
1248,-1.37,-10.469643725980735,-1.37,-18.167797693838143
1249,-1.3679999999999999,-10.299732748850323,-1.3679999999999999,-17.921068682469134
1250,-1.366,-10.130673615968103,-1.366,-17.674320903551354
1251,-1.3639999999999999,-9.963192608127084,-1.3639999999999999,-17.427186448081276
1252,-1.362,-9.806537763863878,-1.362,-17.187066406421586
1253,-1.3599999999999999,-9.674346467455711,-1.3599999999999999,-16.96973315257542
1254,-1.358,-9.576515175762855,-1.358,-16.789630130893844
1255,-1.3559999999999999,-9.519005779953764,-1.3559999999999999,-16.659393967282277
1256,-1.354,-9.503845605505239,-1.354,-16.58023587840707
1257,-1.3519999999999999,-9.529127412202325,-1.3519999999999999,-16.548442661237658
1258,-1.35,-9.589009394138346,-1.35,-16.562031538331755
1259,-1.3479999999999999,-9.6741043009594,-1.3479999999999999,-16.61893258283424
1260,-1.346,-9.78561691072747,-1.346,-16.7170245287826
1261,-1.3439999999999999,-9.925656789037587,-1.3439999999999999,-16.85433181124611
1262,-1.342,-10.092369659095855,-1.342,-17.028952060424093
1263,-1.3399999999999999,-10.283941675571642,-1.3399999999999999,-17.239037221142063
1264,-1.338,-10.49859942459729,-1.338,-17.482796346502283
1265,-1.3359999999999999,-10.734609923768447,-1.3359999999999999,-17.758495597884114
1266,-1.334,-10.9902806221437,-1.334,-18.064458244943598
1267,-1.3319999999999999,-11.263959400244985,-1.3319999999999999,-18.399064665613942
1268,-1.33,-11.556452083881393,-1.33,-18.760752346104987
1269,-1.3279999999999998,-11.869552326258773,-1.3279999999999998,-19.1480549301838
1270,-1.326,-12.196596995778048,-1.326,-19.563201070607594
1271,-1.3239999999999998,-12.53044375293067,-1.3239999999999998,-19.999804408942065
1272,-1.322,-12.863824328282108,-1.322,-20.44642300550491
1273,-1.3199999999999998,-13.189344522472423,-1.3199999999999998,-20.892288179042666
1274,-1.318,-13.499484206215687,-1.318,-21.327304506729917
1275,-1.3159999999999998,-13.786597320300558,-1.3159999999999998,-21.7420498241701
1276,-1.314,-14.042911875589732,-1.314,-22.127775225394732
1277,-1.3119999999999998,-14.265180857592949,-1.3119999999999998,-22.47650923613352
1278,-1.31,-14.462215946944328,-1.31,-22.790603047757916
1279,-1.3079999999999998,-14.635858344367312,-1.3079999999999998,-23.075219779520282
1280,-1.306,-14.787377059649598,-1.306,-23.33154847666114
1281,-1.3040000000000003,-14.917985211815006,-1.3040000000000003,-23.56074739728283
1282,-1.302,-15.028840029123343,-1.302,-23.763944012349285
1283,-1.3000000000000003,-15.121042849070344,-1.3000000000000003,-23.94223500568591
1284,-1.298,-15.195639118387843,-1.298,-24.096686273979895
1285,-1.2960000000000003,-15.253740320587065,-1.2960000000000003,-24.228360773978398
1286,-1.294,-15.297178140371086,-1.294,-24.338794084593626
1287,-1.2920000000000003,-15.326739796598673,-1.2920000000000003,-24.428999327770942
1288,-1.29,-15.34295646280923,-1.29,-24.49971901951786
1289,-1.2880000000000003,-15.346354897773983,-1.2880000000000003,-24.551684752944674
1290,-1.286,-15.337457445495996,-1.286,-24.585617198264618
1291,-1.2840000000000003,-15.31678203521018,-1.2840000000000003,-24.602226102793743
1292,-1.282,-15.284842181383262,-1.282,-24.602210290950996
1293,-1.2800000000000002,-15.242146983713832,-1.2800000000000002,-24.58625766425818
1294,-1.278,-15.189201127132286,-1.278,-24.555045201339965
1295,-1.2760000000000002,-15.12650488180089,-1.2760000000000002,-24.509238957923905
1296,-1.274,-15.054554103113707,-1.274,-24.449494066840387
1297,-1.2720000000000002,-14.973840231696688,-1.2720000000000002,-24.376454738022716
1298,-1.27,-14.88485029340755,-1.27,-24.290754258506997
1299,-1.2680000000000002,-14.788066899335934,-1.2680000000000002,-24.19301499243229
1300,-1.266,-14.683968245803221,-1.266,-24.083848381040426
1301,-1.2640000000000002,-14.573028114362728,-1.2640000000000002,-23.9638549426762
1302,-1.262,-14.455715871799507,-1.262,-23.833624272787173
1303,-1.2600000000000002,-14.332496470130549,-1.2600000000000002,-23.69373504392389
1304,-1.258,-14.203830446604574,-1.258,-23.544755005739635
1305,-1.2560000000000002,-14.070173923702253,-1.2560000000000002,-23.387240984990694
1306,-1.254,-13.931978609135975,-1.254,-23.22173888553608
1307,-1.2520000000000002,-13.789691795850086,-1.2520000000000002,-23.048783688337824
1308,-1.25,-13.643756362020643,-1.25,-22.868899451460667
1309,-1.2480000000000002,-13.494610771055669,-1.2480000000000002,-22.68259931007238
1310,-1.246,-13.342689071594894,-1.246,-22.490385476443436
1311,-1.2440000000000002,-13.18842089751001,-1.2440000000000002,-22.29274923994734
1312,-1.242,-13.03223146790442,-1.242,-22.090170967060303
1313,-1.2400000000000002,-12.874541587113496,-1.2400000000000002,-21.88312010136157
1314,-1.238,-12.715767644704307,-1.238,-21.67205516353308
1315,-1.2360000000000002,-12.556321615475897,-1.2360000000000002,-21.457423751359816
1316,-1.234,-12.396159819963044,-1.234,-21.239454601548335
1317,-1.2320000000000002,-12.234546309138752,-1.2320000000000002,-21.01812558334817
1318,-1.23,-12.071615240561146,-1.23,-20.793622734736267
1319,-1.2280000000000002,-11.907532570477311,-1.2280000000000002,-20.566142588640307
1320,-1.226,-11.742459102674859,-1.226,-20.335889994959214
1321,-1.2240000000000002,-11.576550488482212,-1.2240000000000002,-20.10307812056355
1322,-1.222,-11.409957226768315,-1.222,-19.8679284492951
1323,-1.2200000000000002,-11.24282466394293,-1.2200000000000002,-19.630670781967307
1324,-1.218,-11.075292993956335,-1.218,-19.391543236364832
1325,-1.2160000000000002,-10.907497258299626,-1.2160000000000002,-19.150792247243984
1326,-1.214,-10.739567346004419,-1.214,-18.908672566332303
1327,-1.2120000000000002,-10.571627993643148,-1.2120000000000002,-18.66544726232897
1328,-1.21,-10.403798785328762,-1.21,-18.421387720904402
1329,-1.2080000000000002,-10.23619415271503,-1.2080000000000002,-18.17677364470065
1330,-1.206,-10.068923374996237,-1.206,-17.931893053331
1331,-1.2040000000000002,-9.902090578907487,-1.2040000000000002,-17.687042283380382
1332,-1.202,-9.735794738724406,-1.202,-17.442525988404952
1333,-1.2000000000000002,-9.568337068200558,-1.2000000000000002,-17.19865713893252
1334,-1.198,-9.40003826786994,-1.198,-16.957766309746557
1335,-1.1960000000000002,-9.239849413554643,-1.1960000000000002,-16.734079166863264
1336,-1.194,-9.098697232729846,-1.194,-16.540641853767916
1337,-1.1920000000000002,-8.989285274925159,-1.1920000000000002,-16.38720783445068
1338,-1.19,-8.92214290521907,-1.19,-16.28065190932807
1339,-1.1880000000000002,-8.893633774007066,-1.1880000000000002,-16.22497021524324
1340,-1.186,-8.901787685624416,-1.186,-16.22128022546577
1341,-1.1840000000000002,-8.944845509696517,-1.1840000000000002,-16.267820749691786
1342,-1.182,-9.020870753620434,-1.182,-16.35995193404395
1343,-1.1800000000000002,-9.127865999640548,-1.1800000000000002,-16.49015526107136
1344,-1.178,-9.263964637821555,-1.178,-16.651997928622084
1345,-1.1760000000000002,-9.4273014235175,-1.1760000000000002,-16.849448141912447
1346,-1.174,-9.616051503962336,-1.174,-17.08131014413582
1347,-1.1720000000000002,-9.828430634377286,-1.1720000000000002,-17.34590752169206
1348,-1.17,-10.062695177971177,-1.17,-17.64157728065518
1349,-1.1680000000000001,-10.31714210594006,-1.1680000000000001,-17.966669846772913
1350,-1.166,-10.590108997467626,-1.166,-18.319549065467204
1351,-1.1640000000000001,-10.88023931511528,-1.1640000000000001,-18.698592201833648
1352,-1.162,-11.190966265210147,-1.162,-19.102189940642127
1353,-1.1600000000000001,-11.518278201942971,-1.1600000000000001,-19.52874638633611
1354,-1.158,-11.854760379349608,-1.158,-19.972066471355117
1355,-1.1560000000000001,-12.192933313266995,-1.1560000000000001,-20.41502330033825
1356,-1.154,-12.525252781333743,-1.154,-20.845749059614768
1357,-1.1520000000000001,-12.844109822989541,-1.1520000000000001,-21.254870724895426
1358,-1.15,-13.141830739475745,-1.15,-21.635332639610088
1359,-1.1480000000000001,-13.410677093834813,-1.1480000000000001,-21.98239651490699
1360,-1.146,-13.64509782342434,-1.146,-22.29364142965342
1361,-1.1440000000000001,-13.853024084809944,-1.1440000000000001,-22.568963830435102
1362,-1.142,-14.037276621909085,-1.142,-22.810577531556742
1363,-1.1400000000000001,-14.199136255252357,-1.1400000000000001,-23.023013715041547
1364,-1.138,-14.339827134196774,-1.138,-23.21312093063165
1365,-1.1360000000000001,-14.46051673692547,-1.1360000000000001,-23.385487716505075
1366,-1.134,-14.56231587044795,-1.134,-23.5349615564359
1367,-1.1320000000000001,-14.646278670599886,-1.1320000000000001,-23.662175746880543
1368,-1.13,-14.713546077025159,-1.13,-23.76809029227933
1369,-1.1280000000000001,-14.765885989846199,-1.1280000000000001,-23.85363735722171
1370,-1.126,-14.80405299804213,-1.126,-23.919721266446448
1371,-1.124,-14.828603715127194,-1.124,-23.96721850484146
1372,-1.1219999999999999,-14.840089056104992,-1.1219999999999999,-23.996977717443936
1373,-1.12,-14.839054237468451,-1.12,-24.00981970944027
1374,-1.1179999999999999,-14.826038777199837,-1.1179999999999999,-24.006537446166085
1375,-1.116,-14.801576494770767,-1.116,-23.987896053106244
1376,-1.1139999999999999,-14.766195511142168,-1.1139999999999999,-23.954819797219542
1377,-1.112,-14.720418248764343,-1.112,-23.908450392736633
1378,-1.1099999999999999,-14.664761431576888,-1.1099999999999999,-23.849336726435286
1379,-1.108,-14.599736085008788,-1.108,-23.77798767659773
1380,-1.1059999999999999,-14.525847535978308,-1.1059999999999999,-23.694905210348054
1381,-1.104,-14.443595412893115,-1.104,-23.60058438365233
1382,-1.1019999999999999,-14.353473645650142,-1.1019999999999999,-23.495513341318482
1383,-1.1,-14.255970465635741,-1.1,-23.38017331699643
1384,-1.0979999999999999,-14.151568405725513,-1.0979999999999999,-23.255038633177925
1385,-1.096,-14.04074430028449,-1.096,-23.120576701196743
1386,-1.0939999999999999,-13.923969285166946,-1.0939999999999999,-22.97724802122846
1387,-1.092,-13.80170879771659,-1.092,-22.8255061822907
1388,-1.0899999999999999,-13.67442257676637,-1.0899999999999999,-22.66579786224287
1389,-1.088,-13.542564662638675,-1.088,-22.498562827786436
1390,-1.0859999999999999,-13.406583397145123,-1.0859999999999999,-22.32423393446465
1391,-1.084,-13.266921423586785,-1.084,-22.143237126662825
1392,-1.0819999999999999,-13.124015686753948,-1.0819999999999999,-21.955991437608034
1393,-1.08,-12.978297432926363,-1.08,-21.762908989369436
1394,-1.0779999999999998,-12.83019220987299,-1.0779999999999998,-21.56439499285794
1395,-1.076,-12.68011986685226,-1.076,-21.36084774782656
1396,-1.0739999999999998,-12.528494554611806,-1.0739999999999998,-21.152658642870033
1397,-1.072,-12.37572472538873,-1.072,-20.940212155425208
1398,-1.0699999999999998,-12.222033548288179,-1.0699999999999998,-20.723885851770667
1399,-1.068,-12.06672867775694,-1.068,-20.504050387027103
1400,-1.0659999999999998,-11.909841738177798,-1.0659999999999998,-20.28106950515693
1401,-1.064,-11.751547871315685,-1.064,-20.055300038964685
1402,-1.0619999999999998,-11.592016882432436,-1.0619999999999998,-19.827091910096616
1403,-1.06,-11.431413240287055,-1.06,-19.596788129041105
1404,-1.0579999999999998,-11.26989607713544,-1.0579999999999998,-19.36472479512824
1405,-1.056,-11.107619188730673,-1.056,-19.131231096530236
1406,-1.0539999999999998,-10.94473103432272,-1.0539999999999998,-18.896629310261027
1407,-1.052,-10.78137473665873,-1.052,-18.66123153291381
1408,-1.0500000000000003,-10.617688081982777,-1.0500000000000003,-18.42491198044857
1409,-1.048,-10.453803520035972,-1.048,-18.18759615056159
1410,-1.0460000000000003,-10.289848164056568,-1.0460000000000003,-17.94947599464403
1411,-1.044,-10.12594379077971,-1.044,-17.71073584874991
1412,-1.0420000000000003,-9.962206840437718,-1.0420000000000003,-17.47155243359654
1413,-1.04,-9.798748416759809,-1.04,-17.232094854564078
1414,-1.0380000000000003,-9.635674286972375,-1.0380000000000003,-16.992524601695973
1415,-1.036,-9.472563490821498,-1.036,-16.75235964724241
1416,-1.0340000000000003,-9.306482913788482,-1.0340000000000003,-16.506884179930278
1417,-1.032,-9.14285399417188,-1.032,-16.26272902265627
1418,-1.0300000000000002,-8.99035349860649,-1.0300000000000002,-16.03051722919904
1419,-1.028,-8.859325278147416,-1.028,-15.822127789263018
1420,-1.0260000000000002,-8.761780268270318,-1.0260000000000002,-15.650695628478804
1421,-1.024,-8.706366787672277,-1.024,-15.530565039286932
1422,-1.0220000000000002,-8.688825143433954,-1.0220000000000002,-15.4643511966502
1423,-1.02,-8.70739685529654,-1.02,-15.44548148192456
1424,-1.0180000000000002,-8.760343977399812,-1.0180000000000002,-15.471928236964656
1425,-1.016,-8.845762101660444,-1.016,-15.541656616874462
1426,-1.0140000000000002,-8.961634284556133,-1.0140000000000002,-15.65262459000722
1427,-1.012,-9.1061023753719,-1.012,-15.802782481762096
1428,-1.0100000000000002,-9.27732019186896,-1.0100000000000002,-15.990143453030058
1429,-1.008,-9.473474631890767,-1.008,-16.21290596686098
1430,-1.0060000000000002,-9.692794412304488,-1.0060000000000002,-16.469324298067498
1431,-1.004,-9.933550069001349,-1.004,-16.75768663455793
1432,-1.0020000000000002,-10.194053956896234,-1.0020000000000002,-17.076315077335856
1433,-1.0,-10.472660249928127,-1.0,-17.423565640500595
1434,-0.9980000000000002,-10.768005149432385,-0.9980000000000002,-17.797828251246663
1435,-0.996,-11.083454242344752,-0.996,-18.197526749864384
1436,-0.9940000000000002,-11.415013259718604,-0.9940000000000002,-18.62111888973921
1437,-0.992,-11.7551538935687,-0.992,-19.07047183450855
1438,-0.9900000000000002,-12.096231965805897,-0.9900000000000002,-19.529837411289524
1439,-0.988,-12.43048742823775,-0.988,-19.972099755403228
1440,-0.9860000000000002,-12.750044362567909,-0.9860000000000002,-20.378047579917883
1441,-0.984,-13.046910980396712,-0.984,-20.736457447644028
1442,-0.9820000000000002,-13.312979623220617,-0.9820000000000002,-21.044093771133838
1443,-0.98,-13.545509199644375,-0.98,-21.30570881268173
1444,-0.9780000000000002,-13.752808304301661,-0.9780000000000002,-21.534042684323822
1445,-0.976,-13.936498626364651,-0.976,-21.74982334783842
1446,-0.9740000000000002,-14.09785897109332,-0.9740000000000002,-21.973462456226315
1447,-0.972,-14.238111385529624,-0.972,-22.178391035665552
1448,-0.9700000000000002,-14.358421158497226,-0.9700000000000002,-22.359297831105494
1449,-0.968,-14.459896820601744,-0.968,-22.51719389388179
1450,-0.9660000000000002,-14.543590144230524,-0.9660000000000002,-22.653060920739158
1451,-0.964,-14.610883013777526,-0.964,-22.767851253831697
1452,-0.9620000000000002,-14.663062698359026,-0.9620000000000002,-22.862487880722618
1453,-0.96,-14.700768413562372,-0.96,-22.937864434384462
1454,-0.9580000000000002,-14.724626249944773,-0.9580000000000002,-22.994845193198927
1455,-0.956,-14.735252246599552,-0.956,-23.034265080957002
1456,-0.9540000000000002,-14.733252391156107,-0.9540000000000002,-23.05723079896341
1457,-0.952,-14.719222619779925,-0.952,-23.06488316187209
1458,-0.9500000000000002,-14.693748817172594,-0.9500000000000002,-23.057800126469253
1459,-0.948,-14.657406816571768,-0.948,-23.036545535721896
1460,-0.9460000000000002,-14.610762399751218,-0.9460000000000002,-23.001675572011028
1461,-0.944,-14.554371297020769,-0.944,-22.953738757131653
1462,-0.9420000000000002,-14.488779187226376,-0.9420000000000002,-22.893275952292807
1463,-0.94,-14.41452169775003,-0.94,-22.820820358117498
1464,-0.9380000000000002,-14.332124404509877,-0.9380000000000002,-22.736897514642795
1465,-0.9359999999999999,-14.242102831960072,-0.9359999999999999,-22.642025301319702
1466,-0.9340000000000002,-14.144962453090944,-0.9340000000000002,-22.53671393701332
1467,-0.9319999999999999,-14.041198689428825,-0.9319999999999999,-22.421465980002665
1468,-0.9300000000000002,-13.93129691103622,-0.9300000000000002,-22.296776327980858
1469,-0.9279999999999999,-13.815732436511633,-0.9279999999999999,-22.163132218054923
1470,-0.9260000000000002,-13.694970532989753,-0.9260000000000002,-22.021013226746
1471,-0.9239999999999999,-13.569466416141257,-0.9239999999999999,-21.87089126998913
1472,-0.9220000000000002,-13.439665250173014,-0.9220000000000002,-21.71323060313348
1473,-0.9199999999999999,-13.306002147827874,-0.9199999999999999,-21.54848782094209
1474,-0.9180000000000001,-13.168902170384884,-0.9180000000000001,-21.37711185759215
1475,-0.9159999999999999,-13.028780327659067,-0.9159999999999999,-21.19954398667472
1476,-0.9140000000000001,-12.886041578001656,-0.9140000000000001,-21.016217821195006
1477,-0.9119999999999999,-12.741080828299841,-0.9119999999999999,-20.82755931357208
1478,-0.9100000000000001,-12.594209888665594,-0.9100000000000001,-20.633986755639175
1479,-0.9079999999999999,-12.445065495719922,-0.9079999999999999,-20.43591077864336
1480,-0.9060000000000001,-12.29370888024943,-0.9060000000000001,-20.2337343532459
1481,-0.9039999999999999,-12.140355764028358,-0.9039999999999999,-20.02785278952188
1482,-0.9020000000000001,-11.985213585134176,-0.9020000000000001,-19.818653736960574
1483,-0.8999999999999999,-11.8284814979473,-0.8999999999999999,-19.606517184465083
1484,-0.8980000000000001,-11.670350373151376,-0.8980000000000001,-19.39181546035271
1485,-0.8959999999999999,-11.511002797733,-0.8959999999999999,-19.174913232354562
1486,-0.8940000000000001,-11.350613074981991,-0.8940000000000001,-18.956167507615955
1487,-0.8919999999999999,-11.189347224491122,-0.8919999999999999,-18.735903278734924
1488,-0.8900000000000001,-11.027362982156392,-0.8900000000000001,-18.513910824193033
1489,-0.8879999999999999,-10.864832590218604,-0.8879999999999999,-18.2902138129402
1490,-0.8860000000000001,-10.701986644002071,-0.8860000000000001,-18.06502902783283
1491,-0.8839999999999999,-10.538862224153544,-0.8839999999999999,-17.83856491035128
1492,-0.8820000000000001,-10.375496145631825,-0.8820000000000001,-17.61102156060027
1493,-0.8799999999999999,-10.2119576966799,-0.8799999999999999,-17.382590737308476
1494,-0.8780000000000001,-10.048348638825232,-0.8780000000000001,-17.15345585782893
1495,-0.8759999999999999,-9.884803206879472,-0.8759999999999999,-16.923828549353868
1496,-0.8740000000000001,-9.721488108938749,-0.8740000000000001,-16.693945905190247
1497,-0.8719999999999999,-9.558602526383378,-0.8719999999999999,-16.463685135617325
1498,-0.8700000000000001,-9.39637811387815,-0.8700000000000001,-16.233145371019425
1499,-0.8679999999999999,-9.235078999372046,-0.8679999999999999,-16.00272785752734
1500,-0.8660000000000001,-9.075376720097678,-0.8660000000000001,-15.773159694662992
1501,-0.8639999999999999,-8.925998320015436,-0.8639999999999999,-15.551174733887983
1502,-0.8620000000000001,-8.800934345811264,-0.8620000000000001,-15.353183716543125
1503,-0.8599999999999999,-8.710403261913761,-0.8599999999999999,-15.19249961473556
1504,-0.8580000000000001,-8.660509430501621,-0.8580000000000001,-15.077805206085728
1505,-0.8559999999999999,-8.65324311150348,-0.8559999999999999,-15.013120715797681
1506,-0.8540000000000001,-8.68648046259801,-0.8540000000000001,-14.99675909396025
1507,-0.8519999999999999,-8.753983539213884,-0.8519999999999999,-15.025909184424478
1508,-0.8500000000000001,-8.846090828771004,-0.8500000000000001,-15.098491905959357
1509,-0.8479999999999999,-8.96490721251817,-0.8479999999999999,-15.21246560490352
1510,-0.8460000000000001,-9.112047028121042,-0.8460000000000001,-15.365826055165119
1511,-0.8439999999999999,-9.285668539915195,-0.8439999999999999,-15.558052510638248
1512,-0.8420000000000001,-9.483969689242105,-0.8420000000000001,-15.79363778432749
1513,-0.8399999999999999,-9.705188094449461,-0.8399999999999999,-16.068411548329564
1514,-0.8380000000000001,-9.947601050890807,-0.8380000000000001,-16.376825999845494
1515,-0.8359999999999999,-10.209525530925943,-0.8359999999999999,-16.713242519760126
1516,-0.8340000000000001,-10.48931818392048,-0.8340000000000001,-17.071931672641593
1517,-0.8319999999999999,-10.789459195310219,-0.8319999999999999,-17.44707320674189
1518,-0.8300000000000001,-11.109473969680957,-0.8300000000000001,-17.832756053996263
1519,-0.8279999999999998,-11.442624875895394,-0.8279999999999998,-18.222978330023853
1520,-0.8260000000000001,-11.782103518808183,-0.8260000000000001,-18.611647334127028
1521,-0.8239999999999998,-12.121033050713512,-0.8239999999999998,-18.99257954929206
1522,-0.8220000000000001,-12.452468171344504,-0.8220000000000001,-19.35950064218845
1523,-0.8199999999999998,-12.769395127873818,-0.8199999999999998,-19.70604546316959
1524,-0.8180000000000001,-13.064731714913064,-0.8180000000000001,-20.025758046272138
1525,-0.8159999999999998,-13.331327274513356,-0.8159999999999998,-20.312095350846977
1526,-0.8140000000000001,-13.563139851581314,-0.8140000000000001,-20.566925897071147
1527,-0.8119999999999998,-13.767595805216084,-0.8119999999999998,-20.796575016570273
1528,-0.81,-13.948582717222013,-0.81,-21.002040773901953
1529,-0.8079999999999998,-14.107369108500045,-0.8079999999999998,-21.184297681698226
1530,-0.806,-14.245168189669322,-0.806,-21.344296700665186
1531,-0.8039999999999998,-14.363137861067488,-0.8039999999999998,-21.48296523958333
1532,-0.802,-14.462380712750429,-0.802,-21.60120715530725
1533,-0.7999999999999998,-14.543944024492493,-0.7999999999999998,-21.699902752765905
1534,-0.798,-14.608819765786304,-0.798,-21.779908784962384
1535,-0.7959999999999998,-14.65818402854524,-0.7959999999999998,-21.8420584529741
1536,-0.794,-14.693541523985063,-0.794,-21.88716140595265
1537,-0.7920000000000003,-14.715513726456894,-0.7920000000000003,-21.916003741123898
1538,-0.79,-14.724653026569134,-0.79,-21.929348003787947
1539,-0.7880000000000003,-14.721504893116665,-0.7880000000000003,-21.92793318731912
1540,-0.786,-14.706607873080847,-0.786,-21.912601803671993
1541,-0.7840000000000003,-14.680493591629533,-0.7840000000000003,-21.884662512263485
1542,-0.782,-14.643686752117041,-0.782,-21.844677473369124
1543,-0.7800000000000002,-14.596705136084196,-0.7800000000000002,-21.793086122820725
1544,-0.778,-14.540059603258266,-0.778,-21.73032361499974
1545,-0.7760000000000002,-14.474254091553044,-0.7760000000000002,-21.656820822837357
1546,-0.774,-14.399785617068757,-0.774,-21.57300433781437
1547,-0.7720000000000002,-14.31714427409217,-0.7720000000000002,-21.479296469961334
1548,-0.77,-14.22681323509646,-0.77,-21.376115247858397
1549,-0.7680000000000002,-14.12926875074136,-0.7680000000000002,-21.26387441863548
1550,-0.766,-14.02498014987301,-0.766,-21.142983447972078
1551,-0.7640000000000002,-13.914409839524108,-0.7640000000000002,-21.013847520097475
1552,-0.762,-13.798013304913747,-0.762,-20.876867537790524
1553,-0.7600000000000002,-13.676239109447597,-0.7600000000000002,-20.732440122379867
1554,-0.758,-13.549528894717707,-0.758,-20.58095761374371
1555,-0.7560000000000002,-13.418317380502714,-0.7560000000000002,-20.42280807031006
1556,-0.754,-13.283032364767625,-0.754,-20.258375269056476
1557,-0.7520000000000002,-13.144094723664043,-0.7520000000000002,-20.088038705510325
1558,-0.75,-13.001918411529935,-0.75,-19.91217359374852
1559,-0.7480000000000002,-12.85691046088987,-0.7480000000000002,-19.731150866397797
1560,-0.746,-12.709470982454771,-0.746,-19.545337174634412
1561,-0.7440000000000002,-12.559993165122174,-0.7440000000000002,-19.355094888184468
1562,-0.742,-12.408863275975964,-0.742,-19.160782095323576
1563,-0.7400000000000002,-12.256460660286638,-0.7400000000000002,-18.9627526028772
1564,-0.738,-12.10287850358141,-0.738,-18.7613559362203
1565,-0.7360000000000002,-11.947615385031956,-0.7360000000000002,-18.556937339277706
1566,-0.734,-11.79080713256887,-0.734,-18.349837774523735
1567,-0.7320000000000002,-11.632627798634912,-0.7320000000000002,-18.140393922982575
1568,-0.73,-11.473246105118204,-0.73,-17.9289381842279
1569,-0.7280000000000002,-11.312825443352516,-0.7280000000000002,-17.71579867638325
1570,-0.726,-11.151523874116982,-0.726,-17.501299236121664
1571,-0.7240000000000002,-10.98949412763639,-0.7240000000000002,-17.28575941866604
1572,-0.722,-10.826883603580889,-0.722,-17.069494497788774
1573,-0.7200000000000002,-10.663834371066278,-0.7200000000000002,-16.852815465812117
1574,-0.718,-10.500483168653716,-0.718,-16.636029033607823
1575,-0.7160000000000002,-10.336961404350017,-0.7160000000000002,-16.419120444695025
1576,-0.714,-10.17339515560736,-0.714,-16.201643584214388
1577,-0.7120000000000002,-10.009905169323565,-0.7120000000000002,-15.983738429985312
1578,-0.71,-9.846606861841824,-0.71,-15.765559462723747
1579,-0.7080000000000002,-9.683610318950977,-0.7080000000000002,-15.547254521343778
1580,-0.706,-9.521020295885226,-0.706,-15.328964802957252
1581,-0.7040000000000002,-9.357709548347154,-0.7040000000000002,-15.110867305237994
1582,-0.702,-9.191090585183543,-0.702,-14.893058087856485
1583,-0.7000000000000002,-9.02744188994278,-0.7000000000000002,-14.675882865086013
1584,-0.698,-8.874898430425661,-0.698,-14.466113012518472
1585,-0.6960000000000002,-8.742655198065856,-0.6960000000000002,-14.279155228788776
1586,-0.694,-8.640967207929648,-0.694,-14.134112189297488
1587,-0.6920000000000002,-8.580315339191792,-0.6920000000000002,-14.039214020423609
1588,-0.69,-8.559270619264588,-0.69,-13.99432144656193
1589,-0.6880000000000002,-8.574508298938822,-0.6880000000000002,-13.996369431373166
1590,-0.6859999999999999,-8.624258613137291,-0.6859999999999999,-14.043731735801094
1591,-0.6840000000000002,-8.706687232688267,-0.6840000000000002,-14.134328857634433
1592,-0.6819999999999999,-8.819895264325584,-0.6819999999999999,-14.266116768733916
1593,-0.6800000000000002,-8.962024769674882,-0.6800000000000002,-14.437086915032149
1594,-0.6779999999999999,-9.136808026907419,-0.6779999999999999,-14.645273619015624
1595,-0.6760000000000002,-9.343164121600436,-0.6760000000000002,-14.888804997828721
1596,-0.6739999999999999,-9.575905273570426,-0.6739999999999999,-15.165883436264542
1597,-0.6720000000000002,-9.829984089777787,-0.6720000000000002,-15.47476786116818
1598,-0.6699999999999999,-10.100493564327241,-0.6699999999999999,-15.813773913059794
1599,-0.6680000000000001,-10.382667078467383,-0.6680000000000001,-16.18127394613405
1600,-0.6659999999999999,-10.671878400591153,-0.6659999999999999,-16.57569702826072
1601,-0.6640000000000001,-10.963641686235347,-0.6640000000000001,-16.995528940984045
1602,-0.6619999999999999,-11.25361147808112,-0.6619999999999999,-17.44269523918721
1603,-0.6600000000000001,-11.537582705953477,-0.6600000000000001,-17.93486669212998
1604,-0.6579999999999999,-11.811490686821779,-0.6579999999999999,-18.430149026447427
1605,-0.6560000000000001,-12.071411124799248,-0.6560000000000001,-18.88827213937274
1606,-0.6539999999999999,-12.313560111143438,-0.6539999999999999,-19.286588021692868
1607,-0.6520000000000001,-12.534294124255801,-0.6520000000000001,-19.620070757747722
1608,-0.6499999999999999,-12.730110029682084,-0.6499999999999999,-19.90131652543089
1609,-0.6480000000000001,-12.897769811527889,-0.6480000000000001,-20.160543596189022
1610,-0.6459999999999999,-13.04194865168329,-0.6459999999999999,-20.445570151334277
1611,-0.6440000000000001,-13.16717226416267,-0.6440000000000001,-20.747389830888828
1612,-0.6419999999999999,-13.274418100812248,-0.6419999999999999,-21.02156648986917
1613,-0.6400000000000001,-13.364628996109502,-0.6400000000000001,-21.269220456684405
1614,-0.6379999999999999,-13.438713167163364,-0.6379999999999999,-21.49144066349183
1615,-0.6360000000000001,-13.497544213714047,-0.6360000000000001,-21.68928464619648
1616,-0.6339999999999999,-13.541961118133196,-0.6339999999999999,-21.863778544451524
1617,-0.6320000000000001,-13.572768245423763,-0.6320000000000001,-22.01591710165791
1618,-0.6299999999999999,-13.590735343220105,-0.6299999999999999,-22.14667281820436
1619,-0.6280000000000001,-13.596597541787911,-0.6280000000000001,-22.257530681692938
1620,-0.6259999999999999,-13.591055354024252,-0.6259999999999999,-22.34955962613342
1621,-0.6240000000000001,-13.574774675457553,-0.6240000000000001,-22.423426312639723
1622,-0.6219999999999999,-13.548386784247596,-0.6219999999999999,-22.479788673470313
1623,-0.6200000000000001,-13.512488341185549,-0.6200000000000001,-22.519295912028085
1624,-0.6179999999999999,-13.46772812823812,-0.6179999999999999,-22.54258850286046
1625,-0.6160000000000001,-13.41498969135539,-0.6160000000000001,-22.550298191659316
1626,-0.6139999999999999,-13.35468239391598,-0.6139999999999999,-22.543047995261023
1627,-0.6120000000000001,-13.287149429582032,-0.6120000000000001,-22.521452201646444
1628,-0.6099999999999999,-13.212729484083285,-0.6099999999999999,-22.4861163699409
1629,-0.6080000000000001,-13.1317567352172,-0.6080000000000001,-22.437637330414226
1630,-0.6059999999999999,-13.044560852848823,-0.6059999999999999,-22.376603184480707
1631,-0.6040000000000001,-12.951466998910933,-0.6040000000000001,-22.30359330469916
1632,-0.6019999999999999,-12.852795827403883,-0.6019999999999999,-22.21917833477282
1633,-0.6000000000000001,-12.748863484395768,-0.6000000000000001,-22.123920189549484
1634,-0.5979999999999999,-12.639981608022254,-0.5979999999999999,-22.018372055021338
1635,-0.5960000000000001,-12.526457328486753,-0.5960000000000001,-21.90307838832516
1636,-0.5939999999999999,-12.408593268060237,-0.5939999999999999,-21.778574917742095
1637,-0.5920000000000001,-12.286687541081436,-0.5920000000000001,-21.645388642697892
1638,-0.5899999999999999,-12.16103375395663,-0.5899999999999999,-21.504037833762663
1639,-0.5880000000000001,-12.031921005159866,-0.5880000000000001,-21.355032032651124
1640,-0.5859999999999999,-11.899633885232737,-0.5859999999999999,-21.19887205222235
1641,-0.5840000000000001,-11.764452476784601,-0.5840000000000001,-21.03604997648003
1642,-0.5819999999999999,-11.626652354492364,-0.5819999999999999,-20.867049160572197
1643,-0.5800000000000001,-11.4865045851007,-0.5800000000000001,-20.692344230791516
1644,-0.5779999999999998,-11.344275727421824,-0.5779999999999998,-20.512401084574982
1645,-0.5760000000000001,-11.200227832335727,-0.5760000000000001,-20.327676890504232
1646,-0.5739999999999998,-11.05461844278993,-0.5739999999999998,-20.138620088305224
1647,-0.5720000000000001,-10.907700593799746,-0.5720000000000001,-19.945670388848562
1648,-0.5699999999999998,-10.759722812448004,-0.5699999999999998,-19.749258774149165
1649,-0.5680000000000001,-10.610929117885327,-0.5680000000000001,-19.54980749736661
1650,-0.5659999999999998,-10.461559021329863,-0.5659999999999998,-19.34771557019533
1651,-0.5640000000000001,-10.311847526067547,-0.5640000000000001,-19.1427846007492
1652,-0.5619999999999998,-10.162001830830203,-0.5619999999999998,-18.935001074770966
1653,-0.56,-10.011790613173511,-0.56,-18.724624667910142
1654,-0.5579999999999998,-9.861186920095175,-0.5579999999999998,-18.51190566024688
1655,-0.556,-9.710312728014644,-0.556,-18.29708493629238
1656,-0.5539999999999998,-9.55928462084577,-0.5539999999999998,-18.08039398498846
1657,-0.552,-9.408213789997067,-0.552,-17.862054899707992
1658,-0.5499999999999998,-9.257206034371453,-0.5499999999999998,-17.642280378254483
1659,-0.548,-9.106361760366507,-0.548,-17.42127351947738
1660,-0.5459999999999998,-8.955775828679357,-0.5459999999999998,-17.199227316033692
1661,-0.544,-8.805537349922163,-0.544,-16.97632689963025
1662,-0.5419999999999998,-8.655731066448942,-0.5419999999999998,-16.752749834784073
1663,-0.54,-8.506437500501544,-0.54,-16.52866607435693
1664,-0.5379999999999998,-8.357732939559758,-0.5379999999999998,-16.303926745908885
1665,-0.536,-8.209676085311589,-0.536,-16.074749030242064
1666,-0.5340000000000003,-8.06250048476374,-0.5340000000000003,-15.847185115289346
1667,-0.532,-7.921399992325949,-0.532,-15.63268422797268
1668,-0.5300000000000002,-7.7988699043855485,-0.5300000000000002,-15.445170066638958
1669,-0.528,-7.709794427558596,-0.528,-15.301040801059704
1670,-0.5260000000000002,-7.6603751610581705,-0.5260000000000002,-15.210434380750048
1671,-0.524,-7.650576747999198,-0.524,-15.168065398587178
1672,-0.5220000000000002,-7.678052479910495,-0.5220000000000002,-15.172172369925896
1673,-0.52,-7.741081954057969,-0.52,-15.220840890682833
1674,-0.5180000000000002,-7.837723095726614,-0.5180000000000002,-15.311949475617395
1675,-0.516,-7.9660269191121245,-0.516,-15.44338217480267
1676,-0.5140000000000002,-8.124037527320725,-0.5140000000000002,-15.61322370296244
1677,-0.512,-8.312812892970836,-0.512,-15.819581582509828
1678,-0.5100000000000002,-8.53381889051758,-0.5100000000000002,-16.060621524185272
1679,-0.508,-8.78209616004201,-0.508,-16.334567427056886
1680,-0.5060000000000002,-9.052667141614497,-0.5060000000000002,-16.63970137852004
1681,-0.504,-9.34064098359599,-0.504,-16.974363654297836
1682,-0.5020000000000002,-9.64121354263753,-0.5020000000000002,-17.33695271844058
1683,-0.5,-9.949667383680778,-0.5,-17.72690152993309
1684,-0.4980000000000002,-10.26137177995747,-0.4980000000000002,-18.149365791745367
1685,-0.496,-10.571782712989963,-0.496,-18.598073879495093
1686,-0.4940000000000002,-10.87644287259069,-0.4940000000000002,-19.063703824466852
1687,-0.492,-11.170981656862702,-0.492,-19.536483804651994
1688,-0.4900000000000002,-11.451115172199136,-0.4900000000000002,-20.00619214474783
1689,-0.488,-11.712646233283731,-0.488,-20.462157316158432
1690,-0.4860000000000002,-11.951464363090333,-0.4860000000000002,-20.89325793699385
1691,-0.484,-12.163549967424697,-0.484,-21.287922772070882
1692,-0.4820000000000002,-12.350540439998143,-0.4820000000000002,-21.640505506646043
1693,-0.48,-12.516890673617718,-0.48,-21.96190663991751
1694,-0.4780000000000002,-12.663640716593726,-0.4780000000000002,-22.253998069705887
1695,-0.476,-12.791794333994025,-0.476,-22.51795175917305
1696,-0.4740000000000002,-12.902319007643765,-0.4740000000000002,-22.75491184222005
1697,-0.472,-12.996145936125611,-0.472,-22.96599462348758
1698,-0.4700000000000002,-13.074170034779556,-0.4700000000000002,-23.152288578355567
1699,-0.46799999999999997,-13.137249935703071,-0.46799999999999997,-23.314854352943552
1700,-0.4660000000000002,-13.186207987750986,-0.4660000000000002,-23.45489927496592
1701,-0.46399999999999997,-13.221830256535592,-0.46399999999999997,-23.5738820323711
1702,-0.4620000000000002,-13.244866524426548,-0.4620000000000002,-23.67260915324341
1703,-0.45999999999999996,-13.25603029055096,-0.45999999999999996,-23.75182954521522
1704,-0.4580000000000002,-13.255998770793326,-0.4580000000000002,-23.812280764427932
1705,-0.45599999999999996,-13.245412897795564,-0.45599999999999996,-23.85468901553216
1706,-0.4540000000000002,-13.22489270297295,-0.4540000000000002,-23.87976915168759
1707,-0.45199999999999996,-13.19542254595175,-0.45199999999999996,-23.888224674563087
1708,-0.4500000000000002,-13.157595354159286,-0.4500000000000002,-23.880747734336612
1709,-0.44799999999999995,-13.111762971402875,-0.44799999999999995,-23.85801912969528
1710,-0.4460000000000002,-13.058273275808856,-0.4460000000000002,-23.82070830783533
1711,-0.44399999999999995,-12.9974701798225,-0.44399999999999995,-23.769473364462122
1712,-0.44200000000000017,-12.929693630208108,-0.44200000000000017,-23.704961043790178
1713,-0.43999999999999995,-12.8552796080489,-0.43999999999999995,-23.627806738543107
1714,-0.43800000000000017,-12.774560128747142,-0.43800000000000017,-23.53863448995371
1715,-0.43599999999999994,-12.687863242024008,-0.43599999999999994,-23.438056987763844
1716,-0.43400000000000016,-12.595513031919724,-0.43400000000000016,-23.326675570224584
1717,-0.43199999999999994,-12.497829616793416,-0.43199999999999994,-23.205080224096044
1718,-0.43000000000000016,-12.395129149323274,-0.43000000000000016,-23.07384958464757
1719,-0.42799999999999994,-12.287723816506377,-0.42799999999999994,-22.933550935657525
1720,-0.42600000000000016,-12.175921839658875,-0.42600000000000016,-22.78474020941354
1721,-0.42399999999999993,-12.0600274744158,-0.42399999999999993,-22.627961986712226
1722,-0.42200000000000015,-11.940341010731268,-0.42200000000000015,-22.463749496859478
1723,-0.41999999999999993,-11.817158772878262,-0.41999999999999993,-22.292624617670178
1724,-0.41800000000000015,-11.690773119448856,-0.41800000000000015,-22.11509787546849
1725,-0.4159999999999999,-11.56147244335399,-0.4159999999999999,-21.931668445087542
1726,-0.41400000000000015,-11.429541171823697,-0.41400000000000015,-21.74282414986977
1727,-0.4119999999999999,-11.295259766406874,-0.4119999999999999,-21.549041461666565
1728,-0.41000000000000014,-11.158904722971513,-0.41000000000000014,-21.350785500838636
1729,-0.4079999999999999,-11.020748571704466,-0.4079999999999999,-21.14851003625563
1730,-0.40600000000000014,-10.881059877111683,-0.40600000000000014,-20.942486967875716
1731,-0.4039999999999999,-10.740103238017975,-0.4039999999999999,-20.732596538623344
1732,-0.40200000000000014,-10.598139287567246,-0.40200000000000014,-20.519101847366198
1733,-0.3999999999999999,-10.455424693222266,-0.3999999999999999,-20.302286340549845
1734,-0.39800000000000013,-10.312212156764904,-0.39800000000000013,-20.082425551448544
1735,-0.3959999999999999,-10.168750414295875,-0.3959999999999999,-19.85978710016484
1736,-0.39400000000000013,-10.025001662540344,-0.39400000000000013,-19.63463069362997
1737,-0.3919999999999999,-9.880669392166379,-0.3919999999999999,-19.407208125603457
1738,-0.3900000000000001,-9.735872883719198,-0.3900000000000001,-19.17776327667352
1739,-0.3879999999999999,-9.590733159175079,-0.3879999999999999,-18.94653211425666
1740,-0.3860000000000001,-9.445365837407838,-0.3860000000000001,-18.71374269259807
1741,-0.3839999999999999,-9.299881134188578,-0.3839999999999999,-18.479615152771242
1742,-0.3820000000000001,-9.154383862185943,-0.3820000000000001,-18.24436172267834
1743,-0.3799999999999999,-9.00916205366739,-0.3799999999999999,-18.008186717049835
1744,-0.3780000000000001,-8.867439432280909,-0.3780000000000001,-17.771286537444873
1745,-0.3759999999999999,-8.726362123388332,-0.3759999999999999,-17.5338496722509
1746,-0.3740000000000001,-8.582450238450406,-0.3740000000000001,-17.296056696684047
1747,-0.3719999999999999,-8.434458373374076,-0.3719999999999999,-17.058080272788736
1748,-0.3700000000000001,-8.283375608512753,-0.3700000000000001,-16.820221237152587
1749,-0.3679999999999999,-8.132425508666042,-0.3679999999999999,-16.58871483879982
1750,-0.3660000000000001,-7.9870661230800195,-0.3660000000000001,-16.376124964041402
1751,-0.3639999999999999,-7.857741878637708,-0.3639999999999999,-16.193118935926815
1752,-0.3620000000000001,-7.76175719129303,-0.3620000000000001,-16.047951859369924
1753,-0.3599999999999999,-7.70204315480385,-0.3599999999999999,-15.94646662114866
1754,-0.3580000000000001,-7.679489981751032,-0.3580000000000001,-15.892093889905269
1755,-0.35599999999999987,-7.694356374223642,-0.35599999999999987,-15.885852116146127
1756,-0.3540000000000001,-7.746269523818995,-0.3540000000000001,-15.926347532241852
1757,-0.35199999999999987,-7.8342251116426755,-0.35199999999999987,-16.00977415242728
1758,-0.3500000000000001,-7.956587308308451,-0.3500000000000001,-16.12999376978934
1759,-0.34799999999999986,-8.110802390156055,-0.34799999999999986,-16.286047592679836
1760,-0.3460000000000001,-8.293583432672824,-0.3460000000000001,-16.478802715923297
1761,-0.34399999999999986,-8.502926685010198,-0.34399999999999986,-16.70643756586857
1762,-0.3420000000000001,-8.736966199939054,-0.3420000000000001,-16.967185132406982
1763,-0.33999999999999986,-8.993880860889986,-0.33999999999999986,-17.259332968972767
1764,-0.3380000000000001,-9.271894381952904,-0.3380000000000001,-17.581223192542584
1765,-0.33599999999999985,-9.569275307877486,-0.33599999999999985,-17.93125248363603
1766,-0.3340000000000001,-9.884337014072683,-0.3340000000000001,-18.307872086315093
1767,-0.33199999999999985,-10.21634042944675,-0.33199999999999985,-18.709587808184754
1768,-0.33000000000000007,-10.567717410580372,-0.33000000000000007,-19.134960020392324
1769,-0.32799999999999985,-10.931420752337552,-0.32799999999999985,-19.57517749035431
1770,-0.32600000000000007,-11.298636227161527,-0.32600000000000007,-20.014011052193784
1771,-0.32399999999999984,-11.660419690898827,-0.32399999999999984,-20.440596836846183
1772,-0.32200000000000006,-12.007697082798629,-0.32200000000000006,-20.846129335215235
1773,-0.31999999999999984,-12.33126442551339,-0.31999999999999984,-21.223861326808727
1774,-0.31800000000000006,-12.62188511625917,-0.31800000000000006,-21.56910387973784
1775,-0.31599999999999984,-12.881185085757181,-0.31599999999999984,-21.879226350717772
1776,-0.31400000000000006,-13.114871462368503,-0.31400000000000006,-22.153656385067162
1777,-0.31199999999999983,-13.324291851919792,-0.31199999999999983,-22.393879916708624
1778,-0.31000000000000005,-13.510738228480944,-0.31000000000000005,-22.603441168168256
1779,-0.30799999999999983,-13.675446934365468,-0.30799999999999983,-22.787942650576074
1780,-0.30600000000000005,-13.819598680130158,-0.30600000000000005,-22.954920245555588
1781,-0.3039999999999998,-13.94432267656415,-0.3039999999999998,-23.103211732995078
1782,-0.30200000000000005,-14.051198951669898,-0.30200000000000005,-23.229600786348858
1783,-0.2999999999999998,-14.141391641492115,-0.2999999999999998,-23.33502599022454
1784,-0.29800000000000004,-14.215601562979483,-0.29800000000000004,-23.42039958425346
1785,-0.2959999999999998,-14.274517505043777,-0.2959999999999998,-23.48660746309085
1786,-0.29400000000000004,-14.318816228559722,-0.29400000000000004,-23.53450917641568
1787,-0.2919999999999998,-14.349162466365106,-0.2919999999999998,-23.56493792893079
1788,-0.29000000000000004,-14.3662089232607,-0.29000000000000004,-23.5787005803628
1789,-0.2879999999999998,-14.370596276010303,-0.2879999999999998,-23.57657764546216
1790,-0.28600000000000003,-14.362953173340728,-0.28600000000000003,-23.559323294003125
1791,-0.2839999999999998,-14.343896235941795,-0.2839999999999998,-23.52766535078376
1792,-0.28200000000000003,-14.314030056466349,-0.28200000000000003,-23.48233126786942
1793,-0.28000000000000025,-14.273947199530241,-0.28000000000000025,-23.424448754422627
1794,-0.278,-14.224228201712327,-0.278,-23.354708557854
1795,-0.27600000000000025,-14.16544157155451,-0.27600000000000025,-23.273587456820717
1796,-0.274,-14.09814378956166,-0.274,-23.181555782604516
1797,-0.27200000000000024,-14.022879308201716,-0.27200000000000024,-23.079077419111844
1798,-0.27,-13.94018055190557,-0.27,-22.966609802873684
1799,-0.26800000000000024,-13.850567917067194,-0.26800000000000024,-22.84460392304574
1800,-0.266,-13.754549772043504,-0.266,-22.713504321408244
1801,-0.26400000000000023,-13.652622457154509,-0.26400000000000023,-22.573749092366164
1802,-0.262,-13.545270284683143,-0.262,-22.425769882948977
1803,-0.26000000000000023,-13.43296553887545,-0.26000000000000023,-22.269991892810918
1804,-0.258,-13.31616847594039,-0.258,-22.106833874230702
1805,-0.2560000000000002,-13.195327324050039,-0.2560000000000002,-21.936708132111832
1806,-0.254,-13.070878283339379,-0.254,-21.76002052398227
1807,-0.2520000000000002,-12.943245525906518,-0.2520000000000002,-21.577170459994775
1808,-0.25,-12.812841195812467,-0.25,-21.388550902926568
1809,-0.24800000000000022,-12.679662551486285,-0.24800000000000022,-21.194548368179657
1810,-0.246,-12.543497432548897,-0.246,-20.995542923780516
1811,-0.24400000000000022,-12.404586301969633,-0.24400000000000022,-20.79190819038041
1812,-0.242,-12.263162698731044,-0.242,-20.58401134125507
1813,-0.2400000000000002,-12.119451439863507,-0.2400000000000002,-20.372213102305015
1814,-0.238,-11.97366862044498,-0.238,-20.15686775205522
1815,-0.2360000000000002,-11.82602161360126,-0.2360000000000002,-19.938323121655475
1816,-0.23399999999999999,-11.676709070505709,-0.23399999999999999,-19.716920594879998
1817,-0.2320000000000002,-11.525920920379537,-0.2320000000000002,-19.492995108127836
1818,-0.22999999999999998,-11.373838370491518,-0.22999999999999998,-19.26687515042246
1819,-0.2280000000000002,-11.220633906158271,-0.2280000000000002,-19.038882763412175
1820,-0.22599999999999998,-11.066471327512797,-0.22599999999999998,-18.80933354136971
1821,-0.2240000000000002,-10.911694982035847,-0.2240000000000002,-18.578536631192613
1822,-0.22199999999999998,-10.756443979837881,-0.22199999999999998,-18.346794732402874
1823,-0.2200000000000002,-10.600632904622868,-0.2200000000000002,-18.114404097147297
1824,-0.21799999999999997,-10.444239931580778,-0.21799999999999997,-17.881502048397373
1825,-0.2160000000000002,-10.287306827387857,-0.2160000000000002,-17.647833591354477
1826,-0.21399999999999997,-10.129938950206345,-0.21399999999999997,-17.413543758489737
1827,-0.2120000000000002,-9.972305249684762,-0.2120000000000002,-17.17880621533327
1828,-0.20999999999999996,-9.814638266957626,-0.20999999999999996,-16.943787146186406
1829,-0.20800000000000018,-9.657234134645728,-0.20800000000000018,-16.708645254122104
1830,-0.20599999999999996,-9.50045257685586,-0.20599999999999996,-16.471388426563387
1831,-0.20400000000000018,-9.344716909181091,-0.20400000000000018,-16.231090772647228
1832,-0.20199999999999996,-9.190529952901722,-0.20199999999999996,-15.995584777479914
1833,-0.20000000000000018,-9.04393682654389,-0.20000000000000018,-15.775124094444289
1834,-0.19799999999999995,-8.919426754715797,-0.19799999999999995,-15.582201298536004
1835,-0.19600000000000017,-8.828069129226204,-0.19600000000000017,-15.431547886363889
1836,-0.19399999999999995,-8.776667013463017,-0.19399999999999995,-15.333012093150904
1837,-0.19200000000000017,-8.767757142393437,-0.19200000000000017,-15.282869250626243
1838,-0.18999999999999995,-8.799609922563869,-0.18999999999999995,-15.279284309748723
1839,-0.18800000000000017,-8.866229432099942,-0.18800000000000017,-15.320395471215566
1840,-0.18599999999999994,-8.959650717066502,-0.18599999999999994,-15.404282280673307
1841,-0.18400000000000016,-9.082489358002045,-0.18400000000000016,-15.528965628717723
1842,-0.18199999999999994,-9.23393864288557,-0.18199999999999994,-15.692407750893972
1843,-0.18000000000000016,-9.412133015124052,-0.18000000000000016,-15.892517430615753
1844,-0.17799999999999994,-9.615245054880955,-0.17799999999999994,-16.127437896193737
1845,-0.17600000000000016,-9.84148547907592,-0.17600000000000016,-16.395465322945796
1846,-0.17399999999999993,-10.089103141385124,-0.17399999999999993,-16.694885260398674
1847,-0.17200000000000015,-10.356386063229252,-0.17200000000000015,-17.024039315434976
1848,-0.16999999999999993,-10.645731650881121,-0.16999999999999993,-17.381325152293687
1849,-0.16800000000000015,-10.956102296725499,-0.16800000000000015,-17.765196492569615
1850,-0.16599999999999993,-11.280990180889308,-0.16599999999999993,-18.174163115214
1851,-0.16400000000000015,-11.613773661440796,-0.16400000000000015,-18.60782744923734
1852,-0.16199999999999992,-11.947717274390108,-0.16199999999999992,-19.062228127210727
1853,-0.16000000000000014,-12.275971733688705,-0.16000000000000014,-19.524168984318393
1854,-0.15799999999999992,-12.591573931229942,-0.15799999999999992,-19.98166081184474
1855,-0.15600000000000014,-12.887446936848507,-0.15600000000000014,-20.42450403909632
1856,-0.15399999999999991,-13.156399998320959,-0.15399999999999991,-20.844288733402635
1857,-0.15200000000000014,-13.39253918692211,-0.15200000000000014,-21.234394600115372
1858,-0.1499999999999999,-13.60228534978832,-0.1499999999999999,-21.590042519292084
1859,-0.14800000000000013,-13.788714633292141,-0.14800000000000013,-21.91297005703311
1860,-0.1459999999999999,-13.953054467161767,-0.1459999999999999,-22.206503682217598
1861,-0.14400000000000013,-14.096483834505099,-0.14400000000000013,-22.471823998204826
1862,-0.1419999999999999,-14.220133271810035,-0.1419999999999999,-22.71008109031445
1863,-0.14000000000000012,-14.325084868944224,-0.14000000000000012,-22.922394525826036
1864,-0.1379999999999999,-14.412372269155279,-0.1379999999999999,-23.109853353979492
1865,-0.13600000000000012,-14.482980669070592,-0.13600000000000012,-23.27351610597468
1866,-0.1339999999999999,-14.537853001605523,-0.1339999999999999,-23.41442712843197
1867,-0.13200000000000012,-14.578365359017427,-0.13200000000000012,-23.5340829239892
1868,-0.1299999999999999,-14.605482686759014,-0.1299999999999999,-23.63352904238978
1869,-0.1280000000000001,-14.61976979464104,-0.1280000000000001,-23.713504705850312
1870,-0.1259999999999999,-14.62178295783194,-0.1259999999999999,-23.774738192989847
1871,-0.12400000000000011,-14.612069916857791,-0.12400000000000011,-23.817946838829766
1872,-0.12199999999999989,-14.591169877602331,-0.12199999999999989,-23.843837034793868
1873,-0.1200000000000001,-14.559613511306962,-0.1200000000000001,-23.853104228708315
1874,-0.11799999999999988,-14.51792295457072,-0.11799999999999988,-23.846432924801658
1875,-0.1160000000000001,-14.466611809350335,-0.1160000000000001,-23.82449668370483
1876,-0.11399999999999988,-14.406185142960142,-0.11399999999999988,-23.787958122451137
1877,-0.1120000000000001,-14.337139488072193,-0.1120000000000001,-23.737468914476285
1878,-0.10999999999999988,-14.25996284271613,-0.10999999999999988,-23.673669789618334
1879,-0.1080000000000001,-14.17513467027932,-0.1080000000000001,-23.597190534117765
1880,-0.10599999999999987,-14.083125899506717,-0.10599999999999987,-23.508649990617386
1881,-0.10400000000000009,-13.984398924501004,-0.10400000000000009,-23.408656058162457
1882,-0.10199999999999987,-13.87940760472244,-0.10199999999999987,-23.29780569220054
1883,-0.10000000000000009,-13.76859726498903,-0.10000000000000009,-23.176684904581666
1884,-0.09799999999999986,-13.652404695476337,-0.09799999999999986,-23.045868763558147
1885,-0.09600000000000009,-13.531258151717681,-0.09600000000000009,-22.905921393784794
1886,-0.09399999999999986,-13.40557735460394,-0.09399999999999986,-22.757395976318673
1887,-0.09200000000000008,-13.275773490383749,-0.09200000000000008,-22.60083474861936
1888,-0.08999999999999986,-13.14224921066329,-0.08999999999999986,-22.436769004548683
1889,-0.08800000000000008,-13.00539863240652,-0.08800000000000008,-22.265719094370986
1890,-0.08599999999999985,-12.865607337934927,-0.08599999999999985,-22.088194424752857
1891,-0.08400000000000007,-12.723252374927782,-0.08400000000000007,-21.90469345876341
1892,-0.08199999999999985,-12.578702256421888,-0.08199999999999985,-21.715703715873982
1893,-0.08000000000000007,-12.432316960811827,-0.08000000000000007,-21.521701771958462
1894,-0.07799999999999985,-12.284419887384068,-0.07799999999999985,-21.32315325929295
1895,-0.07600000000000007,-12.134718735592735,-0.07600000000000007,-21.120512866556098
1896,-0.07399999999999984,-11.983184266069209,-0.07399999999999984,-20.914224338828767
1897,-0.07200000000000006,-11.830009749753328,-0.07200000000000006,-20.704438988265363
1898,-0.06999999999999984,-11.675381247292156,-0.06999999999999984,-20.491134238023086
1899,-0.06800000000000006,-11.51947760904025,-0.06800000000000006,-20.274542944854375
1900,-0.06599999999999984,-11.362470475059382,-0.06599999999999984,-20.054899023934276
1901,-0.06400000000000006,-11.204524275118823,-0.06400000000000006,-19.832437083075167
1902,-0.06199999999999983,-11.045796228695062,-0.06199999999999983,-19.60739242272639
1903,-0.06000000000000005,-10.886436344972084,-0.06000000000000005,-19.38000103597464
1904,-0.05799999999999983,-10.726587422841092,-0.05799999999999983,-19.150499608543566
1905,-0.05600000000000005,-10.566385050900784,-0.05600000000000005,-18.91912551879416
1906,-0.053999999999999826,-10.405956588802525,-0.053999999999999826,-18.686116837724377
1907,-0.052000000000000046,-10.245418508320217,-0.052000000000000046,-18.451712328969528
1908,-0.04999999999999982,-10.084883290738139,-0.04999999999999982,-18.21615144880186
1909,-0.04800000000000004,-9.924458712950072,-0.04800000000000004,-17.97967434613099
1910,-0.04599999999999982,-9.764247622308433,-0.04599999999999982,-17.742521862503487
1911,-0.04400000000000004,-9.604347936624565,-0.04400000000000004,-17.504935532103268
1912,-0.041999999999999815,-9.444852644168451,-0.041999999999999815,-17.267157581751192
1913,-0.040000000000000036,-9.285849803668997,-0.040000000000000036,-17.029430930905495
1914,-0.03799999999999981,-9.125042864334624,-0.03799999999999981,-16.791999191661347
1915,-0.03600000000000003,-8.962899961478586,-0.03600000000000003,-16.558258228067505
1916,-0.03399999999999981,-8.80821210883275,-0.03399999999999981,-16.34283171597066
1917,-0.03200000000000003,-8.670989707424576,-0.03200000000000003,-16.158651638560894
1918,-0.029999999999999805,-8.562353496372507,-0.029999999999999805,-16.015503646471256
1919,-0.028000000000000025,-8.494380062353988,-0.028000000000000025,-15.920117009627852
1920,-0.026000000000000245,-8.46842780040805,-0.026000000000000245,-15.87616461724962
1921,-0.02400000000000002,-8.479698614353053,-0.02400000000000002,-15.884262977848461
1922,-0.02200000000000024,-8.526361581217602,-0.02200000000000024,-15.941972219229191
1923,-0.020000000000000018,-8.606519680627109,-0.020000000000000018,-16.04379608848957
1924,-0.018000000000000238,-8.718209794803723,-0.018000000000000238,-16.18118195202022
1925,-0.016000000000000014,-8.863462584882694,-0.016000000000000014,-16.350795253181644
1926,-0.014000000000000234,-9.042820639039942,-0.014000000000000234,-16.556385408660024
1927,-0.01200000000000001,-9.251356838378685,-0.01200000000000001,-16.79616591183606
1928,-0.010000000000000231,-9.484256173249369,-0.010000000000000231,-17.06839377793014
1929,-0.008000000000000007,-9.73681934118609,-0.008000000000000007,-17.37138079452603
1930,-0.006000000000000227,-10.004462746906189,-0.006000000000000227,-17.703493521570373
1931,-0.0040000000000000036,-10.28271850231069,-0.0040000000000000036,-18.063153291373247
1932,-0.002000000000000224,-10.567234426483836,-0.002000000000000224,-18.44883620860756
1933,0.0,-10.853774045693573,0.0,-18.859073150309705
1934,0.0019999999999997797,-11.138216593391048,0.0019999999999997797,-19.292346737344616
1935,0.0040000000000000036,-11.416557010211125,0.0040000000000000036,-19.73660245100608
1936,0.005999999999999783,-11.684905943971867,0.005999999999999783,-20.177131341040443
1937,0.008000000000000007,-11.939489749675039,0.008000000000000007,-20.604950011626332
1938,0.009999999999999787,-12.176650489505633,0.009999999999999787,-21.0125890169387
1939,0.01200000000000001,-12.392845932832314,0.01200000000000001,-21.394092861149566
1940,0.01399999999999979,-12.584649556207001,0.01399999999999979,-21.745019998427303
1941,0.016000000000000014,-12.751141025944921,0.016000000000000014,-22.062442832937315
1942,0.017999999999999794,-12.897601173115818,0.017999999999999794,-22.34494771884141
1943,0.020000000000000018,-13.02531689783411,0.020000000000000018,-22.592634960298373
1944,0.021999999999999797,-13.1352432294674,0.021999999999999797,-22.80711881146345
1945,0.02400000000000002,-13.228302296948831,0.02400000000000002,-22.9915274764888
1946,0.0259999999999998,-13.305383328776873,0.0259999999999998,-23.1505031095231
1947,0.028000000000000025,-13.367342653015502,0.028000000000000025,-23.290201814711903
1948,0.029999999999999805,-13.415003697294058,0.029999999999999805,-23.41470103984116
1949,0.03200000000000003,-13.44915698880735,0.03200000000000003,-23.5186847574398
1950,0.03399999999999981,-13.470560154315585,0.03399999999999981,-23.602553809981675
1951,0.03600000000000003,-13.479937920144417,0.03600000000000003,-23.667190637312746
1952,0.03799999999999981,-13.47798211218491,0.03799999999999981,-23.713452650565266
1953,0.040000000000000036,-13.465351655893558,0.040000000000000036,-23.742172232157888
1954,0.041999999999999815,-13.44267257629229,0.041999999999999815,-23.75415673579559
1955,0.04400000000000004,-13.410537997968444,0.04400000000000004,-23.750188486469714
1956,0.04599999999999982,-13.369508145074805,0.04599999999999982,-23.73102478045796
1957,0.04800000000000004,-13.320265574402521,0.04800000000000004,-23.69739788532437
1958,0.04999999999999982,-13.263594409050004,0.04999999999999982,-23.65001503991936
1959,0.052000000000000046,-13.199835481763806,0.052000000000000046,-23.589558454379663
1960,0.053999999999999826,-13.129308112151804,0.053999999999999826,-23.516710405706228
1961,0.05600000000000005,-13.052327745664364,0.05600000000000005,-23.43253780076118
1962,0.05799999999999983,-12.969205953594471,0.05799999999999983,-23.337687216458146
1963,0.06000000000000005,-12.880250433077588,0.06000000000000005,-23.232600401959086
1964,0.06199999999999983,-12.785765007091806,0.06199999999999983,-23.117713190946553
1965,0.06400000000000006,-12.686049624457683,0.06400000000000006,-22.993455501623508
1966,0.06599999999999984,-12.581400359838417,0.06599999999999984,-22.86025133671351
1967,0.06800000000000006,-12.472109413739666,0.06800000000000006,-22.718518783460507
1968,0.06999999999999984,-12.358465112509734,0.06999999999999984,-22.568670013629074
1969,0.07200000000000006,-12.240751908339375,0.07200000000000006,-22.411111283504145
1970,0.07399999999999984,-12.119250379261997,0.07399999999999984,-22.246242933891303
1971,0.07600000000000007,-11.994237229153454,0.07600000000000007,-22.07445939011648
1972,0.07799999999999985,-11.86598528773226,0.07799999999999985,-21.89614916202626
1973,0.08000000000000007,-11.734763510559365,0.08000000000000007,-21.711694843987566
1974,0.08199999999999985,-11.600836979038391,0.08199999999999985,-21.521473114887996
1975,0.08400000000000007,-11.464466900415385,0.08400000000000007,-21.325854738135465
1976,0.08599999999999985,-11.325910607779072,0.08599999999999985,-21.125204561658574
1977,0.08800000000000008,-11.185421560060604,0.08800000000000008,-20.919881517906237
1978,0.08999999999999986,-11.043249342033803,0.08999999999999986,-20.710238623848056
1979,0.09200000000000008,-10.899639664314924,0.09200000000000008,-20.49662298097394
1980,0.09399999999999986,-10.754834363362892,0.09399999999999986,-20.279375775294493
1981,0.09600000000000009,-10.609071401479063,0.09600000000000009,-20.058832277340628
1982,0.09799999999999986,-10.462584866807466,0.09799999999999986,-19.83532184216395
1983,0.10000000000000009,-10.315604973334555,0.10000000000000009,-19.609167909336364
1984,0.10199999999999987,-10.168358060889462,0.10199999999999987,-19.380688002950478
1985,0.10400000000000009,-10.021066595143743,0.10400000000000009,-19.150193731619204
1986,0.10599999999999987,-9.87375662026959,0.10599999999999987,-18.917990788476146
1987,0.1080000000000001,-9.726313169375567,0.1080000000000001,-18.68437895117521
1988,0.10999999999999988,-9.578799332156615,0.10999999999999988,-18.449652081891006
1989,0.1120000000000001,-9.431278531410843,0.1120000000000001,-18.214098127318437
1990,0.11399999999999988,-9.283814025916778,0.11399999999999988,-17.977999118673115
1991,0.1160000000000001,-9.136468910433086,0.1160000000000001,-17.741631171690944
1992,0.11799999999999988,-8.98930611569885,0.11799999999999988,-17.50521080998789
1993,0.1200000000000001,-8.8423884084333,0.1200000000000001,-17.26867062750021
1994,0.12199999999999989,-8.695778391336074,0.12199999999999989,-17.032080319679892
1995,0.12400000000000011,-8.549538503086955,0.12400000000000011,-16.79553951509704
1996,0.1259999999999999,-8.403731018346143,0.1259999999999999,-16.559146641269184
1997,0.1280000000000001,-8.258418047753983,0.1280000000000001,-16.32299892466085
1998,0.1299999999999999,-8.113661537931229,0.1299999999999999,-16.087192390683995
1999,0.13200000000000012,-7.969523271478783,0.13200000000000012,-15.851821863697571
2000,0.1339999999999999,-7.826064866977957,0.1339999999999999,-15.61698096700796
2001,0.13599999999999968,-7.683347778990246,0.13599999999999968,-15.382762122868598
2002,0.13800000000000034,-7.541433298057393,0.13800000000000034,-15.149256552480082
2003,0.14000000000000012,-7.400382550701606,0.14000000000000012,-14.916554275990533
2004,0.1419999999999999,-7.260256499425186,0.1419999999999999,-14.684744112494975
2005,0.14399999999999968,-7.121115942710775,0.14399999999999968,-14.453913680035747
2006,0.14600000000000035,-6.983021515021235,0.14600000000000035,-14.224149395602304
2007,0.14800000000000013,-6.8460336867998866,0.14800000000000013,-13.995536475131614
2008,0.1499999999999999,-6.710212764470149,0.1499999999999999,-13.768158933507557
2009,0.1519999999999997,-6.575618890435779,0.1519999999999997,-13.542099584561326
2010,0.15400000000000036,-6.442312043080756,0.15400000000000036,-13.317440041071228
2011,0.15600000000000014,-6.3103520367695145,0.15600000000000014,-13.094260714763081
2012,0.15799999999999992,-6.179798521846592,0.15799999999999992,-12.872640816309621
2013,0.1599999999999997,-6.05071098463686,0.1599999999999997,-12.652658355330892
2014,0.16200000000000037,-5.923148747445417,0.16200000000000037,-12.434390140394058
2015,0.16400000000000015,-5.797168605564224,0.16400000000000015,-12.217911779013782
2016,0.16599999999999993,-5.6727329909024835,0.16599999999999993,-12.00329767765166
2017,0.1679999999999997,-5.549799849756235,0.1679999999999997,-11.79062104171658
2018,0.17000000000000037,-5.428359428247281,0.17000000000000037,-11.579953875564572
2019,0.17200000000000015,-5.308402675572571,0.17200000000000015,-11.371366982499143
2020,0.17399999999999993,-5.189921244003878,0.17399999999999993,-11.164929964770737
2021,0.1759999999999997,-5.072907488888016,0.1759999999999997,-10.960711223577109
2022,0.17800000000000038,-4.9573544686467335,0.17800000000000038,-10.758777959063133
2023,0.18000000000000016,-4.843255944776917,0.18000000000000016,-10.559196170321165
2024,0.18199999999999994,-4.730606381850286,0.18199999999999994,-10.362030121640506
2025,0.18399999999999972,-4.619400947513599,0.18399999999999972,-10.167254086155397
2026,0.1860000000000004,-4.509635512488547,0.1860000000000004,-9.974813477135843
2027,0.18800000000000017,-4.401306650571959,0.18800000000000017,-9.784696337403846
2028,0.18999999999999995,-4.294411638635498,0.18999999999999995,-9.596891182710308
2029,0.19199999999999973,-4.188948456625864,0.19199999999999973,-9.41138700173538
2030,0.1940000000000004,-4.084915787564697,0.1940000000000004,-9.228173256088288
2031,0.19600000000000017,-3.9823130175487624,0.19600000000000017,-9.047239880307668
2032,0.19799999999999995,-3.88114023574967,0.19799999999999995,-8.868577281861063
2033,0.19999999999999973,-3.781398234414063,0.19999999999999973,-8.692176341145265
2034,0.2020000000000004,-3.6830885088635275,0.2020000000000004,-8.518028411486142
2035,0.20400000000000018,-3.586213257494765,0.20400000000000018,-8.346125319138963
2036,0.20599999999999996,-3.490775381779333,0.20599999999999996,-8.176459363287913
2037,0.20799999999999974,-3.3967784862638175,0.20799999999999974,-8.009023316046424
2038,0.2100000000000004,-3.30422687856975,0.2100000000000004,-7.843810422457009
2039,0.2120000000000002,-3.213125569393772,0.2120000000000002,-7.680814400491567
2040,0.21399999999999997,-3.123480272507386,0.21399999999999997,-7.52002944105093
2041,0.21599999999999975,-3.035297404757119,0.21599999999999975,-7.361450207965165
2042,0.21800000000000042,-2.948584086064452,0.21800000000000042,-7.205071837993433
2043,0.2200000000000002,-2.8633481394259612,0.2200000000000002,-7.05088994082426
2044,0.22199999999999998,-2.779598090913096,0.22199999999999998,-6.898900599075123
2045,0.22399999999999975,-2.697343169672329,0.22399999999999975,-6.7491003682927335
2046,0.22600000000000042,-2.6165933079250845,0.22600000000000042,-6.6014862769528895
2047,0.2280000000000002,-2.5373591409678773,0.2280000000000002,-6.4560558264607515
2048,0.22999999999999998,-2.459651654647797,0.22999999999999998,-6.312806991150441
2049,0.23199999999999976,-2.3834185259822243,0.23199999999999976,-6.171738218285307
2050,0.23399999999999954,-2.3086005171371604,0.23399999999999954,-6.032848428057853
2051,0.2360000000000002,-2.235175843069981,0.2360000000000002,-5.896137013589689
2052,0.238,-2.1631232593570577,0.238,-5.761603840931764
2053,0.23999999999999977,-2.0924220621935685,0.23999999999999977,-5.629249249063999
2054,0.24199999999999955,-2.023052088393623,0.24199999999999955,-5.499074049895547
2055,0.24400000000000022,-1.9549937153902044,0.24400000000000022,-5.371079528264654
2056,0.246,-1.8882278612352859,0.246,-5.245267441938903
2057,0.24799999999999978,-1.822735984599653,0.24799999999999978,-5.121640021614861
2058,0.24999999999999956,-1.7585000847730217,0.24999999999999956,-5.0001999709183185
2059,0.2520000000000002,-1.6955027016639819,0.2520000000000002,-4.8809504664041645
2060,0.254,-1.6337269158001089,0.254,-4.763889460518615
2061,0.2559999999999998,-1.573156348327795,0.2559999999999998,-4.648927576907774
2062,0.25799999999999956,-1.5137751610123624,0.25799999999999956,-4.536009495515123
2063,0.26000000000000023,-1.4555680562380091,0.26000000000000023,-4.425105250774949
2064,0.262,-1.3985202770079115,0.262,-4.31618542694268
2065,0.2639999999999998,-1.3426176069440698,0.2639999999999998,-4.2092211580946
2066,0.26599999999999957,-1.2878463702874114,0.26599999999999957,-4.1041841281280425
2067,0.26800000000000024,-1.234193431897742,0.26800000000000024,-4.001046570761292
2068,0.27,-1.1816461972538397,0.27,-3.899781269533774
2069,0.2719999999999998,-1.130192612453312,0.2719999999999998,-3.800361557805773
2070,0.2739999999999996,-1.0798211642126925,0.2739999999999996,-3.70276131875862
2071,0.27600000000000025,-1.030520879867394,0.27600000000000025,-3.606954985394605
2072,0.278,-0.9822813273717959,0.278,-3.512917540537144
2073,0.2799999999999998,-0.9350926152991141,0.2799999999999998,-3.420624516830525
2074,0.2819999999999996,-0.8889453928414874,0.2819999999999996,-3.330051996740078
2075,0.28400000000000025,-0.8438308498099365,0.28400000000000025,-3.2411766125520947
2076,0.28600000000000003,-0.7997407166344426,0.28600000000000003,-3.153975546373986
2077,0.2879999999999998,-0.7566672643638281,0.2879999999999998,-3.0684265301340394
2078,0.2899999999999996,-0.7146033046658389,0.2899999999999996,-2.9845078455815863
2079,0.29200000000000026,-0.6735421898271012,0.29200000000000026,-2.9021983242869203
2080,0.29400000000000004,-0.6334778127531997,0.29400000000000004,-2.8214773476414443
2081,0.2959999999999998,-0.5944046069685649,0.2959999999999998,-2.742324846857449
2082,0.2979999999999996,-0.5563175466165455,0.2979999999999996,-2.6647213029682653
2083,0.30000000000000027,-0.5192095019791892,0.30000000000000027,-2.588647746828187
2084,0.30200000000000005,-0.48303561405374446,0.30200000000000005,-2.514085759112612
2085,0.3039999999999998,-0.44776770072641936,0.3039999999999998,-2.441017470317833
2086,0.3059999999999996,-0.4133886843142254,0.3059999999999996,-2.3694255607611807
2087,0.3080000000000003,-0.3798818106230476,0.3080000000000003,-2.29929326058095
2088,0.31000000000000005,-0.34723064894770383,0.31000000000000005,-2.230604349736532
2089,0.31199999999999983,-0.3154190920718559,0.31199999999999983,-2.1633431580082223
2090,0.3139999999999996,-0.28443135626806887,0.3139999999999996,-2.09749456499735
2091,0.3160000000000003,-0.2542519812977832,0.3160000000000003,-2.0330440001262136
2092,0.31800000000000006,-0.2248658304113676,0.31800000000000006,-1.9699774426381955
2093,0.31999999999999984,-0.19625809034803926,0.31999999999999984,-1.9082814215975952
2094,0.3219999999999996,-0.1684142713359169,0.3219999999999996,-1.84794301588974
2095,0.3240000000000003,-0.14132020709199644,0.3240000000000003,-1.7889498542209292
2096,0.32600000000000007,-0.11496205482219762,0.32600000000000007,-1.7312901151185427
2097,0.32799999999999985,-0.08932629522129265,0.32799999999999985,-1.6749525269308783
2098,0.3299999999999996,-0.0643997324729545,0.3299999999999996,-1.6199061827290646
2099,0.3320000000000003,-0.04016949424973376,0.3320000000000003,-1.5660958632096444
2100,0.3340000000000001,-0.016623031713101644,0.3340000000000001,-1.5134984047505637
2101,0.33599999999999985,0.006251880486614403,0.33599999999999985,-1.4620918228819828
2102,0.33799999999999963,0.02846714421018781,0.33799999999999963,-1.411854482590436
2103,0.3400000000000003,0.05003433782951283,0.3400000000000003,-1.3627650983187864
2104,0.3420000000000001,0.07096471622756684,0.3420000000000001,-1.3148027339663115
2105,0.34399999999999986,0.09126921079846706,0.34399999999999986,-1.2679468028885728
2106,0.34599999999999964,0.1109584294474334,0.34599999999999964,-1.2221770678975046
2107,0.3480000000000003,0.13004265659080527,0.3480000000000003,-1.1774736412613707
2108,0.3500000000000001,0.14853185315600792,0.3500000000000001,-1.1338169847048438
2109,0.35199999999999987,0.1664356565816043,0.35199999999999987,-1.0911879094088874
2110,0.35399999999999965,0.18376338081725996,0.35399999999999965,-1.049567576010834
2111,0.3560000000000003,0.20052401632375938,0.3560000000000003,-1.008937494604349
2112,0.3580000000000001,0.21672623007297642,0.3580000000000001,-0.9692795247395012
2113,0.3599999999999999,0.23237836554791902,0.3599999999999999,-0.9305758754226543
2114,0.36199999999999966,0.24748844274269866,0.36199999999999966,-0.892809105116541
2115,0.3640000000000003,0.26206415816254547,0.3640000000000003,-0.8559621217402267
2116,0.3660000000000001,0.27611288482378094,0.3660000000000001,-0.8200181826691765
2117,0.3679999999999999,0.2896416722538584,0.3679999999999999,-0.7849608947351551
2118,0.36999999999999966,0.30265724649133585,0.36999999999999966,-0.7507742142262939
2119,0.37200000000000033,0.31517285064300465,0.37200000000000033,-0.7174424468870602
2120,0.3740000000000001,0.32721235646179025,0.3740000000000001,-0.6849502479183145
2121,0.3759999999999999,0.33878666172054445,0.3759999999999999,-0.6532826219772223
2122,0.37799999999999967,0.3499059460593557,0.37799999999999967,-0.6224249231773151
2123,0.38000000000000034,0.36058021928370343,0.38000000000000034,-0.5923628550884592
2124,0.3820000000000001,0.3708193213644387,0.3820000000000001,-0.5630824707369129
2125,0.3839999999999999,0.38063292243781327,0.3839999999999999,-0.5345701726052421
2126,0.3859999999999997,0.3900305228054601,0.3859999999999997,-0.5068127126323771
2127,0.38800000000000034,0.39902145293440217,0.38800000000000034,-0.47979719221358574
2128,0.3900000000000001,0.4076148734570366,0.3900000000000001,-0.45351106220052184
2129,0.3919999999999999,0.41581977517115887,0.3919999999999999,-0.42794212290115263
2130,0.3939999999999997,0.4236449790399463,0.3939999999999997,-0.40307852407980715
2131,0.39600000000000035,0.43109913619196566,0.39600000000000035,-0.3789087649571543
2132,0.39800000000000013,0.43819072792115993,0.39800000000000013,-0.35542169421024417
2133,0.3999999999999999,0.44492806568686827,0.3999999999999999,-0.33260650997244445
2134,0.4019999999999997,0.4513192911138125,0.4019999999999997,-0.31045275983348386
2135,0.40400000000000036,0.45737237599210323,0.40400000000000036,-0.2889503408394316
2136,0.40600000000000014,0.46309512227722915,0.40600000000000014,-0.26808935932713834
2137,0.4079999999999999,0.46849516209007325,0.4079999999999999,-0.2478462680485409
2138,0.4099999999999997,0.4735799577169017,0.4099999999999997,-0.22820015119062714
2139,0.41200000000000037,0.4783568016093691,0.41200000000000037,-0.20913868612142456
2140,0.41400000000000015,0.48283281638450964,0.41400000000000015,-0.19064973007931638
2141,0.4159999999999999,0.4870149548247502,0.4159999999999999,-0.1727213201729912
2142,0.4179999999999997,0.4909099998779015,0.4179999999999997,-0.1553416733814767
2143,0.4200000000000004,0.4945245646571619,0.4200000000000004,-0.13849918655412408
2144,0.42200000000000015,0.49786509244111127,0.42200000000000015,-0.12218243641063734
2145,0.42399999999999993,0.5009378566737203,0.42399999999999993,-0.10638017954102863
2146,0.4259999999999997,0.5037489609643441,0.4259999999999997,-0.09108135240564849
2147,0.4280000000000004,0.5063043390877251,0.4280000000000004,-0.07627507133517147
2148,0.43000000000000016,0.5086097549839885,0.43000000000000016,-0.06195063253062272
2149,0.43199999999999994,0.5106708027586491,0.43199999999999994,-0.04809751206333787
2150,0.4339999999999997,0.5124929066826064,0.4339999999999997,-0.034705365874990124
2151,0.4360000000000004,0.5140813211921468,0.4360000000000004,-0.021764029777577604
2152,0.43800000000000017,0.5154411308889408,0.43800000000000017,-0.00926351945344639
2153,0.43999999999999995,0.5165797637062488,0.43999999999999995,0.002805969544744269
2154,0.4419999999999997,0.5175057407954615,0.4419999999999997,0.014454061793998552
2155,0.4440000000000004,0.5182247834703753,0.4440000000000004,0.0256902020009947
2156,0.4460000000000002,0.5187425119404655,0.4460000000000002,0.03652365500206567
2157,0.44799999999999995,0.5190644529150894,0.44799999999999995,0.04696350576322866
2158,0.44999999999999973,0.5191960396034844,0.44999999999999973,0.057018659380165204
2159,0.4520000000000004,0.5191426117147683,0.4520000000000004,0.06669784107823029
2160,0.4540000000000002,0.5189094154579398,0.4540000000000002,0.07600959621243536
2161,0.45599999999999996,0.5185016035418782,0.45599999999999996,0.0849622902674742
2162,0.45799999999999974,0.5179242351753435,0.45799999999999974,0.09356410885770572
2163,0.4600000000000004,0.5171822760669758,0.4600000000000004,0.1018230577271616
2164,0.4620000000000002,0.5162805984252967,0.4620000000000002,0.10974696274953183
2165,0.46399999999999997,0.5152239809587079,0.46399999999999997,0.11734346992818706
2166,0.46599999999999975,0.5140171088754918,0.46599999999999975,0.12462004539616323
2167,0.4680000000000004,0.5126645738838107,0.4680000000000004,0.1315839754161689
2168,0.4700000000000002,0.5111708741917095,0.4700000000000002,0.13824236638057263
2169,0.472,0.5095404145071117,0.472,0.14460214481142153
2170,0.47399999999999975,0.5077775060378226,0.47399999999999975,0.15067005736042904
2171,0.4760000000000004,0.5058863664915265,0.4760000000000004,0.1564526708089804
2172,0.4780000000000002,0.5038711200757914,0.4780000000000002,0.16195637206812252
2173,0.48,0.5017357974980632,0.48,0.1671873681785796
2174,0.48199999999999976,0.49948433596566927,0.48199999999999976,0.172151686310742
2175,0.48400000000000043,0.4971205791858167,0.48400000000000043,0.17685517376467202
2176,0.4860000000000002,0.49464827736559613,0.4860000000000002,0.1813036076618714
2177,0.488,0.49207108721197584,0.488,0.18550759670339229
2178,0.48999999999999977,0.48939257193180574,0.48999999999999977,0.18947557309455573
2179,0.49199999999999955,0.48661620123181637,0.49199999999999955,0.19321319956222896
2180,0.4940000000000002,0.4837453513186176,0.4940000000000002,0.19672606023600772
2181,0.496,0.4807833048987038,0.496,0.20001966064821003
2182,0.4979999999999998,0.47773325117844606,0.4979999999999998,0.2030994277338856
2183,0.49999999999999956,0.4745982858640974,0.49999999999999956,0.2059707098308094
2184,0.5020000000000002,0.4713814111617901,0.5020000000000002,0.20863877667948455
2185,0.504,0.4680855357775413,0.504,0.21110881942313758
2186,0.5059999999999998,0.4647134749172445,0.5059999999999998,0.2133859506077256
2187,0.5079999999999996,0.4612679502866753,0.5079999999999996,0.21547520418193136
2188,0.5100000000000002,0.45775159009148814,0.5100000000000002,0.21738153549716538
2189,0.512,0.45416692903722305,0.512,0.21910982130756265
2190,0.5139999999999998,0.45051640832929585,0.5139999999999998,0.22066485976998768
2191,0.5159999999999996,0.4468023756730046,0.5159999999999996,0.22205137044403095
2192,0.5180000000000002,0.4430270852735264,0.5180000000000002,0.22327399429201045
2193,0.52,0.43919276825916254,0.52,0.2243372936789696
2194,0.5219999999999998,0.4353045207581585,0.5219999999999998,0.22524575237268024
2195,0.5239999999999996,0.4313661184937178,0.5239999999999996,0.22600377554364073
2196,0.5260000000000002,0.42737975156521285,0.5260000000000002,0.22661568976507657
2197,0.528,0.4233475751281779,0.528,0.22708574301293932
2198,0.5299999999999998,0.4192717093942985,0.5299999999999998,0.22741810466590848
2199,0.5319999999999996,0.41515423963141834,0.5319999999999996,0.2276168655053901
2200,0.5340000000000003,0.410997216163536,0.5340000000000003,0.22768603771551715
2201,0.536,0.406802654370812,0.536,0.22762955488314954
2202,0.5379999999999998,0.4025725346895578,0.5379999999999998,0.22745127199787418
2203,0.5399999999999996,0.39830880261224344,0.5399999999999996,0.22715496545200492
2204,0.5420000000000003,0.3940133686874935,0.5420000000000003,0.22674433304058234
2205,0.544,0.38968810852009467,0.544,0.22622299396137444
2206,0.5459999999999998,0.38533486277098467,0.5459999999999998,0.22559448881487573
2207,0.5479999999999996,0.3809554371572595,0.5479999999999996,0.22486227960430782
2208,0.5500000000000003,0.3765516024521698,0.5500000000000003,0.2240297497356188
2209,0.552,0.3721250944851287,0.552,0.2231002040174849
2210,0.5539999999999998,0.3676776141416998,0.5539999999999998,0.22207686866130819
2211,0.5559999999999996,0.3632108273636054,0.5559999999999996,0.22096289128121796
2212,0.5580000000000003,0.35872636514872214,0.5580000000000003,0.21976134089406996
2213,0.56,0.35422582355108934,0.56,0.21847520791944852
2214,0.5619999999999998,0.3497107636808968,0.5619999999999998,0.21710740417966323
2215,0.5639999999999996,0.34518271170449283,0.5639999999999996,0.21566076289975122
2216,0.5660000000000003,0.34064315884438034,0.5660000000000003,0.21413803870747586
2217,0.5680000000000001,0.33609356137922464,0.5680000000000001,0.2125419076333294
2218,0.5699999999999998,0.33153534064384177,0.5699999999999998,0.21087499345274183
2219,0.5719999999999996,0.32696988302920615,0.5719999999999996,0.20914098221212746
2220,0.5740000000000003,0.3223985399824468,0.5740000000000003,0.2073427434162546
2221,0.5760000000000001,0.31782262800685523,0.5760000000000001,0.2054824043156854
2222,0.5779999999999998,0.31324342866187355,0.5779999999999998,0.20356206293600587
2223,0.5799999999999996,0.30866218856310235,0.5799999999999996,0.20158378807782903
2224,0.5820000000000003,0.3040801193822967,0.5820000000000003,0.19954961931679333
2225,0.5840000000000001,0.2994983978473743,0.5840000000000001,0.19746156700356607
2226,0.5859999999999999,0.2949181657424035,0.5859999999999999,0.1953216122638382
2227,0.5879999999999996,0.29034052990761094,0.5879999999999996,0.19313170699832782
2228,0.5900000000000003,0.2857665622393778,0.5900000000000003,0.1908937738827782
2229,0.5920000000000001,0.28119729969024804,0.5920000000000001,0.18860970636796193
2230,0.5939999999999999,0.27663374426891585,0.5939999999999999,0.18628136867967482
2231,0.5959999999999996,0.27207686304023426,0.5959999999999996,0.18391059581874
2232,0.5980000000000003,0.2675275881252106,0.5980000000000003,0.1814991935610057
2233,0.6000000000000001,0.2629868167010148,0.6000000000000001,0.17904893845734962
2234,0.6019999999999999,0.25845541100096736,0.6019999999999999,0.1765615778336726
2235,0.6039999999999996,0.25393419831454733,0.6039999999999996,0.1740388297909027
2236,0.6060000000000003,0.24942397098738822,0.6060000000000003,0.17148238320499315
2237,0.6080000000000001,0.24492584504009446,0.6080000000000001,0.16889389772692678
2238,0.6099999999999999,0.24044138523630512,0.6099999999999999,0.16627500378270937
2239,0.6119999999999997,0.23597114466802202,0.6119999999999997,0.16362730257337404
2240,0.6140000000000003,0.23151561564917217,0.6140000000000003,0.16095236607497893
2241,0.6160000000000001,0.22707528227535995,0.6160000000000001,0.158251737038612
2242,0.6179999999999999,0.22265062042385542,0.6179999999999999,0.15552692899038403
2243,0.6199999999999997,0.2182420977536022,0.6199999999999997,0.1527794262314331
2244,0.6220000000000003,0.21385017370521342,0.6220000000000003,0.1500106838379223
2245,0.6240000000000001,0.20947529950097968,0.6240000000000001,0.1472221276610448
2246,0.6259999999999999,0.20511791814485725,0.6259999999999999,0.14441515432701624
2247,0.6279999999999997,0.20077846442247588,0.6279999999999997,0.14159113123707975
2248,0.6300000000000003,0.196457364901135,0.6300000000000003,0.13875139656750352
2249,0.6320000000000001,0.19215503792981128,0.6320000000000001,0.13589725926958562
2250,0.6339999999999999,0.18787189363914722,0.6339999999999999,0.13302999906964677
2251,0.6359999999999997,0.18360833394145876,0.6359999999999997,0.13015086646903506
2252,0.6380000000000003,0.17936475253073159,0.6380000000000003,0.12726108274412373
2253,0.6400000000000001,0.17514153488262846,0.6400000000000001,0.12436183994631589
2254,0.6419999999999999,0.17093905825447808,0.6419999999999999,0.12145430090203724
2255,0.6439999999999997,0.1667576916852827,0.6439999999999997,0.11853959921274095
2256,0.6460000000000004,0.16259779599571406,0.6460000000000004,0.11561883925490508
2257,0.6480000000000001,0.15845972378812115,0.6480000000000001,0.11269309618003802
2258,0.6499999999999999,0.1543438194465189,0.6499999999999999,0.10976341591467031
2259,0.6519999999999997,0.15025041913659562,0.6519999999999997,0.10683081516036018
2260,0.6540000000000004,0.1461798508057095,0.6540000000000004,0.10389628146214017
2261,0.6560000000000001,0.14213243418289545,0.6560000000000001,0.10096090668971809
2262,0.6579999999999999,0.1381084807788547,0.6579999999999999,0.09802550424946838
2263,0.6599999999999997,0.1341082938859618,0.6599999999999997,0.0950906377916743
2264,0.6620000000000004,0.13013216857826104,0.6620000000000004,0.09215686370264192
2265,0.6640000000000001,0.12618039171147363,0.6640000000000001,0.08922473110470519
2266,0.6659999999999999,0.12225324192298687,0.6659999999999999,0.08629478185621824
2267,0.6679999999999997,0.11835098963186155,0.6679999999999997,0.08336755055156053
2268,0.6700000000000004,0.11447389703882818,0.6700000000000004,0.0804435645211343
2269,0.6720000000000002,0.11062221812629405,0.6720000000000002,0.07752334383136966
2270,0.6739999999999999,0.10679619865833284,0.6739999999999999,0.07460740128471696
2271,0.6759999999999997,0.10299607618069137,0.6759999999999997,0.07169624241965185
2272,0.6780000000000004,0.09922208002078647,0.6780000000000004,0.06879036551067269
2273,0.6800000000000002,0.09547443128771149,0.6800000000000002,0.06589026156830585
2274,0.6819999999999999,0.0917533428722263,0.6819999999999999,0.0629964143390978
2275,0.6839999999999997,0.08805901944676403,0.6839999999999997,0.06010930030562038
2276,0.6860000000000004,0.08439165746542765,0.6860000000000004,0.05722938868646819
2277,0.6880000000000002,0.08075144516399663,0.6880000000000002,0.0543571414362637
2278,0.69,0.0771385625599171,0.69,0.05149301324564961
2279,0.6919999999999997,0.07355318145230838,0.6919999999999997,0.04863745154129396
2280,0.6940000000000004,0.06999546542195961,0.6940000000000004,0.04579089648588748
2281,0.6960000000000002,0.06646556983133647,0.6960000000000002,0.04295378097814888
2282,0.698,0.06296364182457126,0.698,0.040126530652817
2283,0.6999999999999997,0.05948982032746944,0.6999999999999997,0.03730956388065604
2284,0.7020000000000004,0.05604423765201065,0.7020000000000004,0.034503291768453
2285,0.7040000000000002,0.05262694985263667,0.7040000000000002,0.03170811815902268
2286,0.706,0.049237851242345906,0.706,0.028924439631200144
2287,0.7079999999999997,0.04587681985225599,0.7079999999999997,0.026152645499845778
2288,0.7100000000000004,0.04254373480956958,0.7100000000000004,0.0233931178158428
2289,0.7120000000000002,0.03923847633758033,0.7120000000000002,0.020646231366102094
2290,0.714,0.03596092575566398,0.714,0.01791235367355498
2291,0.7159999999999997,0.03271096547928429,0.7159999999999997,0.015191844997158005
2292,0.7180000000000004,0.029488479019990108,0.7180000000000004,0.012485058331890578
2293,0.7200000000000002,0.02629335098542114,0.7200000000000002,0.00979233940875976
2294,0.722,0.023125467079299293,0.722,0.007114026694793024
2295,0.7239999999999998,0.019984714101434486,0.7239999999999998,0.0044504513930431755
2296,0.7260000000000004,0.01687097994772175,0.7260000000000004,0.001801937442585777
2297,0.7280000000000002,0.013784153610146822,0.7280000000000002,-0.0008311984814759893
2298,0.73,0.010724125176777836,0.73,-0.003448646968018415
2299,0.7319999999999998,0.007690785831770797,0.7319999999999998,-0.006050105869892589
2300,0.7340000000000004,0.004684027855366979,0.7340000000000004,-0.008635280303926601
2301,0.7360000000000002,0.0017037446238981277,0.7360000000000002,-0.011203882650921218
2302,0.738,-0.0012501693902214409,0.738,-0.013755632555656538
2303,0.7399999999999998,-0.004177818618489516,0.7399999999999998,-0.01629025692688739
2304,0.7420000000000004,-0.007079306396318749,0.7420000000000004,-0.018807489937345753
2305,0.7440000000000002,-0.009954734963031231,0.7440000000000002,-0.02130707302373626
2306,0.746,-0.01280420546186653,0.746,-0.02378875736590551
2307,0.7479999999999998,-0.01562781793997628,0.7479999999999998,-0.026252658791400735
2308,0.7499999999999996,-0.018425671348425696,0.7499999999999996,-0.02869896121311648
2309,0.7520000000000002,-0.021197863542194523,0.7520000000000002,-0.031127665127624236
2310,0.754,-0.023944491280172467,0.754,-0.033538771413758973
2311,0.7559999999999998,-0.02666565022516626,0.7559999999999998,-0.03593228133262563
2312,0.7579999999999996,-0.0293614349438949,0.7579999999999996,-0.038308196527594776
2313,0.7600000000000002,-0.032031938906992075,0.7600000000000002,-0.040666519024304765
2314,0.762,-0.03467725448900133,0.762,-0.04300725123065753
2315,0.7639999999999998,-0.03729747296838325,0.7639999999999998,-0.045330395936824835
2316,0.7659999999999996,-0.0398926845275107,0.7659999999999996,-0.047635956315244164
2317,0.7680000000000002,-0.042462978252671174,0.7680000000000002,-0.04992393592062071
2318,0.77,-0.045008442134062146,0.77,-0.05219433868992335
2319,0.7719999999999998,-0.04752916306579806,0.7719999999999998,-0.05444716894239074
2320,0.7739999999999996,-0.050025226845905615,0.7739999999999996,-0.05668243137952722
2321,0.7760000000000002,-0.05249671817632613,0.7760000000000002,-0.05890013108510485
2322,0.778,-0.05494372066291103,0.778,-0.06110027352515946
2323,0.7799999999999998,-0.057366316815428545,0.7799999999999998,-0.06328286454799656
2324,0.7819999999999996,-0.05976458804755927,0.7819999999999996,-0.06544791038418739
2325,0.7840000000000003,-0.06213861467689828,0.7840000000000003,-0.06759541764657083
2326,0.786,-0.06448847592495102,0.786,-0.06972539333024971
2327,0.7879999999999998,-0.06681424991713951,0.7879999999999998,-0.07183784481259634
2328,0.7899999999999996,-0.06911601368279821,0.7899999999999996,-0.07393277985324889
2329,0.7920000000000003,-0.07139384315517597,0.7920000000000003,-0.07601020659411312
2330,0.794,-0.07364781317143226,0.794,-0.07807013355935874
2331,0.7959999999999998,-0.07587799747264282,0.7959999999999998,-0.08011256965542499
2332,0.7979999999999996,-0.07808446870379601,0.7979999999999996,-0.08213752417101688
2333,0.8000000000000003,-0.08026729841379457,0.8000000000000003,-0.08414500677710701
2334,0.802,-0.08242655705545177,0.802,-0.0861350275269321
2335,0.8039999999999998,-0.0845623139854973,0.8039999999999998,-0.0881075968559982
2336,0.8059999999999996,-0.08667466184545958,0.8059999999999996,-0.09006272558207723
2337,0.8080000000000003,-0.08876414836233135,0.8080000000000003,-0.09200042490520866
2338,0.81,-0.09083113639812837,0.81,-0.0939207064076961
2339,0.8119999999999998,-0.09287583577105693,0.8119999999999998,-0.09582358205411252
2340,0.8139999999999996,-0.09489845418419386,0.8139999999999996,-0.09770906419129671
2341,0.8160000000000003,-0.0968991972254884,0.8160000000000003,-0.09957716554835498
2342,0.8180000000000001,-0.09887826836775866,0.8180000000000001,-0.10142789923665792
2343,0.8199999999999998,-0.10083586896869695,0.8199999999999998,-0.10326127874984534
2344,0.8219999999999996,-0.10277219827086624,0.8219999999999996,-0.1050773179638229
2345,0.8240000000000003,-0.1046874534017018,0.8240000000000003,-0.10687603113676379
2346,0.8260000000000001,-0.10658182937350795,0.8260000000000001,-0.10865743290910555
2347,0.8279999999999998,-0.10845551908346304,0.8279999999999998,-0.11042153830355485
2348,0.8299999999999996,-0.11030871331361615,0.8299999999999996,-0.11216836272508422
2349,0.8320000000000003,-0.11214160073088862,0.8320000000000003,-0.11389792196093372
2350,0.8340000000000001,-0.11395436788707093,0.8340000000000001,-0.11561023218060786
2351,0.8359999999999999,-0.11574719921882753,0.8359999999999999,-0.11730530993588009
2352,0.8379999999999996,-0.11752027704769355,0.8379999999999996,-0.11898317216078991
2353,0.8400000000000003,-0.11927378158007645,0.8400000000000003,-0.12064386762859544
2354,0.8420000000000001,-0.12100789090725285,0.8420000000000001,-0.12228757519528034
2355,0.8439999999999999,-0.12272278100537326,0.8439999999999999,-0.12391445631192818
2356,0.8459999999999996,-0.12441862573545895,0.8459999999999996,-0.12552466636050608
2357,0.8480000000000003,-0.1260955968434034,0.8480000000000003,-0.12711835869556157
2358,0.8500000000000001,-0.12775386395996943,0.8500000000000001,-0.12869568464421985
2359,0.8519999999999999,-0.12939359460079364,0.8519999999999999,-0.13025679350618796
2360,0.8539999999999996,-0.13101495416638334,0.8539999999999996,-0.13180183255375205
2361,0.8560000000000003,-0.1326181059421181,0.8560000000000003,-0.13333094703177858
2362,0.8580000000000001,-0.13420321109824696,0.8580000000000001,-0.13484428015771183
2363,0.8599999999999999,-0.13577042868989253,0.8599999999999999,-0.1363419731215778
2364,0.8619999999999997,-0.1373199156570482,0.8619999999999997,-0.13782416508598158
2365,0.8640000000000003,-0.13885182682457975,0.8640000000000003,-0.13929099318610866
2366,0.8660000000000001,-0.1403663149022222,0.8660000000000001,-0.1407425925297223
2367,0.8679999999999999,-0.14186353048458433,0.8679999999999999,-0.14217909619716748
2368,0.8699999999999997,-0.14334362205114567,0.8699999999999997,-0.14360063524136832
2369,0.8720000000000003,-0.14480673596625795,0.8720000000000003,-0.14500733868782922
2370,0.8740000000000001,-0.14625301647914246,0.8740000000000001,-0.14639933353463255
2371,0.8759999999999999,-0.14768260572389405,0.8759999999999999,-0.14777674475244224
2372,0.8779999999999997,-0.14909564371947825,0.8779999999999997,-0.14913969528450133
2373,0.8800000000000003,-0.15049226836973298,0.8800000000000003,-0.15048830604663327
2374,0.8820000000000001,-0.15187261546336564,0.8820000000000001,-0.15182269592723946
2375,0.8839999999999999,-0.1532368186739571,0.8839999999999999,-0.15314298178730273
2376,0.8859999999999997,-0.1545850095599591,0.8859999999999997,-0.1544492784603852
2377,0.8880000000000003,-0.1559173175646955,0.8880000000000003,-0.15574169875262922
2378,0.8900000000000001,-0.15723387001636002,0.8900000000000001,-0.1570203534427552
2379,0.8919999999999999,-0.15853479212801946,0.8919999999999999,-0.15828535128206506
2380,0.8939999999999997,-0.15982020699761176,0.8939999999999997,-0.1595367989944398
2381,0.8960000000000004,-0.16109023560794683,0.8960000000000004,-0.16077480127634078
2382,0.8980000000000001,-0.16234499682670445,0.8980000000000001,-0.16199946079680747
2383,0.8999999999999999,-0.16358460740643765,0.8999999999999999,-0.16321087819746072
2384,0.9019999999999997,-0.1648091819845704,0.9019999999999997,-0.16440915209250054
2385,0.9040000000000004,-0.16601883308339865,0.9040000000000004,-0.16559437906870725
2386,0.9060000000000001,-0.16721367111008842,0.9060000000000001,-0.16676665368543936
2387,0.9079999999999999,-0.16839380435667872,0.9079999999999999,-0.16792606847463665
2388,0.9099999999999997,-0.16955933900007963,0.9099999999999997,-0.16907271394081821
2389,0.9120000000000004,-0.1707104064886611,0.9120000000000004,-0.17020667856108326
2390,0.9140000000000001,-0.17184723003371877,0.9140000000000001,-0.17132804878510935
2391,0.9159999999999999,-0.17296998903285468,0.9159999999999999,-0.17243690903515527
2392,0.9179999999999997,-0.1740788558947788,0.9179999999999997,-0.17353334170605905
2393,0.9200000000000004,-0.17517400107506634,0.9200000000000004,-0.17461742716523893
2394,0.9220000000000002,-0.17625559307615565,0.9220000000000002,-0.17568924375269143
2395,0.9239999999999999,-0.17732379844735133,0.9239999999999999,-0.17674886778099436
2396,0.9259999999999997,-0.17837878178482203,0.9259999999999997,-0.1777963735353047
2397,0.9280000000000004,-0.1794207057316017,0.9280000000000004,-0.17883183327335972
2398,0.9300000000000002,-0.1804497309775875,0.9300000000000002,-0.17985531722547493
2399,0.9319999999999999,-0.1814660162595427,0.9319999999999999,-0.18086689359454713
2400,0.9339999999999997,-0.18246971836109474,0.9339999999999997,-0.1818666285560523
2401,0.9360000000000004,-0.18346099211273625,0.9360000000000004,-0.1828545862580466
2402,0.9380000000000002,-0.18443999039182316,0.9380000000000002,-0.1838308288211647
2403,0.94,-0.18540686412257745,0.94,-0.18479541633862226
2404,0.9419999999999997,-0.18636176227608536,0.9419999999999997,-0.18574840687621427
2405,0.9440000000000004,-0.18730483187029817,0.9440000000000004,-0.18668985647231595
2406,0.9460000000000002,-0.18823621797003065,0.9460000000000002,-0.1876198191378809
2407,0.948,-0.18915606368696347,0.948,-0.1885383468564438
2408,0.9499999999999997,-0.19006451017964157,0.9499999999999997,-0.18944548958411866
2409,0.9520000000000004,-0.19096169665347498,0.9520000000000004,-0.1903413315873606
2410,0.9540000000000002,-0.19184776036073725,0.9540000000000002,-0.19122617954303742
2411,0.956,-0.19272283660056774,0.956,-0.1921002065005487
2412,0.9579999999999997,-0.1935870587189702,0.9579999999999997,-0.19296354886727332
2413,0.9600000000000004,-0.1944405581088133,0.9600000000000004,-0.1938163413555951
2414,0.9620000000000002,-0.1952834642098294,0.9620000000000002,-0.1946587169829017
2415,0.964,-0.19611590450861657,0.964,-0.19549080707158653
2416,0.9659999999999997,-0.1969380045386373,0.9659999999999997,-0.1963127412490475
2417,0.9680000000000004,-0.197749887880219,0.9680000000000004,-0.19712464744768757
2418,0.9700000000000002,-0.19855167616055275,0.9700000000000002,-0.1979266519049135
2419,0.972,-0.1993434890536954,0.972,-0.19871887916313777
2420,0.9739999999999998,-0.2001254442805681,0.9739999999999998,-0.19950145206977737
2421,0.9760000000000004,-0.2008976576089571,0.9760000000000004,-0.20027449177725445
2422,0.9780000000000002,-0.20166024285351214,0.9780000000000002,-0.20103811774299477
2423,0.98,-0.20241331187574885,0.98,-0.20179244772943
2424,0.9819999999999998,-0.2031569745840471,0.9819999999999998,-0.2025375978039962
2425,0.9840000000000004,-0.20389133893365186,0.9840000000000004,-0.20327368233913454
2426,0.9860000000000002,-0.20461651092667166,0.9860000000000002,-0.20400081401228995
2427,0.988,-0.2053325946120808,0.988,-0.20471910380591318
2428,0.9899999999999998,-0.20603969208571796,0.9899999999999998,-0.20542866100745938
2429,0.9920000000000004,-0.20673790349028673,0.9920000000000004,-0.2061295932093888
2430,0.9940000000000002,-0.20742732701535452,0.9940000000000002,-0.20682200630916556
2431,0.996,-0.20810805889735431,0.996,-0.20750600450925943
2432,0.9979999999999998,-0.20878019341958348,0.9979999999999998,-0.20818169031714467
2433,0.9999999999999996,-0.20944382291220412,0.9999999999999996,-0.2088491645453003
2434,1.0020000000000002,-0.2100990377522432,1.0020000000000002,-0.20950852631121047
2435,1.004,-0.21074592636359163,1.004,-0.21015987303736317
2436,1.0059999999999998,-0.2113845752170058,1.0059999999999998,-0.210803300451252
2437,1.0079999999999996,-0.21201506883010646,1.0079999999999996,-0.21143890258537515
2438,1.0100000000000002,-0.2126374897673794,1.0100000000000002,-0.2120667717772358
2439,1.012,-0.21325191864017423,1.012,-0.21268699866934104
2440,1.0139999999999998,-0.21385843410670607,1.0139999999999998,-0.21329967220920365
2441,1.0159999999999996,-0.2144571128720545,1.0159999999999996,-0.21390487964934082
2442,1.0180000000000002,-0.21504802968816392,1.0180000000000002,-0.21450270654727485
2443,1.02,-0.21563125735384275,1.02,-0.215093236765532
2444,1.0219999999999998,-0.21620686671476488,1.0219999999999998,-0.21567655247164405
2445,1.0239999999999996,-0.21677492666346848,1.0239999999999996,-0.21625273413814736
2446,1.0260000000000002,-0.21733550413935687,1.0260000000000002,-0.2168218605425833
2447,1.028,-0.2178886641286971,1.028,-0.2173840087674972
2448,1.0299999999999998,-0.2184344696646218,1.0299999999999998,-0.21793925420044
2449,1.0319999999999996,-0.21897298182712793,1.0319999999999996,-0.21848767053396712
2450,1.0340000000000003,-0.21950425974307747,1.0340000000000003,-0.219029329765639
2451,1.036,-0.2200283605861963,1.036,-0.21956430219802012
2452,1.0379999999999998,-0.22054533957707573,1.0379999999999998,-0.22009265643868048
2453,1.0399999999999996,-0.2210552499831715,1.0399999999999996,-0.2206144594001946
2454,1.0420000000000003,-0.22155814311880423,1.0420000000000003,-0.22112977630014205
2455,1.044,-0.22205406834515862,1.044,-0.22163867066110643
2456,1.0459999999999998,-0.22254307307028473,1.0459999999999998,-0.22214120431067674
2457,1.0479999999999996,-0.22302520274909698,1.0479999999999996,-0.22263743738144673
2458,1.0500000000000003,-0.2235005008833748,1.0500000000000003,-0.22312742831101492
2459,1.052,-0.22396900902176156,1.052,-0.2236112338419841
2460,1.0539999999999998,-0.22443084509721384,1.0539999999999998,-0.22408890902196238
2461,1.0559999999999996,-0.22488646928811057,1.0559999999999996,-0.22456050720356252
2462,1.0580000000000003,-0.22533601396043387,1.0580000000000003,-0.22502608004440222
2463,1.06,-0.22577955381451464,1.06,-0.2254856775071033
2464,1.0619999999999998,-0.2262171628787437,1.0619999999999998,-0.2259393478592931
2465,1.0639999999999996,-0.22664891450957086,1.0639999999999996,-0.2263871376736033
2466,1.0660000000000003,-0.22707488139150553,1.0660000000000003,-0.22682909182767083
2467,1.068,-0.22749513553711573,1.068,-0.2272652535041366
2468,1.0699999999999998,-0.2279097482870293,1.0699999999999998,-0.2276956641906469
2469,1.0719999999999996,-0.22831879030993335,1.0719999999999996,-0.22812036367985275
2470,1.0740000000000003,-0.2287223316025742,1.0740000000000003,-0.22853939006940996
2471,1.076,-0.22912044148975716,1.076,-0.22895277976197864
2472,1.0779999999999998,-0.22951318862434714,1.0779999999999998,-0.2293605674652242
2473,1.0799999999999996,-0.22990064098726828,1.0799999999999996,-0.2297627861918167
2474,1.0820000000000003,-0.23028286588750413,1.0820000000000003,-0.23015946725943104
2475,1.084,-0.23065992996209703,1.084,-0.23055064029074646
2476,1.0859999999999999,-0.23103189917614908,1.0859999999999999,-0.23093633321344748
2477,1.0879999999999996,-0.2313988388228215,1.0879999999999996,-0.23131657226022323
2478,1.0900000000000003,-0.231760813523335,1.0900000000000003,-0.2316913819687677
2479,1.092,-0.23211788722696897,1.092,-0.2320607851817793
2480,1.0939999999999999,-0.2324701232110627,1.0939999999999999,-0.23242480310040103
2481,1.0959999999999996,-0.2328175840810145,1.0959999999999996,-0.23278372594634816
2482,1.0980000000000003,-0.23316033177028214,1.0980000000000003,-0.23313785709391288
2483,1.1,-0.23349842754038225,1.1,-0.23348725765579528
2484,1.1019999999999999,-0.23383193198089114,1.1019999999999999,-0.2338319881467386
2485,1.1039999999999996,-0.23416090500944425,1.1039999999999996,-0.23417210848352837
2486,1.1060000000000003,-0.2344854058717365,1.1060000000000003,-0.23450767798499278
2487,1.108,-0.23480549314152163,1.108,-0.2348387553720021
2488,1.1099999999999999,-0.23512122472061303,1.1099999999999999,-0.2351653987674696
2489,1.1119999999999997,-0.23543265783888334,1.1119999999999997,-0.23548766569635093
2490,1.1140000000000003,-0.23573984905426454,1.1140000000000003,-0.2358056130856444
2491,1.116,-0.23604285425274749,1.116,-0.23611929726439035
2492,1.1179999999999999,-0.2363417286483827,1.1179999999999999,-0.23642877396367215
2493,1.1199999999999997,-0.23663652678327995,1.1199999999999997,-0.23673409831661557
2494,1.1220000000000003,-0.2369273025276083,1.1220000000000003,-0.2370353248583889
2495,1.124,-0.23721410907959575,1.124,-0.23733250752620275
2496,1.126,-0.23749699896552998,1.126,-0.23762569965931052
2497,1.1279999999999997,-0.23777602403975778,1.1279999999999997,-0.23791495399900797
2498,1.1300000000000003,-0.2380512354846854,1.1300000000000003,-0.23820032268863367
2499,1.1320000000000001,-0.23832268381077795,1.1320000000000001,-0.23848185727356816
2500,1.134,-0.23859041885656024,1.134,-0.23875960870123503
2501,1.1359999999999997,-0.23885448978861615,1.1359999999999997,-0.23903362732110012
2502,1.1380000000000003,-0.23911494510158907,1.1380000000000003,-0.23930396288467204
2503,1.1400000000000001,-0.2393718326181812,1.1400000000000001,-0.23957066454550152
2504,1.142,-0.23962519948915448,1.142,-0.23983378085918217
2505,1.1439999999999997,-0.23987509219332995,1.1439999999999997,-0.24009335978335
2506,1.1460000000000004,-0.24012155653758804,1.1460000000000004,-0.24034944867768362
2507,1.1480000000000001,-0.24036463765686816,1.1480000000000001,-0.24060209430390392
2508,1.15,-0.24060438001416928,1.15,-0.24085134282577458
2509,1.1519999999999997,-0.24084082740054963,1.1519999999999997,-0.24109723980910172
2510,1.1540000000000004,-0.2410740229351267,1.1540000000000004,-0.24133983022173405
2511,1.1560000000000001,-0.24130400906507704,1.1560000000000001,-0.24157915843356254
2512,1.158,-0.24153082756563676,1.158,-0.24181526821652097
2513,1.1599999999999997,-0.2417545195401012,1.1599999999999997,-0.24204820274458555
2514,1.1620000000000004,-0.24197512541982494,1.1620000000000004,-0.24227800459377513
2515,1.1640000000000001,-0.2421926849642217,1.1640000000000001,-0.2425047157421507
2516,1.166,-0.24240723726076466,1.166,-0.2427283775698162
2517,1.1679999999999997,-0.24261882072498625,1.1679999999999997,-0.2429490308589179
2518,1.1700000000000004,-0.24282747310047825,1.1700000000000004,-0.2431667157936447
2519,1.1720000000000002,-0.24303323145889147,1.1720000000000002,-0.24338147196022783
2520,1.174,-0.2432361321999362,1.174,-0.2435933383469412
2521,1.1759999999999997,-0.243436211051382,1.1759999999999997,-0.24380235334410122
2522,1.1780000000000004,-0.24363350306905773,1.1780000000000004,-0.24400855474406688
2523,1.1800000000000002,-0.24382804263685134,1.1800000000000002,-0.24421197974123948
2524,1.182,-0.24401986346671029,1.182,-0.24441266493206307
2525,1.1839999999999997,-0.24420899859864115,1.1839999999999997,-0.2446106463150241
2526,1.1860000000000004,-0.24439548040071002,1.1860000000000004,-0.24480595929065174
2527,1.1880000000000002,-0.24457934056904188,1.1880000000000002,-0.24499863866151733
2528,1.19,-0.2447606101278213,1.19,-0.245188718632235
2529,1.1919999999999997,-0.24493931942929206,1.1919999999999997,-0.24537623280946136
2530,1.1940000000000004,-0.2451154981537573,1.1940000000000004,-0.24556121420189558
2531,1.1960000000000002,-0.24528917530957914,1.1960000000000002,-0.24574369522027914
2532,1.198,-0.2454603792331793,1.198,-0.24592370767739632
2533,1.1999999999999997,-0.24562913758903862,1.1999999999999997,-0.24610128278807375
2534,1.2020000000000004,-0.24579547736969737,1.2020000000000004,-0.24627645116918073
2535,1.2040000000000002,-0.24595942489575484,1.2040000000000002,-0.24644924283962885
2536,1.206,-0.24612100581586982,1.206,-0.24661968722037245
2537,1.2079999999999997,-0.2462802451067603,1.2079999999999997,-0.24678781313440828
2538,1.2100000000000004,-0.24643716707320362,1.2100000000000004,-0.24695364880677573
2539,1.2120000000000002,-0.24659179534803624,1.2120000000000002,-0.24711722186455648
2540,1.214,-0.24674415289215404,1.214,-0.24727855933687498
2541,1.2159999999999997,-0.24689426199451212,1.2159999999999997,-0.24743768765489804
2542,1.2180000000000004,-0.24704214427212498,1.2180000000000004,-0.24759463265183518
2543,1.2200000000000002,-0.24718782067006617,1.2200000000000002,-0.24774941956293817
2544,1.222,-0.24733131146146867,1.222,-0.24790207302550152
2545,1.2239999999999998,-0.24747263624752475,1.2239999999999998,-0.24805261707886223
2546,1.2260000000000004,-0.24761186788414083,1.2260000000000004,-0.24820107516439982
2547,1.2280000000000002,-0.24774924882453297,1.2280000000000002,-0.2483474701255362
2548,1.23,-0.24788482044436047,1.23,-0.24849182420773594
2549,1.2319999999999998,-0.2480185992916022,1.2319999999999998,-0.24863415905850617
2550,1.2340000000000004,-0.24815060186963975,1.2340000000000004,-0.2487744957273965
2551,1.2360000000000002,-0.2482808446372573,1.2360000000000002,-0.2489128546659989
2552,1.238,-0.24840934400864192,1.238,-0.24904925572794812
2553,1.2399999999999998,-0.24853611635338338,1.2399999999999998,-0.24918371816892132
2554,1.2420000000000004,-0.2486611779964741,1.2420000000000004,-0.24931626064663817
2555,1.2440000000000002,-0.24878454521830917,1.2440000000000002,-0.24944690122086086
2556,1.246,-0.2489062342546865,1.246,-0.2495756573533941
2557,1.2479999999999998,-0.24902626129680672,1.2479999999999998,-0.2497025459080852
2558,1.2500000000000004,-0.2491446424912731,1.2500000000000004,-0.24982758315082398
2559,1.2520000000000002,-0.24926139394009164,1.2520000000000002,-0.24995078474954263
2560,1.254,-0.2493765317006711,1.254,-0.25007216577421604
2561,1.2559999999999998,-0.2494900717858229,1.2559999999999998,-0.2501917406968615
2562,1.2579999999999996,-0.24960203016376123,1.2579999999999996,-0.250309523391539
2563,1.2600000000000002,-0.24971242275810304,1.2600000000000002,-0.25042552713435096
2564,1.262,-0.2498212654478678,1.262,-0.2505397646034421
2565,1.2639999999999998,-0.24992857406747793,1.2639999999999998,-0.2506522478790001
2566,1.2659999999999996,-0.2500343644067584,1.2659999999999996,-0.2507629884432548
2567,1.2680000000000002,-0.250138652210937,1.2680000000000002,-0.2508719971804787
2568,1.27,-0.25024145318064417,1.27,-0.25097928437698686
2569,1.2719999999999998,-0.2503427829719131,1.2719999999999998,-0.2510848945253719
2570,1.2739999999999996,-0.2504426571961797,1.2739999999999996,-0.2511890823049435
2571,1.2760000000000002,-0.2505410914202826,1.2760000000000002,-0.25129190731189327
2572,1.278,-0.250638101166463,1.278,-0.2513933820263038
2573,1.2799999999999998,-0.2507337019123651,1.2799999999999998,-0.2514935188893074
2574,1.2819999999999996,-0.2508279090910356,1.2819999999999996,-0.2515923303030858
2575,1.2840000000000003,-0.25092073809092397,1.2840000000000003,-0.25168982863087025
2576,1.286,-0.2510122042558824,1.286,-0.2517860261969413
2577,1.2879999999999998,-0.2511023228851658,1.2879999999999998,-0.25188093528662925
2578,1.2899999999999996,-0.25119110923343185,1.2899999999999996,-0.2519745681463137
2579,1.2920000000000003,-0.2512785785107408,1.2920000000000003,-0.25206693698342386
2580,1.294,-0.2513647458825558,1.294,-0.25215805396643826
2581,1.2959999999999998,-0.25144962646974256,1.2959999999999998,-0.25224793122488504
2582,1.2979999999999996,-0.25153323534856953,1.2979999999999996,-0.2523365808493418
2583,1.3000000000000003,-0.25161558755070806,1.3000000000000003,-0.2524240148914357
2584,1.302,-0.2516966980632319,1.302,-0.25251024536384314
2585,1.3039999999999998,-0.25177658182861784,1.3039999999999998,-0.2525952842402903
2586,1.3059999999999996,-0.2518552537447451,1.3059999999999996,-0.2526791434555527
2587,1.3080000000000003,-0.25193272866489586,1.3080000000000003,-0.2527618349054554
2588,1.31,-0.25200902139775483,1.31,-0.2528433704468728
2589,1.3119999999999998,-0.25208414670740953,1.3119999999999998,-0.2529237618977289
2590,1.3139999999999996,-0.25215811931335025,1.3139999999999996,-0.2530030210369973
2591,1.3160000000000003,-0.2522309538904698,1.3160000000000003,-0.25308115960470084
2592,1.318,-0.2523026650690639,1.318,-0.253158189301912
2593,1.3199999999999998,-0.2523732674348309,1.3199999999999998,-0.2532341217907527
2594,1.3219999999999996,-0.25244277552887195,1.3219999999999996,-0.2533089686943944
2595,1.3240000000000003,-0.25251120384769077,1.3240000000000003,-0.253382741597058
2596,1.326,-0.25257856684319385,1.326,-0.2534554520440138
2597,1.3279999999999998,-0.25264487892269044,1.3279999999999998,-0.2535271115415818
2598,1.3299999999999996,-0.25271015444889255,1.3299999999999996,-0.2535977315571312
2599,1.3320000000000003,-0.25277440773991483,1.3320000000000003,-0.253667323519081
2600,1.334,-0.2528376530692746,1.334,-0.25373589881689945
2601,1.3359999999999999,-0.25289990466589196,1.3359999999999999,-0.2538034688011043
2602,1.3379999999999996,-0.2529611767140898,1.3379999999999996,-0.25387004478326297
2603,1.3400000000000003,-0.2530214833535936,1.3400000000000003,-0.2539356380359922
2604,1.342,-0.2530808386795315,1.342,-0.25400025979295815
2605,1.3439999999999999,-0.2531392567424346,1.3439999999999999,-0.25406392124887667
2606,1.3459999999999996,-0.25319675154823656,1.3459999999999996,-0.25412663355951304
2607,1.3480000000000003,-0.25325333705827374,1.3480000000000003,-0.2541884078416819
2608,1.35,-0.2533090271892852,1.35,-0.2542492551732474
2609,1.3519999999999999,-0.2533638358134128,1.3519999999999999,-0.2543091865931234
2610,1.3539999999999996,-0.25341777675820115,1.3539999999999996,-0.2543682131012729
2611,1.3560000000000003,-0.2534708638065974,1.3560000000000003,-0.2544263456587087
2612,1.358,-0.2535231106969516,1.358,-0.25448359518749286
2613,1.3599999999999999,-0.25357453112301637,1.3599999999999999,-0.254539972570737
2614,1.3619999999999997,-0.25362513873394715,1.3619999999999997,-0.25459548865260234
2615,1.3640000000000003,-0.25367494713430205,1.3640000000000003,-0.2546501542382994
2616,1.366,-0.25372396988404194,1.366,-0.25470398009408823
2617,1.3679999999999999,-0.2537722204985303,1.3679999999999999,-0.25475697694727845
2618,1.3699999999999997,-0.25381971244853346,1.3699999999999997,-0.2548091554862291
2619,1.3720000000000003,-0.25386645916022044,1.3720000000000003,-0.2548605263603488
2620,1.374,-0.2539124740151628,1.374,-0.2549111001800954
2621,1.376,-0.25395777035033507,1.376,-0.25496088751697654
2622,1.3779999999999997,-0.2540023614581144,1.3779999999999997,-0.2550098989035492
2623,1.3800000000000003,-0.25404626058628055,1.3800000000000003,-0.2550581448334198
2624,1.3820000000000001,-0.2540894809380161,1.3820000000000001,-0.2551056357612444
2625,1.384,-0.25413203567190634,1.384,-0.2551523821027284
2626,1.3859999999999997,-0.2541739379019393,1.3859999999999997,-0.2551983942346267
2627,1.3880000000000003,-0.25421520069750575,1.3880000000000003,-0.2552436824947438
2628,1.3900000000000001,-0.25425583708339894,1.3900000000000001,-0.2552882571819335
2629,1.392,-0.2542958600398152,1.392,-0.2553321285560992
2630,1.3939999999999997,-0.2543352825023532,1.3939999999999997,-0.2553753068381939
2631,1.3960000000000004,-0.2543741173620147,1.3960000000000004,-0.25541780221021987
2632,1.3980000000000001,-0.25441237746520395,1.3980000000000001,-0.25545962481522894
2633,1.4,-0.25445007561372784,1.4,-0.25550078475732246
2634,1.4019999999999997,-0.2544872245647962,1.4019999999999997,-0.2555412921016512
2635,1.4040000000000004,-0.2545238370310215,1.4040000000000004,-0.25558115687441557
2636,1.4060000000000001,-0.2545599256804188,1.4060000000000001,-0.2556203890628652
2637,1.408,-0.25459550313640605,1.408,-0.2556589986152995
2638,1.4099999999999997,-0.25463058197780375,1.4099999999999997,-0.25569699544106717
2639,1.4120000000000004,-0.2546651747388353,1.4120000000000004,-0.2557343894105664
2640,1.4140000000000001,-0.2546992939091267,1.4140000000000001,-0.25577119035524504
2641,1.416,-0.2547329519337067,1.416,-0.25580740806760016
2642,1.4179999999999997,-0.25476616121300666,1.4179999999999997,-0.2558430523011785
2643,1.4200000000000004,-0.25479893410286086,1.4200000000000004,-0.25587813277057625
2644,1.4220000000000002,-0.25483128291450613,1.4220000000000002,-0.25591265915143907
2645,1.424,-0.2548632199145821,1.424,-0.2559466410804621
2646,1.4259999999999997,-0.25489475732513106,1.4259999999999997,-0.25598008815539
2647,1.4280000000000004,-0.25492590732359804,1.4280000000000004,-0.25601300993501686
2648,1.4300000000000002,-0.25495668204283084,1.4300000000000002,-0.2560454159391863
2649,1.432,-0.25498709357107985,1.432,-0.2560773156487914
2650,1.4339999999999997,-0.2550171539519983,1.4339999999999997,-0.25610871850577466
2651,1.4360000000000004,-0.2550468751846421,1.4360000000000004,-0.2561396339131283
2652,1.4380000000000002,-0.2550762692234698,1.4380000000000002,-0.2561700712348937
2653,1.44,-0.2551053563256629,1.44,-0.256200039796162
2654,1.4419999999999997,-0.2551341524846658,1.4419999999999997,-0.25622954888307364
2655,1.4440000000000004,-0.2551626564625143,1.4440000000000004,-0.2562586077428187
2656,1.4460000000000002,-0.25519086696709375,1.4460000000000002,-0.2562872255836366
2657,1.448,-0.25521878277456117,1.448,-0.2563154115748163
2658,1.4499999999999997,-0.25524640272934523,1.4499999999999997,-0.2563431748466963
2659,1.4520000000000004,-0.25527372574414625,1.4520000000000004,-0.25637052449066444
2660,1.4540000000000002,-0.2553007507999362,1.4540000000000002,-0.25639746955915826
2661,1.456,-0.2553274769459587,1.456,-0.2564240190656646
2662,1.4579999999999997,-0.255353903299729,1.4579999999999997,-0.25645018198471986
2663,1.4600000000000004,-0.2553800290470342,1.4600000000000004,-0.25647596725190996
2664,1.4620000000000002,-0.2554058534419328,1.4620000000000002,-0.2565013837638702
2665,1.464,-0.255431375806755,1.464,-0.2565264403782855
2666,1.4659999999999997,-0.25545659553210287,1.4659999999999997,-0.25655114591389006
2667,1.4680000000000004,-0.25548151207684994,1.4680000000000004,-0.25657550915046784
2668,1.4700000000000002,-0.25550612496814146,1.4700000000000002,-0.2565995388288521
2669,1.472,-0.25553043380139434,1.472,-0.2566232436509256
2670,1.4739999999999998,-0.25555443824029705,1.4739999999999998,-0.2566466322796206
2671,1.4760000000000004,-0.25557813801681,1.4760000000000004,-0.25666971333891886
2672,1.4780000000000002,-0.2556015329311649,1.4780000000000002,-0.2566924954138517
2673,1.48,-0.2556246228518653,1.48,-0.2567149870504998
2674,1.4819999999999998,-0.2556474077156865,1.4819999999999998,-0.25673719675599327
2675,1.4840000000000004,-0.2556698875276753,1.4840000000000004,-0.25675913299851194
2676,1.4860000000000002,-0.25569206236115016,1.4860000000000002,-0.25678080420728494
2677,1.488,-0.2557139323577013,1.488,-0.25680221877259096
2678,1.4899999999999998,-0.25573549772719056,1.4899999999999998,-0.25682338504575813
2679,1.4920000000000004,-0.2557567587477514,1.4920000000000004,-0.2568443113391641
2680,1.4940000000000002,-0.25577771576578895,1.4940000000000002,-0.25686500620229363
2681,1.496,-0.25579836919598004,1.496,-0.25688549942137223
2682,1.4979999999999998,-0.25581871952127316,1.4979999999999998,-0.2569058057900845
2683,1.5000000000000004,-0.25583876729288835,1.5000000000000004,-0.2569259237203543
2684,1.5020000000000002,-0.2558585131303175,1.5020000000000002,-0.25694585167829964
2685,1.504,-0.25587795772132393,1.504,-0.2569655881842325
2686,1.5059999999999998,-0.2558971018219428,1.5059999999999998,-0.25698513181265886
2687,1.5080000000000005,-0.25591594625648084,1.5080000000000005,-0.25700448119227864
2688,1.5100000000000002,-0.2559344919175165,1.5100000000000002,-0.25702363500598585
2689,1.512,-0.25595273976589983,1.512,-0.2570425919908683
2690,1.5139999999999998,-0.2559706908307525,1.5139999999999998,-0.2570613509382081
2691,1.5159999999999996,-0.25598834620946803,1.5159999999999996,-0.257079910693481
2692,1.5180000000000002,-0.25600570706771136,1.5180000000000002,-0.257098270156357
2693,1.52,-0.25602277463941925,1.52,-0.25711642828069997
2694,1.5219999999999998,-0.2560395502268,1.5219999999999998,-0.25713438407456785
2695,1.5239999999999996,-0.25605603520033365,1.5239999999999996,-0.25715213660021247
2696,1.5260000000000002,-0.2560722309987719,1.5260000000000002,-0.25716968497407977
2697,1.528,-0.25608813912913814,1.528,-0.25718702836680957
2698,1.5299999999999998,-0.2561037611667273,1.5299999999999998,-0.2572041660032357
2699,1.5319999999999996,-0.25611909875510597,1.5319999999999996,-0.25722109716238606
2700,1.5340000000000003,-0.2561341536061126,1.5340000000000003,-0.2572378211774825
2701,1.536,-0.25614892749985707,1.536,-0.2572543374359409
2702,1.5379999999999998,-0.25616342228472105,1.5379999999999998,-0.25727064537937094
2703,1.5399999999999996,-0.2561776398773578,1.5399999999999996,-0.2572867445035766
2704,1.5420000000000003,-0.2561915822626923,1.5420000000000003,-0.25730263435855555
2705,1.544,-0.25620525149392115,1.544,-0.2573183145484997
2706,1.5459999999999998,-0.25621864969251257,1.5459999999999998,-0.25733378473179475
2707,1.5479999999999996,-0.25623177904820654,1.5479999999999996,-0.25734904462102054
2708,1.5500000000000003,-0.25624464181901463,1.5500000000000003,-0.25736409398295085
2709,1.552,-0.25625724033122,1.552,-0.25737893263855344
2710,1.5539999999999998,-0.25626957697937763,1.5539999999999998,-0.25739356046299006
2711,1.5559999999999996,-0.2562816542263141,1.5559999999999996,-0.25740797738561644
2712,1.5580000000000003,-0.2562934746031275,1.5580000000000003,-0.25742218338998235
2713,1.56,-0.25630504070918786,1.56,-0.25743617851383155
2714,1.5619999999999998,-0.2563163552121366,1.5619999999999998,-0.25744996284910165
2715,1.5639999999999996,-0.2563274208478869,1.5639999999999996,-0.2574635365419245
2716,1.5660000000000003,-0.2563382404206237,1.5660000000000003,-0.2574768997926257
2717,1.568,-0.2563488168028034,1.568,-0.25749005285572507
2718,1.5699999999999998,-0.25635915293515427,1.5699999999999998,-0.25750299603993615
2719,1.5719999999999996,-0.256369251826676,1.5719999999999996,-0.2575157297081667
2720,1.5740000000000003,-0.25637911655464024,1.5740000000000003,-0.25752825427751846
2721,1.576,-0.25638875026458996,1.576,-0.25754057021928695
2722,1.5779999999999998,-0.25639815617034006,1.5779999999999998,-0.2575526780589619
2723,1.5799999999999996,-0.256407337553977,1.5799999999999996,-0.25756457837622704
2724,1.5820000000000003,-0.25641629776585884,1.5820000000000003,-0.25757627180495984
2725,1.584,-0.2564250402246154,1.584,-0.25758775903323206
2726,1.5859999999999999,-0.25643356841714804,1.5859999999999999,-0.25759904080330925
2727,1.5879999999999996,-0.25644188589862993,1.5879999999999996,-0.25761011791165106
2728,1.5900000000000003,-0.2564499962925058,1.5900000000000003,-0.2576209912089111
2729,1.592,-0.256457903290492,1.592,-0.2576316615999369
2730,1.5939999999999999,-0.25646561065257667,1.5939999999999999,-0.2576421300437701
2731,1.5959999999999996,-0.2564731222070195,1.5959999999999996,-0.25765239755364633
2732,1.5980000000000003,-0.25648044185035185,1.5980000000000003,-0.2576624651969951
2733,1.6,-0.25648757354737683,1.6,-0.25767233409543994
2734,1.6019999999999999,-0.256494521331169,1.6019999999999999,-0.25768200542479847
2735,1.6039999999999996,-0.2565012893030749,1.6039999999999996,-0.25769148041508216
2736,1.6060000000000003,-0.25650788163271243,1.6060000000000003,-0.2577007603504966
2737,1.608,-0.25651430255797125,1.608,-0.25770984656944135
2738,1.6099999999999999,-0.25652055638501275,1.6099999999999999,-0.2577187404645098
2739,1.6119999999999997,-0.25652664748826987,1.6119999999999997,-0.25772744348248966
2740,1.6140000000000003,-0.25653258031044734,1.6140000000000003,-0.25773595712436226
2741,1.616,-0.25653835936252134,1.616,-0.25774428294530316
2742,1.6179999999999999,-0.25654398922373994,1.6179999999999999,-0.25775242255468184
2743,1.6199999999999997,-0.25654947454162275,1.6199999999999997,-0.25776037761606174
2744,1.6220000000000003,-0.256554820031961,1.6220000000000003,-0.2577681498472004
2745,1.624,-0.2565600304788177,1.624,-0.25777574102004924
2746,1.626,-0.2565651107345274,1.626,-0.25778315296075366
2747,1.6279999999999997,-0.25657006571969637,1.6279999999999997,-0.2577903875496532
2748,1.6300000000000003,-0.2565749004232025,1.6300000000000003,-0.25779744672128124
2749,1.6320000000000001,-0.25657961990219547,1.6320000000000001,-0.25780433246436524
2750,1.634,-0.25658422928209634,1.634,-0.25781104682182654
2751,1.6359999999999997,-0.25658873375659813,1.6359999999999997,-0.25781759189078063
2752,1.6380000000000003,-0.25659313858766536,1.6380000000000003,-0.25782396982253686
2753,1.6400000000000001,-0.2565974491055342,1.6400000000000001,-0.2578301828225987
2754,1.642,-0.2566016707087126,1.642,-0.25783623315066334
2755,1.6439999999999997,-0.25660580886398,1.6439999999999997,-0.2578421231206224
2756,1.6460000000000004,-0.2566098691063876,1.6460000000000004,-0.2578478551005611
2757,1.6480000000000001,-0.25661385703925826,1.6480000000000001,-0.2578534315127588
2758,1.65,-0.2566177783341865,1.65,-0.25785885483368887
2759,1.6519999999999997,-0.2566216387310384,1.6519999999999997,-0.25786412759401867
2760,1.6540000000000004,-0.25662544403795184,1.6540000000000004,-0.2578692523786095
2761,1.6560000000000001,-0.25662920013133633,1.6560000000000001,-0.2578742318265167
2762,1.658,-0.2566329129558729,1.658,-0.2578790686309896
2763,1.6599999999999997,-0.25663658852451443,1.6599999999999997,-0.2578837655394715
2764,1.6620000000000004,-0.25664023291848537,1.6620000000000004,-0.2578883253535997
2765,1.6640000000000001,-0.25664385228728176,1.6640000000000001,-0.2578927509292054
2766,1.666,-0.25664745284867135,1.666,-0.257897045176314
2767,1.6679999999999997,-0.25665104088869367,1.6679999999999997,-0.2579012110591447
2768,1.6700000000000004,-0.2566546227616598,1.6700000000000004,-0.25790525159611083
2769,1.6720000000000002,-0.25665820489015234,1.6720000000000002,-0.25790916985981954
2770,1.674,-0.25666179376502585,1.674,-0.2579129689770722
2771,1.6759999999999997,-0.2566653959454063,1.6759999999999997,-0.25791665212886394
2772,1.6780000000000004,-0.2566690180586914,1.6780000000000004,-0.2579202225503841
2773,1.6800000000000002,-0.2566726668005506,1.6800000000000002,-0.2579236835310158
2774,1.682,-0.25667634893492486,1.682,-0.2579270384143363
2775,1.6839999999999997,-0.2566800712940269,1.6839999999999997,-0.25793029059811673
2776,1.6860000000000004,-0.2566838407783411,1.6860000000000004,-0.2579334435343224
2777,1.6880000000000002,-0.25668766435662344,1.6880000000000002,-0.2579365007291124
2778,1.69,-0.2566915490659016,1.69,-0.25793946574284
2779,1.6919999999999997,-0.25669550201147484,1.6919999999999997,-0.2579423421900523
2780,1.6940000000000004,-0.25669953036691423,1.6940000000000004,-0.25794513373949046
2781,1.6960000000000002,-0.2567036413740624,1.6960000000000002,-0.25794784411408966
2782,1.698,-0.25670784234303357,1.698,-0.257950477090979
2783,1.6999999999999997,-0.2567121406522138,1.6999999999999997,-0.2579530365014817
2784,1.7020000000000004,-0.25671654374826064,1.7020000000000004,-0.25795552623111484
2785,1.7040000000000002,-0.2567210586503212,1.7040000000000002,-0.2579579502195895
2786,1.706,-0.25672567549465336,1.706,-0.2579603124608108
2787,1.7079999999999997,-0.25673038329592734,1.7079999999999997,-0.2579626170028779
2788,1.7100000000000004,-0.2567351762095486,1.7100000000000004,-0.2579648679480839
2789,1.7120000000000002,-0.25674004847360826,1.7120000000000002,-0.25796706945291575
2790,1.714,-0.2567449944088833,1.714,-0.2579692257280547
2791,1.7159999999999997,-0.2567500084188366,1.7159999999999997,-0.25797134103837566
2792,1.7180000000000004,-0.25675508498961686,1.7180000000000004,-0.2579734197029478
2793,1.7200000000000002,-0.2567602186900585,1.7200000000000002,-0.25797546609503413
2794,1.722,-0.256765404171682,1.722,-0.25797748464209164
2795,1.7239999999999998,-0.2567706361686934,1.7239999999999998,-0.25797947982577146
2796,1.7260000000000004,-0.25677590949798484,1.7260000000000004,-0.2579814561819186
2797,1.7280000000000002,-0.25678121905913415,1.7280000000000002,-0.257983418300572
2798,1.73,-0.25678655983440507,1.73,-0.2579853708259647
2799,1.7319999999999998,-0.2567919268887471,1.7319999999999998,-0.2579873184565237
2800,1.7340000000000004,-0.2567973153697956,1.7340000000000004,-0.25798926594487
2801,1.7360000000000002,-0.25680272050787184,1.7360000000000002,-0.2579912180978186
2802,1.738,-0.25680813761598287,1.738,-0.2579931797763784
2803,1.7399999999999998,-0.25681356208982153,1.7399999999999998,-0.2579951558957525
2804,1.7420000000000004,-0.2568189894077666,1.7420000000000004,-0.25799715142533775
2805,1.7440000000000002,-0.2568244151308826,1.7440000000000002,-0.2579991713887251
2806,1.746,-0.25682983490291994,1.746,-0.25800122086369953
2807,1.7479999999999998,-0.2568352444503149,1.7479999999999998,-0.2580033049822399
2808,1.7500000000000004,-0.25684063958218956,1.7500000000000004,-0.2580054289305192
2809,1.7520000000000002,-0.25684601619035174,1.7520000000000002,-0.2580075979489044
2810,1.754,-0.2568513702492953,1.754,-0.2580098173319562
2811,1.7559999999999998,-0.25685669781619974,1.7559999999999998,-0.2580120924284297
2812,1.7580000000000005,-0.2568619950309306,1.7580000000000005,-0.2580144286412737
2813,1.7600000000000002,-0.256867258116039,1.7600000000000002,-0.2580168314276311
2814,1.762,-0.25687248337676216,1.762,-0.25801930629883874
2815,1.7639999999999998,-0.25687766720102295,1.7639999999999998,-0.2580218588204275
2816,1.7659999999999996,-0.2568828060594302,1.7659999999999996,-0.25802449461212223
2817,1.7680000000000002,-0.25688789650527843,1.7680000000000002,-0.25802721934784184
2818,1.77,-0.2568929351745482,1.77,-0.258030038755699
2819,1.7719999999999998,-0.25689791878590573,1.7719999999999998,-0.25803295861800074
2820,1.7739999999999996,-0.2569028441407032,1.7739999999999996,-0.258035984771248
2821,1.7760000000000002,-0.2569077081229785,1.7760000000000002,-0.25803913295932124
2822,1.778,-0.25691250769945545,1.778,-0.2580424104855854
2823,1.7799999999999998,-0.2569172399195437,1.7799999999999998,-0.2580458106448789
2824,1.7819999999999996,-0.2569219019153387,1.7819999999999996,-0.25804932682296383
2825,1.7840000000000003,-0.25692649090162184,1.7840000000000003,-0.25805295249652627
2826,1.786,-0.2569310041758602,1.786,-0.2580566812331757
2827,1.7879999999999998,-0.25693543911820677,1.7879999999999998,-0.25806050669144576
2828,1.7899999999999996,-0.25693979319150034,1.7899999999999996,-0.2580644226207935
2829,1.7920000000000003,-0.2569440639412657,1.7920000000000003,-0.2580684228615999
2830,1.794,-0.25694824899571317,1.794,-0.25807250134516974
2831,1.7959999999999998,-0.25695234606573925,1.7959999999999998,-0.25807665209373143
2832,1.7979999999999996,-0.256956352944926,1.7979999999999996,-0.25808086922043727
2833,1.8000000000000003,-0.2569602675095415,1.8000000000000003,-0.25808514692936313
2834,1.802,-0.2569640877185395,1.802,-0.2580894795155088
2835,1.8039999999999998,-0.2569678116135598,1.8039999999999998,-0.2580938613647978
2836,1.8059999999999996,-0.25697143731892785,1.8059999999999996,-0.2580982869540774
2837,1.8080000000000003,-0.25697496304165507,1.8080000000000003,-0.25810275085111856
2838,1.81,-0.2569783870714386,1.81,-0.2581072477146161
2839,1.8119999999999998,-0.2569817077806615,1.8119999999999998,-0.25811177229418847
2840,1.8139999999999996,-0.25698492362439257,1.8139999999999996,-0.25811631943037805
2841,1.8160000000000003,-0.25698803314038665,1.8160000000000003,-0.2581208840546509
2842,1.818,-0.2569910349490842,1.818,-0.2581254611893967
2843,1.8199999999999998,-0.25699392775361163,1.8199999999999998,-0.2581300459479291
2844,1.8219999999999996,-0.2569967103397811,1.8219999999999996,-0.25813463353448546
2845,1.8240000000000003,-0.25699938157609076,1.8240000000000003,-0.2581392192442267
2846,1.826,-0.25700194041372443,1.826,-0.2581437984632378
2847,1.8279999999999998,-0.25700438588655194,1.8279999999999998,-0.25814836666852736
2848,1.8299999999999996,-0.2570067171111287,1.8299999999999996,-0.2581529194280276
2849,1.8320000000000003,-0.2570089332866963,1.8320000000000003,-0.2581574524005947
2850,1.834,-0.25701103369518186,1.834,-0.2581619613360085
2851,1.8359999999999999,-0.2570130177011985,1.8359999999999999,-0.2581664420749727
2852,1.8379999999999996,-0.25701488475204515,1.8379999999999996,-0.2581708905491145
2853,1.8400000000000003,-0.2570166343777065,1.8400000000000003,-0.25817530278098527
2854,1.842,-0.2570182661908533,1.842,-0.2581796748840597
2855,1.8439999999999999,-0.25701977988684177,1.8439999999999999,-0.25818400306273653
2856,1.8459999999999996,-0.2570211752437143,1.8459999999999996,-0.2581882836123382
2857,1.8480000000000003,-0.25702245212219904,1.8480000000000003,-0.25819251291911083
2858,1.85,-0.2570236104657098,1.85,-0.25819668746022434
2859,1.8519999999999999,-0.25702465030034655,1.8519999999999999,-0.2582008038037724
2860,1.8539999999999996,-0.2570255717348947,1.8539999999999996,-0.2582048586087725
2861,1.8560000000000003,-0.2570263749608258,1.8560000000000003,-0.2582088486251658
2862,1.858,-0.25702706025229716,1.858,-0.25821277069381726
2863,1.8599999999999999,-0.2570276279661519,1.8599999999999999,-0.2582166217465156
2864,1.8619999999999997,-0.257028078541919,1.8619999999999997,-0.2582203988059733
2865,1.8640000000000003,-0.2570284125018132,1.8640000000000003,-0.25822409898582654
2866,1.866,-0.25702863045073515,1.866,-0.25822771949063533
2867,1.8679999999999999,-0.25702873307627144,1.8679999999999999,-0.2582312576158834
2868,1.8699999999999997,-0.25702872114869424,1.8699999999999997,-0.25823471074797827
2869,1.8720000000000003,-0.2570285955209618,1.8720000000000003,-0.2582380763642512
2870,1.874,-0.2570283571287181,1.874,-0.2582413520329572
2871,1.876,-0.25702800699029293,1.876,-0.258244535413275
2872,1.8779999999999997,-0.257027546206702,1.8779999999999997,-0.25824762425530723
2873,1.8800000000000003,-0.25702697596164675,1.8800000000000003,-0.25825061640008007
2874,1.8820000000000001,-0.25702629752151457,1.8820000000000001,-0.25825350977954364
2875,1.884,-0.2570255122353786,1.884,-0.25825630241657166
2876,1.8859999999999997,-0.25702462153499794,1.8859999999999997,-0.2582589924249618
2877,1.8880000000000003,-0.25702362693481734,1.8880000000000003,-0.2582615780094353
2878,1.8900000000000001,-0.2570225300319675,1.8900000000000001,-0.2582640574656372
2879,1.892,-0.2570213325062651,1.892,-0.2582664291801364
2880,1.8939999999999997,-0.25702003612021224,1.8939999999999997,-0.25826869163042554
2881,1.8960000000000004,-0.2570186427189973,1.8960000000000004,-0.25827084338492085
2882,1.8980000000000001,-0.25701715423049437,1.8980000000000001,-0.2582728831029625
2883,1.9,-0.25701557266526315,1.9,-0.25827480953481435
2884,1.9019999999999997,-0.2570139001165495,1.9019999999999997,-0.258276621521664
2885,1.9040000000000004,-0.2570121387602849,1.9040000000000004,-0.25827831799562284
2886,1.9060000000000001,-0.2570102908550867,1.9060000000000001,-0.258279897979726
2887,1.908,-0.25700835874225825,1.908,-0.2582813605879324
2888,1.9099999999999997,-0.2570063448457885,1.9099999999999997,-0.2582827050251247
2889,1.9120000000000004,-0.2570042516723524,1.9120000000000004,-0.2582839305871092
2890,1.9140000000000001,-0.2570020818113107,1.9140000000000001,-0.2582850366606162
2891,1.916,-0.2569998379347099,1.916,-0.25828602272329954
2892,1.9179999999999997,-0.2569975227972825,1.9179999999999997,-0.2582868883437369
2893,1.9200000000000004,-0.2569951392364467,1.9200000000000004,-0.25828763318142983
2894,1.9220000000000002,-0.2569926901723066,1.9220000000000002,-0.2582882569868034
2895,1.924,-0.2569901786076521,1.924,-0.2582887596012066
2896,1.9259999999999997,-0.256987607627959,1.9259999999999997,-0.2582891409569122
2897,1.9280000000000004,-0.2569849804013889,1.9280000000000004,-0.25828940107711656
2898,1.9300000000000002,-0.2569823001787892,1.9300000000000002,-0.25828954007593996
2899,1.932,-0.2569795702936932,1.932,-0.2582895581584264
2900,1.9339999999999997,-0.25697679416232,1.9339999999999997,-0.2582894556205437
2901,1.9360000000000004,-0.2569739752835746,1.9360000000000004,-0.25828923284918315
2902,1.9380000000000002,-0.25697111723904764,1.9380000000000002,-0.2582888903221602
2903,1.94,-0.2569682236930159,1.94,-0.25828842860821377
2904,1.9419999999999997,-0.25696529839244175,1.9419999999999997,-0.25828784836700663
2905,1.9440000000000004,-0.2569623451669736,1.9440000000000004,-0.25828715034912536
2906,1.9460000000000002,-0.2569593679289454,1.9460000000000002,-0.2582863353960802
2907,1.948,-0.2569563706733773,1.948,-0.25828540444030523
2908,1.9499999999999997,-0.25695335747797493,1.9499999999999997,-0.2582843585051583
2909,1.9520000000000004,-0.25695033250313015,1.9520000000000004,-0.25828319870492084
2910,1.9540000000000002,-0.25694729999192023,1.9540000000000002,-0.25828192624479823
2911,1.956,-0.2569442642701087,1.956,-0.2582805424209196
2912,1.9579999999999997,-0.25694122974614453,1.9579999999999997,-0.2582790486203377
2913,1.9600000000000004,-0.2569382009111628,1.9600000000000004,-0.2582774463210291
2914,1.9620000000000002,-0.2569351823389844,1.9620000000000002,-0.2582757370918943
2915,1.964,-0.2569321786861159,1.964,-0.2582739225927573
2916,1.9659999999999997,-0.25692919469174985,1.9659999999999997,-0.2582720045743659
2917,1.9680000000000004,-0.2569262351777646,1.9680000000000004,-0.2582699848783918
2918,1.9700000000000002,-0.2569233050487243,1.9700000000000002,-0.2582678654374304
2919,1.972,-0.25692040929187904,1.972,-0.2582656482750008
2920,1.9739999999999998,-0.2569175529771646,1.9739999999999998,-0.2582633355055459
2921,1.9760000000000004,-0.25691474125720276,1.9760000000000004,-0.2582609293344324
2922,1.9780000000000002,-0.2569119793673009,1.9780000000000002,-0.2582584320579506
2923,1.98,-0.2569092726254526,1.98,-0.25825584606331475
2924,1.9819999999999998,-0.2569066264323369,1.9819999999999998,-0.25825317382866275
2925,1.9840000000000004,-0.2569040462713189,1.9840000000000004,-0.25825041792305625
2926,1.9860000000000002,-0.2569015377084495,1.9860000000000002,-0.2582475810064807
2927,1.988,-0.2568991063924654,1.988,-0.25824466582984534
2928,1.9899999999999998,-0.2568967580547891,1.9899999999999998,-0.25824167523498315
2929,1.9920000000000004,-0.25689449850952906,1.9920000000000004,-0.2582386121546507
2930,1.9940000000000002,-0.2568923336534795,1.9940000000000002,-0.25823547961252863
2931,1.996,-0.25689026946612054,1.996,-0.258232280723221
2932,1.9979999999999998,-0.256888312009618,1.9979999999999998,-0.25822901869225595
2933,2.0000000000000004,-0.25688646742882365,2.0000000000000004,-0.25822569681608515
2934,2.0020000000000002,-0.25688474195127503,2.0020000000000002,-0.25822231848208405
2935,2.004,-0.25688314188719563,2.004,-0.258218887168552
2936,2.006,-0.2568816736294947,2.006,-0.25821540644471197
2937,2.0080000000000005,-0.2568803436537673,2.0080000000000005,-0.2582118799707107
2938,2.0100000000000002,-0.25687915851829435,2.0100000000000002,-0.2582083114976188
2939,2.012,-0.2568781248640426,2.012,-0.2582047048674305
2940,2.014,-0.2568772494146647,2.014,-0.25820106401306386
2941,2.0160000000000005,-0.2568765389764991,2.0160000000000005,-0.25819739295836064
2942,2.0180000000000002,-0.25687600043857006,2.0180000000000002,-0.2581936958180865
2943,2.02,-0.2568756407725876,2.02,-0.25818997679793065
2944,2.022,-0.25687546703294784,2.022,-0.25818624019450626
2945,2.0239999999999996,-0.2568754863567325,2.0239999999999996,-0.2581824903953501
2946,2.0260000000000002,-0.2568757059637092,2.0260000000000002,-0.2581787318789227
2947,2.028,-0.25687613315633134,2.028,-0.25817496921460853
2948,2.03,-0.25687677531973835,2.03,-0.2581712070627157
2949,2.0319999999999996,-0.2568776399217553,2.0319999999999996,-0.25816745017447595
2950,2.0340000000000003,-0.2568787345128931,2.0340000000000003,-0.25816370339204503
2951,2.036,-0.25688006672634867,2.036,-0.25815997164850224
2952,2.038,-0.25688164427800464,2.038,-0.25815625996785074
2953,2.0399999999999996,-0.2568834749664295,2.0399999999999996,-0.2581525734650174
2954,2.0420000000000003,-0.25688556667287754,2.0420000000000003,-0.2581489173458529
2955,2.044,-0.25688792736128896,2.044,-0.25814529690713167
2956,2.046,-0.2568905650782898,2.046,-0.2581417175365518
2957,2.0479999999999996,-0.25689334571966665,2.0479999999999996,-0.2581381847127353
2958,2.0500000000000003,-0.25689606607059673,2.0500000000000003,-0.25813470400522776
2959,2.052,-0.25689872557885746,2.052,-0.25813128107449873
2960,2.054,-0.2569013254260702,2.054,-0.2581279216719413
2961,2.0559999999999996,-0.2569038667840372,2.0559999999999996,-0.2581246316398725
2962,2.0580000000000003,-0.2569063508147414,2.0580000000000003,-0.258121416911533
2963,2.06,-0.2569087786703466,2.06,-0.2581182835110873
2964,2.062,-0.2569111514931973,2.062,-0.25811523755362353
2965,2.0639999999999996,-0.2569134704158189,2.0639999999999996,-0.25811228524515384
2966,2.0660000000000003,-0.25691573656091754,2.0660000000000003,-0.25810943288261384
2967,2.068,-0.2569179510413801,2.068,-0.2581066868538631
2968,2.07,-0.25692011496027434,2.07,-0.25810405363768485
2969,2.0719999999999996,-0.25692222941084875,2.0719999999999996,-0.2581015398037861
2970,2.0740000000000003,-0.25692429547653256,2.0740000000000003,-0.2580991520127976
2971,2.076,-0.2569263142309359,2.076,-0.2580968970162739
2972,2.078,-0.2569282867378497,2.078,-0.25809478165669336
2973,2.0799999999999996,-0.2569302140512455,2.0799999999999996,-0.25809281286745794
2974,2.0820000000000003,-0.2569320972152759,2.0820000000000003,-0.25809099767289345
2975,2.084,-0.25693393726427394,2.084,-0.25808934318824944
2976,2.086,-0.2569357352227538,2.086,-0.2580878566196993
2977,2.0879999999999996,-0.2569374921054103,2.0879999999999996,-0.25808654526434
2978,2.0900000000000003,-0.25693920891711897,2.0900000000000003,-0.25808541651019246
2979,2.092,-0.2569408866529362,2.092,-0.25808447783620125
2980,2.094,-0.2569425262980992,2.094,-0.2580837368122347
2981,2.0959999999999996,-0.25694412882802603,2.0959999999999996,-0.2580832010990849
2982,2.0980000000000003,-0.2569456952083153,2.0980000000000003,-0.2580828784484677
2983,2.1,-0.25694722639474665,2.1,-0.2580827767030228
2984,2.102,-0.25694872333328045,2.102,-0.2580829037963136
2985,2.1039999999999996,-0.2569501869600577,2.1039999999999996,-0.2580832677528271
2986,2.1060000000000003,-0.2569516182014005,2.1060000000000003,-0.2580838766879743
2987,2.108,-0.2569530179738114,2.108,-0.25808473880808974
2988,2.11,-0.256954387183974,2.11,-0.25808586241043197
2989,2.1119999999999997,-0.25695572672875255,2.1119999999999997,-0.25808725588318304
2990,2.1140000000000003,-0.25695703749519205,2.1140000000000003,-0.258088927705449
2991,2.116,-0.2569583203605185,2.116,-0.2580908864472594
2992,2.118,-0.2569595761921385,2.118,-0.25809314076956774
2993,2.1199999999999997,-0.2569608058476395,2.1199999999999997,-0.2580956994242512
2994,2.1220000000000003,-0.25696201017478965,2.1220000000000003,-0.2580985712541108
2995,2.124,-0.25696319001153806,2.124,-0.25810176519287115
